fund_name,workbook,isin,holding_name,quantity,market_value_lakh,nav_weight_pct,source_sheet,mapping_status,coverage_scope
ICICI Prudential Balanced Advantage Fund,INF109K012B0_ICICI Prudential Balanced Advantage Fund.xlsx,INE494B01023,TVS Motor Company Ltd.,10710118,464958.35,6.166624219,BAF,mapped,TRUE
ICICI Prudential Balanced Advantage Fund,INF109K012B0_ICICI Prudential Balanced Advantage Fund.xlsx,INE090A01021,ICICI Bank Ltd.,21104705,306862.41,4.069838018,BAF,mapped,TRUE
ICICI Prudential Balanced Advantage Fund,INF109K012B0_ICICI Prudential Balanced Advantage Fund.xlsx,INE040A01034,HDFC Bank Ltd.,34591493,245253.69,3.25273725,BAF,mapped,TRUE
ICICI Prudential Balanced Advantage Fund,INF109K012B0_ICICI Prudential Balanced Advantage Fund.xlsx,INE002A01018,Reliance Industries Ltd.,15358623,196129.62,2.601217216,BAF,mapped,TRUE
ICICI Prudential Balanced Advantage Fund,INF109K012B0_ICICI Prudential Balanced Advantage Fund.xlsx,INE009A01021,Infosys Ltd.,16393365,185867.97,2.465119565,BAF,mapped,TRUE
ICICI Prudential Balanced Advantage Fund,INF109K012B0_ICICI Prudential Balanced Advantage Fund.xlsx,INE758T01015,Eternal Ltd.,49072811,161007.89,2.135406653,BAF,mapped,TRUE
ICICI Prudential Balanced Advantage Fund,INF109K012B0_ICICI Prudential Balanced Advantage Fund.xlsx,INE062A01020,State Bank Of India,14232363,150863.05,2.000858223,BAF,mapped,TRUE
ICICI Prudential Balanced Advantage Fund,INF109K012B0_ICICI Prudential Balanced Advantage Fund.xlsx,INE018A01030,Larsen & Toubro Ltd.,3696223,149508.52,1.982893436,BAF,mapped,TRUE
ICICI Prudential Balanced Advantage Fund,INF109K012B0_ICICI Prudential Balanced Advantage Fund.xlsx,INE238A01034,Axis Bank Ltd.,11485704,149314.15,1.980315556,BAF,mapped,TRUE
ICICI Prudential Balanced Advantage Fund,INF109K012B0_ICICI Prudential Balanced Advantage Fund.xlsx,INE585B01010,Maruti Suzuki India Ltd.,1074569,145571.86,1.930682517,BAF,mapped,TRUE
ICICI Prudential Balanced Advantage Fund,INF109K012B0_ICICI Prudential Balanced Advantage Fund.xlsx,INE192R01011,Avenue Supermarts Ltd.,2997047,116884.83,1.550213742,BAF,mapped,TRUE
ICICI Prudential Balanced Advantage Fund,INF109K012B0_ICICI Prudential Balanced Advantage Fund.xlsx,INE646L01027,Interglobe Aviation Ltd.,2137528,111878.22,1.483812348,BAF,mapped,TRUE
ICICI Prudential Balanced Advantage Fund,INF109K012B0_ICICI Prudential Balanced Advantage Fund.xlsx,INE237A01036,Kotak Mahindra Bank Ltd.,25850420,108416.66,1.437902559,BAF,mapped,TRUE
ICICI Prudential Balanced Advantage Fund,INF109K012B0_ICICI Prudential Balanced Advantage Fund.xlsx,INE849A01020,Trent Ltd.,3511186,101118.65,1.34111091,BAF,mapped,TRUE
ICICI Prudential Balanced Advantage Fund,INF109K012B0_ICICI Prudential Balanced Advantage Fund.xlsx,INE397D01024,Bharti Airtel Ltd.,5232072,94799.91,1.257307071,BAF,mapped,TRUE
ICICI Prudential Balanced Advantage Fund,INF109K012B0_ICICI Prudential Balanced Advantage Fund.xlsx,INE216A01030,Britannia Industries Ltd.,1615426,84809.87,1.124811713,BAF,mapped,TRUE
ICICI Prudential Balanced Advantage Fund,INF109K012B0_ICICI Prudential Balanced Advantage Fund.xlsx,INE860A01027,HCL Technologies Ltd.,6297776,82639.42,1.096025588,BAF,mapped,TRUE
ICICI Prudential Balanced Advantage Fund,INF109K012B0_ICICI Prudential Balanced Advantage Fund.xlsx,INE280A01028,Titan Company Ltd.,1600072,81642.07,1.082797989,BAF,mapped,TRUE
ICICI Prudential Balanced Advantage Fund,INF109K012B0_ICICI Prudential Balanced Advantage Fund.xlsx,INE101A01026,Mahindra & Mahindra Ltd.,2425026,79589.35,1.055573286,BAF,mapped,TRUE
ICICI Prudential Balanced Advantage Fund,INF109K012B0_ICICI Prudential Balanced Advantage Fund.xlsx,INE296A01032,Bajaj Finance Ltd.,7404413,78264.65,1.038004127,BAF,mapped,TRUE
ICICI Prudential Balanced Advantage Fund,INF109K012B0_ICICI Prudential Balanced Advantage Fund.xlsx,INE1TAE01010,Tata Motors Ltd.,16183660,76241.22,1.01116789,BAF,mapped,TRUE
ICICI Prudential Balanced Advantage Fund,INF109K012B0_ICICI Prudential Balanced Advantage Fund.xlsx,INE127D01025,HDFC Asset Management Company Ltd.,2454901,64369.96,0.853722391,BAF,mapped,TRUE
ICICI Prudential Balanced Advantage Fund,INF109K012B0_ICICI Prudential Balanced Advantage Fund.xlsx,INE466L01038,360 One Wam Ltd.,5462486,64184.21,0.851258836,BAF,mapped,TRUE
ICICI Prudential Balanced Advantage Fund,INF109K012B0_ICICI Prudential Balanced Advantage Fund.xlsx,INE733E01010,NTPC Ltd.,19144081,62677.72,0.831278643,BAF,mapped,TRUE
ICICI Prudential Balanced Advantage Fund,INF109K012B0_ICICI Prudential Balanced Advantage Fund.xlsx,INE775A01035,Samvardhana Motherson International Ltd.,35854864,61197.08,0.811641291,BAF,mapped,TRUE
ICICI Prudential Balanced Advantage Fund,INF109K012B0_ICICI Prudential Balanced Advantage Fund.xlsx,INE417T01026,PB Fintech Ltd.,3228637,60536.94,0.802886023,BAF,mapped,TRUE
ICICI Prudential Balanced Advantage Fund,INF109K012B0_ICICI Prudential Balanced Advantage Fund.xlsx,INE081A01020,Tata Steel Ltd.,30684308,56566.52,0.750227353,BAF,mapped,TRUE
ICICI Prudential Balanced Advantage Fund,INF109K012B0_ICICI Prudential Balanced Advantage Fund.xlsx,INE437A01024,Apollo Hospitals Enterprise Ltd.,617048,54908.02,0.72823109,BAF,mapped,TRUE
ICICI Prudential Balanced Advantage Fund,INF109K012B0_ICICI Prudential Balanced Advantage Fund.xlsx,INE455K01017,Polycab India Ltd.,574340,54246.41,0.719456325,BAF,mapped,TRUE
ICICI Prudential Balanced Advantage Fund,INF109K012B0_ICICI Prudential Balanced Advantage Fund.xlsx,INE721A01047,Shriram Finance Ltd.,4818919,53485.18,0.709360325,BAF,mapped,TRUE
ICICI Prudential Balanced Advantage Fund,INF109K012B0_ICICI Prudential Balanced Advantage Fund.xlsx,INE121A01024,Cholamandalam Investment And Finance Company Ltd.,2842701,52800.33,0.700277334,BAF,mapped,TRUE
ICICI Prudential Balanced Advantage Fund,INF109K012B0_ICICI Prudential Balanced Advantage Fund.xlsx,INE038A01020,Hindalco Industries Ltd.,5090682,51693.33,0.685595475,BAF,mapped,TRUE
ICICI Prudential Balanced Advantage Fund,INF109K012B0_ICICI Prudential Balanced Advantage Fund.xlsx,INE481G01011,Ultratech Cement Ltd.,448894,51398.36,0.681683363,BAF,mapped,TRUE
ICICI Prudential Balanced Advantage Fund,INF109K012B0_ICICI Prudential Balanced Advantage Fund.xlsx,INE123W01016,SBI Life Insurance Company Ltd.,2801896,48767,0.646784305,BAF,mapped,TRUE
ICICI Prudential Balanced Advantage Fund,INF109K012B0_ICICI Prudential Balanced Advantage Fund.xlsx,INE603J01030,PI Industries Ltd.,1946512,46132.33,0.611841348,BAF,mapped,TRUE
ICICI Prudential Balanced Advantage Fund,INF109K012B0_ICICI Prudential Balanced Advantage Fund.xlsx,INE044A01036,Sun Pharmaceutical Industries Ltd.,2293654,45524.44,0.603779057,BAF,mapped,TRUE
ICICI Prudential Balanced Advantage Fund,INF109K012B0_ICICI Prudential Balanced Advantage Fund.xlsx,INE073K01018,Sona Blw Precision Forgings Ltd.,5555358,45167.84,0.599049562,BAF,mapped,TRUE
ICICI Prudential Balanced Advantage Fund,INF109K012B0_ICICI Prudential Balanced Advantage Fund.xlsx,INE745G01043,Multi Commodity Exchange Of India Ltd.,1268530,43130.02,0.572022474,BAF,mapped,TRUE
ICICI Prudential Balanced Advantage Fund,INF109K012B0_ICICI Prudential Balanced Advantage Fund.xlsx,INE777K01022,RR Kabel Ltd.,1461394,42795.46,0.56758529,BAF,mapped,TRUE
ICICI Prudential Balanced Advantage Fund,INF109K012B0_ICICI Prudential Balanced Advantage Fund.xlsx,INE066F01020,Hindustan Aeronautics Ltd.,889172,42694.48,0.566246018,BAF,mapped,TRUE
ICICI Prudential Balanced Advantage Fund,INF109K012B0_ICICI Prudential Balanced Advantage Fund.xlsx,INE0J1Y01017,Life Insurance Corporation of India,10210277,42678.96,0.566040181,BAF,mapped,TRUE
ICICI Prudential Balanced Advantage Fund,INF109K012B0_ICICI Prudential Balanced Advantage Fund.xlsx,INE918I01026,Bajaj Finserv Ltd.,2069493,41824.45,0.554707032,BAF,mapped,TRUE
ICICI Prudential Balanced Advantage Fund,INF109K012B0_ICICI Prudential Balanced Advantage Fund.xlsx,INE669C01036,Tech Mahindra Ltd.,2555080,41596.7,0.551686442,BAF,mapped,TRUE
ICICI Prudential Balanced Advantage Fund,INF109K012B0_ICICI Prudential Balanced Advantage Fund.xlsx,INE263A01024,Bharat Electronics Ltd.,9764705,40469.82,0.536740919,BAF,mapped,TRUE
ICICI Prudential Balanced Advantage Fund,INF109K012B0_ICICI Prudential Balanced Advantage Fund.xlsx,INE467B01029,Tata Consultancy Services Ltd.,1619770,38863.14,0.515431931,BAF,mapped,TRUE
ICICI Prudential Balanced Advantage Fund,INF109K012B0_ICICI Prudential Balanced Advantage Fund.xlsx,INE742F01042,Adani Ports and Special Economic Zone Ltd.,2375283,37840.63,0.501870642,BAF,mapped,TRUE
ICICI Prudential Balanced Advantage Fund,INF109K012B0_ICICI Prudential Balanced Advantage Fund.xlsx,INE0NT901020,Netweb Technologies India,718195,37264.27,0.494226526,BAF,mapped,TRUE
ICICI Prudential Balanced Advantage Fund,INF109K012B0_ICICI Prudential Balanced Advantage Fund.xlsx,INE067A01029,CG Power and Industrial Solutions Ltd.,4031877,36931.99,0.489819581,BAF,mapped,TRUE
ICICI Prudential Balanced Advantage Fund,INF109K012B0_ICICI Prudential Balanced Advantage Fund.xlsx,INE298A01020,Cummins India Ltd.,690276,35238.59,0.467360448,BAF,mapped,TRUE
ICICI Prudential Balanced Advantage Fund,INF109K012B0_ICICI Prudential Balanced Advantage Fund.xlsx,INE211B01039,The Phoenix Mills Ltd.,1801266,34224.05,0.453904862,BAF,mapped,TRUE
ICICI Prudential Balanced Advantage Fund,INF109K012B0_ICICI Prudential Balanced Advantage Fund.xlsx,INE059A01026,Cipla Ltd.,2052137,28918.71,0.383541488,BAF,mapped,TRUE
ICICI Prudential Balanced Advantage Fund,INF109K012B0_ICICI Prudential Balanced Advantage Fund.xlsx,INE361B01024,Divi's Laboratories Ltd.,302929,28678.29,0.380352859,BAF,mapped,TRUE
ICICI Prudential Balanced Advantage Fund,INF109K012B0_ICICI Prudential Balanced Advantage Fund.xlsx,INE318A01026,Pidilite Industries Ltd.,1639885,27676.34,0.367064251,BAF,mapped,TRUE
ICICI Prudential Balanced Advantage Fund,INF109K012B0_ICICI Prudential Balanced Advantage Fund.xlsx,INE663F01032,Info Edge (India) Ltd.,2056435,27000.99,0.358107256,BAF,mapped,TRUE
ICICI Prudential Balanced Advantage Fund,INF109K012B0_ICICI Prudential Balanced Advantage Fund.xlsx,INE12UN01015,Shadowfax Technologies Ltd,10424990,26946.51,0.357384702,BAF,mapped,TRUE
ICICI Prudential Balanced Advantage Fund,INF109K012B0_ICICI Prudential Balanced Advantage Fund.xlsx,INE1CDF01017,Vedanta Aluminium Metal Ltd.,5642999,24555.51,0.325673477,BAF,mapped,TRUE
ICICI Prudential Balanced Advantage Fund,INF109K012B0_ICICI Prudential Balanced Advantage Fund.xlsx,INE066A01021,Eicher Motors Ltd.,301739,23998.81,0.318290107,BAF,mapped,TRUE
ICICI Prudential Balanced Advantage Fund,INF109K012B0_ICICI Prudential Balanced Advantage Fund.xlsx,INE103V01028,Travel Food Services Ltd,1835818,23858.29,0.316426426,BAF,mapped,TRUE
ICICI Prudential Balanced Advantage Fund,INF109K012B0_ICICI Prudential Balanced Advantage Fund.xlsx,INE956O01016,Lenskart Solutions Ltd.,3464841,22951.11,0.304394729,BAF,mapped,TRUE
ICICI Prudential Balanced Advantage Fund,INF109K012B0_ICICI Prudential Balanced Advantage Fund.xlsx,INE795G01014,HDFC Life Insurance Company Ltd.,4207460,22861.23,0.303202673,BAF,mapped,TRUE
ICICI Prudential Balanced Advantage Fund,INF109K012B0_ICICI Prudential Balanced Advantage Fund.xlsx,INE053A01029,The Indian Hotels Company Ltd.,2981619,22001.37,0.291798569,BAF,mapped,TRUE
ICICI Prudential Balanced Advantage Fund,INF109K012B0_ICICI Prudential Balanced Advantage Fund.xlsx,INE457L01029,Pg Electroplast Ltd.,3647276,21190.67,0.281046461,BAF,mapped,TRUE
ICICI Prudential Balanced Advantage Fund,INF109K012B0_ICICI Prudential Balanced Advantage Fund.xlsx,INE095A01012,IndusInd Bank Ltd.,2011800,20451.96,0.271249138,BAF,mapped,TRUE
ICICI Prudential Balanced Advantage Fund,INF109K012B0_ICICI Prudential Balanced Advantage Fund.xlsx,INE388Y01029,FSN E-Commerce Ventures Ltd.,5816942,20333.12,0.269672994,BAF,mapped,TRUE
ICICI Prudential Balanced Advantage Fund,INF109K012B0_ICICI Prudential Balanced Advantage Fund.xlsx,INE094A01015,Hindustan Petroleum Corporation Ltd.,5290412,19349.68,0.256629879,BAF,mapped,TRUE
ICICI Prudential Balanced Advantage Fund,INF109K012B0_ICICI Prudential Balanced Advantage Fund.xlsx,INE030A01027,Hindustan Unilever Ltd.,905635,17817.46,0.236308436,BAF,mapped,TRUE
ICICI Prudential Balanced Advantage Fund,INF109K012B0_ICICI Prudential Balanced Advantage Fund.xlsx,INE029A01011,Bharat Petroleum Corporation Ltd.,5486151,17777.87,0.235783364,BAF,mapped,TRUE
ICICI Prudential Balanced Advantage Fund,INF109K012B0_ICICI Prudential Balanced Advantage Fund.xlsx,INE732I01021,Angel One Ltd.,6153954,17655.69,0.234162921,BAF,mapped,TRUE
ICICI Prudential Balanced Advantage Fund,INF109K012B0_ICICI Prudential Balanced Advantage Fund.xlsx,INE685A01028,Torrent Pharmaceuticals Ltd.,346860,17571.93,0.233052034,BAF,mapped,TRUE
ICICI Prudential Balanced Advantage Fund,INF109K012B0_ICICI Prudential Balanced Advantage Fund.xlsx,INE765G01017,ICICI Lombard General Insurance Company Ltd.,1114332,17460.47,0.231573768,BAF,mapped,TRUE
ICICI Prudential Balanced Advantage Fund,INF109K012B0_ICICI Prudential Balanced Advantage Fund.xlsx,INE121J01017,Indus Towers Ltd.,4481200,17422.91,0.23107562,BAF,mapped,TRUE
ICICI Prudential Balanced Advantage Fund,INF109K012B0_ICICI Prudential Balanced Advantage Fund.xlsx,INE414G01012,Muthoot Finance Ltd.,582606,17350.59,0.230116458,BAF,mapped,TRUE
ICICI Prudential Balanced Advantage Fund,INF109K012B0_ICICI Prudential Balanced Advantage Fund.xlsx,INE0FS801015,Motherson Sumi Wiring India Ltd.,47015629,17297.05,0.22940637,BAF,mapped,TRUE
ICICI Prudential Balanced Advantage Fund,INF109K012B0_ICICI Prudential Balanced Advantage Fund.xlsx,INE591G01025,COFORGE Ltd.,825974,16398.06,0.217483295,BAF,mapped,TRUE
ICICI Prudential Balanced Advantage Fund,INF109K012B0_ICICI Prudential Balanced Advantage Fund.xlsx,INE205A01025,Vedanta Ltd.,5626433,15652.74,0.207598305,BAF,mapped,TRUE
ICICI Prudential Balanced Advantage Fund,INF109K012B0_ICICI Prudential Balanced Advantage Fund.xlsx,INE372A01015,Apar Industries Ltd.,78178,13839.07,0.183544062,BAF,mapped,TRUE
ICICI Prudential Balanced Advantage Fund,INF109K012B0_ICICI Prudential Balanced Advantage Fund.xlsx,INE01TY01017,Canara HSBC Life Insurance Co Ltd,8632545,13478.86,0.178766689,BAF,mapped,TRUE
ICICI Prudential Balanced Advantage Fund,INF109K012B0_ICICI Prudential Balanced Advantage Fund.xlsx,INE640G01020,SBI Funds Management Ltd.,2257221,13035.45,0.172885855,BAF,mapped,TRUE
ICICI Prudential Balanced Advantage Fund,INF109K012B0_ICICI Prudential Balanced Advantage Fund.xlsx,INE02IJ01035,Azad Engineering Ltd,408083,11678.52,0.154889237,BAF,mapped,TRUE
ICICI Prudential Balanced Advantage Fund,INF109K012B0_ICICI Prudential Balanced Advantage Fund.xlsx,INE117A01022,ABB India Ltd.,145300,11098.74,0.147199763,BAF,mapped,TRUE
ICICI Prudential Balanced Advantage Fund,INF109K012B0_ICICI Prudential Balanced Advantage Fund.xlsx,INE749A01030,Jindal Steel Ltd.,925615,11041.66,0.146442725,BAF,mapped,TRUE
ICICI Prudential Balanced Advantage Fund,INF109K012B0_ICICI Prudential Balanced Advantage Fund.xlsx,INE200A01026,Ge Vernova T&D India Ltd.,245339,10905.81,0.144640981,BAF,mapped,TRUE
ICICI Prudential Balanced Advantage Fund,INF109K012B0_ICICI Prudential Balanced Advantage Fund.xlsx,INE794A01010,Neuland Laboratories Ltd.,45345,10433.88,0.138381894,BAF,mapped,TRUE
ICICI Prudential Balanced Advantage Fund,INF109K012B0_ICICI Prudential Balanced Advantage Fund.xlsx,INE100A01010,Atul Ltd.,162818,10407.33,0.138029768,BAF,mapped,TRUE
ICICI Prudential Balanced Advantage Fund,INF109K012B0_ICICI Prudential Balanced Advantage Fund.xlsx,INE154A01025,ITC Ltd.,3906065,9980,0.132362199,BAF,mapped,TRUE
ICICI Prudential Balanced Advantage Fund,INF109K012B0_ICICI Prudential Balanced Advantage Fund.xlsx,INE070A01015,Shree Cements Ltd.,42730,9913.36,0.13147837,BAF,mapped,TRUE
ICICI Prudential Balanced Advantage Fund,INF109K012B0_ICICI Prudential Balanced Advantage Fund.xlsx,INE596I01020,Computer Age Management Services Ltd.,1253817,9804.85,0.130039229,BAF,mapped,TRUE
ICICI Prudential Balanced Advantage Fund,INF109K012B0_ICICI Prudential Balanced Advantage Fund.xlsx,INE797F01020,Jubilant Foodworks Ltd.,1688347,8374.2,0.111064883,BAF,mapped,TRUE
ICICI Prudential Balanced Advantage Fund,INF109K012B0_ICICI Prudential Balanced Advantage Fund.xlsx,INE634S01028,Mankind Pharma Ltd.,300000,7257.6,0.096255701,BAF,mapped,TRUE
ICICI Prudential Balanced Advantage Fund,INF109K012B0_ICICI Prudential Balanced Advantage Fund.xlsx,INE111A01025,Container Corporation Of India Ltd.,1402256,7178.15,0.095201976,BAF,mapped,TRUE
ICICI Prudential Balanced Advantage Fund,INF109K012B0_ICICI Prudential Balanced Advantage Fund.xlsx,INE226A01021,Voltas Ltd.,576620,6887.15,0.091342517,BAF,mapped,TRUE
ICICI Prudential Balanced Advantage Fund,INF109K012B0_ICICI Prudential Balanced Advantage Fund.xlsx,INE848E01016,NHPC Ltd.,8170868,6268.69,0.083140039,BAF,mapped,TRUE
ICICI Prudential Balanced Advantage Fund,INF109K012B0_ICICI Prudential Balanced Advantage Fund.xlsx,INE021A01026,Asian Paints Ltd.,224904,5968.05,0.079152728,BAF,mapped,TRUE
ICICI Prudential Balanced Advantage Fund,INF109K012B0_ICICI Prudential Balanced Advantage Fund.xlsx,INE019A01038,JSW Steel Ltd.,434700,5684.57,0.075393005,BAF,mapped,TRUE
ICICI Prudential Balanced Advantage Fund,INF109K012B0_ICICI Prudential Balanced Advantage Fund.xlsx,INE180A01020,Max Financial Services Ltd.,353708,5564.18,0.073796303,BAF,mapped,TRUE
ICICI Prudential Balanced Advantage Fund,INF109K012B0_ICICI Prudential Balanced Advantage Fund.xlsx,INE027H01010,MAX Healthcare Institute Ltd,500000,5210.5,0.069105535,BAF,mapped,TRUE
ICICI Prudential Balanced Advantage Fund,INF109K012B0_ICICI Prudential Balanced Advantage Fund.xlsx,INE951I01027,V-Guard Industries Ltd.,1327713,4598.53,0.060989133,BAF,mapped,TRUE
ICICI Prudential Balanced Advantage Fund,INF109K012B0_ICICI Prudential Balanced Advantage Fund.xlsx,INE356A01018,Mphasis Ltd.,171417,4160.98,0.055186018,BAF,mapped,TRUE
ICICI Prudential Balanced Advantage Fund,INF109K012B0_ICICI Prudential Balanced Advantage Fund.xlsx,INE089A01031,Dr. Reddy's Laboratories Ltd.,304913,3519.92,0.046683803,BAF,mapped,TRUE
ICICI Prudential Balanced Advantage Fund,INF109K012B0_ICICI Prudential Balanced Advantage Fund.xlsx,INE213A01029,Oil & Natural Gas Corporation Ltd.,442790,1026.39,0.013612749,BAF,mapped,TRUE
ICICI Prudential Balanced Advantage Fund,INF109K012B0_ICICI Prudential Balanced Advantage Fund.xlsx,INE047A01021,Grasim Industries Ltd.,10677,359.92,,BAF,mapped,TRUE
ICICI Prudential Balanced Advantage Fund,INF109K012B0_ICICI Prudential Balanced Advantage Fund.xlsx,INE041025011,EMBASSY OFFICE PARKS REIT,48202903,211360.09,2.803215062,BAF,unmapped,TRUE
ICICI Prudential Balanced Advantage Fund,INF109K012B0_ICICI Prudential Balanced Advantage Fund.xlsx,INE0CCU25019,MINDSPACE BUSINESS PARKS REIT,7952110,39430.54,0.522957213,BAF,unmapped,TRUE
ICICI Prudential Balanced Advantage Fund,INF109K012B0_ICICI Prudential Balanced Advantage Fund.xlsx,INE0FDU25010,Brookfield India Real Estate Trust REIT,7660340,26176.15,0.347167613,BAF,unmapped,TRUE
ICICI Prudential Balanced Advantage Fund,INF109K012B0_ICICI Prudential Balanced Advantage Fund.xlsx,INE0NDH25011,Nexus Select Trust,2911569,4885.32,0.064792755,BAF,unmapped,TRUE
ICICI Prudential Balanced Advantage Fund,INF109K012B0_ICICI Prudential Balanced Advantage Fund.xlsx,INE775A08105,Samvardhana Motherson International Ltd. **,22308,24986.95,0.331395556,BAF,unmapped,TRUE
ICICI Prudential Balanced Advantage Fund,INF109K012B0_ICICI Prudential Balanced Advantage Fund.xlsx,IN0020250018,Government Securities,87500000,79432.94,1.05349886,BAF,not_in_mapping_files,FALSE
ICICI Prudential Balanced Advantage Fund,INF109K012B0_ICICI Prudential Balanced Advantage Fund.xlsx,IN0020210137,Government Securities,56903230,58433.93,0.774994336,BAF,not_in_mapping_files,FALSE
ICICI Prudential Balanced Advantage Fund,INF109K012B0_ICICI Prudential Balanced Advantage Fund.xlsx,IN0020250075,Government Securities,58562800,56378.29,0.747730907,BAF,not_in_mapping_files,FALSE
ICICI Prudential Balanced Advantage Fund,INF109K012B0_ICICI Prudential Balanced Advantage Fund.xlsx,IN0020260025,Government Securities,32936800,32908.54,0.436457588,BAF,not_in_mapping_files,FALSE
ICICI Prudential Balanced Advantage Fund,INF109K012B0_ICICI Prudential Balanced Advantage Fund.xlsx,IN3320250092,State Government of Uttar Pradesh,20000000,19388.64,0.257146596,BAF,not_in_mapping_files,FALSE
ICICI Prudential Balanced Advantage Fund,INF109K012B0_ICICI Prudential Balanced Advantage Fund.xlsx,IN2120250138,State Government of Madhya Pradesh,19660700,19374.2,0.256955082,BAF,not_in_mapping_files,FALSE
ICICI Prudential Balanced Advantage Fund,INF109K012B0_ICICI Prudential Balanced Advantage Fund.xlsx,IN2920250171,State Government of Rajasthan,19367000,19072.58,0.252954773,BAF,not_in_mapping_files,FALSE
ICICI Prudential Balanced Advantage Fund,INF109K012B0_ICICI Prudential Balanced Advantage Fund.xlsx,IN2120250120,State Government of Madhya Pradesh,16654600,16414.14,0.21769656,BAF,not_in_mapping_files,FALSE
ICICI Prudential Balanced Advantage Fund,INF109K012B0_ICICI Prudential Balanced Advantage Fund.xlsx,IN2920250213,State Government of Rajasthan,15000000,14712.83,0.195132518,BAF,not_in_mapping_files,FALSE
ICICI Prudential Balanced Advantage Fund,INF109K012B0_ICICI Prudential Balanced Advantage Fund.xlsx,IN2220250301,State Government of Maharashtra,12500000,12321.5,0.163416917,BAF,not_in_mapping_files,FALSE
ICICI Prudential Balanced Advantage Fund,INF109K012B0_ICICI Prudential Balanced Advantage Fund.xlsx,IN2920250338,State Government of Rajasthan,11648500,11582.49,0.153615616,BAF,not_in_mapping_files,FALSE
ICICI Prudential Balanced Advantage Fund,INF109K012B0_ICICI Prudential Balanced Advantage Fund.xlsx,IN2920250296,State Government of Rajasthan,10326000,10021.42,0.132911542,BAF,not_in_mapping_files,FALSE
ICICI Prudential Balanced Advantage Fund,INF109K012B0_ICICI Prudential Balanced Advantage Fund.xlsx,IN1720250084,State Government of Himachal pradesh,10000000,9852.2,0.13066722,BAF,not_in_mapping_files,FALSE
ICICI Prudential Balanced Advantage Fund,INF109K012B0_ICICI Prudential Balanced Advantage Fund.xlsx,IN2920250221,State Government of Rajasthan,10000000,9850.89,0.130649846,BAF,not_in_mapping_files,FALSE
ICICI Prudential Balanced Advantage Fund,INF109K012B0_ICICI Prudential Balanced Advantage Fund.xlsx,IN3120250300,State Government of Tamil Nadu,10000000,9791.92,0.129867742,BAF,not_in_mapping_files,FALSE
ICICI Prudential Balanced Advantage Fund,INF109K012B0_ICICI Prudential Balanced Advantage Fund.xlsx,IN2120250195,State Government of Madhya Pradesh,10000000,9774.3,0.129634052,BAF,not_in_mapping_files,FALSE
ICICI Prudential Balanced Advantage Fund,INF109K012B0_ICICI Prudential Balanced Advantage Fund.xlsx,IN2220240435,State Government of Maharashtra,10000000,9594.23,0.12724583,BAF,not_in_mapping_files,FALSE
ICICI Prudential Balanced Advantage Fund,INF109K012B0_ICICI Prudential Balanced Advantage Fund.xlsx,IN2220250376,State Government of Maharashtra,9826600,9541.83,0.126550862,BAF,not_in_mapping_files,FALSE
ICICI Prudential Balanced Advantage Fund,INF109K012B0_ICICI Prudential Balanced Advantage Fund.xlsx,IN2220240427,State Government of Maharashtra,9921400,9517.39,0.12622672,BAF,not_in_mapping_files,FALSE
ICICI Prudential Balanced Advantage Fund,INF109K012B0_ICICI Prudential Balanced Advantage Fund.xlsx,IN4520250684,State Government of Telangana,8811200,8848.43,0.117354474,BAF,not_in_mapping_files,FALSE
ICICI Prudential Balanced Advantage Fund,INF109K012B0_ICICI Prudential Balanced Advantage Fund.xlsx,IN1020250321,State Government of Andhra Pradesh,9047600,8827.81,0.117080996,BAF,not_in_mapping_files,FALSE
ICICI Prudential Balanced Advantage Fund,INF109K012B0_ICICI Prudential Balanced Advantage Fund.xlsx,IN1020250339,State Government of Andhra Pradesh,9047600,8819.81,0.116974895,BAF,not_in_mapping_files,FALSE
ICICI Prudential Balanced Advantage Fund,INF109K012B0_ICICI Prudential Balanced Advantage Fund.xlsx,IN2120250187,State Government of Madhya Pradesh,7222900,7052.42,0.093534451,BAF,not_in_mapping_files,FALSE
ICICI Prudential Balanced Advantage Fund,INF109K012B0_ICICI Prudential Balanced Advantage Fund.xlsx,IN0020200120,Government Securities,6757000,7047.11,0.093464026,BAF,not_in_mapping_files,FALSE
ICICI Prudential Balanced Advantage Fund,INF109K012B0_ICICI Prudential Balanced Advantage Fund.xlsx,IN4520260063,State Government of Telangana,6243400,6154.01,0.081619068,BAF,not_in_mapping_files,FALSE
ICICI Prudential Balanced Advantage Fund,INF109K012B0_ICICI Prudential Balanced Advantage Fund.xlsx,IN2920250312,State Government of Rajasthan,5869100,5689.36,0.075456533,BAF,not_in_mapping_files,FALSE
ICICI Prudential Balanced Advantage Fund,INF109K012B0_ICICI Prudential Balanced Advantage Fund.xlsx,IN1620250135,State Government of Haryana,4871600,4798.62,0.063642875,BAF,not_in_mapping_files,FALSE
ICICI Prudential Balanced Advantage Fund,INF109K012B0_ICICI Prudential Balanced Advantage Fund.xlsx,IN4520250528,State Government of Telangana,4129800,4010.77,0.053193821,BAF,not_in_mapping_files,FALSE
ICICI Prudential Balanced Advantage Fund,INF109K012B0_ICICI Prudential Balanced Advantage Fund.xlsx,IN1020250313,State Government of Andhra Pradesh,3703700,3683.7,0.048855975,BAF,not_in_mapping_files,FALSE
ICICI Prudential Balanced Advantage Fund,INF109K012B0_ICICI Prudential Balanced Advantage Fund.xlsx,IN1620250192,State Government of Haryana,2900000,2829.85,0.03753158,BAF,not_in_mapping_files,FALSE
ICICI Prudential Balanced Advantage Fund,INF109K012B0_ICICI Prudential Balanced Advantage Fund.xlsx,IN1620250184,State Government of Haryana,2789600,2726.93,0.036166578,BAF,not_in_mapping_files,FALSE
ICICI Prudential Balanced Advantage Fund,INF109K012B0_ICICI Prudential Balanced Advantage Fund.xlsx,IN1920240257,State Government of Karnataka,2662400,2608.79,0.034599718,BAF,not_in_mapping_files,FALSE
ICICI Prudential Balanced Advantage Fund,INF109K012B0_ICICI Prudential Balanced Advantage Fund.xlsx,IN3320250050,State Government of Uttar Pradesh,2630000,2580.73,0.034227565,BAF,not_in_mapping_files,FALSE
ICICI Prudential Balanced Advantage Fund,INF109K012B0_ICICI Prudential Balanced Advantage Fund.xlsx,IN1620250325,State Government of Haryana,2452900,2467.59,0.032727018,BAF,not_in_mapping_files,FALSE
ICICI Prudential Balanced Advantage Fund,INF109K012B0_ICICI Prudential Balanced Advantage Fund.xlsx,IN2720250082,State Government of Odisha,1582000,1542.87,0.020462692,BAF,not_in_mapping_files,FALSE
ICICI Prudential Balanced Advantage Fund,INF109K012B0_ICICI Prudential Balanced Advantage Fund.xlsx,IN3420240241,State Government of West Bengal,1444200,1396.5,0.018521424,BAF,not_in_mapping_files,FALSE
ICICI Prudential Balanced Advantage Fund,INF109K012B0_ICICI Prudential Balanced Advantage Fund.xlsx,IN2220250319,State Government of Maharashtra,1311600,1278.05,0.016950452,BAF,not_in_mapping_files,FALSE
ICICI Prudential Balanced Advantage Fund,INF109K012B0_ICICI Prudential Balanced Advantage Fund.xlsx,IN3320250126,State Government of Uttar Pradesh,213000,208.25,,BAF,not_in_mapping_files,FALSE
ICICI Prudential Balanced Advantage Fund,INF109K012B0_ICICI Prudential Balanced Advantage Fund.xlsx,IN0020230085,Government Securities,121400,124.01,,BAF,not_in_mapping_files,FALSE
ICICI Prudential Balanced Advantage Fund,INF109K012B0_ICICI Prudential Balanced Advantage Fund.xlsx,INE121A07SU3,Cholamandalam Investment And Finance Company Ltd. **,70000,69877.43,0.926766563,BAF,unmapped,TRUE
ICICI Prudential Balanced Advantage Fund,INF109K012B0_ICICI Prudential Balanced Advantage Fund.xlsx,INE414G07KC4,Muthoot Finance Ltd. **,50000,49720.95,0.659436301,BAF,unmapped,TRUE
ICICI Prudential Balanced Advantage Fund,INF109K012B0_ICICI Prudential Balanced Advantage Fund.xlsx,INE976I07DE9,Tata Capital Ltd. **,34500,34351.55,0.455595862,BAF,unmapped,TRUE
ICICI Prudential Balanced Advantage Fund,INF109K012B0_ICICI Prudential Balanced Advantage Fund.xlsx,INE403D08207,Bharti Telecom Ltd. **,32000,32090.78,0.425611845,BAF,unmapped,TRUE
ICICI Prudential Balanced Advantage Fund,INF109K012B0_ICICI Prudential Balanced Advantage Fund.xlsx,INE414G07JX2,Muthoot Finance Ltd. **,30000,29777.25,0.394928086,BAF,unmapped,TRUE
ICICI Prudential Balanced Advantage Fund,INF109K012B0_ICICI Prudential Balanced Advantage Fund.xlsx,INE296A07UB9,Bajaj Finance Ltd. **,25000,24724.35,0.327912759,BAF,unmapped,TRUE
ICICI Prudential Balanced Advantage Fund,INF109K012B0_ICICI Prudential Balanced Advantage Fund.xlsx,INE205A08095,Vedanta Ltd. **,20000,20104.5,0.266640865,BAF,unmapped,TRUE
ICICI Prudential Balanced Advantage Fund,INF109K012B0_ICICI Prudential Balanced Advantage Fund.xlsx,INE261F08DV4,NABARD,20000,19982.04,0.265016709,BAF,unmapped,TRUE
ICICI Prudential Balanced Advantage Fund,INF109K012B0_ICICI Prudential Balanced Advantage Fund.xlsx,INE071G07876,ICICI Home Finance Company Ltd. **,20000,19928.94,0.264312457,BAF,unmapped,TRUE
ICICI Prudential Balanced Advantage Fund,INF109K012B0_ICICI Prudential Balanced Advantage Fund.xlsx,INE528G08345,Yes Bank Ltd. **,1950,19495.73,0.258566903,BAF,unmapped,TRUE
ICICI Prudential Balanced Advantage Fund,INF109K012B0_ICICI Prudential Balanced Advantage Fund.xlsx,INE414G07IR6,Muthoot Finance Ltd. **,15000,15019.28,0.199196887,BAF,unmapped,TRUE
ICICI Prudential Balanced Advantage Fund,INF109K012B0_ICICI Prudential Balanced Advantage Fund.xlsx,INE651J07960,JM Financial Credit Solution Ltd. **,15000,15013.05,0.19911426,BAF,unmapped,TRUE
ICICI Prudential Balanced Advantage Fund,INF109K012B0_ICICI Prudential Balanced Advantage Fund.xlsx,INE261F08EO7,NABARD,15000,14957.42,0.198376453,BAF,unmapped,TRUE
ICICI Prudential Balanced Advantage Fund,INF109K012B0_ICICI Prudential Balanced Advantage Fund.xlsx,INE403D08231,Bharti Telecom Ltd. **,12500,12560.01,0.166580215,BAF,unmapped,TRUE
ICICI Prudential Balanced Advantage Fund,INF109K012B0_ICICI Prudential Balanced Advantage Fund.xlsx,INE414G07JB8,Muthoot Finance Ltd. **,12500,12528.16,0.166157796,BAF,unmapped,TRUE
ICICI Prudential Balanced Advantage Fund,INF109K012B0_ICICI Prudential Balanced Advantage Fund.xlsx,INE423A07476,Adani Enterprises Ltd. **,12500,12516.76,0.166006601,BAF,unmapped,TRUE
ICICI Prudential Balanced Advantage Fund,INF109K012B0_ICICI Prudential Balanced Advantage Fund.xlsx,INE233A08204,Godrej Industries Ltd. **,12200,12133.11,0.160918349,BAF,unmapped,TRUE
ICICI Prudential Balanced Advantage Fund,INF109K012B0_ICICI Prudential Balanced Advantage Fund.xlsx,INE233A08212,Godrej Industries Ltd. **,12200,12132.06,0.160904423,BAF,unmapped,TRUE
ICICI Prudential Balanced Advantage Fund,INF109K012B0_ICICI Prudential Balanced Advantage Fund.xlsx,INE755L07015,Bamboo Hotels & Global Centre (Delhi) Pvt Ltd. **,10000,10038.59,0.133139263,BAF,unmapped,TRUE
ICICI Prudential Balanced Advantage Fund,INF109K012B0_ICICI Prudential Balanced Advantage Fund.xlsx,INE040A08419,HDFC Bank Ltd. ( Additional Tier I Bond under Basel III ) **,100,9985.32,0.132432757,BAF,unmapped,TRUE
ICICI Prudential Balanced Advantage Fund,INF109K012B0_ICICI Prudential Balanced Advantage Fund.xlsx,INE093I07082,Oberoi Realty Ltd. **,10000,9970.1,0.132230898,BAF,unmapped,TRUE
ICICI Prudential Balanced Advantage Fund,INF109K012B0_ICICI Prudential Balanced Advantage Fund.xlsx,INE522D07CL9,Manappuram Finance Ltd. **,10000,9960.13,0.132098668,BAF,unmapped,TRUE
ICICI Prudential Balanced Advantage Fund,INF109K012B0_ICICI Prudential Balanced Advantage Fund.xlsx,INE729N08063,TVS Credit Services Ltd. **,85,8541.61,0.113285199,BAF,unmapped,TRUE
ICICI Prudential Balanced Advantage Fund,INF109K012B0_ICICI Prudential Balanced Advantage Fund.xlsx,INE0CCU07215,MINDSPACE BUSINESS PARKS REIT **,7750,7726.22,0.102470889,BAF,unmapped,TRUE
ICICI Prudential Balanced Advantage Fund,INF109K012B0_ICICI Prudential Balanced Advantage Fund.xlsx,INE01EQ07103,Tyger Capital Private Ltd. **,7500,7484.21,0.099261172,BAF,unmapped,TRUE
ICICI Prudential Balanced Advantage Fund,INF109K012B0_ICICI Prudential Balanced Advantage Fund.xlsx,INE01EQ07095,Tyger Capital Private Ltd. **,7500,7481.75,0.099228545,BAF,unmapped,TRUE
ICICI Prudential Balanced Advantage Fund,INF109K012B0_ICICI Prudential Balanced Advantage Fund.xlsx,INE216P07266,Aavas Financiers Ltd. **,7500,7470.6,0.099080666,BAF,unmapped,TRUE
ICICI Prudential Balanced Advantage Fund,INF109K012B0_ICICI Prudential Balanced Advantage Fund.xlsx,INE814H07208,Adani Power Ltd. **,7500,7453.75,0.098857189,BAF,unmapped,TRUE
ICICI Prudential Balanced Advantage Fund,INF109K012B0_ICICI Prudential Balanced Advantage Fund.xlsx,INE403D08272,Bharti Telecom Ltd. **,7500,7435.04,0.098609043,BAF,unmapped,TRUE
ICICI Prudential Balanced Advantage Fund,INF109K012B0_ICICI Prudential Balanced Advantage Fund.xlsx,INE261F08EV2,NABARD **,6000,5909.09,0.078370756,BAF,unmapped,TRUE
ICICI Prudential Balanced Advantage Fund,INF109K012B0_ICICI Prudential Balanced Advantage Fund.xlsx,INE484J08089,Godrej Properties Ltd. **,5000,5017.82,0.066550069,BAF,unmapped,TRUE
ICICI Prudential Balanced Advantage Fund,INF109K012B0_ICICI Prudential Balanced Advantage Fund.xlsx,INE261F08EF5,NABARD,5000,5011.11,0.066461076,BAF,unmapped,TRUE
ICICI Prudential Balanced Advantage Fund,INF109K012B0_ICICI Prudential Balanced Advantage Fund.xlsx,INE414G07IQ8,Muthoot Finance Ltd. **,5000,5010.06,0.06644715,BAF,unmapped,TRUE
ICICI Prudential Balanced Advantage Fund,INF109K012B0_ICICI Prudential Balanced Advantage Fund.xlsx,INE087M08126,Bahadur Chand Investments Pvt. Ltd. **,5000,4998.9,0.066299138,BAF,unmapped,TRUE
ICICI Prudential Balanced Advantage Fund,INF109K012B0_ICICI Prudential Balanced Advantage Fund.xlsx,INE261F08EG3,NABARD **,5000,4993.91,0.066232957,BAF,unmapped,TRUE
ICICI Prudential Balanced Advantage Fund,INF109K012B0_ICICI Prudential Balanced Advantage Fund.xlsx,INE020B08EK4,Rural Electrification Corporation Ltd. **,5000,4990.66,0.066189853,BAF,unmapped,TRUE
ICICI Prudential Balanced Advantage Fund,INF109K012B0_ICICI Prudential Balanced Advantage Fund.xlsx,INE087M08134,Bahadur Chand Investments Pvt. Ltd. **,5000,4981.92,0.066073937,BAF,unmapped,TRUE
ICICI Prudential Balanced Advantage Fund,INF109K012B0_ICICI Prudential Balanced Advantage Fund.xlsx,INE261F08EU4,NABARD **,5000,4965.46,0.065855632,BAF,unmapped,TRUE
ICICI Prudential Balanced Advantage Fund,INF109K012B0_ICICI Prudential Balanced Advantage Fund.xlsx,INE813H07432,Torrent Power Ltd. **,4500,4506.11,0.05976339,BAF,unmapped,TRUE
ICICI Prudential Balanced Advantage Fund,INF109K012B0_ICICI Prudential Balanced Advantage Fund.xlsx,INE729N08055,TVS Credit Services Ltd. **,25,2511.98,0.033315751,BAF,unmapped,TRUE
ICICI Prudential Balanced Advantage Fund,INF109K012B0_ICICI Prudential Balanced Advantage Fund.xlsx,INE814H07190,Adani Power Ltd. **,2500,2485.73,0.032967604,BAF,unmapped,TRUE
ICICI Prudential Balanced Advantage Fund,INF109K012B0_ICICI Prudential Balanced Advantage Fund.xlsx,INE634S07025,Mankind Pharma Ltd,1500,1501.48,0.019913747,BAF,unmapped,TRUE
ICICI Prudential Balanced Advantage Fund,INF109K012B0_ICICI Prudential Balanced Advantage Fund.xlsx,INE813H07374,Torrent Power Ltd. **,1000,1004.23,0.013318847,BAF,unmapped,TRUE
ICICI Prudential Balanced Advantage Fund,INF109K012B0_ICICI Prudential Balanced Advantage Fund.xlsx,INE1CBK15037,India Universal Trust AL2 **,235,21561.37,0.285962961,BAF,unmapped,TRUE
ICICI Prudential Balanced Advantage Fund,INF109K012B0_ICICI Prudential Balanced Advantage Fund.xlsx,INE16J715035,India Universal Trust AL1 **,166,14175.4,0.188004721,BAF,unmapped,TRUE
ICICI Prudential Balanced Advantage Fund,INF109K012B0_ICICI Prudential Balanced Advantage Fund.xlsx,INE1CBK15029,India Universal Trust AL2 **,242,13776.04,0.182708111,BAF,unmapped,TRUE
ICICI Prudential Balanced Advantage Fund,INF109K012B0_ICICI Prudential Balanced Advantage Fund.xlsx,INE16J715027,India Universal Trust AL1 **,79,3790.42,0.050271375,BAF,unmapped,TRUE
ICICI Prudential Balanced Advantage Fund,INF109K012B0_ICICI Prudential Balanced Advantage Fund.xlsx,INE040A16JC3,HDFC Bank Ltd. **,12000,58192.14,0.771787537,BAF,unmapped,TRUE
ICICI Prudential Balanced Advantage Fund,INF109K012B0_ICICI Prudential Balanced Advantage Fund.xlsx,INE692A16LN4,Union Bank Of India,5000,24089.85,0.319497547,BAF,unmapped,TRUE
ICICI Prudential Balanced Advantage Fund,INF109K012B0_ICICI Prudential Balanced Advantage Fund.xlsx,INE028A16LD2,Bank Of Baroda **,2000,9737.67,0.129148238,BAF,unmapped,TRUE
ICICI Prudential Balanced Advantage Fund,INF109K012B0_ICICI Prudential Balanced Advantage Fund.xlsx,INE556F16BX0,Small Industries Development Bank Of India. **,2000,9724.26,0.128970385,BAF,unmapped,TRUE
ICICI Prudential Balanced Advantage Fund,INF109K012B0_ICICI Prudential Balanced Advantage Fund.xlsx,INE562A16QI8,Indian Bank,2000,9717.85,0.12888537,BAF,unmapped,TRUE
ICICI Prudential Balanced Advantage Fund,INF109K012B0_ICICI Prudential Balanced Advantage Fund.xlsx,INE040A16IZ6,HDFC Bank Ltd.,2000,9655.14,0.128053664,BAF,unmapped,TRUE
ICICI Prudential Balanced Advantage Fund,INF109K012B0_ICICI Prudential Balanced Advantage Fund.xlsx,INE556F16BV4,Small Industries Development Bank Of India. **,1000,4875.58,0.064663576,BAF,unmapped,TRUE
ICICI Prudential Balanced Advantage Fund,INF109K012B0_ICICI Prudential Balanced Advantage Fund.xlsx,INE040A16IU7,HDFC Bank Ltd. **,1000,4833.65,0.064107469,BAF,unmapped,TRUE
ICICI Prudential Balanced Advantage Fund,INF109K012B0_ICICI Prudential Balanced Advantage Fund.xlsx,IN002026X131,91 Days Treasury Bills,20000000,19916.36,0.264145612,BAF,not_in_mapping_files,FALSE
ICICI Prudential Balanced Advantage Fund,INF109K012B0_ICICI Prudential Balanced Advantage Fund.xlsx,IN002026X156,91 Days Treasury Bills,16600000,16498.33,0.21881315,BAF,not_in_mapping_files,FALSE
ICICI Prudential Balanced Advantage Fund,INF109K012B0_ICICI Prudential Balanced Advantage Fund.xlsx,IN002025Z286,364 Days Treasury Bills,12500000,12435.46,0.16492834,BAF,not_in_mapping_files,FALSE
ICICI Prudential Balanced Advantage Fund,INF109K012B0_ICICI Prudential Balanced Advantage Fund.xlsx,IN002026X115,91 Days Treasury Bills,11500000,11474.85,0.152188014,BAF,not_in_mapping_files,FALSE
ICICI Prudential Balanced Advantage Fund,INF109K012B0_ICICI Prudential Balanced Advantage Fund.xlsx,IN002025Z252,364 Days Treasury Bills,10000000,9978.13,0.132337398,BAF,not_in_mapping_files,FALSE
ICICI Prudential Balanced Advantage Fund,INF109K012B0_ICICI Prudential Balanced Advantage Fund.xlsx,IN002026X123,91 Days Treasury Bills,4200000,4186.81,0.055528595,BAF,not_in_mapping_files,FALSE
ICICI Prudential Balanced Advantage Fund,INF109K012B0_ICICI Prudential Balanced Advantage Fund.xlsx,IN002025Z294,364 Days Treasury Bills,3700000,3677.34,0.048771624,BAF,not_in_mapping_files,FALSE
ICICI Prudential Balanced Advantage Fund,INF109K012B0_ICICI Prudential Balanced Advantage Fund.xlsx,IN002025Y487,182 Days Treasury Bills,3400000,3399.03,0.04508047,BAF,not_in_mapping_files,FALSE
ICICI Prudential Balanced Advantage Fund,INF109K012B0_ICICI Prudential Balanced Advantage Fund.xlsx,INE0BWS23018,Altius Telecom Infrastructure Trust,8000000,14000,0.185678436,BAF,unmapped,TRUE
ICICI Prudential Balanced Advantage Fund,INF109K012B0_ICICI Prudential Balanced Advantage Fund.xlsx,INE0NHL23019,Indus Infra Trust,3999900,5338.67,0.070805421,BAF,unmapped,TRUE
ICICI Prudential Balanced Advantage Fund,INF109K012B0_ICICI Prudential Balanced Advantage Fund.xlsx,INE2PB023011,Raajmarg Infra Investment Trust,750481,911.76,0.012092441,BAF,unmapped,TRUE
ICICI Prudential Corporate Bond Fund,INF109K016B1_ICICI Prudential Corporate Bond Fund.xlsx,IN0020250018,Government Securities,75938000,68936.9,2.32205893,CORPORATE BOND,not_in_mapping_files,FALSE
ICICI Prudential Corporate Bond Fund,INF109K016B1_ICICI Prudential Corporate Bond Fund.xlsx,IN0020260025,Government Securities,68598930,68540.07,2.308692175,CORPORATE BOND,not_in_mapping_files,FALSE
ICICI Prudential Corporate Bond Fund,INF109K016B1_ICICI Prudential Corporate Bond Fund.xlsx,IN0020240035,Government Securities,51474000,49472.07,1.666408875,CORPORATE BOND,not_in_mapping_files,FALSE
ICICI Prudential Corporate Bond Fund,INF109K016B1_ICICI Prudential Corporate Bond Fund.xlsx,IN0020200120,Government Securities,46599410,48600.11,1.637037921,CORPORATE BOND,not_in_mapping_files,FALSE
ICICI Prudential Corporate Bond Fund,INF109K016B1_ICICI Prudential Corporate Bond Fund.xlsx,IN2120250138,State Government of Madhya Pradesh,49151900,48435.66,1.631498615,CORPORATE BOND,not_in_mapping_files,FALSE
ICICI Prudential Corporate Bond Fund,INF109K016B1_ICICI Prudential Corporate Bond Fund.xlsx,IN2120250120,State Government of Madhya Pradesh,41636600,41035.45,1.382231187,CORPORATE BOND,not_in_mapping_files,FALSE
ICICI Prudential Corporate Bond Fund,INF109K016B1_ICICI Prudential Corporate Bond Fund.xlsx,IN2920250171,State Government of Rajasthan,29050600,28608.97,0.963659728,CORPORATE BOND,not_in_mapping_files,FALSE
ICICI Prudential Corporate Bond Fund,INF109K016B1_ICICI Prudential Corporate Bond Fund.xlsx,IN1920250256,State Government of Karnataka,22533100,22283.68,0.750599724,CORPORATE BOND,not_in_mapping_files,FALSE
ICICI Prudential Corporate Bond Fund,INF109K016B1_ICICI Prudential Corporate Bond Fund.xlsx,IN2920250213,State Government of Rajasthan,20000000,19617.1,0.660779093,CORPORATE BOND,not_in_mapping_files,FALSE
ICICI Prudential Corporate Bond Fund,INF109K016B1_ICICI Prudential Corporate Bond Fund.xlsx,IN3120250300,State Government of Tamil Nadu,20000000,19583.84,0.659658769,CORPORATE BOND,not_in_mapping_files,FALSE
ICICI Prudential Corporate Bond Fund,INF109K016B1_ICICI Prudential Corporate Bond Fund.xlsx,IN2220250293,State Government of Maharashtra,18101600,17873.81,0.602058406,CORPORATE BOND,not_in_mapping_files,FALSE
ICICI Prudential Corporate Bond Fund,INF109K016B1_ICICI Prudential Corporate Bond Fund.xlsx,IN1320250112,State Government of Bihar,17070700,16874.37,0.568393437,CORPORATE BOND,not_in_mapping_files,FALSE
ICICI Prudential Corporate Bond Fund,INF109K016B1_ICICI Prudential Corporate Bond Fund.xlsx,IN1720250084,State Government of Himachal pradesh,15000000,14778.3,0.497789768,CORPORATE BOND,not_in_mapping_files,FALSE
ICICI Prudential Corporate Bond Fund,INF109K016B1_ICICI Prudential Corporate Bond Fund.xlsx,IN0020240118,Government Securities,15470750,14610.36,0.492132906,CORPORATE BOND,not_in_mapping_files,FALSE
ICICI Prudential Corporate Bond Fund,INF109K016B1_ICICI Prudential Corporate Bond Fund.xlsx,IN2220240427,State Government of Maharashtra,14882100,14276.09,0.480873411,CORPORATE BOND,not_in_mapping_files,FALSE
ICICI Prudential Corporate Bond Fund,INF109K016B1_ICICI Prudential Corporate Bond Fund.xlsx,IN4520250684,State Government of Telangana,13216700,13272.54,0.447070002,CORPORATE BOND,not_in_mapping_files,FALSE
ICICI Prudential Corporate Bond Fund,INF109K016B1_ICICI Prudential Corporate Bond Fund.xlsx,IN2220240435,State Government of Maharashtra,13500000,12952.21,0.43628006,CORPORATE BOND,not_in_mapping_files,FALSE
ICICI Prudential Corporate Bond Fund,INF109K016B1_ICICI Prudential Corporate Bond Fund.xlsx,IN3520240083,State Government of Chhattisgarh,11051200,10730.85,0.361456144,CORPORATE BOND,not_in_mapping_files,FALSE
ICICI Prudential Corporate Bond Fund,INF109K016B1_ICICI Prudential Corporate Bond Fund.xlsx,IN4520250528,State Government of Telangana,8259600,8021.54,0.270196203,CORPORATE BOND,not_in_mapping_files,FALSE
ICICI Prudential Corporate Bond Fund,INF109K016B1_ICICI Prudential Corporate Bond Fund.xlsx,IN2920250338,State Government of Rajasthan,7765600,7721.59,0.260092737,CORPORATE BOND,not_in_mapping_files,FALSE
ICICI Prudential Corporate Bond Fund,INF109K016B1_ICICI Prudential Corporate Bond Fund.xlsx,IN1620250135,State Government of Haryana,7307500,7198.03,0.24245723,CORPORATE BOND,not_in_mapping_files,FALSE
ICICI Prudential Corporate Bond Fund,INF109K016B1_ICICI Prudential Corporate Bond Fund.xlsx,IN1920240257,State Government of Karnataka,5657700,5543.78,0.186735752,CORPORATE BOND,not_in_mapping_files,FALSE
ICICI Prudential Corporate Bond Fund,INF109K016B1_ICICI Prudential Corporate Bond Fund.xlsx,IN1020250313,State Government of Andhra Pradesh,5555600,5525.6,0.18612338,CORPORATE BOND,not_in_mapping_files,FALSE
ICICI Prudential Corporate Bond Fund,INF109K016B1_ICICI Prudential Corporate Bond Fund.xlsx,IN1620250325,State Government of Haryana,3679300,3701.33,0.124674976,CORPORATE BOND,not_in_mapping_files,FALSE
ICICI Prudential Corporate Bond Fund,INF109K016B1_ICICI Prudential Corporate Bond Fund.xlsx,IN2220250319,State Government of Maharashtra,2623300,2556.2,0.08610261,CORPORATE BOND,not_in_mapping_files,FALSE
ICICI Prudential Corporate Bond Fund,INF109K016B1_ICICI Prudential Corporate Bond Fund.xlsx,IN3420240241,State Government of West Bengal,2021800,1955.03,0.065852901,CORPORATE BOND,not_in_mapping_files,FALSE
ICICI Prudential Corporate Bond Fund,INF109K016B1_ICICI Prudential Corporate Bond Fund.xlsx,IN2720250082,State Government of Odisha,1582000,1542.87,0.051969773,CORPORATE BOND,not_in_mapping_files,FALSE
ICICI Prudential Corporate Bond Fund,INF109K016B1_ICICI Prudential Corporate Bond Fund.xlsx,IN3320250126,State Government of Uttar Pradesh,638000,623.78,0.0210113,CORPORATE BOND,not_in_mapping_files,FALSE
ICICI Prudential Corporate Bond Fund,INF109K016B1_ICICI Prudential Corporate Bond Fund.xlsx,IN0020240126,Government Securities,455400,452.8,0.015252039,CORPORATE BOND,not_in_mapping_files,FALSE
ICICI Prudential Corporate Bond Fund,INF109K016B1_ICICI Prudential Corporate Bond Fund.xlsx,IN0020250075,Government Securities,383200,368.91,0.012426302,CORPORATE BOND,not_in_mapping_files,FALSE
ICICI Prudential Corporate Bond Fund,INF109K016B1_ICICI Prudential Corporate Bond Fund.xlsx,IN3120250292,State Government of Tamil Nadu,296300,292.72,0.009859931,CORPORATE BOND,not_in_mapping_files,FALSE
ICICI Prudential Corporate Bond Fund,INF109K016B1_ICICI Prudential Corporate Bond Fund.xlsx,IN1320250146,State Government of Bihar,178200,175.43,0.005909155,CORPORATE BOND,not_in_mapping_files,FALSE
ICICI Prudential Corporate Bond Fund,INF109K016B1_ICICI Prudential Corporate Bond Fund.xlsx,IN0020210137,Government Securities,30120,30.93,,CORPORATE BOND,not_in_mapping_files,FALSE
ICICI Prudential Corporate Bond Fund,INF109K016B1_ICICI Prudential Corporate Bond Fund.xlsx,IN0020250042,Government Securities,6250,6.03,,CORPORATE BOND,not_in_mapping_files,FALSE
ICICI Prudential Corporate Bond Fund,INF109K016B1_ICICI Prudential Corporate Bond Fund.xlsx,INE115A07RF8,LIC Housing Finance Ltd. **,145500,145280.3,4.893597159,CORPORATE BOND,unmapped,TRUE
ICICI Prudential Corporate Bond Fund,INF109K016B1_ICICI Prudential Corporate Bond Fund.xlsx,INE261F08EM1,NABARD,74550,74393.37,2.505853747,CORPORATE BOND,unmapped,TRUE
ICICI Prudential Corporate Bond Fund,INF109K016B1_ICICI Prudential Corporate Bond Fund.xlsx,INE556F08LB2,Small Industries Development Bank Of India. **,74433,73397.93,2.472323514,CORPORATE BOND,unmapped,TRUE
ICICI Prudential Corporate Bond Fund,INF109K016B1_ICICI Prudential Corporate Bond Fund.xlsx,INE261F08EK5,NABARD,68500,68277.1,2.299834338,CORPORATE BOND,unmapped,TRUE
ICICI Prudential Corporate Bond Fund,INF109K016B1_ICICI Prudential Corporate Bond Fund.xlsx,INE296A07UB9,Bajaj Finance Ltd. **,50000,49448.7,1.665621683,CORPORATE BOND,unmapped,TRUE
ICICI Prudential Corporate Bond Fund,INF109K016B1_ICICI Prudential Corporate Bond Fund.xlsx,INE238A08518,Axis Bank Ltd. **,49314,47861.8,1.612168811,CORPORATE BOND,unmapped,TRUE
ICICI Prudential Corporate Bond Fund,INF109K016B1_ICICI Prudential Corporate Bond Fund.xlsx,INE936D07190,Jamnagar Utilities & Power Pvt. Ltd. **,47000,45814.66,1.543213292,CORPORATE BOND,unmapped,TRUE
ICICI Prudential Corporate Bond Fund,INF109K016B1_ICICI Prudential Corporate Bond Fund.xlsx,INE020B08EK4,Rural Electrification Corporation Ltd. **,42500,42420.57,1.428887336,CORPORATE BOND,unmapped,TRUE
ICICI Prudential Corporate Bond Fund,INF109K016B1_ICICI Prudential Corporate Bond Fund.xlsx,INE556F08KS8,Small Industries Development Bank Of India. **,41000,40657.32,1.36949432,CORPORATE BOND,unmapped,TRUE
ICICI Prudential Corporate Bond Fund,INF109K016B1_ICICI Prudential Corporate Bond Fund.xlsx,INE134E08NP7,Power Finance Corporation Ltd.,35000,34906.24,1.17577591,CORPORATE BOND,unmapped,TRUE
ICICI Prudential Corporate Bond Fund,INF109K016B1_ICICI Prudential Corporate Bond Fund.xlsx,INE774D07VK8,Mahindra & Mahindra Financial Services Ltd. **,30000,30042.21,1.011936742,CORPORATE BOND,unmapped,TRUE
ICICI Prudential Corporate Bond Fund,INF109K016B1_ICICI Prudential Corporate Bond Fund.xlsx,INE306N07NI9,Tata Capital Financial Services Ltd. **,2985,29827.61,1.004708192,CORPORATE BOND,unmapped,TRUE
ICICI Prudential Corporate Bond Fund,INF109K016B1_ICICI Prudential Corporate Bond Fund.xlsx,INE020B08FZ9,Rural Electrification Corporation Ltd. **,30000,29800.8,1.003805129,CORPORATE BOND,unmapped,TRUE
ICICI Prudential Corporate Bond Fund,INF109K016B1_ICICI Prudential Corporate Bond Fund.xlsx,INE031A08996,Housing and Urban Development Corporation Ltd. **,30000,29607.6,0.997297412,CORPORATE BOND,unmapped,TRUE
ICICI Prudential Corporate Bond Fund,INF109K016B1_ICICI Prudential Corporate Bond Fund.xlsx,INE377Y07664,Bajaj Housing Finance Ltd.,30000,29595.51,0.996890175,CORPORATE BOND,unmapped,TRUE
ICICI Prudential Corporate Bond Fund,INF109K016B1_ICICI Prudential Corporate Bond Fund.xlsx,INE746L07014,GS India Finance Pvt Ltd **,30000,29489.67,0.993325078,CORPORATE BOND,unmapped,TRUE
ICICI Prudential Corporate Bond Fund,INF109K016B1_ICICI Prudential Corporate Bond Fund.xlsx,INE020B08FA2,Rural Electrification Corporation Ltd. **,29000,29016.39,0.977383194,CORPORATE BOND,unmapped,TRUE
ICICI Prudential Corporate Bond Fund,INF109K016B1_ICICI Prudential Corporate Bond Fund.xlsx,INE261F08DV4,NABARD,29000,28973.96,0.975953989,CORPORATE BOND,unmapped,TRUE
ICICI Prudential Corporate Bond Fund,INF109K016B1_ICICI Prudential Corporate Bond Fund.xlsx,INE507T07146,Summit Digitel Infrastructure Private Ltd. **,28300,28400.18,0.95662688,CORPORATE BOND,unmapped,TRUE
ICICI Prudential Corporate Bond Fund,INF109K016B1_ICICI Prudential Corporate Bond Fund.xlsx,INE01XX07034,Pipeline Infrastructure Pvt Ltd. **,28000,28194.4,0.949695422,CORPORATE BOND,unmapped,TRUE
ICICI Prudential Corporate Bond Fund,INF109K016B1_ICICI Prudential Corporate Bond Fund.xlsx,INE556F08KU4,Small Industries Development Bank Of India. **,26500,26422.65,0.890016093,CORPORATE BOND,unmapped,TRUE
ICICI Prudential Corporate Bond Fund,INF109K016B1_ICICI Prudential Corporate Bond Fund.xlsx,INE041007183,EMBASSY OFFICE PARKS REIT **,25000,24944.85,0.840238127,CORPORATE BOND,unmapped,TRUE
ICICI Prudential Corporate Bond Fund,INF109K016B1_ICICI Prudential Corporate Bond Fund.xlsx,INE774D07VP7,Mahindra & Mahindra Financial Services Ltd. **,25000,24919.6,0.83938761,CORPORATE BOND,unmapped,TRUE
ICICI Prudential Corporate Bond Fund,INF109K016B1_ICICI Prudential Corporate Bond Fund.xlsx,INE950O07560,Mahindra Rural Housing Finance Ltd. **,22500,22398.98,0.75448347,CORPORATE BOND,unmapped,TRUE
ICICI Prudential Corporate Bond Fund,INF109K016B1_ICICI Prudential Corporate Bond Fund.xlsx,INE020B08FF1,Rural Electrification Corporation Ltd. **,21500,21520.66,0.724898287,CORPORATE BOND,unmapped,TRUE
ICICI Prudential Corporate Bond Fund,INF109K016B1_ICICI Prudential Corporate Bond Fund.xlsx,INE377Y07656,Bajaj Housing Finance Ltd.,20000,20117.08,0.677620335,CORPORATE BOND,unmapped,TRUE
ICICI Prudential Corporate Bond Fund,INF109K016B1_ICICI Prudential Corporate Bond Fund.xlsx,INE936D07182,Jamnagar Utilities & Power Pvt. Ltd. **,20000,20045.44,0.675207225,CORPORATE BOND,unmapped,TRUE
ICICI Prudential Corporate Bond Fund,INF109K016B1_ICICI Prudential Corporate Bond Fund.xlsx,INE0NDH07050,Nexus Select Trust **,20000,19909.2,0.67061814,CORPORATE BOND,unmapped,TRUE
ICICI Prudential Corporate Bond Fund,INF109K016B1_ICICI Prudential Corporate Bond Fund.xlsx,INE071G07868,ICICI Home Finance Company Ltd. **,20000,19873.32,0.669409564,CORPORATE BOND,unmapped,TRUE
ICICI Prudential Corporate Bond Fund,INF109K016B1_ICICI Prudential Corporate Bond Fund.xlsx,INE115A07MW4,LIC Housing Finance Ltd. **,1900,19047.73,0.64160053,CORPORATE BOND,unmapped,TRUE
ICICI Prudential Corporate Bond Fund,INF109K016B1_ICICI Prudential Corporate Bond Fund.xlsx,INE556F08KT6,Small Industries Development Bank Of India. **,19000,18933.5,0.637752826,CORPORATE BOND,unmapped,TRUE
ICICI Prudential Corporate Bond Fund,INF109K016B1_ICICI Prudential Corporate Bond Fund.xlsx,INE115A07QW5,LIC Housing Finance Ltd. **,18500,18496.65,0.623038044,CORPORATE BOND,unmapped,TRUE
ICICI Prudential Corporate Bond Fund,INF109K016B1_ICICI Prudential Corporate Bond Fund.xlsx,INE774D07VO0,Mahindra & Mahindra Financial Services Ltd. **,17500,17472.96,0.588556242,CORPORATE BOND,unmapped,TRUE
ICICI Prudential Corporate Bond Fund,INF109K016B1_ICICI Prudential Corporate Bond Fund.xlsx,INE0CCU07215,MINDSPACE BUSINESS PARKS REIT **,17500,17446.31,0.587658568,CORPORATE BOND,unmapped,TRUE
ICICI Prudential Corporate Bond Fund,INF109K016B1_ICICI Prudential Corporate Bond Fund.xlsx,INE261F08EU4,NABARD **,17500,17379.11,0.585395015,CORPORATE BOND,unmapped,TRUE
ICICI Prudential Corporate Bond Fund,INF109K016B1_ICICI Prudential Corporate Bond Fund.xlsx,INE153A08170,Mahanagar Telephone Nigam Ltd. **,17500,17216.4,0.579914318,CORPORATE BOND,unmapped,TRUE
ICICI Prudential Corporate Bond Fund,INF109K016B1_ICICI Prudential Corporate Bond Fund.xlsx,INE115A07QV7,LIC Housing Finance Ltd. **,17000,16715.44,0.563040066,CORPORATE BOND,unmapped,TRUE
ICICI Prudential Corporate Bond Fund,INF109K016B1_ICICI Prudential Corporate Bond Fund.xlsx,INE915D08DC0,Citicorp Finance (India) Ltd. **,16500,16484.21,0.555251354,CORPORATE BOND,unmapped,TRUE
ICICI Prudential Corporate Bond Fund,INF109K016B1_ICICI Prudential Corporate Bond Fund.xlsx,INE020B08DT7,Rural Electrification Corporation Ltd. **,1650,16479.87,0.555105166,CORPORATE BOND,unmapped,TRUE
ICICI Prudential Corporate Bond Fund,INF109K016B1_ICICI Prudential Corporate Bond Fund.xlsx,INE153A08089,Mahanagar Telephone Nigam Ltd. ** #,1667,16061.8,0.541022966,CORPORATE BOND,unmapped,TRUE
ICICI Prudential Corporate Bond Fund,INF109K016B1_ICICI Prudential Corporate Bond Fund.xlsx,INE507T07153,Summit Digitel Infrastructure Private Ltd. **,15500,15372.06,0.51778988,CORPORATE BOND,unmapped,TRUE
ICICI Prudential Corporate Bond Fund,INF109K016B1_ICICI Prudential Corporate Bond Fund.xlsx,INE483Z08012,Kohima-Mariani Transmission Ltd. **,16200,15278.25,0.51463,CORPORATE BOND,unmapped,TRUE
ICICI Prudential Corporate Bond Fund,INF109K016B1_ICICI Prudential Corporate Bond Fund.xlsx,INE016A08021,Dabur India Ltd. **,15000,15010.2,0.505601049,CORPORATE BOND,unmapped,TRUE
ICICI Prudential Corporate Bond Fund,INF109K016B1_ICICI Prudential Corporate Bond Fund.xlsx,INE134E08OC3,Power Finance Corporation Ltd. **,14500,14373.72,0.484161964,CORPORATE BOND,unmapped,TRUE
ICICI Prudential Corporate Bond Fund,INF109K016B1_ICICI Prudential Corporate Bond Fund.xlsx,INE976I07DC3,Tata Capital Ltd.,14000,14045.47,0.473105246,CORPORATE BOND,unmapped,TRUE
ICICI Prudential Corporate Bond Fund,INF109K016B1_ICICI Prudential Corporate Bond Fund.xlsx,INE556F08KP4,Small Industries Development Bank Of India.,13500,13510.79,0.455095175,CORPORATE BOND,unmapped,TRUE
ICICI Prudential Corporate Bond Fund,INF109K016B1_ICICI Prudential Corporate Bond Fund.xlsx,INE115A07NP6,LIC Housing Finance Ltd. **,1300,13258.35,0.446592029,CORPORATE BOND,unmapped,TRUE
ICICI Prudential Corporate Bond Fund,INF109K016B1_ICICI Prudential Corporate Bond Fund.xlsx,INE033L07IE2,Tata Capital Housing Finance Ltd. **,12500,12529.48,0.422040894,CORPORATE BOND,unmapped,TRUE
ICICI Prudential Corporate Bond Fund,INF109K016B1_ICICI Prudential Corporate Bond Fund.xlsx,INE296A07TG0,Bajaj Finance Ltd. **,12500,12494.78,0.420872065,CORPORATE BOND,unmapped,TRUE
ICICI Prudential Corporate Bond Fund,INF109K016B1_ICICI Prudential Corporate Bond Fund.xlsx,INE134E08NL6,Power Finance Corporation Ltd. **,12500,12467.73,0.419960918,CORPORATE BOND,unmapped,TRUE
ICICI Prudential Corporate Bond Fund,INF109K016B1_ICICI Prudential Corporate Bond Fund.xlsx,INE213W07319,SMFG India Home Finance Company Ltd **,12500,12376.7,0.416894679,CORPORATE BOND,unmapped,TRUE
ICICI Prudential Corporate Bond Fund,INF109K016B1_ICICI Prudential Corporate Bond Fund.xlsx,INE01XX07059,Pipeline Infrastructure Pvt Ltd. **,12000,12034.02,0.405351903,CORPORATE BOND,unmapped,TRUE
ICICI Prudential Corporate Bond Fund,INF109K016B1_ICICI Prudential Corporate Bond Fund.xlsx,INE556F08KM1,Small Industries Development Bank Of India. **,11000,11024.24,0.371338644,CORPORATE BOND,unmapped,TRUE
ICICI Prudential Corporate Bond Fund,INF109K016B1_ICICI Prudential Corporate Bond Fund.xlsx,INE261F08EF5,NABARD,10500,10523.33,0.354466076,CORPORATE BOND,unmapped,TRUE
ICICI Prudential Corporate Bond Fund,INF109K016B1_ICICI Prudential Corporate Bond Fund.xlsx,INE556F08KL3,Small Industries Development Bank Of India. **,10000,10022.32,0.337590139,CORPORATE BOND,unmapped,TRUE
ICICI Prudential Corporate Bond Fund,INF109K016B1_ICICI Prudential Corporate Bond Fund.xlsx,INE261F08EG3,NABARD **,10000,9987.82,0.336428047,CORPORATE BOND,unmapped,TRUE
ICICI Prudential Corporate Bond Fund,INF109K016B1_ICICI Prudential Corporate Bond Fund.xlsx,INE033L07IK9,Tata Capital Housing Finance Ltd. **,10000,9982.83,0.336259965,CORPORATE BOND,unmapped,TRUE
ICICI Prudential Corporate Bond Fund,INF109K016B1_ICICI Prudential Corporate Bond Fund.xlsx,INE127K08025,Nomura Fixed Income Securities Pvt. Ltd. **,10000,9970.15,0.335832854,CORPORATE BOND,unmapped,TRUE
ICICI Prudential Corporate Bond Fund,INF109K016B1_ICICI Prudential Corporate Bond Fund.xlsx,INE071G07876,ICICI Home Finance Company Ltd. **,10000,9964.47,0.335641529,CORPORATE BOND,unmapped,TRUE
ICICI Prudential Corporate Bond Fund,INF109K016B1_ICICI Prudential Corporate Bond Fund.xlsx,INE040A08435,HDFC Bank Ltd.( Tier II Bond under Basel III ) **,100,9958.31,0.335434037,CORPORATE BOND,unmapped,TRUE
ICICI Prudential Corporate Bond Fund,INF109K016B1_ICICI Prudential Corporate Bond Fund.xlsx,INE556F08KW0,Small Industries Development Bank Of India. **,10000,9940.72,0.334841538,CORPORATE BOND,unmapped,TRUE
ICICI Prudential Corporate Bond Fund,INF109K016B1_ICICI Prudential Corporate Bond Fund.xlsx,INE071G07777,ICICI Home Finance Company Ltd. **,10000,9911.12,0.333844497,CORPORATE BOND,unmapped,TRUE
ICICI Prudential Corporate Bond Fund,INF109K016B1_ICICI Prudential Corporate Bond Fund.xlsx,INE071G07843,ICICI Home Finance Company Ltd. **,10000,9890.31,0.333143536,CORPORATE BOND,unmapped,TRUE
ICICI Prudential Corporate Bond Fund,INF109K016B1_ICICI Prudential Corporate Bond Fund.xlsx,INE020B08FW6,Rural Electrification Corporation Ltd.,10000,9869.62,0.332446618,CORPORATE BOND,unmapped,TRUE
ICICI Prudential Corporate Bond Fund,INF109K016B1_ICICI Prudential Corporate Bond Fund.xlsx,INE261F08ET6,NABARD **,10000,9861.56,0.332175126,CORPORATE BOND,unmapped,TRUE
ICICI Prudential Corporate Bond Fund,INF109K016B1_ICICI Prudential Corporate Bond Fund.xlsx,INE134E08NS1,Power Finance Corporation Ltd. **,10000,9831.16,0.331151138,CORPORATE BOND,unmapped,TRUE
ICICI Prudential Corporate Bond Fund,INF109K016B1_ICICI Prudential Corporate Bond Fund.xlsx,INE07Z507037,Oriental InfraTrust **,9800,9288.97,0.312888101,CORPORATE BOND,unmapped,TRUE
ICICI Prudential Corporate Bond Fund,INF109K016B1_ICICI Prudential Corporate Bond Fund.xlsx,INE261F08ED0,NABARD **,9000,9019.93,0.303825803,CORPORATE BOND,unmapped,TRUE
ICICI Prudential Corporate Bond Fund,INF109K016B1_ICICI Prudential Corporate Bond Fund.xlsx,INE403D08272,Bharti Telecom Ltd. **,9000,8922.05,0.30052883,CORPORATE BOND,unmapped,TRUE
ICICI Prudential Corporate Bond Fund,INF109K016B1_ICICI Prudential Corporate Bond Fund.xlsx,INE1JAR07010,Knowledge Realty Trust Ltd **,9000,8914.02,0.300258349,CORPORATE BOND,unmapped,TRUE
ICICI Prudential Corporate Bond Fund,INF109K016B1_ICICI Prudential Corporate Bond Fund.xlsx,INE556F08KN9,Small Industries Development Bank Of India. **,8000,8015.07,0.269978268,CORPORATE BOND,unmapped,TRUE
ICICI Prudential Corporate Bond Fund,INF109K016B1_ICICI Prudential Corporate Bond Fund.xlsx,INE033L07IR4,Tata Capital Housing Finance Ltd. **,8000,7942.35,0.26752878,CORPORATE BOND,unmapped,TRUE
ICICI Prudential Corporate Bond Fund,INF109K016B1_ICICI Prudential Corporate Bond Fund.xlsx,INE040A08427,HDFC Bank Ltd.( Tier II Bond under Basel III ) **,78,7776.19,0.261931874,CORPORATE BOND,unmapped,TRUE
ICICI Prudential Corporate Bond Fund,INF109K016B1_ICICI Prudential Corporate Bond Fund.xlsx,INE115A07NU6,LIC Housing Finance Ltd. **,750,7650.35,0.257693101,CORPORATE BOND,unmapped,TRUE
ICICI Prudential Corporate Bond Fund,INF109K016B1_ICICI Prudential Corporate Bond Fund.xlsx,INE115A07QH6,LIC Housing Finance Ltd. **,750,7544.69,0.254134067,CORPORATE BOND,unmapped,TRUE
ICICI Prudential Corporate Bond Fund,INF109K016B1_ICICI Prudential Corporate Bond Fund.xlsx,INE020B08EW9,Rural Electrification Corporation Ltd. **,7500,7514.89,0.253130289,CORPORATE BOND,unmapped,TRUE
ICICI Prudential Corporate Bond Fund,INF109K016B1_ICICI Prudential Corporate Bond Fund.xlsx,INE213W07293,SMFG India Home Finance Company Ltd. **,7500,7502.99,0.252729452,CORPORATE BOND,unmapped,TRUE
ICICI Prudential Corporate Bond Fund,INF109K016B1_ICICI Prudential Corporate Bond Fund.xlsx,INE041007175,EMBASSY OFFICE PARKS REIT **,7500,7434.86,0.250434572,CORPORATE BOND,unmapped,TRUE
ICICI Prudential Corporate Bond Fund,INF109K016B1_ICICI Prudential Corporate Bond Fund.xlsx,INE134E08OA7,Power Finance Corporation Ltd. **,7500,7432.2,0.250344973,CORPORATE BOND,unmapped,TRUE
ICICI Prudential Corporate Bond Fund,INF109K016B1_ICICI Prudential Corporate Bond Fund.xlsx,INE0CCU07199,MINDSPACE BUSINESS PARKS REIT **,7500,7408.52,0.24954734,CORPORATE BOND,unmapped,TRUE
ICICI Prudential Corporate Bond Fund,INF109K016B1_ICICI Prudential Corporate Bond Fund.xlsx,INE062A08447,State Bank of India ( Tier II Bond under Basel III ) **,75,7396.78,0.249151892,CORPORATE BOND,unmapped,TRUE
ICICI Prudential Corporate Bond Fund,INF109K016B1_ICICI Prudential Corporate Bond Fund.xlsx,INE0NDH07068,Nexus Select Trust **,7500,7325.84,0.246762361,CORPORATE BOND,unmapped,TRUE
ICICI Prudential Corporate Bond Fund,INF109K016B1_ICICI Prudential Corporate Bond Fund.xlsx,INE261F08EI9,NABARD **,7000,7008.36,0.236068418,CORPORATE BOND,unmapped,TRUE
ICICI Prudential Corporate Bond Fund,INF109K016B1_ICICI Prudential Corporate Bond Fund.xlsx,INE261F08EJ7,NABARD **,6500,6483.7,0.218395859,CORPORATE BOND,unmapped,TRUE
ICICI Prudential Corporate Bond Fund,INF109K016B1_ICICI Prudential Corporate Bond Fund.xlsx,INE261F08ES8,NABARD **,6000,5905.88,0.198932667,CORPORATE BOND,unmapped,TRUE
ICICI Prudential Corporate Bond Fund,INF109K016B1_ICICI Prudential Corporate Bond Fund.xlsx,INE115A07QN4,LIC Housing Finance Ltd. **,5500,5432.93,0.183001899,CORPORATE BOND,unmapped,TRUE
ICICI Prudential Corporate Bond Fund,INF109K016B1_ICICI Prudential Corporate Bond Fund.xlsx,INE020B08AH8,Rural Electrification Corporation Ltd. **,500,5015.48,0.168940584,CORPORATE BOND,unmapped,TRUE
ICICI Prudential Corporate Bond Fund,INF109K016B1_ICICI Prudential Corporate Bond Fund.xlsx,INE831R07425,Aditya Birla Housing Finance Ltd. **,5000,5013.48,0.168873216,CORPORATE BOND,unmapped,TRUE
ICICI Prudential Corporate Bond Fund,INF109K016B1_ICICI Prudential Corporate Bond Fund.xlsx,INE033L07ID4,Tata Capital Housing Finance Ltd. **,5000,5013.33,0.168868163,CORPORATE BOND,unmapped,TRUE
ICICI Prudential Corporate Bond Fund,INF109K016B1_ICICI Prudential Corporate Bond Fund.xlsx,INE020B08FH7,Rural Electrification Corporation Ltd. **,5000,5004.39,0.16856703,CORPORATE BOND,unmapped,TRUE
ICICI Prudential Corporate Bond Fund,INF109K016B1_ICICI Prudential Corporate Bond Fund.xlsx,INE774D07UM6,Mahindra & Mahindra Financial Services Ltd. **,500,5002.39,0.168499662,CORPORATE BOND,unmapped,TRUE
ICICI Prudential Corporate Bond Fund,INF109K016B1_ICICI Prudential Corporate Bond Fund.xlsx,INE667F07JA5,Sundaram Home Finance Ltd. **,5000,4985.81,0.167941184,CORPORATE BOND,unmapped,TRUE
ICICI Prudential Corporate Bond Fund,INF109K016B1_ICICI Prudential Corporate Bond Fund.xlsx,INE041007167,EMBASSY OFFICE PARKS REIT **,5000,4960.21,0.167078878,CORPORATE BOND,unmapped,TRUE
ICICI Prudential Corporate Bond Fund,INF109K016B1_ICICI Prudential Corporate Bond Fund.xlsx,INE040A08AF2,HDFC Bank Ltd. **,5000,4957.99,0.1670041,CORPORATE BOND,unmapped,TRUE
ICICI Prudential Corporate Bond Fund,INF109K016B1_ICICI Prudential Corporate Bond Fund.xlsx,INE296A07TT3,Bajaj Finance Ltd. **,5000,4952.76,0.166827934,CORPORATE BOND,unmapped,TRUE
ICICI Prudential Corporate Bond Fund,INF109K016B1_ICICI Prudential Corporate Bond Fund.xlsx,INE115A07QI4,LIC Housing Finance Ltd. **,500,4951.45,0.166783808,CORPORATE BOND,unmapped,TRUE
ICICI Prudential Corporate Bond Fund,INF109K016B1_ICICI Prudential Corporate Bond Fund.xlsx,INE261F08ER0,NABARD **,5000,4951.36,0.166780776,CORPORATE BOND,unmapped,TRUE
ICICI Prudential Corporate Bond Fund,INF109K016B1_ICICI Prudential Corporate Bond Fund.xlsx,INE115A07QL8,LIC Housing Finance Ltd. **,500,4934.09,0.166199057,CORPORATE BOND,unmapped,TRUE
ICICI Prudential Corporate Bond Fund,INF109K016B1_ICICI Prudential Corporate Bond Fund.xlsx,INE261F08EV2,NABARD **,5000,4924.25,0.165867608,CORPORATE BOND,unmapped,TRUE
ICICI Prudential Corporate Bond Fund,INF109K016B1_ICICI Prudential Corporate Bond Fund.xlsx,INE103D08054,Bharat Sanchar Nigam Ltd. **,5000,4917.17,0.165629126,CORPORATE BOND,unmapped,TRUE
ICICI Prudential Corporate Bond Fund,INF109K016B1_ICICI Prudential Corporate Bond Fund.xlsx,INE261F08EP4,NABARD **,5000,4903.14,0.165156542,CORPORATE BOND,unmapped,TRUE
ICICI Prudential Corporate Bond Fund,INF109K016B1_ICICI Prudential Corporate Bond Fund.xlsx,INE128M08094,L&T Metro Rail (Hyderabad) Ltd. **,5000,4889.08,0.164682947,CORPORATE BOND,unmapped,TRUE
ICICI Prudential Corporate Bond Fund,INF109K016B1_ICICI Prudential Corporate Bond Fund.xlsx,INE01XX07042,Pipeline Infrastructure Pvt Ltd. **,4500,4522.31,0.152328728,CORPORATE BOND,unmapped,TRUE
ICICI Prudential Corporate Bond Fund,INF109K016B1_ICICI Prudential Corporate Bond Fund.xlsx,INE213W07392,SMFG India Home Finance Company Ltd. **,4500,4482.29,0.150980702,CORPORATE BOND,unmapped,TRUE
ICICI Prudential Corporate Bond Fund,INF109K016B1_ICICI Prudential Corporate Bond Fund.xlsx,INE774D07VM4,Mahindra & Mahindra Financial Services Ltd. **,3500,3509.51,0.118213744,CORPORATE BOND,unmapped,TRUE
ICICI Prudential Corporate Bond Fund,INF109K016B1_ICICI Prudential Corporate Bond Fund.xlsx,INE357L07481,Nomura Capital (India) Pvt. Ltd. **,3000,3018.95,0.101689803,CORPORATE BOND,unmapped,TRUE
ICICI Prudential Corporate Bond Fund,INF109K016B1_ICICI Prudential Corporate Bond Fund.xlsx,INE041007142,EMBASSY OFFICE PARKS REIT **,3000,3008.28,0.101330397,CORPORATE BOND,unmapped,TRUE
ICICI Prudential Corporate Bond Fund,INF109K016B1_ICICI Prudential Corporate Bond Fund.xlsx,INE041007084,EMBASSY OFFICE PARKS REIT **,300,3000.56,0.101070358,CORPORATE BOND,unmapped,TRUE
ICICI Prudential Corporate Bond Fund,INF109K016B1_ICICI Prudential Corporate Bond Fund.xlsx,INE134E08LX5,Power Finance Corporation Ltd. **,300,3000.27,0.101060589,CORPORATE BOND,unmapped,TRUE
ICICI Prudential Corporate Bond Fund,INF109K016B1_ICICI Prudential Corporate Bond Fund.xlsx,INE261F08EO7,NABARD,2800,2792.05,0.094046942,CORPORATE BOND,unmapped,TRUE
ICICI Prudential Corporate Bond Fund,INF109K016B1_ICICI Prudential Corporate Bond Fund.xlsx,INE127K08017,Nomura Fixed Income Securities Pvt. Ltd. **,2500,2504.45,0.084359472,CORPORATE BOND,unmapped,TRUE
ICICI Prudential Corporate Bond Fund,INF109K016B1_ICICI Prudential Corporate Bond Fund.xlsx,INE377Y07433,Bajaj Housing Finance Ltd. **,250,2500,0.084209579,CORPORATE BOND,unmapped,TRUE
ICICI Prudential Corporate Bond Fund,INF109K016B1_ICICI Prudential Corporate Bond Fund.xlsx,INE134E08JC3,Power Finance Corporation Ltd. **,250,2498.77,0.084168148,CORPORATE BOND,unmapped,TRUE
ICICI Prudential Corporate Bond Fund,INF109K016B1_ICICI Prudential Corporate Bond Fund.xlsx,INE115A07MC6,LIC Housing Finance Ltd. **,250,2498.47,0.084158043,CORPORATE BOND,unmapped,TRUE
ICICI Prudential Corporate Bond Fund,INF109K016B1_ICICI Prudential Corporate Bond Fund.xlsx,INE020B08FR6,Rural Electrification Corporation Ltd. **,2500,2497.32,0.084119306,CORPORATE BOND,unmapped,TRUE
ICICI Prudential Corporate Bond Fund,INF109K016B1_ICICI Prudential Corporate Bond Fund.xlsx,INE020B08GB8,Rural Electrification Corporation Ltd. **,2500,2480.7,0.083559481,CORPORATE BOND,unmapped,TRUE
ICICI Prudential Corporate Bond Fund,INF109K016B1_ICICI Prudential Corporate Bond Fund.xlsx,INE033L07IN3,Tata Capital Housing Finance Ltd. **,2500,2478.87,0.08349784,CORPORATE BOND,unmapped,TRUE
ICICI Prudential Corporate Bond Fund,INF109K016B1_ICICI Prudential Corporate Bond Fund.xlsx,INE282H07018,Jio Credit Ltd,2500,2471.13,0.083237127,CORPORATE BOND,unmapped,TRUE
ICICI Prudential Corporate Bond Fund,INF109K016B1_ICICI Prudential Corporate Bond Fund.xlsx,INE261F08CM5,NABARD **,250,2456.98,0.082760501,CORPORATE BOND,unmapped,TRUE
ICICI Prudential Corporate Bond Fund,INF109K016B1_ICICI Prudential Corporate Bond Fund.xlsx,INE261F08EQ2,NABARD **,2500,2454.55,0.082678649,CORPORATE BOND,unmapped,TRUE
ICICI Prudential Corporate Bond Fund,INF109K016B1_ICICI Prudential Corporate Bond Fund.xlsx,INE1JAR07028,Knowledge Realty Trust Ltd **,2209,2196.65,0.073991589,CORPORATE BOND,unmapped,TRUE
ICICI Prudential Corporate Bond Fund,INF109K016B1_ICICI Prudential Corporate Bond Fund.xlsx,INE556F08KK5,Small Industries Development Bank Of India. **,1500,1502.88,0.050622757,CORPORATE BOND,unmapped,TRUE
ICICI Prudential Corporate Bond Fund,INF109K016B1_ICICI Prudential Corporate Bond Fund.xlsx,INE556F08KQ2,Small Industries Development Bank Of India. **,1500,1500.83,0.050553705,CORPORATE BOND,unmapped,TRUE
ICICI Prudential Corporate Bond Fund,INF109K016B1_ICICI Prudential Corporate Bond Fund.xlsx,INE018A08BE9,Larsen & Toubro Ltd. **,1000,1003.72,0.033809135,CORPORATE BOND,unmapped,TRUE
ICICI Prudential Corporate Bond Fund,INF109K016B1_ICICI Prudential Corporate Bond Fund.xlsx,INE040A08823,HDFC Bank Ltd. **,100,1002.67,0.033773767,CORPORATE BOND,unmapped,TRUE
ICICI Prudential Corporate Bond Fund,INF109K016B1_ICICI Prudential Corporate Bond Fund.xlsx,INE047A08208,Grasim Industries Ltd. **,100,1002.43,0.033765683,CORPORATE BOND,unmapped,TRUE
ICICI Prudential Corporate Bond Fund,INF109K016B1_ICICI Prudential Corporate Bond Fund.xlsx,INE071G07728,ICICI Home Finance Company Ltd. **,1000,1001.85,0.033746147,CORPORATE BOND,unmapped,TRUE
ICICI Prudential Corporate Bond Fund,INF109K016B1_ICICI Prudential Corporate Bond Fund.xlsx,INE377Y07490,Bajaj Housing Finance Ltd. **,1000,1000.15,0.033688884,CORPORATE BOND,unmapped,TRUE
ICICI Prudential Corporate Bond Fund,INF109K016B1_ICICI Prudential Corporate Bond Fund.xlsx,INE975F07IM9,Kotak Mahindra Investments Ltd. **,600,600.45,0.020225457,CORPORATE BOND,unmapped,TRUE
ICICI Prudential Corporate Bond Fund,INF109K016B1_ICICI Prudential Corporate Bond Fund.xlsx,INE115A07QR5,LIC Housing Finance Ltd. **,500,493.53,0.016623981,CORPORATE BOND,unmapped,TRUE
ICICI Prudential Corporate Bond Fund,INF109K016B1_ICICI Prudential Corporate Bond Fund.xlsx,INE115A07RB7,LIC Housing Finance Ltd. **,500,489.82,0.016499014,CORPORATE BOND,unmapped,TRUE
ICICI Prudential Corporate Bond Fund,INF109K016B1_ICICI Prudential Corporate Bond Fund.xlsx,INE860H07IQ0,Aditya Birla Capital Ltd. **,31798,318.08,0.010714153,CORPORATE BOND,unmapped,TRUE
ICICI Prudential Corporate Bond Fund,INF109K016B1_ICICI Prudential Corporate Bond Fund.xlsx,INE514E08FG5,Export-Import Bank Of India **,26,260,0.008757796,CORPORATE BOND,unmapped,TRUE
ICICI Prudential Corporate Bond Fund,INF109K016B1_ICICI Prudential Corporate Bond Fund.xlsx,INE115A07RH4,LIC Housing Finance Ltd. **,250,248.06,0.008355611,CORPORATE BOND,unmapped,TRUE
ICICI Prudential Corporate Bond Fund,INF109K016B1_ICICI Prudential Corporate Bond Fund.xlsx,INE053F08338,Indian Railway Finance Corporation Ltd. **,170,170.38,0.005739051,CORPORATE BOND,unmapped,TRUE
ICICI Prudential Corporate Bond Fund,INF109K016B1_ICICI Prudential Corporate Bond Fund.xlsx,INE115A07PN6,LIC Housing Finance Ltd.,17,169.77,0.005718504,CORPORATE BOND,unmapped,TRUE
ICICI Prudential Corporate Bond Fund,INF109K016B1_ICICI Prudential Corporate Bond Fund.xlsx,INE261F08DH3,NABARD **,8,77.46,,CORPORATE BOND,unmapped,TRUE
ICICI Prudential Corporate Bond Fund,INF109K016B1_ICICI Prudential Corporate Bond Fund.xlsx,INE094A08150,Hindustan Petroleum Corporation Ltd. **,50,50.3,,CORPORATE BOND,unmapped,TRUE
ICICI Prudential Corporate Bond Fund,INF109K016B1_ICICI Prudential Corporate Bond Fund.xlsx,INE556F08KJ7,Small Industries Development Bank Of India. **,50,50.02,,CORPORATE BOND,unmapped,TRUE
ICICI Prudential Corporate Bond Fund,INF109K016B1_ICICI Prudential Corporate Bond Fund.xlsx,INE660A07RU2,Sundaram Finance Ltd. **,20,20.01,,CORPORATE BOND,unmapped,TRUE
ICICI Prudential Corporate Bond Fund,INF109K016B1_ICICI Prudential Corporate Bond Fund.xlsx,INE2I7F15012,Siddhivinayak Securitisation Trust **,1000,99079.26,3.337369109,CORPORATE BOND,unmapped,TRUE
ICICI Prudential Corporate Bond Fund,INF109K016B1_ICICI Prudential Corporate Bond Fund.xlsx,INE2I7G15010,Shivshakti Securitisation Trust **,900,88687.01,2.98731831,CORPORATE BOND,unmapped,TRUE
ICICI Prudential Corporate Bond Fund,INF109K016B1_ICICI Prudential Corporate Bond Fund.xlsx,INE16J715035,India Universal Trust AL1 **,535,45685.76,1.538871446,CORPORATE BOND,unmapped,TRUE
ICICI Prudential Corporate Bond Fund,INF109K016B1_ICICI Prudential Corporate Bond Fund.xlsx,INE16J715027,India Universal Trust AL1 **,256,12282.88,0.413734461,CORPORATE BOND,unmapped,TRUE
ICICI Prudential Corporate Bond Fund,INF109K016B1_ICICI Prudential Corporate Bond Fund.xlsx,INE476A16I00,Canara Bank **,6000,29045.31,0.978357331,CORPORATE BOND,unmapped,TRUE
ICICI Prudential Corporate Bond Fund,INF109K016B1_ICICI Prudential Corporate Bond Fund.xlsx,INE556F16CC2,Small Industries Development Bank Of India. **,4000,19348.94,0.651746437,CORPORATE BOND,unmapped,TRUE
ICICI Prudential Corporate Bond Fund,INF109K016B1_ICICI Prudential Corporate Bond Fund.xlsx,INE040A16IU7,HDFC Bank Ltd. **,4000,19334.6,0.65126341,CORPORATE BOND,unmapped,TRUE
ICICI Prudential Corporate Bond Fund,INF109K016B1_ICICI Prudential Corporate Bond Fund.xlsx,INE040A16IZ6,HDFC Bank Ltd.,4000,19310.28,0.65044422,CORPORATE BOND,unmapped,TRUE
ICICI Prudential Corporate Bond Fund,INF109K016B1_ICICI Prudential Corporate Bond Fund.xlsx,INE476A16H43,Canara Bank,3500,16924.11,0.570068871,CORPORATE BOND,unmapped,TRUE
ICICI Prudential Corporate Bond Fund,INF109K016B1_ICICI Prudential Corporate Bond Fund.xlsx,INE040A16IT9,HDFC Bank Ltd. **,3000,14490.53,0.488096572,CORPORATE BOND,unmapped,TRUE
ICICI Prudential Corporate Bond Fund,INF109K016B1_ICICI Prudential Corporate Bond Fund.xlsx,INE476A16H84,Canara Bank **,3000,14488.25,0.488019773,CORPORATE BOND,unmapped,TRUE
ICICI Prudential Corporate Bond Fund,INF109K016B1_ICICI Prudential Corporate Bond Fund.xlsx,INE261F16AP5,NABARD,2000,9639.46,0.324693947,CORPORATE BOND,unmapped,TRUE
ICICI Prudential Corporate Bond Fund,INF109K016B1_ICICI Prudential Corporate Bond Fund.xlsx,INF0RQ622028,Corporate Debt Market Development Fund (Class A2),82503.999,9876.25,0.332669942,CORPORATE BOND,not_in_mapping_files,FALSE
ICICI Prudential Large Cap Fund,INF109K016L0_ICICI Prudential Large Cap Fund.xlsx,INE090A01021,ICICI Bank Ltd.,51526976,749202.23,9.340951238,BLUECHIP,mapped,TRUE
ICICI Prudential Large Cap Fund,INF109K016L0_ICICI Prudential Large Cap Fund.xlsx,INE040A01034,HDFC Bank Ltd.,88896473,630275.99,7.858195095,BLUECHIP,mapped,TRUE
ICICI Prudential Large Cap Fund,INF109K016L0_ICICI Prudential Large Cap Fund.xlsx,INE002A01018,Reliance Industries Ltd.,35095500,448169.54,5.587716709,BLUECHIP,mapped,TRUE
ICICI Prudential Large Cap Fund,INF109K016L0_ICICI Prudential Large Cap Fund.xlsx,INE018A01030,Larsen & Toubro Ltd.,8151556,329722.29,4.110932549,BLUECHIP,mapped,TRUE
ICICI Prudential Large Cap Fund,INF109K016L0_ICICI Prudential Large Cap Fund.xlsx,INE238A01034,Axis Bank Ltd.,25159230,327069.99,4.077864034,BLUECHIP,mapped,TRUE
ICICI Prudential Large Cap Fund,INF109K016L0_ICICI Prudential Large Cap Fund.xlsx,INE397D01024,Bharti Airtel Ltd.,17604129,318969.21,3.976864614,BLUECHIP,mapped,TRUE
ICICI Prudential Large Cap Fund,INF109K016L0_ICICI Prudential Large Cap Fund.xlsx,INE585B01010,Maruti Suzuki India Ltd.,1735675,235131.89,2.93159234,BLUECHIP,mapped,TRUE
ICICI Prudential Large Cap Fund,INF109K016L0_ICICI Prudential Large Cap Fund.xlsx,INE481G01011,Ultratech Cement Ltd.,2037703,233316.99,2.908964415,BLUECHIP,mapped,TRUE
ICICI Prudential Large Cap Fund,INF109K016L0_ICICI Prudential Large Cap Fund.xlsx,INE009A01021,Infosys Ltd.,19372450,219644.84,2.738501913,BLUECHIP,mapped,TRUE
ICICI Prudential Large Cap Fund,INF109K016L0_ICICI Prudential Large Cap Fund.xlsx,INE0J1Y01017,Life Insurance Corporation of India,50070055,209292.83,2.609434464,BLUECHIP,mapped,TRUE
ICICI Prudential Large Cap Fund,INF109K016L0_ICICI Prudential Large Cap Fund.xlsx,INE237A01036,Kotak Mahindra Bank Ltd.,47293906,198350.64,2.473008731,BLUECHIP,mapped,TRUE
ICICI Prudential Large Cap Fund,INF109K016L0_ICICI Prudential Large Cap Fund.xlsx,INE101A01026,Mahindra & Mahindra Ltd.,6040087,198235.66,2.471575176,BLUECHIP,mapped,TRUE
ICICI Prudential Large Cap Fund,INF109K016L0_ICICI Prudential Large Cap Fund.xlsx,INE044A01036,Sun Pharmaceutical Industries Ltd.,9068753,179996.61,2.244173188,BLUECHIP,mapped,TRUE
ICICI Prudential Large Cap Fund,INF109K016L0_ICICI Prudential Large Cap Fund.xlsx,INE733E01010,NTPC Ltd.,48904762,160114.19,1.996281887,BLUECHIP,mapped,TRUE
ICICI Prudential Large Cap Fund,INF109K016L0_ICICI Prudential Large Cap Fund.xlsx,INE021A01026,Asian Paints Ltd.,4672403,123986.89,1.545851637,BLUECHIP,mapped,TRUE
ICICI Prudential Large Cap Fund,INF109K016L0_ICICI Prudential Large Cap Fund.xlsx,INE081A01020,Tata Steel Ltd.,64923760,119686.95,1.492240571,BLUECHIP,mapped,TRUE
ICICI Prudential Large Cap Fund,INF109K016L0_ICICI Prudential Large Cap Fund.xlsx,INE062A01020,State Bank Of India,10638103,112763.89,1.405924803,BLUECHIP,mapped,TRUE
ICICI Prudential Large Cap Fund,INF109K016L0_ICICI Prudential Large Cap Fund.xlsx,INE646L01027,Interglobe Aviation Ltd.,2079636,108848.15,1.357103891,BLUECHIP,mapped,TRUE
ICICI Prudential Large Cap Fund,INF109K016L0_ICICI Prudential Large Cap Fund.xlsx,INE271C01023,DLF Ltd.,15286236,105635.53,1.317049383,BLUECHIP,mapped,TRUE
ICICI Prudential Large Cap Fund,INF109K016L0_ICICI Prudential Large Cap Fund.xlsx,INE192R01011,Avenue Supermarts Ltd.,2250209,87758.15,1.094156647,BLUECHIP,mapped,TRUE
ICICI Prudential Large Cap Fund,INF109K016L0_ICICI Prudential Large Cap Fund.xlsx,INE127D01025,HDFC Asset Management Company Ltd.,3321984,87105.74,1.086022488,BLUECHIP,mapped,TRUE
ICICI Prudential Large Cap Fund,INF109K016L0_ICICI Prudential Large Cap Fund.xlsx,INE795G01014,HDFC Life Insurance Company Ltd.,15865925,86207.5,1.074823354,BLUECHIP,mapped,TRUE
ICICI Prudential Large Cap Fund,INF109K016L0_ICICI Prudential Large Cap Fund.xlsx,INE066F01020,Hindustan Aeronautics Ltd.,1758387,84430.71,1.052670579,BLUECHIP,mapped,TRUE
ICICI Prudential Large Cap Fund,INF109K016L0_ICICI Prudential Large Cap Fund.xlsx,INE726G01019,ICICI Prudential Life Insurance Company Ltd.,16298942,84273.68,1.05071275,BLUECHIP,mapped,TRUE
ICICI Prudential Large Cap Fund,INF109K016L0_ICICI Prudential Large Cap Fund.xlsx,INE158A01026,Hero Motocorp Ltd.,1472661,80260.02,1.000670985,BLUECHIP,mapped,TRUE
ICICI Prudential Large Cap Fund,INF109K016L0_ICICI Prudential Large Cap Fund.xlsx,INE213A01029,Oil & Natural Gas Corporation Ltd.,33259679,77095.94,0.961221667,BLUECHIP,mapped,TRUE
ICICI Prudential Large Cap Fund,INF109K016L0_ICICI Prudential Large Cap Fund.xlsx,INE752E01010,Power Grid Corporation Of India Ltd.,28327135,74656.16,0.930802822,BLUECHIP,mapped,TRUE
ICICI Prudential Large Cap Fund,INF109K016L0_ICICI Prudential Large Cap Fund.xlsx,INE123W01016,SBI Life Insurance Company Ltd.,4277841,74455.82,0.92830501,BLUECHIP,mapped,TRUE
ICICI Prudential Large Cap Fund,INF109K016L0_ICICI Prudential Large Cap Fund.xlsx,INE216A01030,Britannia Industries Ltd.,1395286,73252.52,0.91330243,BLUECHIP,mapped,TRUE
ICICI Prudential Large Cap Fund,INF109K016L0_ICICI Prudential Large Cap Fund.xlsx,INE089A01031,Dr. Reddy's Laboratories Ltd.,6297574,72699.19,0.906403587,BLUECHIP,mapped,TRUE
ICICI Prudential Large Cap Fund,INF109K016L0_ICICI Prudential Large Cap Fund.xlsx,INE854D01024,United Spirits Ltd.,4714972,70253.08,0.875905821,BLUECHIP,mapped,TRUE
ICICI Prudential Large Cap Fund,INF109K016L0_ICICI Prudential Large Cap Fund.xlsx,INE030A01027,Hindustan Unilever Ltd.,3476890,68404.33,0.852855858,BLUECHIP,mapped,TRUE
ICICI Prudential Large Cap Fund,INF109K016L0_ICICI Prudential Large Cap Fund.xlsx,INE298A01020,Cummins India Ltd.,1250399,63832.87,0.795859519,BLUECHIP,mapped,TRUE
ICICI Prudential Large Cap Fund,INF109K016L0_ICICI Prudential Large Cap Fund.xlsx,INE154A01025,ITC Ltd.,24952881,63754.61,0.794883783,BLUECHIP,mapped,TRUE
ICICI Prudential Large Cap Fund,INF109K016L0_ICICI Prudential Large Cap Fund.xlsx,INE0V6F01027,Hyundai Motor India Ltd.,2861338,63092.5,0.786628686,BLUECHIP,mapped,TRUE
ICICI Prudential Large Cap Fund,INF109K016L0_ICICI Prudential Large Cap Fund.xlsx,INE003A01024,Siemens Ltd.,1443326,58166.04,0.725206255,BLUECHIP,mapped,TRUE
ICICI Prudential Large Cap Fund,INF109K016L0_ICICI Prudential Large Cap Fund.xlsx,INE849A01020,Trent Ltd.,1984960,57164.86,0.712723679,BLUECHIP,mapped,TRUE
ICICI Prudential Large Cap Fund,INF109K016L0_ICICI Prudential Large Cap Fund.xlsx,INE1TAE01010,Tata Motors Ltd.,11939582,56247.37,0.701284539,BLUECHIP,mapped,TRUE
ICICI Prudential Large Cap Fund,INF109K016L0_ICICI Prudential Large Cap Fund.xlsx,INE1CDF01017,Vedanta Aluminium Metal Ltd.,12790181,55656.47,0.693917278,BLUECHIP,mapped,TRUE
ICICI Prudential Large Cap Fund,INF109K016L0_ICICI Prudential Large Cap Fund.xlsx,INE070A01015,Shree Cements Ltd.,232629,53969.93,0.672889728,BLUECHIP,mapped,TRUE
ICICI Prudential Large Cap Fund,INF109K016L0_ICICI Prudential Large Cap Fund.xlsx,INE118H01025,BSE Ltd.,1619026,53136.43,0.662497763,BLUECHIP,mapped,TRUE
ICICI Prudential Large Cap Fund,INF109K016L0_ICICI Prudential Large Cap Fund.xlsx,INE027H01010,MAX Healthcare Institute Ltd,5022059,52334.88,0.652504147,BLUECHIP,mapped,TRUE
ICICI Prudential Large Cap Fund,INF109K016L0_ICICI Prudential Large Cap Fund.xlsx,INE029A01011,Bharat Petroleum Corporation Ltd.,15087750,48891.85,0.609576919,BLUECHIP,mapped,TRUE
ICICI Prudential Large Cap Fund,INF109K016L0_ICICI Prudential Large Cap Fund.xlsx,INE663F01032,Info Edge (India) Ltd.,3670670,48195.9,0.600899909,BLUECHIP,mapped,TRUE
ICICI Prudential Large Cap Fund,INF109K016L0_ICICI Prudential Large Cap Fund.xlsx,INE494B01023,TVS Motor Company Ltd.,1093587,47475.89,0.591922922,BLUECHIP,mapped,TRUE
ICICI Prudential Large Cap Fund,INF109K016L0_ICICI Prudential Large Cap Fund.xlsx,INE111A01025,Container Corporation Of India Ltd.,8493750,43479.51,0.542096602,BLUECHIP,mapped,TRUE
ICICI Prudential Large Cap Fund,INF109K016L0_ICICI Prudential Large Cap Fund.xlsx,INE761H01022,Page Industries Ltd.,120545,43155.11,0.538052027,BLUECHIP,mapped,TRUE
ICICI Prudential Large Cap Fund,INF109K016L0_ICICI Prudential Large Cap Fund.xlsx,INE669C01036,Tech Mahindra Ltd.,2551468,41537.9,0.517888873,BLUECHIP,mapped,TRUE
ICICI Prudential Large Cap Fund,INF109K016L0_ICICI Prudential Large Cap Fund.xlsx,INE066A01021,Eicher Motors Ltd.,509157,40495.8,0.504896112,BLUECHIP,mapped,TRUE
ICICI Prudential Large Cap Fund,INF109K016L0_ICICI Prudential Large Cap Fund.xlsx,INE758T01015,Eternal Ltd.,12183034,39972.53,0.498372053,BLUECHIP,mapped,TRUE
ICICI Prudential Large Cap Fund,INF109K016L0_ICICI Prudential Large Cap Fund.xlsx,INE765G01017,ICICI Lombard General Insurance Company Ltd.,2522182,39520.07,0.492730844,BLUECHIP,mapped,TRUE
ICICI Prudential Large Cap Fund,INF109K016L0_ICICI Prudential Large Cap Fund.xlsx,INE00H001014,Swiggy Ltd,13995585,39453.55,0.491901481,BLUECHIP,mapped,TRUE
ICICI Prudential Large Cap Fund,INF109K016L0_ICICI Prudential Large Cap Fund.xlsx,INE155A01022,Tata Motors Passenger Vehicles Ltd.,11862330,36636.81,0.456782751,BLUECHIP,mapped,TRUE
ICICI Prudential Large Cap Fund,INF109K016L0_ICICI Prudential Large Cap Fund.xlsx,INE102D01028,Godrej Consumer Products Ltd.,3976435,35839.61,0.44684337,BLUECHIP,mapped,TRUE
ICICI Prudential Large Cap Fund,INF109K016L0_ICICI Prudential Large Cap Fund.xlsx,INE179A01014,Procter & Gamble Hygiene and Health Care Ltd.,444037,35431.93,0.441760472,BLUECHIP,mapped,TRUE
ICICI Prudential Large Cap Fund,INF109K016L0_ICICI Prudential Large Cap Fund.xlsx,INE176B01034,Havells India Ltd.,2773321,34502.89,0.430177327,BLUECHIP,mapped,TRUE
ICICI Prudential Large Cap Fund,INF109K016L0_ICICI Prudential Large Cap Fund.xlsx,INE280A01028,Titan Company Ltd.,637522,32528.92,0.405566139,BLUECHIP,mapped,TRUE
ICICI Prudential Large Cap Fund,INF109K016L0_ICICI Prudential Large Cap Fund.xlsx,INE376G01013,Biocon Ltd.,7380605,30408.09,0.379123919,BLUECHIP,mapped,TRUE
ICICI Prudential Large Cap Fund,INF109K016L0_ICICI Prudential Large Cap Fund.xlsx,INE010B01027,Zydus Lifesciences Ltd.,2481016,28812.04,0.359224586,BLUECHIP,mapped,TRUE
ICICI Prudential Large Cap Fund,INF109K016L0_ICICI Prudential Large Cap Fund.xlsx,INE848E01016,NHPC Ltd.,36774826,28213.65,0.351763941,BLUECHIP,mapped,TRUE
ICICI Prudential Large Cap Fund,INF109K016L0_ICICI Prudential Large Cap Fund.xlsx,INE423A01024,Adani Enterprises Ltd.,889865,25442.13,0.317209007,BLUECHIP,mapped,TRUE
ICICI Prudential Large Cap Fund,INF109K016L0_ICICI Prudential Large Cap Fund.xlsx,INE059A01026,Cipla Ltd.,1791007,25238.87,0.314674789,BLUECHIP,mapped,TRUE
ICICI Prudential Large Cap Fund,INF109K016L0_ICICI Prudential Large Cap Fund.xlsx,INE379A01028,ITC Hotels Ltd,14797369,23689.11,0.295352593,BLUECHIP,mapped,TRUE
ICICI Prudential Large Cap Fund,INF109K016L0_ICICI Prudential Large Cap Fund.xlsx,INE028A01039,Bank Of Baroda,9775000,23323.15,0.290789854,BLUECHIP,mapped,TRUE
ICICI Prudential Large Cap Fund,INF109K016L0_ICICI Prudential Large Cap Fund.xlsx,INE686F01025,United Breweries Ltd.,1739694,22763.9,0.283817201,BLUECHIP,mapped,TRUE
ICICI Prudential Large Cap Fund,INF109K016L0_ICICI Prudential Large Cap Fund.xlsx,INE047A01021,Grasim Industries Ltd.,629849,21232.21,0.264720299,BLUECHIP,mapped,TRUE
ICICI Prudential Large Cap Fund,INF109K016L0_ICICI Prudential Large Cap Fund.xlsx,INE117A01022,ABB India Ltd.,256046,19558.07,0.24384735,BLUECHIP,mapped,TRUE
ICICI Prudential Large Cap Fund,INF109K016L0_ICICI Prudential Large Cap Fund.xlsx,INE918I01026,Bajaj Finserv Ltd.,964495,19492.44,0.243029084,BLUECHIP,mapped,TRUE
ICICI Prudential Large Cap Fund,INF109K016L0_ICICI Prudential Large Cap Fund.xlsx,INE195A01028,Supreme Industries Ltd.,452625,16108.92,0.200843818,BLUECHIP,mapped,TRUE
ICICI Prudential Large Cap Fund,INF109K016L0_ICICI Prudential Large Cap Fund.xlsx,INE200A01026,Ge Vernova T&D India Ltd.,357465,15890.03,0.198114727,BLUECHIP,mapped,TRUE
ICICI Prudential Large Cap Fund,INF109K016L0_ICICI Prudential Large Cap Fund.xlsx,INE749A01030,Jindal Steel Ltd.,1298381,15488.39,0.193107134,BLUECHIP,mapped,TRUE
ICICI Prudential Large Cap Fund,INF109K016L0_ICICI Prudential Large Cap Fund.xlsx,INE860A01027,HCL Technologies Ltd.,1164466,15280.12,0.190510452,BLUECHIP,mapped,TRUE
ICICI Prudential Large Cap Fund,INF109K016L0_ICICI Prudential Large Cap Fund.xlsx,INE245A01021,Tata Power Company Ltd.,4364811,15145.89,0.188836891,BLUECHIP,mapped,TRUE
ICICI Prudential Large Cap Fund,INF109K016L0_ICICI Prudential Large Cap Fund.xlsx,INE038A01020,Hindalco Industries Ltd.,1350000,13708.58,0.170916706,BLUECHIP,mapped,TRUE
ICICI Prudential Large Cap Fund,INF109K016L0_ICICI Prudential Large Cap Fund.xlsx,INE326A01037,Lupin Ltd.,617817,13520.31,0.168569381,BLUECHIP,mapped,TRUE
ICICI Prudential Large Cap Fund,INF109K016L0_ICICI Prudential Large Cap Fund.xlsx,INE263A01024,Bharat Electronics Ltd.,2422500,10040.05,0.125177974,BLUECHIP,mapped,TRUE
ICICI Prudential Large Cap Fund,INF109K016L0_ICICI Prudential Large Cap Fund.xlsx,INE075A01022,Wipro Ltd.,4666573,8609.83,0.107346186,BLUECHIP,mapped,TRUE
ICICI Prudential Large Cap Fund,INF109K016L0_ICICI Prudential Large Cap Fund.xlsx,INE437A01024,Apollo Hospitals Enterprise Ltd.,72144,6419.73,0.080040318,BLUECHIP,mapped,TRUE
ICICI Prudential Large Cap Fund,INF109K016L0_ICICI Prudential Large Cap Fund.xlsx,INE274J01014,Oil India Ltd.,1307859,6318.92,0.078783433,BLUECHIP,mapped,TRUE
ICICI Prudential Large Cap Fund,INF109K016L0_ICICI Prudential Large Cap Fund.xlsx,INE093A01041,Hexaware Technologies Ltd.,1078483,5982.88,0.074593732,BLUECHIP,mapped,TRUE
ICICI Prudential Large Cap Fund,INF109K016L0_ICICI Prudential Large Cap Fund.xlsx,INE742F01042,Adani Ports and Special Economic Zone Ltd.,300000,4779.3,0.059587661,BLUECHIP,mapped,TRUE
ICICI Prudential Large Cap Fund,INF109K016L0_ICICI Prudential Large Cap Fund.xlsx,INE776C01039,Gmr Airports Ltd.,5000000,4681.5,0.058368304,BLUECHIP,mapped,TRUE
ICICI Prudential Large Cap Fund,INF109K016L0_ICICI Prudential Large Cap Fund.xlsx,INE139A01034,National Aluminium Company Ltd.,1125000,4291.88,0.053510575,BLUECHIP,mapped,TRUE
ICICI Prudential Large Cap Fund,INF109K016L0_ICICI Prudential Large Cap Fund.xlsx,INE053A01029,The Indian Hotels Company Ltd.,441659,3259,0.040632768,BLUECHIP,mapped,TRUE
ICICI Prudential Large Cap Fund,INF109K016L0_ICICI Prudential Large Cap Fund.xlsx,INE494B04019,TVS Motor Company Ltd.,1073928,107.39,,BLUECHIP,unmapped,TRUE
ICICI Prudential Large Cap Fund,INF109K016L0_ICICI Prudential Large Cap Fund.xlsx,INE929O14FB3,Reliance Retail Ventures Ltd **,5000,24970.68,0.311331033,BLUECHIP,unmapped,TRUE
ICICI Prudential Large Cap Fund,INF109K016L0_ICICI Prudential Large Cap Fund.xlsx,INE929O14FC1,Reliance Retail Ventures Ltd **,3000,14974.88,0.186704762,BLUECHIP,unmapped,TRUE
ICICI Prudential Large Cap Fund,INF109K016L0_ICICI Prudential Large Cap Fund.xlsx,IN002026X131,91 Days Treasury Bills,50000000,49790.9,0.620786151,BLUECHIP,not_in_mapping_files,FALSE
ICICI Prudential Large Cap Fund,INF109K016L0_ICICI Prudential Large Cap Fund.xlsx,IN002026X180,91 Days Treasury Bills,10000000,9907.45,0.123524736,BLUECHIP,not_in_mapping_files,FALSE
ICICI Prudential Large Cap Fund,INF109K016L0_ICICI Prudential Large Cap Fund.xlsx,IN002025Z302,364 Days Treasury Bills,1500000,1489.03,0.018565023,BLUECHIP,not_in_mapping_files,FALSE
Kotak Large & Mid Cap Fund,INF174K01LF9_Kotak Large & Mid Cap Fund.xlsx,INE040A01034,,19500000,138255,4.28,KOP,mapped,TRUE
Kotak Large & Mid Cap Fund,INF174K01LF9_Kotak Large & Mid Cap Fund.xlsx,INE062A01020,,12500000,132500,4.1,KOP,mapped,TRUE
Kotak Large & Mid Cap Fund,INF174K01LF9_Kotak Large & Mid Cap Fund.xlsx,INE758T01015,,36000000,118116,3.65,KOP,mapped,TRUE
Kotak Large & Mid Cap Fund,INF174K01LF9_Kotak Large & Mid Cap Fund.xlsx,INE263A01024,,28000000,116046,3.59,KOP,mapped,TRUE
Kotak Large & Mid Cap Fund,INF174K01LF9_Kotak Large & Mid Cap Fund.xlsx,INE090A01021,,7000000,101780,3.15,KOP,mapped,TRUE
Kotak Large & Mid Cap Fund,INF174K01LF9_Kotak Large & Mid Cap Fund.xlsx,INE238A01034,,6200000,80600,2.49,KOP,mapped,TRUE
Kotak Large & Mid Cap Fund,INF174K01LF9_Kotak Large & Mid Cap Fund.xlsx,INE018A01030,,1850000,74830.65,2.31,KOP,mapped,TRUE
Kotak Large & Mid Cap Fund,INF174K01LF9_Kotak Large & Mid Cap Fund.xlsx,INE208A01029,,42000000,73768.8,2.28,KOP,mapped,TRUE
Kotak Large & Mid Cap Fund,INF174K01LF9_Kotak Large & Mid Cap Fund.xlsx,INE465A01025,,3400000,71566.6,2.21,KOP,mapped,TRUE
Kotak Large & Mid Cap Fund,INF174K01LF9_Kotak Large & Mid Cap Fund.xlsx,INE296A01032,,6750000,71347.5,2.21,KOP,mapped,TRUE
Kotak Large & Mid Cap Fund,INF174K01LF9_Kotak Large & Mid Cap Fund.xlsx,INE397D01024,,3800000,68852.2,2.13,KOP,mapped,TRUE
Kotak Large & Mid Cap Fund,INF174K01LF9_Kotak Large & Mid Cap Fund.xlsx,INE158A01026,,1225000,66762.5,2.07,KOP,mapped,TRUE
Kotak Large & Mid Cap Fund,INF174K01LF9_Kotak Large & Mid Cap Fund.xlsx,INE118H01025,,2000000,65640,2.03,KOP,mapped,TRUE
Kotak Large & Mid Cap Fund,INF174K01LF9_Kotak Large & Mid Cap Fund.xlsx,INE044A01036,,3200000,63513.6,1.96,KOP,mapped,TRUE
Kotak Large & Mid Cap Fund,INF174K01LF9_Kotak Large & Mid Cap Fund.xlsx,INE749A01030,,5200000,62030.8,1.92,KOP,mapped,TRUE
Kotak Large & Mid Cap Fund,INF174K01LF9_Kotak Large & Mid Cap Fund.xlsx,INE721A01047,,5500000,61044.5,1.89,KOP,mapped,TRUE
Kotak Large & Mid Cap Fund,INF174K01LF9_Kotak Large & Mid Cap Fund.xlsx,INE169A01031,,3200000,60988.8,1.89,KOP,mapped,TRUE
Kotak Large & Mid Cap Fund,INF174K01LF9_Kotak Large & Mid Cap Fund.xlsx,INE473A01011,,950000,60662.25,1.88,KOP,mapped,TRUE
Kotak Large & Mid Cap Fund,INF174K01LF9_Kotak Large & Mid Cap Fund.xlsx,INE338I01027,,5400000,56316.6,1.74,KOP,not_in_mapping_files,FALSE
Kotak Large & Mid Cap Fund,INF174K01LF9_Kotak Large & Mid Cap Fund.xlsx,INE562A01011,,6000000,53925,1.67,KOP,not_in_mapping_files,FALSE
Kotak Large & Mid Cap Fund,INF174K01LF9_Kotak Large & Mid Cap Fund.xlsx,INE202B01038,,2331573,53635.51,1.66,KOP,mapped,TRUE
Kotak Large & Mid Cap Fund,INF174K01LF9_Kotak Large & Mid Cap Fund.xlsx,INE376G01013,,13000000,53560,1.66,KOP,mapped,TRUE
Kotak Large & Mid Cap Fund,INF174K01LF9_Kotak Large & Mid Cap Fund.xlsx,INE356A01018,,2200000,53402.8,1.65,KOP,mapped,TRUE
Kotak Large & Mid Cap Fund,INF174K01LF9_Kotak Large & Mid Cap Fund.xlsx,INE669C01036,,3200000,52096,1.61,KOP,mapped,TRUE
Kotak Large & Mid Cap Fund,INF174K01LF9_Kotak Large & Mid Cap Fund.xlsx,INE094A01015,,14000000,51205,1.58,KOP,mapped,TRUE
Kotak Large & Mid Cap Fund,INF174K01LF9_Kotak Large & Mid Cap Fund.xlsx,INE095A01012,,5000000,50830,1.57,KOP,mapped,TRUE
Kotak Large & Mid Cap Fund,INF174K01LF9_Kotak Large & Mid Cap Fund.xlsx,INE571A01038,,2525000,49866.23,1.54,KOP,mapped,TRUE
Kotak Large & Mid Cap Fund,INF174K01LF9_Kotak Large & Mid Cap Fund.xlsx,INE002A01018,,3600000,45972,1.42,KOP,mapped,TRUE
Kotak Large & Mid Cap Fund,INF174K01LF9_Kotak Large & Mid Cap Fund.xlsx,INE298A01020,,900000,45945,1.42,KOP,mapped,TRUE
Kotak Large & Mid Cap Fund,INF174K01LF9_Kotak Large & Mid Cap Fund.xlsx,INE009A01021,,4000000,45352,1.4,KOP,mapped,TRUE
Kotak Large & Mid Cap Fund,INF174K01LF9_Kotak Large & Mid Cap Fund.xlsx,INE647A01010,,1750000,44807,1.39,KOP,not_in_mapping_files,FALSE
Kotak Large & Mid Cap Fund,INF174K01LF9_Kotak Large & Mid Cap Fund.xlsx,INE061F01013,,4700000,42624.3,1.32,KOP,mapped,TRUE
Kotak Large & Mid Cap Fund,INF174K01LF9_Kotak Large & Mid Cap Fund.xlsx,INE438A01022,,9500000,41700.25,1.29,KOP,mapped,TRUE
Kotak Large & Mid Cap Fund,INF174K01LF9_Kotak Large & Mid Cap Fund.xlsx,INE00R701025,,2225000,41300.45,1.28,KOP,not_in_mapping_files,FALSE
Kotak Large & Mid Cap Fund,INF174K01LF9_Kotak Large & Mid Cap Fund.xlsx,INE481G01011,,350000,40075,1.24,KOP,mapped,TRUE
Kotak Large & Mid Cap Fund,INF174K01LF9_Kotak Large & Mid Cap Fund.xlsx,INE386C01029,,2300000,38318,1.19,KOP,mapped,TRUE
Kotak Large & Mid Cap Fund,INF174K01LF9_Kotak Large & Mid Cap Fund.xlsx,INE117A01022,,500000,38192.5,1.18,KOP,mapped,TRUE
Kotak Large & Mid Cap Fund,INF174K01LF9_Kotak Large & Mid Cap Fund.xlsx,INE513A01022,,936151,37584.59,1.16,KOP,mapped,TRUE
Kotak Large & Mid Cap Fund,INF174K01LF9_Kotak Large & Mid Cap Fund.xlsx,INE511C01022,,8100000,37567.8,1.16,KOP,mapped,TRUE
Kotak Large & Mid Cap Fund,INF174K01LF9_Kotak Large & Mid Cap Fund.xlsx,INE00H001014,,13000000,36647,1.13,KOP,mapped,TRUE
Kotak Large & Mid Cap Fund,INF174K01LF9_Kotak Large & Mid Cap Fund.xlsx,INE646L01027,,700000,36638,1.13,KOP,mapped,TRUE
Kotak Large & Mid Cap Fund,INF174K01LF9_Kotak Large & Mid Cap Fund.xlsx,INE031B01049,,985144,35483.9,1.1,KOP,mapped,TRUE
Kotak Large & Mid Cap Fund,INF174K01LF9_Kotak Large & Mid Cap Fund.xlsx,INE914M01019,,4568000,34534.08,1.07,KOP,mapped,TRUE
Kotak Large & Mid Cap Fund,INF174K01LF9_Kotak Large & Mid Cap Fund.xlsx,INE159A01016,,1100000,33551.1,1.04,KOP,not_in_mapping_files,FALSE
Kotak Large & Mid Cap Fund,INF174K01LF9_Kotak Large & Mid Cap Fund.xlsx,INE854D01024,,2175000,32407.5,1,KOP,mapped,TRUE
Kotak Large & Mid Cap Fund,INF174K01LF9_Kotak Large & Mid Cap Fund.xlsx,INE423A01024,,1116025,31908.27,0.99,KOP,mapped,TRUE
Kotak Large & Mid Cap Fund,INF174K01LF9_Kotak Large & Mid Cap Fund.xlsx,INE007A01025,,650000,31341.7,0.97,KOP,mapped,TRUE
Kotak Large & Mid Cap Fund,INF174K01LF9_Kotak Large & Mid Cap Fund.xlsx,INE823G01014,,600000,30798,0.95,KOP,not_in_mapping_files,FALSE
Kotak Large & Mid Cap Fund,INF174K01LF9_Kotak Large & Mid Cap Fund.xlsx,INE237A01036,,7250000,30406.5,0.94,KOP,mapped,TRUE
Kotak Large & Mid Cap Fund,INF174K01LF9_Kotak Large & Mid Cap Fund.xlsx,INE383A01012,,8200000,30393.3,0.94,KOP,not_in_mapping_files,FALSE
Kotak Large & Mid Cap Fund,INF174K01LF9_Kotak Large & Mid Cap Fund.xlsx,INE506V01022,,1656624,30143.93,0.93,KOP,mapped,TRUE
Kotak Large & Mid Cap Fund,INF174K01LF9_Kotak Large & Mid Cap Fund.xlsx,INE093I01010,,1600000,29888,0.92,KOP,not_in_mapping_files,FALSE
Kotak Large & Mid Cap Fund,INF174K01LF9_Kotak Large & Mid Cap Fund.xlsx,INE472A01039,,2000000,29276,0.91,KOP,mapped,TRUE
Kotak Large & Mid Cap Fund,INF174K01LF9_Kotak Large & Mid Cap Fund.xlsx,INE813H01021,,2400000,29162.4,0.9,KOP,mapped,TRUE
Kotak Large & Mid Cap Fund,INF174K01LF9_Kotak Large & Mid Cap Fund.xlsx,INE733E01010,,8500000,27829,0.86,KOP,mapped,TRUE
Kotak Large & Mid Cap Fund,INF174K01LF9_Kotak Large & Mid Cap Fund.xlsx,INE585B01010,,200000,27094,0.84,KOP,mapped,TRUE
Kotak Large & Mid Cap Fund,INF174K01LF9_Kotak Large & Mid Cap Fund.xlsx,INE457A01014,,30000000,24621,0.76,KOP,not_in_mapping_files,FALSE
Kotak Large & Mid Cap Fund,INF174K01LF9_Kotak Large & Mid Cap Fund.xlsx,INE220B01022,,1600000,22414.4,0.69,KOP,mapped,TRUE
Kotak Large & Mid Cap Fund,INF174K01LF9_Kotak Large & Mid Cap Fund.xlsx,INE084101034,,2535658,22198.42,0.69,KOP,not_in_mapping_files,FALSE
Kotak Large & Mid Cap Fund,INF174K01LF9_Kotak Large & Mid Cap Fund.xlsx,INE752E01010,,7500000,19766.25,0.61,KOP,mapped,TRUE
Kotak Large & Mid Cap Fund,INF174K01LF9_Kotak Large & Mid Cap Fund.xlsx,INE347G01014,,5000000,15030,0.46,KOP,mapped,TRUE
Kotak Large & Mid Cap Fund,INF174K01LF9_Kotak Large & Mid Cap Fund.xlsx,INE092A01019,,2064884,13277.2,0.41,KOP,mapped,TRUE
Kotak Large & Mid Cap Fund,INF174K01LF9_Kotak Large & Mid Cap Fund.xlsx,INE671A01010,,37000,13146.1,0.41,KOP,not_in_mapping_files,FALSE
Kotak Large & Mid Cap Fund,INF174K01LF9_Kotak Large & Mid Cap Fund.xlsx,INE935N01020,,80250,11917.13,0.37,KOP,mapped,TRUE
Kotak Large & Mid Cap Fund,INF174K01LF9_Kotak Large & Mid Cap Fund.xlsx,INE258A01024,,600000,11616.6,0.36,KOP,mapped,TRUE
Kotak Large & Mid Cap Fund,INF174K01LF9_Kotak Large & Mid Cap Fund.xlsx,INE424H01027,,456997,2130.29,0.07,KOP,not_in_mapping_files,FALSE
Kotak Large & Mid Cap Fund,INF174K01LF9_Kotak Large & Mid Cap Fund.xlsx,INE1TUG01013,,466666,700,0.02,KOP,unmapped,TRUE
Kotak Large & Mid Cap Fund,INF174K01LF9_Kotak Large & Mid Cap Fund.xlsx,INF174K01NE8,,158411.17,9073.41,0.28,KOP,not_in_mapping_files,FALSE
HDFC Flexi Cap Fund,INF179K01UT0_HDFC Flexi Cap Fund.xlsx,INE090A01021,ICICI Bank Ltd.,71835082,1044482.09,9.19,HDFCEQ,mapped,TRUE
HDFC Flexi Cap Fund,INF179K01UT0_HDFC Flexi Cap Fund.xlsx,INE238A01034,Axis Bank Ltd.,54105435,703370.66,6.19,HDFCEQ,mapped,TRUE
HDFC Flexi Cap Fund,INF179K01UT0_HDFC Flexi Cap Fund.xlsx,INE040A01034,HDFC Bank Ltd.£,91545446,649057.21,5.71,HDFCEQ,mapped,TRUE
HDFC Flexi Cap Fund,INF179K01UT0_HDFC Flexi Cap Fund.xlsx,INE062A01020,State Bank of India,44579608,472543.84,4.16,HDFCEQ,mapped,TRUE
HDFC Flexi Cap Fund,INF179K01UT0_HDFC Flexi Cap Fund.xlsx,INE758T01015,Eternal Limited,117248952,384693.81,3.39,HDFCEQ,mapped,TRUE
HDFC Flexi Cap Fund,INF179K01UT0_HDFC Flexi Cap Fund.xlsx,INE237A01036,Kotak Mahindra Bank Limited,88448215,370951.81,3.27,HDFCEQ,mapped,TRUE
HDFC Flexi Cap Fund,INF179K01UT0_HDFC Flexi Cap Fund.xlsx,INE123W01016,SBI Life Insurance Company Ltd.,20812184,362236.06,3.19,HDFCEQ,mapped,TRUE
HDFC Flexi Cap Fund,INF179K01UT0_HDFC Flexi Cap Fund.xlsx,INE018A01030,Larsen and Toubro Ltd.,8878007,359106.51,3.16,HDFCEQ,mapped,TRUE
HDFC Flexi Cap Fund,INF179K01UT0_HDFC Flexi Cap Fund.xlsx,INE646L01027,InterGlobe Aviation Ltd.,6463717,338310.95,2.98,HDFCEQ,mapped,TRUE
HDFC Flexi Cap Fund,INF179K01UT0_HDFC Flexi Cap Fund.xlsx,INE585B01010,Maruti Suzuki India Limited,2293697,310727.13,2.74,HDFCEQ,mapped,TRUE
HDFC Flexi Cap Fund,INF179K01UT0_HDFC Flexi Cap Fund.xlsx,INE397D01024,Bharti Airtel Ltd.,16195885,293453.24,2.58,HDFCEQ,mapped,TRUE
HDFC Flexi Cap Fund,INF179K01UT0_HDFC Flexi Cap Fund.xlsx,INE860A01027,HCL Technologies Ltd.,21511392,282272.49,2.48,HDFCEQ,mapped,TRUE
HDFC Flexi Cap Fund,INF179K01UT0_HDFC Flexi Cap Fund.xlsx,INE059A01026,Cipla Ltd.,19902429,280465.03,2.47,HDFCEQ,mapped,TRUE
HDFC Flexi Cap Fund,INF179K01UT0_HDFC Flexi Cap Fund.xlsx,INE066A01021,Eicher Motors Ltd.,3487584,277384.99,2.44,HDFCEQ,mapped,TRUE
HDFC Flexi Cap Fund,INF179K01UT0_HDFC Flexi Cap Fund.xlsx,INE752E01010,Power Grid Corporation of India Ltd.,87862679,231562.09,2.04,HDFCEQ,mapped,TRUE
HDFC Flexi Cap Fund,INF179K01UT0_HDFC Flexi Cap Fund.xlsx,INE0V6F01027,Hyundai Motor India Limited,9000000,198450,1.75,HDFCEQ,mapped,TRUE
HDFC Flexi Cap Fund,INF179K01UT0_HDFC Flexi Cap Fund.xlsx,INE361B01024,Divis Laboratories Ltd.,1893863,179292.01,1.58,HDFCEQ,mapped,TRUE
HDFC Flexi Cap Fund,INF179K01UT0_HDFC Flexi Cap Fund.xlsx,INE417T01026,PB Fintech Limited,9184525,172209.84,1.52,HDFCEQ,mapped,TRUE
HDFC Flexi Cap Fund,INF179K01UT0_HDFC Flexi Cap Fund.xlsx,INE027H01010,Max Healthcare Institute Limited,16259284,169438,1.49,HDFCEQ,mapped,TRUE
HDFC Flexi Cap Fund,INF179K01UT0_HDFC Flexi Cap Fund.xlsx,INE019A01038,JSW Steel Ltd.,12567750,164348.47,1.45,HDFCEQ,mapped,TRUE
HDFC Flexi Cap Fund,INF179K01UT0_HDFC Flexi Cap Fund.xlsx,INE0DK501011,Piramal Pharma Limited,76437245,163881.45,1.44,HDFCEQ,mapped,TRUE
HDFC Flexi Cap Fund,INF179K01UT0_HDFC Flexi Cap Fund.xlsx,INE002A01018,Reliance Industries Ltd.,12786219,163280.02,1.44,HDFCEQ,mapped,TRUE
HDFC Flexi Cap Fund,INF179K01UT0_HDFC Flexi Cap Fund.xlsx,INE323A01026,Bosch Limited,305000,152500,1.34,HDFCEQ,mapped,TRUE
HDFC Flexi Cap Fund,INF179K01UT0_HDFC Flexi Cap Fund.xlsx,INE262H01021,Persistent Systems Limited,2721626,152261.37,1.34,HDFCEQ,mapped,TRUE
HDFC Flexi Cap Fund,INF179K01UT0_HDFC Flexi Cap Fund.xlsx,INE326A01037,Lupin Ltd.,4888886,106988.38,0.94,HDFCEQ,mapped,TRUE
HDFC Flexi Cap Fund,INF179K01UT0_HDFC Flexi Cap Fund.xlsx,INE081A01020,Tata Steel Ltd.,54088472,99712.1,0.88,HDFCEQ,mapped,TRUE
HDFC Flexi Cap Fund,INF179K01UT0_HDFC Flexi Cap Fund.xlsx,INE665L01035,Varroc Engineering Limited,11621497,100177.3,0.88,HDFCEQ,mapped,TRUE
HDFC Flexi Cap Fund,INF179K01UT0_HDFC Flexi Cap Fund.xlsx,INE481G01011,UltraTech Cement Limited,863185,98834.68,0.87,HDFCEQ,mapped,TRUE
HDFC Flexi Cap Fund,INF179K01UT0_HDFC Flexi Cap Fund.xlsx,INE494B01023,TVS Motor Company Ltd.,2233516,96963.63,0.85,HDFCEQ,mapped,TRUE
HDFC Flexi Cap Fund,INF179K01UT0_HDFC Flexi Cap Fund.xlsx,INE914M01019,Aster DM Quality Care Limited,12221356,92393.45,0.81,HDFCEQ,mapped,TRUE
HDFC Flexi Cap Fund,INF179K01UT0_HDFC Flexi Cap Fund.xlsx,INE388Y01029,Fsn Ecommerce Ventures Limited (Nykaa),24300000,84940.65,0.75,HDFCEQ,mapped,TRUE
HDFC Flexi Cap Fund,INF179K01UT0_HDFC Flexi Cap Fund.xlsx,INE854D01024,United Spirits Limited,5735000,85451.5,0.75,HDFCEQ,mapped,TRUE
HDFC Flexi Cap Fund,INF179K01UT0_HDFC Flexi Cap Fund.xlsx,INE600L01024,Dr. Lal Path Labs Ltd,4178451,80836.31,0.71,HDFCEQ,mapped,TRUE
HDFC Flexi Cap Fund,INF179K01UT0_HDFC Flexi Cap Fund.xlsx,INE216A01030,Britannia Industries Ltd.,1508522,79197.41,0.7,HDFCEQ,mapped,TRUE
HDFC Flexi Cap Fund,INF179K01UT0_HDFC Flexi Cap Fund.xlsx,INE956O01016,LENSKART SOLUTIONS LIMITED,12071638,79962.53,0.7,HDFCEQ,mapped,TRUE
HDFC Flexi Cap Fund,INF179K01UT0_HDFC Flexi Cap Fund.xlsx,INE437A01024,Apollo Hospitals Enterprise Ltd.,863297,76820.48,0.68,HDFCEQ,mapped,TRUE
HDFC Flexi Cap Fund,INF179K01UT0_HDFC Flexi Cap Fund.xlsx,INE263A01024,Bharat Electronics Ltd.,17066662,70732.78,0.62,HDFCEQ,mapped,TRUE
HDFC Flexi Cap Fund,INF179K01UT0_HDFC Flexi Cap Fund.xlsx,INE0CZ201020,Anthem Biosciences Limited,7765558,69350.32,0.61,HDFCEQ,mapped,TRUE
HDFC Flexi Cap Fund,INF179K01UT0_HDFC Flexi Cap Fund.xlsx,INE622W01025,ACME Solar Holdings Limited,16108228,64747.02,0.57,HDFCEQ,mapped,TRUE
HDFC Flexi Cap Fund,INF179K01UT0_HDFC Flexi Cap Fund.xlsx,INE01EA01019,Vishal Mega Mart Limited,58425988,64642.51,0.57,HDFCEQ,mapped,TRUE
HDFC Flexi Cap Fund,INF179K01UT0_HDFC Flexi Cap Fund.xlsx,INE00LO01017,Craftsman Automation Ltd,563094,63058.08,0.56,HDFCEQ,mapped,TRUE
HDFC Flexi Cap Fund,INF179K01UT0_HDFC Flexi Cap Fund.xlsx,INE220B01022,Kalpataru Projects International Ltd,4571171,64037.53,0.56,HDFCEQ,mapped,TRUE
HDFC Flexi Cap Fund,INF179K01UT0_HDFC Flexi Cap Fund.xlsx,INE880J01026,JSW Infrastructure Limited,18427600,62653.84,0.55,HDFCEQ,mapped,TRUE
HDFC Flexi Cap Fund,INF179K01UT0_HDFC Flexi Cap Fund.xlsx,INE176B01034,Havells India Ltd.,4906487,61041.6,0.54,HDFCEQ,mapped,TRUE
HDFC Flexi Cap Fund,INF179K01UT0_HDFC Flexi Cap Fund.xlsx,INE009A01021,Infosys Limited,5376354,60957.1,0.54,HDFCEQ,mapped,TRUE
HDFC Flexi Cap Fund,INF179K01UT0_HDFC Flexi Cap Fund.xlsx,INE794A01010,Neuland Laboratories Limited,254894,58651.11,0.52,HDFCEQ,mapped,TRUE
HDFC Flexi Cap Fund,INF179K01UT0_HDFC Flexi Cap Fund.xlsx,INE423A01024,ADANI ENTERPRISES LIMTIED,2029136,58015.03,0.51,HDFCEQ,mapped,TRUE
HDFC Flexi Cap Fund,INF179K01UT0_HDFC Flexi Cap Fund.xlsx,INE118D01016,Nuvoco Vistas Corporation Ltd.,17588172,56088.68,0.49,HDFCEQ,mapped,TRUE
HDFC Flexi Cap Fund,INF179K01UT0_HDFC Flexi Cap Fund.xlsx,INE093A01041,Hexaware Technologies Ltd.,9807167,54405.26,0.48,HDFCEQ,mapped,TRUE
HDFC Flexi Cap Fund,INF179K01UT0_HDFC Flexi Cap Fund.xlsx,INE811K01011,Prestige Estates Projects Ltd.,3360975,54884.72,0.48,HDFCEQ,mapped,TRUE
HDFC Flexi Cap Fund,INF179K01UT0_HDFC Flexi Cap Fund.xlsx,INE208A01029,Ashok Leyland  Ltd,29741264,52237.56,0.46,HDFCEQ,mapped,TRUE
HDFC Flexi Cap Fund,INF179K01UT0_HDFC Flexi Cap Fund.xlsx,INE917I01010,Bajaj Auto Limited,431691,52364.12,0.46,HDFCEQ,mapped,TRUE
HDFC Flexi Cap Fund,INF179K01UT0_HDFC Flexi Cap Fund.xlsx,INE346A01027,ICICI PRUDENTIAL ASSET MANAGEMENT COMPANY LIMITED,1700337,52117.03,0.46,HDFCEQ,mapped,TRUE
HDFC Flexi Cap Fund,INF179K01UT0_HDFC Flexi Cap Fund.xlsx,INE118H01025,Bombay Stock Exchange Limited (BSE),1569111,51498.22,0.45,HDFCEQ,mapped,TRUE
HDFC Flexi Cap Fund,INF179K01UT0_HDFC Flexi Cap Fund.xlsx,INE02ZQ01018,CORONA REMEDIES LIMITED,2333333,47840.33,0.42,HDFCEQ,mapped,TRUE
HDFC Flexi Cap Fund,INF179K01UT0_HDFC Flexi Cap Fund.xlsx,INE806T01020,SAPPHIRE FOODS INDIA LIMITED,20000000,46882,0.41,HDFCEQ,mapped,TRUE
HDFC Flexi Cap Fund,INF179K01UT0_HDFC Flexi Cap Fund.xlsx,INE298J01013,Nippon Life India Asset Management Limited,3728642,43710.87,0.38,HDFCEQ,mapped,TRUE
HDFC Flexi Cap Fund,INF179K01UT0_HDFC Flexi Cap Fund.xlsx,INE640G01020,SBI Funds Management Limited,7521897,43438.96,0.38,HDFCEQ,mapped,TRUE
HDFC Flexi Cap Fund,INF179K01UT0_HDFC Flexi Cap Fund.xlsx,INE536H01010,CIE Automotive India Ltd,10000000,39105,0.34,HDFCEQ,mapped,TRUE
HDFC Flexi Cap Fund,INF179K01UT0_HDFC Flexi Cap Fund.xlsx,INE112L01020,Metropolis Healthcare Ltd.,6500000,37852.75,0.33,HDFCEQ,mapped,TRUE
HDFC Flexi Cap Fund,INF179K01UT0_HDFC Flexi Cap Fund.xlsx,INE935N01020,Dixon Technologies (India) Ltd.,241238,35823.84,0.32,HDFCEQ,mapped,TRUE
HDFC Flexi Cap Fund,INF179K01UT0_HDFC Flexi Cap Fund.xlsx,INE042A01014,ESCORTS KUBOTA LIMITED,1200000,35940,0.32,HDFCEQ,mapped,TRUE
HDFC Flexi Cap Fund,INF179K01UT0_HDFC Flexi Cap Fund.xlsx,INE331A01037,The Ramco Cements Ltd.,3964281,34867.83,0.31,HDFCEQ,mapped,TRUE
HDFC Flexi Cap Fund,INF179K01UT0_HDFC Flexi Cap Fund.xlsx,INE299U01018,Crompton Greaves Consumer Elec. Ltd.,14500000,34205.5,0.3,HDFCEQ,mapped,TRUE
HDFC Flexi Cap Fund,INF179K01UT0_HDFC Flexi Cap Fund.xlsx,INE0J1Y01017,Life Insurance Corporation of India,7750000,32395,0.29,HDFCEQ,mapped,TRUE
HDFC Flexi Cap Fund,INF179K01UT0_HDFC Flexi Cap Fund.xlsx,INE07T201019,Restaurant Brands Asia Limited,33500000,32863.5,0.29,HDFCEQ,mapped,TRUE
HDFC Flexi Cap Fund,INF179K01UT0_HDFC Flexi Cap Fund.xlsx,INE00H001014,Swiggy Limited,10853030,30594.69,0.27,HDFCEQ,mapped,TRUE
HDFC Flexi Cap Fund,INF179K01UT0_HDFC Flexi Cap Fund.xlsx,INE372A01015,Apar Industries Limited,168864,29892.31,0.26,HDFCEQ,mapped,TRUE
HDFC Flexi Cap Fund,INF179K01UT0_HDFC Flexi Cap Fund.xlsx,INE376G01013,Biocon Ltd.,7301958,30084.07,0.26,HDFCEQ,mapped,TRUE
HDFC Flexi Cap Fund,INF179K01UT0_HDFC Flexi Cap Fund.xlsx,INE213A01029,Oil & Natural Gas Corporation Ltd.,12808217,29689.45,0.26,HDFCEQ,mapped,TRUE
HDFC Flexi Cap Fund,INF179K01UT0_HDFC Flexi Cap Fund.xlsx,INE0LEZ01016,Ather Energy Limited,1539837,26449.78,0.23,HDFCEQ,mapped,TRUE
HDFC Flexi Cap Fund,INF179K01UT0_HDFC Flexi Cap Fund.xlsx,INE094A01015,Hindustan Petroleum Corp. Ltd.,7015842,25660.44,0.23,HDFCEQ,mapped,TRUE
HDFC Flexi Cap Fund,INF179K01UT0_HDFC Flexi Cap Fund.xlsx,INE786A01032,JK Lakshmi Cement Ltd,5000000,26545,0.23,HDFCEQ,mapped,TRUE
HDFC Flexi Cap Fund,INF179K01UT0_HDFC Flexi Cap Fund.xlsx,INE989C01038,Diamond Power Infrastructure Limited,6955715,24157.2,0.21,HDFCEQ,mapped,TRUE
HDFC Flexi Cap Fund,INF179K01UT0_HDFC Flexi Cap Fund.xlsx,INE506V01022,Rubicon Research Limited,1332789,24251.43,0.21,HDFCEQ,mapped,TRUE
HDFC Flexi Cap Fund,INF179K01UT0_HDFC Flexi Cap Fund.xlsx,INE117A01022,ABB India Ltd.,178230,13614.1,0.12,HDFCEQ,mapped,TRUE
HDFC Flexi Cap Fund,INF179K01UT0_HDFC Flexi Cap Fund.xlsx,INE19RI01016,TENNECO CLEAN AIR INDIA LIMITED,2163522,11453.69,0.1,HDFCEQ,mapped,TRUE
HDFC Flexi Cap Fund,INF179K01UT0_HDFC Flexi Cap Fund.xlsx,INE028A01039,Bank of Baroda,3850325,9186.88,0.08,HDFCEQ,mapped,TRUE
HDFC Flexi Cap Fund,INF179K01UT0_HDFC Flexi Cap Fund.xlsx,INE0NDH25011,Nexus Select Trust REIT,110000000,184569,1.62,HDFCEQ,unmapped,TRUE
HDFC Flexi Cap Fund,INF179K01UT0_HDFC Flexi Cap Fund.xlsx,INE041025011,Embassy Office Parks REIT,14699999,64456.56,0.57,HDFCEQ,unmapped,TRUE
HDFC Flexi Cap Fund,INF179K01UT0_HDFC Flexi Cap Fund.xlsx,IN0020220037,7.38% GOI MAT 200627,29000000,29355.25,0.26,HDFCEQ,not_in_mapping_files,FALSE
HDFC Flexi Cap Fund,INF179K01UT0_HDFC Flexi Cap Fund.xlsx,IN0020230135,7.32% GOI MAT 131130,11000000,11311.51,0.1,HDFCEQ,not_in_mapping_files,FALSE
HDFC Flexi Cap Fund,INF179K01UT0_HDFC Flexi Cap Fund.xlsx,IN0020230101,7.37% GOI MAT 231028,10000000,10225.98,0.09,HDFCEQ,not_in_mapping_files,FALSE
HDFC Balanced Advantage Fund,INF179K01WA6_HDFC Balanced Advantage Fund.xlsx,INE090A01021,ICICI Bank Ltd.,39244463,570614.49,5.32,HDFCGR,mapped,TRUE
HDFC Balanced Advantage Fund,INF179K01WA6_HDFC Balanced Advantage Fund.xlsx,INE040A01034,HDFC Bank Ltd.£,62464555,442873.69,4.13,HDFCGR,mapped,TRUE
HDFC Balanced Advantage Fund,INF179K01WA6_HDFC Balanced Advantage Fund.xlsx,INE002A01018,Reliance Industries Ltd.,31400311,400981.97,3.74,HDFCGR,mapped,TRUE
HDFC Balanced Advantage Fund,INF179K01WA6_HDFC Balanced Advantage Fund.xlsx,INE062A01020,State Bank of India,35000000,371000,3.46,HDFCGR,mapped,TRUE
HDFC Balanced Advantage Fund,INF179K01WA6_HDFC Balanced Advantage Fund.xlsx,INE397D01024,Bharti Airtel Ltd.,17323283,313880.56,2.93,HDFCGR,mapped,TRUE
HDFC Balanced Advantage Fund,INF179K01WA6_HDFC Balanced Advantage Fund.xlsx,INE238A01034,Axis Bank Ltd.,22125438,287630.69,2.68,HDFCGR,mapped,TRUE
HDFC Balanced Advantage Fund,INF179K01WA6_HDFC Balanced Advantage Fund.xlsx,INE018A01030,Larsen and Toubro Ltd.,6879083,278252.03,2.59,HDFCGR,mapped,TRUE
HDFC Balanced Advantage Fund,INF179K01WA6_HDFC Balanced Advantage Fund.xlsx,INE733E01010,NTPC Limited,63500000,207899,1.94,HDFCGR,mapped,TRUE
HDFC Balanced Advantage Fund,INF179K01WA6_HDFC Balanced Advantage Fund.xlsx,INE758T01015,Eternal Limited,53965593,177061.11,1.65,HDFCGR,mapped,TRUE
HDFC Balanced Advantage Fund,INF179K01WA6_HDFC Balanced Advantage Fund.xlsx,INE522F01014,Coal India Ltd.,42800000,171949,1.6,HDFCGR,mapped,TRUE
HDFC Balanced Advantage Fund,INF179K01WA6_HDFC Balanced Advantage Fund.xlsx,INE009A01021,Infosys Limited,15000000,170070,1.59,HDFCGR,mapped,TRUE
HDFC Balanced Advantage Fund,INF179K01WA6_HDFC Balanced Advantage Fund.xlsx,INE044A01036,Sun Pharmaceutical Industries Ltd.,8346339,165658.14,1.54,HDFCGR,mapped,TRUE
HDFC Balanced Advantage Fund,INF179K01WA6_HDFC Balanced Advantage Fund.xlsx,INE237A01036,Kotak Mahindra Bank Limited,38967751,163430.75,1.52,HDFCGR,mapped,TRUE
HDFC Balanced Advantage Fund,INF179K01WA6_HDFC Balanced Advantage Fund.xlsx,INE585B01010,Maruti Suzuki India Limited,1155126,156484.92,1.46,HDFCGR,mapped,TRUE
HDFC Balanced Advantage Fund,INF179K01WA6_HDFC Balanced Advantage Fund.xlsx,INE860A01027,HCL Technologies Ltd.,10104420,132590.2,1.24,HDFCGR,mapped,TRUE
HDFC Balanced Advantage Fund,INF179K01WA6_HDFC Balanced Advantage Fund.xlsx,INE467B01029,Tata Consultancy Services Ltd.,5377541,129023.34,1.2,HDFCGR,mapped,TRUE
HDFC Balanced Advantage Fund,INF179K01WA6_HDFC Balanced Advantage Fund.xlsx,INE646L01027,InterGlobe Aviation Ltd.,2422827,126810.77,1.18,HDFCGR,mapped,TRUE
HDFC Balanced Advantage Fund,INF179K01WA6_HDFC Balanced Advantage Fund.xlsx,INE0J1Y01017,Life Insurance Corporation of India,30392970,127042.61,1.18,HDFCGR,mapped,TRUE
HDFC Balanced Advantage Fund,INF179K01WA6_HDFC Balanced Advantage Fund.xlsx,INE326A01037,Lupin Ltd.,5686457,124442.42,1.16,HDFCGR,mapped,TRUE
HDFC Balanced Advantage Fund,INF179K01WA6_HDFC Balanced Advantage Fund.xlsx,INE154A01025,ITC LIMITED,42854974,109494.46,1.02,HDFCGR,mapped,TRUE
HDFC Balanced Advantage Fund,INF179K01WA6_HDFC Balanced Advantage Fund.xlsx,INE101A01026,Mahindra & Mahindra Ltd.,2858563,93818.04,0.87,HDFCGR,mapped,TRUE
HDFC Balanced Advantage Fund,INF179K01WA6_HDFC Balanced Advantage Fund.xlsx,INE123W01016,SBI Life Insurance Company Ltd.,5333809,92834.95,0.87,HDFCGR,mapped,TRUE
HDFC Balanced Advantage Fund,INF179K01WA6_HDFC Balanced Advantage Fund.xlsx,INE0V6F01027,Hyundai Motor India Limited,3973073,87606.26,0.82,HDFCGR,mapped,TRUE
HDFC Balanced Advantage Fund,INF179K01WA6_HDFC Balanced Advantage Fund.xlsx,INE129A01019,GAIL (India) Ltd.,49063637,87087.96,0.81,HDFCGR,mapped,TRUE
HDFC Balanced Advantage Fund,INF179K01WA6_HDFC Balanced Advantage Fund.xlsx,INE361B01024,Divis Laboratories Ltd.,888857,84148.09,0.78,HDFCGR,mapped,TRUE
HDFC Balanced Advantage Fund,INF179K01WA6_HDFC Balanced Advantage Fund.xlsx,INE028A01039,Bank of Baroda,30000000,71580,0.67,HDFCGR,mapped,TRUE
HDFC Balanced Advantage Fund,INF179K01WA6_HDFC Balanced Advantage Fund.xlsx,INE081A01020,Tata Steel Ltd.,37885014,69841.02,0.65,HDFCGR,mapped,TRUE
HDFC Balanced Advantage Fund,INF179K01WA6_HDFC Balanced Advantage Fund.xlsx,INE372A01015,Apar Industries Limited,380000,67267.6,0.63,HDFCGR,mapped,TRUE
HDFC Balanced Advantage Fund,INF179K01WA6_HDFC Balanced Advantage Fund.xlsx,INE029A01011,Bharat Petroleum Corporation Ltd.,20733638,67187.35,0.63,HDFCGR,mapped,TRUE
HDFC Balanced Advantage Fund,INF179K01WA6_HDFC Balanced Advantage Fund.xlsx,INE095A01012,Indusind Bank Ltd.,6500000,66079,0.62,HDFCGR,mapped,TRUE
HDFC Balanced Advantage Fund,INF179K01WA6_HDFC Balanced Advantage Fund.xlsx,INE094A01015,Hindustan Petroleum Corp. Ltd.,17635176,64500.66,0.6,HDFCGR,mapped,TRUE
HDFC Balanced Advantage Fund,INF179K01WA6_HDFC Balanced Advantage Fund.xlsx,INE134E01011,Power Finance Corporation Ltd.,18500000,62215.5,0.58,HDFCGR,mapped,TRUE
HDFC Balanced Advantage Fund,INF179K01WA6_HDFC Balanced Advantage Fund.xlsx,INE880J01026,JSW Infrastructure Limited,17275875,58737.98,0.55,HDFCGR,mapped,TRUE
HDFC Balanced Advantage Fund,INF179K01WA6_HDFC Balanced Advantage Fund.xlsx,INE020B01018,REC Limited.,17000000,54961,0.51,HDFCGR,mapped,TRUE
HDFC Balanced Advantage Fund,INF179K01WA6_HDFC Balanced Advantage Fund.xlsx,INE949L01017,Au Small Finance Bank Ltd.,4904394,53271.53,0.5,HDFCGR,mapped,TRUE
HDFC Balanced Advantage Fund,INF179K01WA6_HDFC Balanced Advantage Fund.xlsx,INE121A01024,Cholamandalam Investment & Finance Co. Ltd.,2692272,50006.26,0.47,HDFCGR,mapped,TRUE
HDFC Balanced Advantage Fund,INF179K01WA6_HDFC Balanced Advantage Fund.xlsx,INE749A01030,Jindal Steel Limited.,4228806,50445.43,0.47,HDFCGR,mapped,TRUE
HDFC Balanced Advantage Fund,INF179K01WA6_HDFC Balanced Advantage Fund.xlsx,INE571A01038,Ipca Laboratories Ltd.,2497123,49315.68,0.46,HDFCGR,mapped,TRUE
HDFC Balanced Advantage Fund,INF179K01WA6_HDFC Balanced Advantage Fund.xlsx,INE481G01011,UltraTech Cement Limited,431592,49417.28,0.46,HDFCGR,mapped,TRUE
HDFC Balanced Advantage Fund,INF179K01WA6_HDFC Balanced Advantage Fund.xlsx,INE066F01020,Hindustan Aeronautics Limited,983882,47242.08,0.44,HDFCGR,mapped,TRUE
HDFC Balanced Advantage Fund,INF179K01WA6_HDFC Balanced Advantage Fund.xlsx,INE406A01037,Aurobindo Pharma Ltd.,2700437,46366.5,0.43,HDFCGR,mapped,TRUE
HDFC Balanced Advantage Fund,INF179K01WA6_HDFC Balanced Advantage Fund.xlsx,INE917I01010,Bajaj Auto Limited,377629,45806.4,0.43,HDFCGR,mapped,TRUE
HDFC Balanced Advantage Fund,INF179K01WA6_HDFC Balanced Advantage Fund.xlsx,INE01TY01017,CANARA HSBC LIFE INSURANCE COMPANY LIMITED,29777670,46494.85,0.43,HDFCGR,mapped,TRUE
HDFC Balanced Advantage Fund,INF179K01WA6_HDFC Balanced Advantage Fund.xlsx,INE258A01024,BEML Limited,2143066,41491.9,0.39,HDFCGR,mapped,TRUE
HDFC Balanced Advantage Fund,INF179K01WA6_HDFC Balanced Advantage Fund.xlsx,INE216A01030,Britannia Industries Ltd.,800928,42048.72,0.39,HDFCGR,mapped,TRUE
HDFC Balanced Advantage Fund,INF179K01WA6_HDFC Balanced Advantage Fund.xlsx,INE221B01012,Dynamatic Technologies Ltd.,347714,41607.46,0.39,HDFCGR,mapped,TRUE
HDFC Balanced Advantage Fund,INF179K01WA6_HDFC Balanced Advantage Fund.xlsx,INE918Z01012,KAYNES TECHNOLOGY INDIA LIMITED,1148036,42305.13,0.39,HDFCGR,mapped,TRUE
HDFC Balanced Advantage Fund,INF179K01WA6_HDFC Balanced Advantage Fund.xlsx,INE285K01026,Techno Electric & Engin. Co. Ltd.,4254456,41780.89,0.39,HDFCGR,mapped,TRUE
HDFC Balanced Advantage Fund,INF179K01WA6_HDFC Balanced Advantage Fund.xlsx,INE01EA01019,Vishal Mega Mart Limited,37905983,41939.18,0.39,HDFCGR,mapped,TRUE
HDFC Balanced Advantage Fund,INF179K01WA6_HDFC Balanced Advantage Fund.xlsx,INE085001019,WeWork India Management Limited,6053340,41444.19,0.39,HDFCGR,mapped,TRUE
HDFC Balanced Advantage Fund,INF179K01WA6_HDFC Balanced Advantage Fund.xlsx,INE918I01026,Bajaj Finserv Ltd.,2000000,40420,0.38,HDFCGR,mapped,TRUE
HDFC Balanced Advantage Fund,INF179K01WA6_HDFC Balanced Advantage Fund.xlsx,INE438A01022,Apollo Tyres Ltd.,9000000,39505.5,0.37,HDFCGR,mapped,TRUE
HDFC Balanced Advantage Fund,INF179K01WA6_HDFC Balanced Advantage Fund.xlsx,INE465A01025,Bharat Forge Ltd.,1869073,39342.12,0.37,HDFCGR,mapped,TRUE
HDFC Balanced Advantage Fund,INF179K01WA6_HDFC Balanced Advantage Fund.xlsx,INE517F01014,Gujarat Pipavav Port Ltd.,23000000,38538.8,0.36,HDFCGR,mapped,TRUE
HDFC Balanced Advantage Fund,INF179K01WA6_HDFC Balanced Advantage Fund.xlsx,INE128S01021,Five-Star Business Finance Limited,6682615,35755.33,0.33,HDFCGR,mapped,TRUE
HDFC Balanced Advantage Fund,INF179K01WA6_HDFC Balanced Advantage Fund.xlsx,INE615H01020,Titagarh Wagons Limited,4200000,34360.2,0.32,HDFCGR,mapped,TRUE
HDFC Balanced Advantage Fund,INF179K01WA6_HDFC Balanced Advantage Fund.xlsx,INE079A01024,Ambuja Cements Ltd.,8174656,32792.63,0.31,HDFCGR,mapped,TRUE
HDFC Balanced Advantage Fund,INF179K01WA6_HDFC Balanced Advantage Fund.xlsx,INE323A01026,Bosch Limited,65972,32986,0.31,HDFCGR,mapped,TRUE
HDFC Balanced Advantage Fund,INF179K01WA6_HDFC Balanced Advantage Fund.xlsx,INE030A01027,Hindustan Unilever Ltd.,1717714,33794.31,0.31,HDFCGR,mapped,TRUE
HDFC Balanced Advantage Fund,INF179K01WA6_HDFC Balanced Advantage Fund.xlsx,INE506V01022,Rubicon Research Limited,1777052,32335.24,0.3,HDFCGR,mapped,TRUE
HDFC Balanced Advantage Fund,INF179K01WA6_HDFC Balanced Advantage Fund.xlsx,INE035D01020,Savita Oil Technologies Ltd.,4486192,30887.43,0.29,HDFCGR,mapped,TRUE
HDFC Balanced Advantage Fund,INF179K01WA6_HDFC Balanced Advantage Fund.xlsx,INE854D01024,United Spirits Limited,2115857,31526.27,0.29,HDFCGR,mapped,TRUE
HDFC Balanced Advantage Fund,INF179K01WA6_HDFC Balanced Advantage Fund.xlsx,INE093A01041,Hexaware Technologies Ltd.,5433175,30140.54,0.28,HDFCGR,mapped,TRUE
HDFC Balanced Advantage Fund,INF179K01WA6_HDFC Balanced Advantage Fund.xlsx,INE356A01018,MphasiS Limited.,1257231,30518.03,0.28,HDFCGR,mapped,TRUE
HDFC Balanced Advantage Fund,INF179K01WA6_HDFC Balanced Advantage Fund.xlsx,INE213A01029,Oil & Natural Gas Corporation Ltd.,13070826,30298.17,0.28,HDFCGR,mapped,TRUE
HDFC Balanced Advantage Fund,INF179K01WA6_HDFC Balanced Advantage Fund.xlsx,INE171Z01026,Bharat Dynamics Limited,2100000,26775,0.25,HDFCGR,mapped,TRUE
HDFC Balanced Advantage Fund,INF179K01WA6_HDFC Balanced Advantage Fund.xlsx,INE220B01022,Kalpataru Projects International Ltd,1946606,27270,0.25,HDFCGR,mapped,TRUE
HDFC Balanced Advantage Fund,INF179K01WA6_HDFC Balanced Advantage Fund.xlsx,INE099Z01011,Mishra Dhatu Nigam Ltd.,6450000,26712.68,0.25,HDFCGR,mapped,TRUE
HDFC Balanced Advantage Fund,INF179K01WA6_HDFC Balanced Advantage Fund.xlsx,INE216P01012,Aavas Financiers Ltd.,2005198,25289.56,0.24,HDFCGR,mapped,TRUE
HDFC Balanced Advantage Fund,INF179K01WA6_HDFC Balanced Advantage Fund.xlsx,INE269B01029,LMW Limited,137268,26046.6,0.24,HDFCGR,mapped,TRUE
HDFC Balanced Advantage Fund,INF179K01WA6_HDFC Balanced Advantage Fund.xlsx,INE540L01014,Alkem Laboratories Ltd.,458965,24460.54,0.23,HDFCGR,mapped,TRUE
HDFC Balanced Advantage Fund,INF179K01WA6_HDFC Balanced Advantage Fund.xlsx,INE484J01027,Godrej Properties Ltd.,1250000,25183.75,0.23,HDFCGR,mapped,TRUE
HDFC Balanced Advantage Fund,INF179K01WA6_HDFC Balanced Advantage Fund.xlsx,INE576I01022,J.Kumar Infraprojects Ltd.,4957308,24298.25,0.23,HDFCGR,mapped,TRUE
HDFC Balanced Advantage Fund,INF179K01WA6_HDFC Balanced Advantage Fund.xlsx,INE848E01016,NHPC Ltd.,29879361,22923.45,0.21,HDFCGR,mapped,TRUE
HDFC Balanced Advantage Fund,INF179K01WA6_HDFC Balanced Advantage Fund.xlsx,INE508G01029,Time Technoplast Limited,12000000,22462.8,0.21,HDFCGR,mapped,TRUE
HDFC Balanced Advantage Fund,INF179K01WA6_HDFC Balanced Advantage Fund.xlsx,INE849A01020,Trent Ltd.,789690,22742.28,0.21,HDFCGR,mapped,TRUE
HDFC Balanced Advantage Fund,INF179K01WA6_HDFC Balanced Advantage Fund.xlsx,INE0HOQ01053,Billionbrains Garage Ventures Limited (Groww),11028289,21180.93,0.2,HDFCGR,mapped,TRUE
HDFC Balanced Advantage Fund,INF179K01WA6_HDFC Balanced Advantage Fund.xlsx,INE935A01035,Glenmark Pharmaceuticals Ltd.,885046,21949.14,0.2,HDFCGR,mapped,TRUE
HDFC Balanced Advantage Fund,INF179K01WA6_HDFC Balanced Advantage Fund.xlsx,INE602A01031,PCBL Chemical Limited,6278237,19905.15,0.19,HDFCGR,mapped,TRUE
HDFC Balanced Advantage Fund,INF179K01WA6_HDFC Balanced Advantage Fund.xlsx,INE669C01036,Tech Mahindra Ltd.,1238484,20162.52,0.19,HDFCGR,mapped,TRUE
HDFC Balanced Advantage Fund,INF179K01WA6_HDFC Balanced Advantage Fund.xlsx,INE442H01029,Ashoka Buildcon Ltd.,15834080,19046.81,0.18,HDFCGR,mapped,TRUE
HDFC Balanced Advantage Fund,INF179K01WA6_HDFC Balanced Advantage Fund.xlsx,INE03QK01018,Cohance Lifesciences Limited,4143548,18892.51,0.18,HDFCGR,mapped,TRUE
HDFC Balanced Advantage Fund,INF179K01WA6_HDFC Balanced Advantage Fund.xlsx,INE011K01018,TEGA INDUSTRIES LIMITED,1230913,19525.97,0.18,HDFCGR,mapped,TRUE
HDFC Balanced Advantage Fund,INF179K01WA6_HDFC Balanced Advantage Fund.xlsx,INE208A01029,Ashok Leyland  Ltd,10629062,18668.88,0.17,HDFCGR,mapped,TRUE
HDFC Balanced Advantage Fund,INF179K01WA6_HDFC Balanced Advantage Fund.xlsx,INE486A01021,CESC Ltd.,12780789,18680.4,0.17,HDFCGR,mapped,TRUE
HDFC Balanced Advantage Fund,INF179K01WA6_HDFC Balanced Advantage Fund.xlsx,INE1TAE01010,Tata Motors Limited,3904156,18392.48,0.17,HDFCGR,mapped,TRUE
HDFC Balanced Advantage Fund,INF179K01WA6_HDFC Balanced Advantage Fund.xlsx,INE021A01026,Asian Paints Limited,643542,17077.03,0.16,HDFCGR,mapped,TRUE
HDFC Balanced Advantage Fund,INF179K01WA6_HDFC Balanced Advantage Fund.xlsx,INE299U01018,Crompton Greaves Consumer Elec. Ltd.,7400000,17456.6,0.16,HDFCGR,mapped,TRUE
HDFC Balanced Advantage Fund,INF179K01WA6_HDFC Balanced Advantage Fund.xlsx,INE382Z01011,Garden Reach Shipbuilders & Engineers Limited,636090,16318.89,0.15,HDFCGR,mapped,TRUE
HDFC Balanced Advantage Fund,INF179K01WA6_HDFC Balanced Advantage Fund.xlsx,INE067A01029,CG Power and Industrial Solutions Ltd.,1691759,15496.51,0.14,HDFCGR,mapped,TRUE
HDFC Balanced Advantage Fund,INF179K01WA6_HDFC Balanced Advantage Fund.xlsx,INE059A01026,Cipla Ltd.,1060783,14948.55,0.14,HDFCGR,mapped,TRUE
HDFC Balanced Advantage Fund,INF179K01WA6_HDFC Balanced Advantage Fund.xlsx,INE721A01047,Shriram Finance Ltd.,1375000,15261.13,0.14,HDFCGR,mapped,TRUE
HDFC Balanced Advantage Fund,INF179K01WA6_HDFC Balanced Advantage Fund.xlsx,INE271C01023,DLF LIMITED,2000000,13821,0.13,HDFCGR,mapped,TRUE
HDFC Balanced Advantage Fund,INF179K01WA6_HDFC Balanced Advantage Fund.xlsx,INE795G01014,HDFC Life Insurance Company Limited,2610766,14185.6,0.13,HDFCGR,mapped,TRUE
HDFC Balanced Advantage Fund,INF179K01WA6_HDFC Balanced Advantage Fund.xlsx,INE404A01024,Aditya Birla Sun Life AMC Limited,1197585,12596.2,0.12,HDFCGR,mapped,TRUE
HDFC Balanced Advantage Fund,INF179K01WA6_HDFC Balanced Advantage Fund.xlsx,INE162A01010,Gujarat Industries Power Co. Ltd.,6327000,12613.51,0.12,HDFCGR,mapped,TRUE
HDFC Balanced Advantage Fund,INF179K01WA6_HDFC Balanced Advantage Fund.xlsx,INE545U01014,Bandhan Bank Ltd.,7407260,12110.87,0.11,HDFCGR,mapped,TRUE
HDFC Balanced Advantage Fund,INF179K01WA6_HDFC Balanced Advantage Fund.xlsx,INE089A01031,Dr Reddys Laboratories Ltd.,1000000,11544,0.11,HDFCGR,mapped,TRUE
HDFC Balanced Advantage Fund,INF179K01WA6_HDFC Balanced Advantage Fund.xlsx,INE663F01032,INFO EDGE (INDIA) LIMITED,936220,12292.57,0.11,HDFCGR,mapped,TRUE
HDFC Balanced Advantage Fund,INF179K01WA6_HDFC Balanced Advantage Fund.xlsx,INE758E01017,Jio Financial Services Limited,4980933,12021.48,0.11,HDFCGR,mapped,TRUE
HDFC Balanced Advantage Fund,INF179K01WA6_HDFC Balanced Advantage Fund.xlsx,INE324D01010,LG Electronics India Limited,667057,11325.29,0.11,HDFCGR,mapped,TRUE
HDFC Balanced Advantage Fund,INF179K01WA6_HDFC Balanced Advantage Fund.xlsx,INE018E01016,SBI CARDS AND PAYMENT SERVICES LIMITED,1877975,12108.24,0.11,HDFCGR,mapped,TRUE
HDFC Balanced Advantage Fund,INF179K01WA6_HDFC Balanced Advantage Fund.xlsx,INE00H001014,Swiggy Limited,4000000,11276,0.11,HDFCGR,mapped,TRUE
HDFC Balanced Advantage Fund,INF179K01WA6_HDFC Balanced Advantage Fund.xlsx,INE155A01022,Tata Motors Passenger Vehicles Limited,3904156,12057.99,0.11,HDFCGR,mapped,TRUE
HDFC Balanced Advantage Fund,INF179K01WA6_HDFC Balanced Advantage Fund.xlsx,INE716A01013,Whirlpool of India Ltd.,1430972,11492.85,0.11,HDFCGR,mapped,TRUE
HDFC Balanced Advantage Fund,INF179K01WA6_HDFC Balanced Advantage Fund.xlsx,INE192R01011,Avenue Supermarts Ltd.,287665,11218.94,0.1,HDFCGR,mapped,TRUE
HDFC Balanced Advantage Fund,INF179K01WA6_HDFC Balanced Advantage Fund.xlsx,INE233B01017,Blue Dart Express Ltd.,227052,11180.04,0.1,HDFCGR,mapped,TRUE
HDFC Balanced Advantage Fund,INF179K01WA6_HDFC Balanced Advantage Fund.xlsx,INE121E01018,JSW Energy Ltd.,1978533,10296.29,0.1,HDFCGR,mapped,TRUE
HDFC Balanced Advantage Fund,INF179K01WA6_HDFC Balanced Advantage Fund.xlsx,INE203G01027,Indraprastha Gas Ltd.,6502880,9786.18,0.09,HDFCGR,mapped,TRUE
HDFC Balanced Advantage Fund,INF179K01WA6_HDFC Balanced Advantage Fund.xlsx,INE797F01020,Jubilant Foodworks Limited,2009652,9967.87,0.09,HDFCGR,mapped,TRUE
HDFC Balanced Advantage Fund,INF179K01WA6_HDFC Balanced Advantage Fund.xlsx,INE19RI01016,TENNECO CLEAN AIR INDIA LIMITED,1590399,8419.57,0.08,HDFCGR,mapped,TRUE
HDFC Balanced Advantage Fund,INF179K01WA6_HDFC Balanced Advantage Fund.xlsx,INE094J01016,UTI Asset Management Company Ltd,999852,8704.21,0.08,HDFCGR,mapped,TRUE
HDFC Balanced Advantage Fund,INF179K01WA6_HDFC Balanced Advantage Fund.xlsx,INE0INX01018,Aegis Vopak Terminals Limited,2933343,7883.36,0.07,HDFCGR,mapped,TRUE
HDFC Balanced Advantage Fund,INF179K01WA6_HDFC Balanced Advantage Fund.xlsx,INE481N01025,Home First Finance Company India Ltd,618556,7204.32,0.07,HDFCGR,mapped,TRUE
HDFC Balanced Advantage Fund,INF179K01WA6_HDFC Balanced Advantage Fund.xlsx,INE621L01012,Texmaco Rail & Engineering Ltd.,7313200,7967.73,0.07,HDFCGR,mapped,TRUE
HDFC Balanced Advantage Fund,INF179K01WA6_HDFC Balanced Advantage Fund.xlsx,INE256A01028,Zee Entertainment Enterprises Ltd.,8160030,7636.16,0.07,HDFCGR,mapped,TRUE
HDFC Balanced Advantage Fund,INF179K01WA6_HDFC Balanced Advantage Fund.xlsx,INE466L01038,360 ONE WAM LIMITED,509588,5987.66,0.06,HDFCGR,mapped,TRUE
HDFC Balanced Advantage Fund,INF179K01WA6_HDFC Balanced Advantage Fund.xlsx,INE031A01017,Housing and Urban Development Corporation Ltd.,3300000,6007.65,0.06,HDFCGR,mapped,TRUE
HDFC Balanced Advantage Fund,INF179K01WA6_HDFC Balanced Advantage Fund.xlsx,INE379A01028,ITC Hotels Limited,4147692,6640.04,0.06,HDFCGR,mapped,TRUE
HDFC Balanced Advantage Fund,INF179K01WA6_HDFC Balanced Advantage Fund.xlsx,INE00IT01020,Milky Mist Dairy Food Limited,3023499,6377.77,0.06,HDFCGR,mapped,TRUE
HDFC Balanced Advantage Fund,INF179K01WA6_HDFC Balanced Advantage Fund.xlsx,INE118D01016,Nuvoco Vistas Corporation Ltd.,2112854,6737.89,0.06,HDFCGR,mapped,TRUE
HDFC Balanced Advantage Fund,INF179K01WA6_HDFC Balanced Advantage Fund.xlsx,INE417T01026,PB Fintech Limited,359723,6744.81,0.06,HDFCGR,mapped,TRUE
HDFC Balanced Advantage Fund,INF179K01WA6_HDFC Balanced Advantage Fund.xlsx,INE669E01016,VODAFONE IDEA LIMITED,44528169,6380.89,0.06,HDFCGR,mapped,TRUE
HDFC Balanced Advantage Fund,INF179K01WA6_HDFC Balanced Advantage Fund.xlsx,INE343G01021,Bharti Hexacom Limited,345102,5333.55,0.05,HDFCGR,mapped,TRUE
HDFC Balanced Advantage Fund,INF179K01WA6_HDFC Balanced Advantage Fund.xlsx,INE262H01021,Persistent Systems Limited,100000,5594.5,0.05,HDFCGR,mapped,TRUE
HDFC Balanced Advantage Fund,INF179K01WA6_HDFC Balanced Advantage Fund.xlsx,INE813H01021,Torrent Power Ltd.,484632,5888.76,0.05,HDFCGR,mapped,TRUE
HDFC Balanced Advantage Fund,INF179K01WA6_HDFC Balanced Advantage Fund.xlsx,INE274F01020,Westlife Foodworld Limited,937597,5355.55,0.05,HDFCGR,mapped,TRUE
HDFC Balanced Advantage Fund,INF179K01WA6_HDFC Balanced Advantage Fund.xlsx,INE0AG901020,Ceigall India Limited,1313506,4483.65,0.04,HDFCGR,mapped,TRUE
HDFC Balanced Advantage Fund,INF179K01WA6_HDFC Balanced Advantage Fund.xlsx,INE259A01022,Colgate-Palmolive ( I ) Ltd.,200000,3795.2,0.04,HDFCGR,mapped,TRUE
HDFC Balanced Advantage Fund,INF179K01WA6_HDFC Balanced Advantage Fund.xlsx,INE872J01023,Devyani International Ltd,2967752,4118.35,0.04,HDFCGR,mapped,TRUE
HDFC Balanced Advantage Fund,INF179K01WA6_HDFC Balanced Advantage Fund.xlsx,INE061F01013,Fortis Healthcare Limited,500000,4534.5,0.04,HDFCGR,mapped,TRUE
HDFC Balanced Advantage Fund,INF179K01WA6_HDFC Balanced Advantage Fund.xlsx,INE346A01027,ICICI PRUDENTIAL ASSET MANAGEMENT COMPANY LIMITED,134574,4124.83,0.04,HDFCGR,mapped,TRUE
HDFC Balanced Advantage Fund,INF179K01WA6_HDFC Balanced Advantage Fund.xlsx,INE742F01042,Adani Ports & Special Economic Zone,215231,3428.85,0.03,HDFCGR,mapped,TRUE
HDFC Balanced Advantage Fund,INF179K01WA6_HDFC Balanced Advantage Fund.xlsx,INE456Z01021,Medi Assist Healthcare Services Limited,952417,3135.36,0.03,HDFCGR,mapped,TRUE
HDFC Balanced Advantage Fund,INF179K01WA6_HDFC Balanced Advantage Fund.xlsx,INE246B01019,Ramco Systems Ltd.,569833,3277.96,0.03,HDFCGR,mapped,TRUE
HDFC Balanced Advantage Fund,INF179K01WA6_HDFC Balanced Advantage Fund.xlsx,INE743M01012,RHI MAGNESITA INDIA Limited,969882,3604.08,0.03,HDFCGR,mapped,TRUE
HDFC Balanced Advantage Fund,INF179K01WA6_HDFC Balanced Advantage Fund.xlsx,INE640G01020,SBI Funds Management Limited,607230,3506.75,0.03,HDFCGR,mapped,TRUE
HDFC Balanced Advantage Fund,INF179K01WA6_HDFC Balanced Advantage Fund.xlsx,INE819V01029,Aditya Infotech Limited,60161,2145.34,0.02,HDFCGR,mapped,TRUE
HDFC Balanced Advantage Fund,INF179K01WA6_HDFC Balanced Advantage Fund.xlsx,INE377Y01014,Bajaj Housing Finance Ltd.,1950124,1638.49,0.02,HDFCGR,mapped,TRUE
HDFC Balanced Advantage Fund,INF179K01WA6_HDFC Balanced Advantage Fund.xlsx,INE0N7W01012,BEML Land Assets Limited,1113681,1848.49,0.02,HDFCGR,mapped,TRUE
HDFC Balanced Advantage Fund,INF179K01WA6_HDFC Balanced Advantage Fund.xlsx,INE085A01013,Chambal Fertilizers & Chemicals Ltd.,620921,2542.98,0.02,HDFCGR,mapped,TRUE
HDFC Balanced Advantage Fund,INF179K01WA6_HDFC Balanced Advantage Fund.xlsx,INE169A01031,Coromandel International Limited,133734,2548.84,0.02,HDFCGR,mapped,TRUE
HDFC Balanced Advantage Fund,INF179K01WA6_HDFC Balanced Advantage Fund.xlsx,INE139R01012,Fusion Finance Limited,912850,1828.62,0.02,HDFCGR,mapped,TRUE
HDFC Balanced Advantage Fund,INF179K01WA6_HDFC Balanced Advantage Fund.xlsx,INE498L01015,L&T Finance Ltd.,611641,1963.37,0.02,HDFCGR,mapped,TRUE
HDFC Balanced Advantage Fund,INF179K01WA6_HDFC Balanced Advantage Fund.xlsx,INE0MWH01014,TruAlt Bioenergy Limited,504030,2165.31,0.02,HDFCGR,mapped,TRUE
HDFC Balanced Advantage Fund,INF179K01WA6_HDFC Balanced Advantage Fund.xlsx,INE914M01019,Aster DM Quality Care Limited,92791,701.5,0.01,HDFCGR,mapped,TRUE
HDFC Balanced Advantage Fund,INF179K01WA6_HDFC Balanced Advantage Fund.xlsx,INE278Y01022,Campus Activewear Limited,458949,1038.1,0.01,HDFCGR,mapped,TRUE
HDFC Balanced Advantage Fund,INF179K01WA6_HDFC Balanced Advantage Fund.xlsx,INE168P01015,Emcure Pharmaceuticals Limited,81119,1505,0.01,HDFCGR,mapped,TRUE
HDFC Balanced Advantage Fund,INF179K01WA6_HDFC Balanced Advantage Fund.xlsx,INE0OAF01028,JNK India Limited,220323,955.65,0.01,HDFCGR,mapped,TRUE
HDFC Balanced Advantage Fund,INF179K01WA6_HDFC Balanced Advantage Fund.xlsx,INE088F01024,Paradeep Phosphates Limited,900000,1440.36,0.01,HDFCGR,mapped,TRUE
HDFC Balanced Advantage Fund,INF179K01WA6_HDFC Balanced Advantage Fund.xlsx,INE320J01015,RITES Limited,600000,1310.64,0.01,HDFCGR,mapped,TRUE
HDFC Balanced Advantage Fund,INF179K01WA6_HDFC Balanced Advantage Fund.xlsx,INE0FOO01011,Shiprocket Limited,1033648,1435.63,0.01,HDFCGR,mapped,TRUE
HDFC Balanced Advantage Fund,INF179K01WA6_HDFC Balanced Advantage Fund.xlsx,INE575P01011,Star Health and Allied Insurance Company Ltd,225476,1280.14,0.01,HDFCGR,mapped,TRUE
HDFC Balanced Advantage Fund,INF179K01WA6_HDFC Balanced Advantage Fund.xlsx,INE107A01015,Tamilnadu Newsprint & Papers Ltd.,564812,795.71,0.01,HDFCGR,mapped,TRUE
HDFC Balanced Advantage Fund,INF179K01WA6_HDFC Balanced Advantage Fund.xlsx,INE092A01019,Tata Chemicals Ltd.,220000,1414.6,0.01,HDFCGR,mapped,TRUE
HDFC Balanced Advantage Fund,INF179K01WA6_HDFC Balanced Advantage Fund.xlsx,INE692A01016,Union Bank of India,704503,1328.9,0.01,HDFCGR,mapped,TRUE
HDFC Balanced Advantage Fund,INF179K01WA6_HDFC Balanced Advantage Fund.xlsx,INE628A01036,UPL Ltd.,170402,958.09,0.01,HDFCGR,mapped,TRUE
HDFC Balanced Advantage Fund,INF179K01WA6_HDFC Balanced Advantage Fund.xlsx,INE200M01039,Varun Beverages Ltd,389122,1558.24,0.01,HDFCGR,mapped,TRUE
HDFC Balanced Advantage Fund,INF179K01WA6_HDFC Balanced Advantage Fund.xlsx,INE583L01014,AGS Transact Technologies Limited,4587241,0.46,,HDFCGR,mapped,TRUE
HDFC Balanced Advantage Fund,INF179K01WA6_HDFC Balanced Advantage Fund.xlsx,INE00WV01027,CMR Green Technologies Limited,32201,74.31,,HDFCGR,mapped,TRUE
HDFC Balanced Advantage Fund,INF179K01WA6_HDFC Balanced Advantage Fund.xlsx,INE121J01017,Indus Towers Limited,5342,20.77,,HDFCGR,mapped,TRUE
HDFC Balanced Advantage Fund,INF179K01WA6_HDFC Balanced Advantage Fund.xlsx,INE2KCE01013,Kwality Wall’s (India) Limited,1120219,508.36,,HDFCGR,mapped,TRUE
HDFC Balanced Advantage Fund,INF179K01WA6_HDFC Balanced Advantage Fund.xlsx,INE776I01010,MEP Infrastructure Developers Ltd.,8083148,0.81,,HDFCGR,mapped,TRUE
HDFC Balanced Advantage Fund,INF179K01WA6_HDFC Balanced Advantage Fund.xlsx,INE807K01035,S Chand and Company Ltd.,102953,141.83,,HDFCGR,mapped,TRUE
HDFC Balanced Advantage Fund,INF179K01WA6_HDFC Balanced Advantage Fund.xlsx,INE192A01025,Tata Consumer Products Limited,4556,47.27,,HDFCGR,mapped,TRUE
HDFC Balanced Advantage Fund,INF179K01WA6_HDFC Balanced Advantage Fund.xlsx,INE041025011,Embassy Office Parks REIT,19481031,85420.42,0.8,HDFCGR,unmapped,TRUE
HDFC Balanced Advantage Fund,INF179K01WA6_HDFC Balanced Advantage Fund.xlsx,INE0FDU25010,BROOKFIELD INDIA REAL ESTATE TRUST,15567000,53194,0.5,HDFCGR,unmapped,TRUE
HDFC Balanced Advantage Fund,INF179K01WA6_HDFC Balanced Advantage Fund.xlsx,IN0020230085,7.18% GOI MAT 140833,208533300,213022.81,1.99,HDFCGR,not_in_mapping_files,FALSE
HDFC Balanced Advantage Fund,INF179K01WA6_HDFC Balanced Advantage Fund.xlsx,IN0020230077,7.18% GOI MAT 240737,79500000,80612.76,0.75,HDFCGR,not_in_mapping_files,FALSE
HDFC Balanced Advantage Fund,INF179K01WA6_HDFC Balanced Advantage Fund.xlsx,IN0020240035,7.34% GOI MAT 220464,79485100,76393.77,0.71,HDFCGR,not_in_mapping_files,FALSE
HDFC Balanced Advantage Fund,INF179K01WA6_HDFC Balanced Advantage Fund.xlsx,IN0020240019,7.1% GOI MAT 080434,74085500,75097.95,0.7,HDFCGR,not_in_mapping_files,FALSE
HDFC Balanced Advantage Fund,INF179K01WA6_HDFC Balanced Advantage Fund.xlsx,IN0020250018,6.9% GOI MAT 150465,62500000,56737.81,0.53,HDFCGR,not_in_mapping_files,FALSE
HDFC Balanced Advantage Fund,INF179K01WA6_HDFC Balanced Advantage Fund.xlsx,IN1520250227,7.27% Gujarat SDL ISD 171225 MAT 171234^,35000000,34568.07,0.32,HDFCGR,not_in_mapping_files,FALSE
HDFC Balanced Advantage Fund,INF179K01WA6_HDFC Balanced Advantage Fund.xlsx,IN0020220060,7.26% GOI MAT 220832,25000000,25642.25,0.24,HDFCGR,not_in_mapping_files,FALSE
HDFC Balanced Advantage Fund,INF179K01WA6_HDFC Balanced Advantage Fund.xlsx,IN2120250096,7.22% Madhya Pradesh SDL ISD 060825 Mat 060843^,20000000,19055.28,0.18,HDFCGR,not_in_mapping_files,FALSE
HDFC Balanced Advantage Fund,INF179K01WA6_HDFC Balanced Advantage Fund.xlsx,IN2120250112,7.22% Madhya Pradesh ISD 060825 MAT 060848^,16900000,16005.75,0.15,HDFCGR,not_in_mapping_files,FALSE
HDFC Balanced Advantage Fund,INF179K01WA6_HDFC Balanced Advantage Fund.xlsx,IN0020240118,7.09% GOI MAT 050854,13000800,12277.77,0.11,HDFCGR,not_in_mapping_files,FALSE
HDFC Balanced Advantage Fund,INF179K01WA6_HDFC Balanced Advantage Fund.xlsx,IN0020230051,7.3% GOI MAT 190653,11500000,11141.14,0.1,HDFCGR,not_in_mapping_files,FALSE
HDFC Balanced Advantage Fund,INF179K01WA6_HDFC Balanced Advantage Fund.xlsx,IN2120210041,6.99% Madhya Pradesh SDL Mat 171141^,10000000,9354.09,0.09,HDFCGR,not_in_mapping_files,FALSE
HDFC Balanced Advantage Fund,INF179K01WA6_HDFC Balanced Advantage Fund.xlsx,IN2120250187,7.48% Madhya Pradesh MAT 011045^,10000000,9763.97,0.09,HDFCGR,not_in_mapping_files,FALSE
HDFC Balanced Advantage Fund,INF179K01WA6_HDFC Balanced Advantage Fund.xlsx,IN1020250313,7.63% Andhra Pradesh SDL ISD 030925 MAT 030937^,10000000,9946,0.09,HDFCGR,not_in_mapping_files,FALSE
HDFC Balanced Advantage Fund,INF179K01WA6_HDFC Balanced Advantage Fund.xlsx,IN0020260033,7.71% GOI MAT 180566,10000000,10091.58,0.09,HDFCGR,not_in_mapping_files,FALSE
HDFC Balanced Advantage Fund,INF179K01WA6_HDFC Balanced Advantage Fund.xlsx,IN1520250193,7.07% Gujarat SDL ISD 240925 MAT 261133^,9052000,8879.32,0.08,HDFCGR,not_in_mapping_files,FALSE
HDFC Balanced Advantage Fund,INF179K01WA6_HDFC Balanced Advantage Fund.xlsx,IN0020250075,7.24% GOI MAT 180855,7500000,7220.24,0.07,HDFCGR,not_in_mapping_files,FALSE
HDFC Balanced Advantage Fund,INF179K01WA6_HDFC Balanced Advantage Fund.xlsx,IN1020250289,7.48% Andhra Pradesh SDL ISD 030925 MAT 030933^,7948800,7946.78,0.07,HDFCGR,not_in_mapping_files,FALSE
HDFC Balanced Advantage Fund,INF179K01WA6_HDFC Balanced Advantage Fund.xlsx,IN2920250296,7.29% Rajasthan SDL ISD 191125 Mat 191137^,7054200,6846.13,0.06,HDFCGR,not_in_mapping_files,FALSE
HDFC Balanced Advantage Fund,INF179K01WA6_HDFC Balanced Advantage Fund.xlsx,IN1020250297,7.48% Andhra Pradesh SDL ISD 030925 MAT 030934^,6031200,6005.63,0.06,HDFCGR,not_in_mapping_files,FALSE
HDFC Balanced Advantage Fund,INF179K01WA6_HDFC Balanced Advantage Fund.xlsx,IN1020250305,7.62% Andhra Pradesh SDL ISD 030925 MAT 030936^,6736600,6694.81,0.06,HDFCGR,not_in_mapping_files,FALSE
HDFC Balanced Advantage Fund,INF179K01WA6_HDFC Balanced Advantage Fund.xlsx,IN2220250343,7.20% Maharashtra SDL MAT 231036^,5000000,4846.71,0.05,HDFCGR,not_in_mapping_files,FALSE
HDFC Balanced Advantage Fund,INF179K01WA6_HDFC Balanced Advantage Fund.xlsx,IN3120260077,7.39% TAMIL NADU SDL - Mat 150734^,5168400,5143.57,0.05,HDFCGR,not_in_mapping_files,FALSE
HDFC Balanced Advantage Fund,INF179K01WA6_HDFC Balanced Advantage Fund.xlsx,IN1520230203,7.64% Gujarat SDL ISD 170124 MAT 170133^,5000000,5059.96,0.05,HDFCGR,not_in_mapping_files,FALSE
HDFC Balanced Advantage Fund,INF179K01WA6_HDFC Balanced Advantage Fund.xlsx,IN1320250294,7.72% Bihar SDL - MAT 250241^,5000000,4993.87,0.05,HDFCGR,not_in_mapping_files,FALSE
HDFC Balanced Advantage Fund,INF179K01WA6_HDFC Balanced Advantage Fund.xlsx,IN1520230229,7.63% Gujarat SDL ISD 240124 Mat 240133^,4317000,4366.79,0.04,HDFCGR,not_in_mapping_files,FALSE
HDFC Balanced Advantage Fund,INF179K01WA6_HDFC Balanced Advantage Fund.xlsx,IN1520230211,7.64% % Gujarat SDL ISD 170124 Mat 170134^,3844400,3880.54,0.04,HDFCGR,not_in_mapping_files,FALSE
HDFC Balanced Advantage Fund,INF179K01WA6_HDFC Balanced Advantage Fund.xlsx,IN1620250366,7.67% Haryana SDL MAT 250241^,4135600,4120.16,0.04,HDFCGR,not_in_mapping_files,FALSE
HDFC Balanced Advantage Fund,INF179K01WA6_HDFC Balanced Advantage Fund.xlsx,IN0020240126,6.79% GOI MAT 071034,3500000,3480,0.03,HDFCGR,not_in_mapping_files,FALSE
HDFC Balanced Advantage Fund,INF179K01WA6_HDFC Balanced Advantage Fund.xlsx,IN0020230044,7.25% GOI MAT 120663,3175900,3024.43,0.03,HDFCGR,not_in_mapping_files,FALSE
HDFC Balanced Advantage Fund,INF179K01WA6_HDFC Balanced Advantage Fund.xlsx,IN3320230318,7.48% Uttar Pradesh SDL ISD 200324 Mat 200336^,3500000,3454.07,0.03,HDFCGR,not_in_mapping_files,FALSE
HDFC Balanced Advantage Fund,INF179K01WA6_HDFC Balanced Advantage Fund.xlsx,IN1520260051,7.63% Gujarat SDL - MAT 100637,3593900,3592.09,0.03,HDFCGR,not_in_mapping_files,FALSE
HDFC Balanced Advantage Fund,INF179K01WA6_HDFC Balanced Advantage Fund.xlsx,IN1520230237,7.63% Gujarat SDL ISD 240124 Mat 240134^,3000000,3026.63,0.03,HDFCGR,not_in_mapping_files,FALSE
HDFC Balanced Advantage Fund,INF179K01WA6_HDFC Balanced Advantage Fund.xlsx,IN0020240027,7.23% GOI MAT 150439^,2302500,2336.76,0.02,HDFCGR,not_in_mapping_files,FALSE
HDFC Balanced Advantage Fund,INF179K01WA6_HDFC Balanced Advantage Fund.xlsx,IN2220230345,7.45% Maharashtra ISD 220324 Mat 220339^,2009000,1976.68,0.02,HDFCGR,not_in_mapping_files,FALSE
HDFC Balanced Advantage Fund,INF179K01WA6_HDFC Balanced Advantage Fund.xlsx,IN000628C031,GOI STRIPS - Mat 170628^,1897500,1694.46,0.02,HDFCGR,not_in_mapping_files,FALSE
HDFC Balanced Advantage Fund,INF179K01WA6_HDFC Balanced Advantage Fund.xlsx,IN2220230196,7.63% Maharashtra SDL Mat 310135^,953500,956.31,0.01,HDFCGR,not_in_mapping_files,FALSE
HDFC Balanced Advantage Fund,INF179K01WA6_HDFC Balanced Advantage Fund.xlsx,IN0020200252,6.67% GOI MAT 171250,500000,453.4,,HDFCGR,not_in_mapping_files,FALSE
HDFC Balanced Advantage Fund,INF179K01WA6_HDFC Balanced Advantage Fund.xlsx,IN0020210194,6.99% GOI MAT 151251,500000,469.85,,HDFCGR,not_in_mapping_files,FALSE
HDFC Balanced Advantage Fund,INF179K01WA6_HDFC Balanced Advantage Fund.xlsx,IN0020230036,7.17% GOI MAT 170430,457200,466.77,,HDFCGR,not_in_mapping_files,FALSE
HDFC Balanced Advantage Fund,INF179K01WA6_HDFC Balanced Advantage Fund.xlsx,IN0020220151,7.26% GOI MAT 060233,58900,60.56,,HDFCGR,not_in_mapping_files,FALSE
HDFC Balanced Advantage Fund,INF179K01WA6_HDFC Balanced Advantage Fund.xlsx,IN3520230282,7.47% Chhattisgarh SDL ISD 200324 MAT 200334^,164800,163.97,,HDFCGR,not_in_mapping_files,FALSE
HDFC Balanced Advantage Fund,INF179K01WA6_HDFC Balanced Advantage Fund.xlsx,INE115A07QY1,LIC Housing Finance Ltd.^,65000,64542.92,0.6,HDFCGR,unmapped,TRUE
HDFC Balanced Advantage Fund,INF179K01WA6_HDFC Balanced Advantage Fund.xlsx,INE062A08454,State Bank of India (Tier 2 - Basel III)^,615,60550.13,0.56,HDFCGR,unmapped,TRUE
HDFC Balanced Advantage Fund,INF179K01WA6_HDFC Balanced Advantage Fund.xlsx,INE062A08447,State Bank of India (Tier 2 - Basel III)^,550,54243.04,0.51,HDFCGR,unmapped,TRUE
HDFC Balanced Advantage Fund,INF179K01WA6_HDFC Balanced Advantage Fund.xlsx,INE01XX07034,Pipeline Infrastructure Pvt. Ltd.^,51500,51857.56,0.48,HDFCGR,unmapped,TRUE
HDFC Balanced Advantage Fund,INF179K01WA6_HDFC Balanced Advantage Fund.xlsx,INE813H07457,Torrent Power Ltd.^,43500,43622.54,0.41,HDFCGR,unmapped,TRUE
HDFC Balanced Advantage Fund,INF179K01WA6_HDFC Balanced Advantage Fund.xlsx,INE556F08KW0,Small Industries Development Bank^,40000,39762.88,0.37,HDFCGR,unmapped,TRUE
HDFC Balanced Advantage Fund,INF179K01WA6_HDFC Balanced Advantage Fund.xlsx,INE020B08DA7,REC Limited.^,4000,38851.16,0.36,HDFCGR,unmapped,TRUE
HDFC Balanced Advantage Fund,INF179K01WA6_HDFC Balanced Advantage Fund.xlsx,INE556F08KL3,Small Industries Development Bank^,37500,37583.7,0.35,HDFCGR,unmapped,TRUE
HDFC Balanced Advantage Fund,INF179K01WA6_HDFC Balanced Advantage Fund.xlsx,INE040A08773,HDFC Bank Ltd.£,3500,34892.87,0.33,HDFCGR,unmapped,TRUE
HDFC Balanced Advantage Fund,INF179K01WA6_HDFC Balanced Advantage Fund.xlsx,INE031A08939,Housing and Urban Development Corporation Ltd.^,35000,34307.53,0.32,HDFCGR,unmapped,TRUE
HDFC Balanced Advantage Fund,INF179K01WA6_HDFC Balanced Advantage Fund.xlsx,INE053F08395,Indian Railways Finance Corp. Ltd.^,35000,34634.92,0.32,HDFCGR,unmapped,TRUE
HDFC Balanced Advantage Fund,INF179K01WA6_HDFC Balanced Advantage Fund.xlsx,INE296A07TH8,Bajaj Finance Ltd.^,35000,33754.46,0.31,HDFCGR,unmapped,TRUE
HDFC Balanced Advantage Fund,INF179K01WA6_HDFC Balanced Advantage Fund.xlsx,INE296A07SV1,Bajaj Finance Ltd.^,30000,29974.92,0.28,HDFCGR,unmapped,TRUE
HDFC Balanced Advantage Fund,INF179K01WA6_HDFC Balanced Advantage Fund.xlsx,INE414G07KC4,Muthoot Finance Ltd.^,30000,29832.57,0.28,HDFCGR,unmapped,TRUE
HDFC Balanced Advantage Fund,INF179K01WA6_HDFC Balanced Advantage Fund.xlsx,INE481G08156,UltraTech Cement Limited^,30000,29872.38,0.28,HDFCGR,unmapped,TRUE
HDFC Balanced Advantage Fund,INF179K01WA6_HDFC Balanced Advantage Fund.xlsx,INE040A08AF2,HDFC Bank Ltd.£,29500,29252.14,0.27,HDFCGR,unmapped,TRUE
HDFC Balanced Advantage Fund,INF179K01WA6_HDFC Balanced Advantage Fund.xlsx,INE936D07182,Jamnagar Utilities & Power Pvt. Limited^,28500,28564.75,0.27,HDFCGR,unmapped,TRUE
HDFC Balanced Advantage Fund,INF179K01WA6_HDFC Balanced Advantage Fund.xlsx,INE296A07TI6,Bajaj Finance Ltd.^,25000,24579.8,0.23,HDFCGR,unmapped,TRUE
HDFC Balanced Advantage Fund,INF179K01WA6_HDFC Balanced Advantage Fund.xlsx,INE377Y07532,Bajaj Housing Finance Ltd.^,25000,24936.5,0.23,HDFCGR,unmapped,TRUE
HDFC Balanced Advantage Fund,INF179K01WA6_HDFC Balanced Advantage Fund.xlsx,INE377Y07508,Bajaj Housing Finance Ltd.^,25000,24722.63,0.23,HDFCGR,unmapped,TRUE
HDFC Balanced Advantage Fund,INF179K01WA6_HDFC Balanced Advantage Fund.xlsx,INE028A08315,Bank of Baroda (Tier 2 - Basel III)^,250,24644.55,0.23,HDFCGR,unmapped,TRUE
HDFC Balanced Advantage Fund,INF179K01WA6_HDFC Balanced Advantage Fund.xlsx,INE756I07EU9,HDB Financial Services Ltd.^,25000,25064.93,0.23,HDFCGR,unmapped,TRUE
HDFC Balanced Advantage Fund,INF179K01WA6_HDFC Balanced Advantage Fund.xlsx,INE115A07QP9,LIC Housing Finance Ltd.^,25000,25025.9,0.23,HDFCGR,unmapped,TRUE
HDFC Balanced Advantage Fund,INF179K01WA6_HDFC Balanced Advantage Fund.xlsx,INE261F08EM1,National Bank for Agri & Rural Dev.,25000,24947.48,0.23,HDFCGR,unmapped,TRUE
HDFC Balanced Advantage Fund,INF179K01WA6_HDFC Balanced Advantage Fund.xlsx,INE160A08324,Punjab National Bank^,25000,24464.78,0.23,HDFCGR,unmapped,TRUE
HDFC Balanced Advantage Fund,INF179K01WA6_HDFC Balanced Advantage Fund.xlsx,INE557F08GD6,National Housing Bank^,22500,22379.94,0.21,HDFCGR,unmapped,TRUE
HDFC Balanced Advantage Fund,INF179K01WA6_HDFC Balanced Advantage Fund.xlsx,INE121A08PP7,Cholamandalam Investment & Finance Co. Ltd.^,20000,20180.18,0.19,HDFCGR,unmapped,TRUE
HDFC Balanced Advantage Fund,INF179K01WA6_HDFC Balanced Advantage Fund.xlsx,INE053F08353,Indian Railways Finance Corp. Ltd.^,20000,20055.08,0.19,HDFCGR,unmapped,TRUE
HDFC Balanced Advantage Fund,INF179K01WA6_HDFC Balanced Advantage Fund.xlsx,INE557F08FZ1,National Housing Bank^,20000,20034.2,0.19,HDFCGR,unmapped,TRUE
HDFC Balanced Advantage Fund,INF179K01WA6_HDFC Balanced Advantage Fund.xlsx,INE062A08405,State Bank of India (Tier 2 - Basel III)^,200,20133.42,0.19,HDFCGR,unmapped,TRUE
HDFC Balanced Advantage Fund,INF179K01WA6_HDFC Balanced Advantage Fund.xlsx,INE115A07QX3,LIC Housing Finance Ltd.^,20000,19838.66,0.18,HDFCGR,unmapped,TRUE
HDFC Balanced Advantage Fund,INF179K01WA6_HDFC Balanced Advantage Fund.xlsx,INE153A08170,Mahanagar Telephone Nigam  Ltd.^,20000,19675.88,0.18,HDFCGR,unmapped,TRUE
HDFC Balanced Advantage Fund,INF179K01WA6_HDFC Balanced Advantage Fund.xlsx,INE261F08EL3,National Bank for Agri & Rural Dev.^,20000,19793.32,0.18,HDFCGR,unmapped,TRUE
HDFC Balanced Advantage Fund,INF179K01WA6_HDFC Balanced Advantage Fund.xlsx,INE660A07SC8,Sundaram Finance Ltd.^,20000,19822.14,0.18,HDFCGR,unmapped,TRUE
HDFC Balanced Advantage Fund,INF179K01WA6_HDFC Balanced Advantage Fund.xlsx,INE121A08PZ6,Cholamandalam Investment & Finance Co. Ltd.^,17532,17452.69,0.16,HDFCGR,unmapped,TRUE
HDFC Balanced Advantage Fund,INF179K01WA6_HDFC Balanced Advantage Fund.xlsx,INE053F08403,Indian Railways Finance Corp. Ltd.^,17500,17267.01,0.16,HDFCGR,unmapped,TRUE
HDFC Balanced Advantage Fund,INF179K01WA6_HDFC Balanced Advantage Fund.xlsx,INE261F08EF5,National Bank for Agri & Rural Dev.,16250,16286.11,0.15,HDFCGR,unmapped,TRUE
HDFC Balanced Advantage Fund,INF179K01WA6_HDFC Balanced Advantage Fund.xlsx,INE020B08FE4,REC Limited.^,16500,16357.95,0.15,HDFCGR,unmapped,TRUE
HDFC Balanced Advantage Fund,INF179K01WA6_HDFC Balanced Advantage Fund.xlsx,INE115A07QO2,LIC Housing Finance Ltd.^,15500,15521.33,0.14,HDFCGR,unmapped,TRUE
HDFC Balanced Advantage Fund,INF179K01WA6_HDFC Balanced Advantage Fund.xlsx,INE115A07RC5,LIC Housing Finance Ltd.^,15000,14924.19,0.14,HDFCGR,unmapped,TRUE
HDFC Balanced Advantage Fund,INF179K01WA6_HDFC Balanced Advantage Fund.xlsx,INE414G07JZ7,Muthoot Finance Ltd.^,15000,14909.79,0.14,HDFCGR,unmapped,TRUE
HDFC Balanced Advantage Fund,INF179K01WA6_HDFC Balanced Advantage Fund.xlsx,INE261F08DV4,National Bank for Agri & Rural Dev.,15000,14986.53,0.14,HDFCGR,unmapped,TRUE
HDFC Balanced Advantage Fund,INF179K01WA6_HDFC Balanced Advantage Fund.xlsx,INE752E08775,Power Grid Corporation of India Ltd.^,15000,14607.32,0.14,HDFCGR,unmapped,TRUE
HDFC Balanced Advantage Fund,INF179K01WA6_HDFC Balanced Advantage Fund.xlsx,INE556F08KM1,Small Industries Development Bank^,15000,15033.06,0.14,HDFCGR,unmapped,TRUE
HDFC Balanced Advantage Fund,INF179K01WA6_HDFC Balanced Advantage Fund.xlsx,INE053F08478,Indian Railways Finance Corp. Ltd.^,14500,14087.17,0.13,HDFCGR,unmapped,TRUE
HDFC Balanced Advantage Fund,INF179K01WA6_HDFC Balanced Advantage Fund.xlsx,INE660A07SD6,Sundaram Finance Ltd.^,13642,13465.94,0.13,HDFCGR,unmapped,TRUE
HDFC Balanced Advantage Fund,INF179K01WA6_HDFC Balanced Advantage Fund.xlsx,INE033L07HU0,TATA Capital Housing Finance Ltd.^,1300,13006.83,0.12,HDFCGR,unmapped,TRUE
HDFC Balanced Advantage Fund,INF179K01WA6_HDFC Balanced Advantage Fund.xlsx,INE377Y07540,Bajaj Housing Finance Ltd.^,12500,12083.49,0.11,HDFCGR,unmapped,TRUE
HDFC Balanced Advantage Fund,INF179K01WA6_HDFC Balanced Advantage Fund.xlsx,INE031A08947,Housing and Urban Development Corporation Ltd.^,12500,12312.1,0.11,HDFCGR,unmapped,TRUE
HDFC Balanced Advantage Fund,INF179K01WA6_HDFC Balanced Advantage Fund.xlsx,INE936D07190,Jamnagar Utilities & Power Pvt. Limited^,12000,11697.36,0.11,HDFCGR,unmapped,TRUE
HDFC Balanced Advantage Fund,INF179K01WA6_HDFC Balanced Advantage Fund.xlsx,INE01XX07042,Pipeline Infrastructure Pvt. Ltd.^,11500,11557.02,0.11,HDFCGR,unmapped,TRUE
HDFC Balanced Advantage Fund,INF179K01WA6_HDFC Balanced Advantage Fund.xlsx,INE115A07NP6,LIC Housing Finance Ltd.^,1000,10198.73,0.1,HDFCGR,unmapped,TRUE
HDFC Balanced Advantage Fund,INF179K01WA6_HDFC Balanced Advantage Fund.xlsx,INE134E08NM4,Power Finance Corporation Ltd.^,11000,10848.71,0.1,HDFCGR,unmapped,TRUE
HDFC Balanced Advantage Fund,INF179K01WA6_HDFC Balanced Advantage Fund.xlsx,INE020B08CX1,REC Limited.^,1099,11070.21,0.1,HDFCGR,unmapped,TRUE
HDFC Balanced Advantage Fund,INF179K01WA6_HDFC Balanced Advantage Fund.xlsx,INE296A07TY3,Bajaj Finance Ltd.^,10000,9990.32,0.09,HDFCGR,unmapped,TRUE
HDFC Balanced Advantage Fund,INF179K01WA6_HDFC Balanced Advantage Fund.xlsx,INE296A07TE5,Bajaj Finance Ltd.^,10000,9752.48,0.09,HDFCGR,unmapped,TRUE
HDFC Balanced Advantage Fund,INF179K01WA6_HDFC Balanced Advantage Fund.xlsx,INE121A07SU3,Cholamandalam Investment & Finance Co. Ltd.^,10000,9982.49,0.09,HDFCGR,unmapped,TRUE
HDFC Balanced Advantage Fund,INF179K01WA6_HDFC Balanced Advantage Fund.xlsx,INE031A08996,Housing and Urban Development Corporation Ltd.^,10000,9869.2,0.09,HDFCGR,unmapped,TRUE
HDFC Balanced Advantage Fund,INF179K01WA6_HDFC Balanced Advantage Fund.xlsx,INE053F08411,Indian Railways Finance Corp. Ltd.^,10000,9975.34,0.09,HDFCGR,unmapped,TRUE
HDFC Balanced Advantage Fund,INF179K01WA6_HDFC Balanced Advantage Fund.xlsx,INE975F07IP2,Kotak Mahindra Investments Ltd.^,10000,10025.65,0.09,HDFCGR,unmapped,TRUE
HDFC Balanced Advantage Fund,INF179K01WA6_HDFC Balanced Advantage Fund.xlsx,INE115A07PN6,LIC Housing Finance Ltd.,1000,9986.47,0.09,HDFCGR,unmapped,TRUE
HDFC Balanced Advantage Fund,INF179K01WA6_HDFC Balanced Advantage Fund.xlsx,INE115A07QQ7,LIC Housing Finance Ltd.^,10000,10006.73,0.09,HDFCGR,unmapped,TRUE
HDFC Balanced Advantage Fund,INF179K01WA6_HDFC Balanced Advantage Fund.xlsx,INE115A07QJ2,LIC Housing Finance Ltd.^,1000,9990.22,0.09,HDFCGR,unmapped,TRUE
HDFC Balanced Advantage Fund,INF179K01WA6_HDFC Balanced Advantage Fund.xlsx,INE115A07MQ6,LIC Housing Finance Ltd.^,1000,10001.14,0.09,HDFCGR,unmapped,TRUE
HDFC Balanced Advantage Fund,INF179K01WA6_HDFC Balanced Advantage Fund.xlsx,INE261F08EU4,National Bank for Agri & Rural Dev.^,10000,9930.92,0.09,HDFCGR,unmapped,TRUE
HDFC Balanced Advantage Fund,INF179K01WA6_HDFC Balanced Advantage Fund.xlsx,INE261F08EN9,National Bank for Agri & Rural Dev.^,10000,9793.43,0.09,HDFCGR,unmapped,TRUE
HDFC Balanced Advantage Fund,INF179K01WA6_HDFC Balanced Advantage Fund.xlsx,INE557F08FY4,National Housing Bank^,10000,10013.79,0.09,HDFCGR,unmapped,TRUE
HDFC Balanced Advantage Fund,INF179K01WA6_HDFC Balanced Advantage Fund.xlsx,INE557F08FX6,National Housing Bank^,10000,10013.83,0.09,HDFCGR,unmapped,TRUE
HDFC Balanced Advantage Fund,INF179K01WA6_HDFC Balanced Advantage Fund.xlsx,INE134E08NN2,Power Finance Corporation Ltd.^,10000,9844.41,0.09,HDFCGR,unmapped,TRUE
HDFC Balanced Advantage Fund,INF179K01WA6_HDFC Balanced Advantage Fund.xlsx,INE134E08NO0,Power Finance Corporation Ltd.^,10000,9931.92,0.09,HDFCGR,unmapped,TRUE
HDFC Balanced Advantage Fund,INF179K01WA6_HDFC Balanced Advantage Fund.xlsx,INE134E08OA7,Power Finance Corporation Ltd.^,10000,9909.6,0.09,HDFCGR,unmapped,TRUE
HDFC Balanced Advantage Fund,INF179K01WA6_HDFC Balanced Advantage Fund.xlsx,INE556F08LD8,Small Industries Development Bank^,10000,9978.07,0.09,HDFCGR,unmapped,TRUE
HDFC Balanced Advantage Fund,INF179K01WA6_HDFC Balanced Advantage Fund.xlsx,INE556F08KK5,Small Industries Development Bank^,10000,10019.23,0.09,HDFCGR,unmapped,TRUE
HDFC Balanced Advantage Fund,INF179K01WA6_HDFC Balanced Advantage Fund.xlsx,INE976I07DE9,Tata Capital Ltd.^,10000,9956.97,0.09,HDFCGR,unmapped,TRUE
HDFC Balanced Advantage Fund,INF179K01WA6_HDFC Balanced Advantage Fund.xlsx,INE692Q07449,Toyota Financial Services India Ltd.^,10000,10001.47,0.09,HDFCGR,unmapped,TRUE
HDFC Balanced Advantage Fund,INF179K01WA6_HDFC Balanced Advantage Fund.xlsx,INE053F08387,Indian Railways Finance Corp. Ltd.^,7500,7501.02,0.07,HDFCGR,unmapped,TRUE
HDFC Balanced Advantage Fund,INF179K01WA6_HDFC Balanced Advantage Fund.xlsx,INE053F07AA7,Indian Railways Finance Corp. Ltd.^,750,7504.28,0.07,HDFCGR,unmapped,TRUE
HDFC Balanced Advantage Fund,INF179K01WA6_HDFC Balanced Advantage Fund.xlsx,INE128M08094,L&T Metro Rail (Hyderabad) Ltd^,7500,7333.61,0.07,HDFCGR,unmapped,TRUE
HDFC Balanced Advantage Fund,INF179K01WA6_HDFC Balanced Advantage Fund.xlsx,INE020B08FB0,REC Limited.^,8000,7948.05,0.07,HDFCGR,unmapped,TRUE
HDFC Balanced Advantage Fund,INF179K01WA6_HDFC Balanced Advantage Fund.xlsx,INE556F08LC0,Small Industries Development Bank,7500,7417.96,0.07,HDFCGR,unmapped,TRUE
HDFC Balanced Advantage Fund,INF179K01WA6_HDFC Balanced Advantage Fund.xlsx,INE403D08314,Bharti Telecom Limited,5778,5737.38,0.05,HDFCGR,unmapped,TRUE
HDFC Balanced Advantage Fund,INF179K01WA6_HDFC Balanced Advantage Fund.xlsx,INE403D08322,Bharti Telecom Limited^,5000,4952.01,0.05,HDFCGR,unmapped,TRUE
HDFC Balanced Advantage Fund,INF179K01WA6_HDFC Balanced Advantage Fund.xlsx,INE047A08190,Grasim Industries Ltd.^,500,5004.44,0.05,HDFCGR,unmapped,TRUE
HDFC Balanced Advantage Fund,INF179K01WA6_HDFC Balanced Advantage Fund.xlsx,INE047A08208,Grasim Industries Ltd.^,500,5012.16,0.05,HDFCGR,unmapped,TRUE
HDFC Balanced Advantage Fund,INF179K01WA6_HDFC Balanced Advantage Fund.xlsx,INE040A08666,HDFC Bank Ltd.£^,5000,4970.31,0.05,HDFCGR,unmapped,TRUE
HDFC Balanced Advantage Fund,INF179K01WA6_HDFC Balanced Advantage Fund.xlsx,INE040A08955,HDFC Bank Ltd.£^,5000,5006.55,0.05,HDFCGR,unmapped,TRUE
HDFC Balanced Advantage Fund,INF179K01WA6_HDFC Balanced Advantage Fund.xlsx,INE040A08864,HDFC Bank Ltd.£^,600,5781.03,0.05,HDFCGR,unmapped,TRUE
HDFC Balanced Advantage Fund,INF179K01WA6_HDFC Balanced Advantage Fund.xlsx,INE031A08970,Housing and Urban Development Corporation Ltd.^,5000,4892.36,0.05,HDFCGR,unmapped,TRUE
HDFC Balanced Advantage Fund,INF179K01WA6_HDFC Balanced Advantage Fund.xlsx,INE242A08569,Indian Oil Corporation Ltd.^,5000,4990.65,0.05,HDFCGR,unmapped,TRUE
HDFC Balanced Advantage Fund,INF179K01WA6_HDFC Balanced Advantage Fund.xlsx,INE053F08320,Indian Railways Finance Corp. Ltd.^,5000,4999.02,0.05,HDFCGR,unmapped,TRUE
HDFC Balanced Advantage Fund,INF179K01WA6_HDFC Balanced Advantage Fund.xlsx,INE115A07PV9,LIC Housing Finance Ltd.^,500,5010.14,0.05,HDFCGR,unmapped,TRUE
HDFC Balanced Advantage Fund,INF179K01WA6_HDFC Balanced Advantage Fund.xlsx,INE261F08ED0,National Bank for Agri & Rural Dev.^,5000,5011.07,0.05,HDFCGR,unmapped,TRUE
HDFC Balanced Advantage Fund,INF179K01WA6_HDFC Balanced Advantage Fund.xlsx,INE557F08GE4,National Housing Bank^,5000,4850.26,0.05,HDFCGR,unmapped,TRUE
HDFC Balanced Advantage Fund,INF179K01WA6_HDFC Balanced Advantage Fund.xlsx,INE752E07OF7,Power Grid Corporation of India Ltd.^,500,4999.57,0.05,HDFCGR,unmapped,TRUE
HDFC Balanced Advantage Fund,INF179K01WA6_HDFC Balanced Advantage Fund.xlsx,INE556F08KV2,Small Industries Development Bank^,5000,4974.52,0.05,HDFCGR,unmapped,TRUE
HDFC Balanced Advantage Fund,INF179K01WA6_HDFC Balanced Advantage Fund.xlsx,INE556F08KS8,Small Industries Development Bank^,5000,4958.21,0.05,HDFCGR,unmapped,TRUE
HDFC Balanced Advantage Fund,INF179K01WA6_HDFC Balanced Advantage Fund.xlsx,INE556F08KJ7,Small Industries Development Bank^,5000,5001.86,0.05,HDFCGR,unmapped,TRUE
HDFC Balanced Advantage Fund,INF179K01WA6_HDFC Balanced Advantage Fund.xlsx,INE692A08029,Union Bank of India (Perpetual) (AT1) (Basel III)^,500,5002.07,0.05,HDFCGR,unmapped,TRUE
HDFC Balanced Advantage Fund,INF179K01WA6_HDFC Balanced Advantage Fund.xlsx,INE040A08690,HDFC Bank Ltd.£^,350,3454.09,0.03,HDFCGR,unmapped,TRUE
HDFC Balanced Advantage Fund,INF179K01WA6_HDFC Balanced Advantage Fund.xlsx,INE040A08831,HDFC Bank Ltd.£^,300,2907.45,0.03,HDFCGR,unmapped,TRUE
HDFC Balanced Advantage Fund,INF179K01WA6_HDFC Balanced Advantage Fund.xlsx,INE115A07RF8,LIC Housing Finance Ltd.^,3750,3744.34,0.03,HDFCGR,unmapped,TRUE
HDFC Balanced Advantage Fund,INF179K01WA6_HDFC Balanced Advantage Fund.xlsx,INE261F08EI9,National Bank for Agri & Rural Dev.^,3750,3754.48,0.03,HDFCGR,unmapped,TRUE
HDFC Balanced Advantage Fund,INF179K01WA6_HDFC Balanced Advantage Fund.xlsx,INE020B08BC7,REC Limited.^,350,3583.19,0.03,HDFCGR,unmapped,TRUE
HDFC Balanced Advantage Fund,INF179K01WA6_HDFC Balanced Advantage Fund.xlsx,INE891K07AM5,Axis Finance Ltd.^,2500,2500.96,0.02,HDFCGR,unmapped,TRUE
HDFC Balanced Advantage Fund,INF179K01WA6_HDFC Balanced Advantage Fund.xlsx,INE053F08270,Indian Railways Finance Corp. Ltd.^,2500,2516.75,0.02,HDFCGR,unmapped,TRUE
HDFC Balanced Advantage Fund,INF179K01WA6_HDFC Balanced Advantage Fund.xlsx,INE261F08EJ7,National Bank for Agri & Rural Dev.^,2500,2493.73,0.02,HDFCGR,unmapped,TRUE
HDFC Balanced Advantage Fund,INF179K01WA6_HDFC Balanced Advantage Fund.xlsx,INE053F08536,Indian Railways Finance Corp. Ltd.^,27500,14644.63,0.14,HDFCGR,unmapped,TRUE
HDFC Balanced Advantage Fund,INF179K01WA6_HDFC Balanced Advantage Fund.xlsx,INE1CBK15037,India Universal Trust AL2 (Originator - HDFC Bank Limited)£^,250,22937.63,0.21,HDFCGR,unmapped,TRUE
HDFC Balanced Advantage Fund,INF179K01WA6_HDFC Balanced Advantage Fund.xlsx,INE1CBK15029,India Universal Trust AL2 (Originator - HDFC Bank Limited)£^,250,14231.45,0.13,HDFCGR,unmapped,TRUE
HDFC Balanced Advantage Fund,INF179K01WA6_HDFC Balanced Advantage Fund.xlsx,INE0QTL15013,Sansar Trust July 2023 II (Originator - Shriram Finance Limited)^,2500,2177.19,0.02,HDFCGR,unmapped,TRUE
HDFC Balanced Advantage Fund,INF179K01WA6_HDFC Balanced Advantage Fund.xlsx,INE0GGX23010,POWERGRID Infrastructure Investment Trust,31361789,31342.97,0.29,HDFCGR,unmapped,TRUE
HDFC Balanced Advantage Fund,INF179K01WA6_HDFC Balanced Advantage Fund.xlsx,INE2PB023011,RAAJMARG INFRA INVESTMENT TRUST,465815,565.92,0.01,HDFCGR,unmapped,TRUE
HDFC Balanced Advantage Fund,INF179K01WA6_HDFC Balanced Advantage Fund.xlsx,INE028A16KX2,Bank of Baroda^,5000,24427.58,0.23,HDFCGR,unmapped,TRUE
HDFC Balanced Advantage Fund,INF179K01WA6_HDFC Balanced Advantage Fund.xlsx,INE528G16X60,Yes Bank Ltd.^,3000,14474.72,0.13,HDFCGR,unmapped,TRUE
HDFC Balanced Advantage Fund,INF179K01WA6_HDFC Balanced Advantage Fund.xlsx,INE692A16KU1,Union Bank of India^,2000,9747.27,0.09,HDFCGR,unmapped,TRUE
HDFC Corporate Bond Fund,INF179K01XD8_HDFC Corporate Bond Fund.xlsx,IN0020250018,6.9% GOI MAT 150465,136000000,123461.48,4.08,HDFCMO,not_in_mapping_files,FALSE
HDFC Corporate Bond Fund,INF179K01XD8_HDFC Corporate Bond Fund.xlsx,IN0020200120,Floating Rate GOI 2033^,44500000,46410.56,1.53,HDFCMO,not_in_mapping_files,FALSE
HDFC Corporate Bond Fund,INF179K01XD8_HDFC Corporate Bond Fund.xlsx,IN0020250075,7.24% GOI MAT 180855,45000000,43321.41,1.43,HDFCMO,not_in_mapping_files,FALSE
HDFC Corporate Bond Fund,INF179K01XD8_HDFC Corporate Bond Fund.xlsx,IN0020180041,6.64% GOI MAT 071231,32500000,33507.5,1.11,HDFCMO,not_in_mapping_files,FALSE
HDFC Corporate Bond Fund,INF179K01XD8_HDFC Corporate Bond Fund.xlsx,IN0020240035,7.34% GOI MAT 220464,18000000,17299.94,0.57,HDFCMO,not_in_mapping_files,FALSE
HDFC Corporate Bond Fund,INF179K01XD8_HDFC Corporate Bond Fund.xlsx,IN2120250229,7.45% Madhya Pradesh SDL ISD 121125 Mat 121141^,13000000,12679.02,0.42,HDFCMO,not_in_mapping_files,FALSE
HDFC Corporate Bond Fund,INF179K01XD8_HDFC Corporate Bond Fund.xlsx,IN0020260033,7.71% GOI MAT 180566,12500000,12614.48,0.42,HDFCMO,not_in_mapping_files,FALSE
HDFC Corporate Bond Fund,INF179K01XD8_HDFC Corporate Bond Fund.xlsx,IN2920250452,7.99% Rajasthan SDL MAT 300341^,10000000,10225.78,0.34,HDFCMO,not_in_mapping_files,FALSE
HDFC Corporate Bond Fund,INF179K01XD8_HDFC Corporate Bond Fund.xlsx,IN2020250139,7.52% Kerala SDL ISD 280825 MAT 280833^,10000000,10025.37,0.33,HDFCMO,not_in_mapping_files,FALSE
HDFC Corporate Bond Fund,INF179K01XD8_HDFC Corporate Bond Fund.xlsx,IN1320250211,7.65% BIHAR SDL ISD 241225 Mat 241233^,10000000,10100.73,0.33,HDFCMO,not_in_mapping_files,FALSE
HDFC Corporate Bond Fund,INF179K01XD8_HDFC Corporate Bond Fund.xlsx,IN2220250111,7.08% Maharashtra SDL ISD 250625 MAT 250639^,10000000,9537.5,0.31,HDFCMO,not_in_mapping_files,FALSE
HDFC Corporate Bond Fund,INF179K01XD8_HDFC Corporate Bond Fund.xlsx,IN1520230203,7.64% Gujarat SDL ISD 170124 MAT 170133^,8500000,8601.93,0.28,HDFCMO,not_in_mapping_files,FALSE
HDFC Corporate Bond Fund,INF179K01XD8_HDFC Corporate Bond Fund.xlsx,IN3720230017,7.68% Jharkhand SDL ISD 240124 Mat 240132^,7500000,7583.65,0.25,HDFCMO,not_in_mapping_files,FALSE
HDFC Corporate Bond Fund,INF179K01XD8_HDFC Corporate Bond Fund.xlsx,IN1620250168,7.43% Haryana SDL MAT 170939^,7500000,7332.11,0.24,HDFCMO,not_in_mapping_files,FALSE
HDFC Corporate Bond Fund,INF179K01XD8_HDFC Corporate Bond Fund.xlsx,IN1520230211,7.64% % Gujarat SDL ISD 170124 Mat 170134^,7000000,7065.81,0.23,HDFCMO,not_in_mapping_files,FALSE
HDFC Corporate Bond Fund,INF179K01XD8_HDFC Corporate Bond Fund.xlsx,IN1020240017,7.39% Andhra Pradesh SDL ISD 030424 MAT 030430^,4997900,5032.45,0.17,HDFCMO,not_in_mapping_files,FALSE
HDFC Corporate Bond Fund,INF179K01XD8_HDFC Corporate Bond Fund.xlsx,IN1320250088,7.54% BIHAR SDL ISD 030925 Mat 030933^,5000000,5019.91,0.17,HDFCMO,not_in_mapping_files,FALSE
HDFC Corporate Bond Fund,INF179K01XD8_HDFC Corporate Bond Fund.xlsx,IN1520230237,7.63% Gujarat SDL ISD 240124 Mat 240134^,5000000,5044.38,0.17,HDFCMO,not_in_mapping_files,FALSE
HDFC Corporate Bond Fund,INF179K01XD8_HDFC Corporate Bond Fund.xlsx,IN3520230118,7.67% Chhattisgarh SDL ISD 240124 Mat 240131^,5000000,5076.94,0.17,HDFCMO,not_in_mapping_files,FALSE
HDFC Corporate Bond Fund,INF179K01XD8_HDFC Corporate Bond Fund.xlsx,IN3520230092,7.68% Chattisgarh SDL ISD 170124 MAT 170132^,5000000,5053.79,0.17,HDFCMO,not_in_mapping_files,FALSE
HDFC Corporate Bond Fund,INF179K01XD8_HDFC Corporate Bond Fund.xlsx,IN1320260020,7.69% BIHAR SDL Mat 290435^,5128400,5145.62,0.17,HDFCMO,not_in_mapping_files,FALSE
HDFC Corporate Bond Fund,INF179K01XD8_HDFC Corporate Bond Fund.xlsx,IN1620250358,7.73% Haryana SDL MAT 180245^,5000000,5011.36,0.17,HDFCMO,not_in_mapping_files,FALSE
HDFC Corporate Bond Fund,INF179K01XD8_HDFC Corporate Bond Fund.xlsx,IN1020240785,7.09% Andhra Pradesh SDL ISD 260325 MAT 260335^,5000000,4822.26,0.16,HDFCMO,not_in_mapping_files,FALSE
HDFC Corporate Bond Fund,INF179K01XD8_HDFC Corporate Bond Fund.xlsx,IN1320250047,7.22% Bihar SDL ISD 060825 Mat 060840^,5000000,4787.87,0.16,HDFCMO,not_in_mapping_files,FALSE
HDFC Corporate Bond Fund,INF179K01XD8_HDFC Corporate Bond Fund.xlsx,IN1720250100,7.45% Himachal Pradesh SDL ISD 191125 Mat 191140^,5000000,4877.7,0.16,HDFCMO,not_in_mapping_files,FALSE
HDFC Corporate Bond Fund,INF179K01XD8_HDFC Corporate Bond Fund.xlsx,IN3820250030,7.48% Puducherry SDL Mat 170936^,5000000,4914.25,0.16,HDFCMO,not_in_mapping_files,FALSE
HDFC Corporate Bond Fund,INF179K01XD8_HDFC Corporate Bond Fund.xlsx,IN1020250313,7.63% Andhra Pradesh SDL ISD 030925 MAT 030937^,5000000,4973,0.16,HDFCMO,not_in_mapping_files,FALSE
HDFC Corporate Bond Fund,INF179K01XD8_HDFC Corporate Bond Fund.xlsx,IN1320250294,7.72% Bihar SDL - MAT 250241^,5000000,4993.87,0.16,HDFCMO,not_in_mapping_files,FALSE
HDFC Corporate Bond Fund,INF179K01XD8_HDFC Corporate Bond Fund.xlsx,IN1020250040,6.88% Andhra Pradesh SDL ISD 040425 MAT 040440^,5000000,4655.73,0.15,HDFCMO,not_in_mapping_files,FALSE
HDFC Corporate Bond Fund,INF179K01XD8_HDFC Corporate Bond Fund.xlsx,IN000535C020,GOI STRIPS - Mat 250535^,7728100,4151.41,0.14,HDFCMO,not_in_mapping_files,FALSE
HDFC Corporate Bond Fund,INF179K01XD8_HDFC Corporate Bond Fund.xlsx,IN1320210041,6.82% Bihar SDL - ISD 140721 Mat 140728^,4000000,3990.06,0.13,HDFCMO,not_in_mapping_files,FALSE
HDFC Corporate Bond Fund,INF179K01XD8_HDFC Corporate Bond Fund.xlsx,IN1620250366,7.67% Haryana SDL MAT 250241^,4000000,3985.06,0.13,HDFCMO,not_in_mapping_files,FALSE
HDFC Corporate Bond Fund,INF179K01XD8_HDFC Corporate Bond Fund.xlsx,IN001135C028,GOI STRIPS - Mat 251135^,7728100,4002.15,0.13,HDFCMO,not_in_mapping_files,FALSE
HDFC Corporate Bond Fund,INF179K01XD8_HDFC Corporate Bond Fund.xlsx,IN2220250103,7.03% Maharashtra SDL ISD 250625 MAT 250638^,3500000,3330.01,0.11,HDFCMO,not_in_mapping_files,FALSE
HDFC Corporate Bond Fund,INF179K01XD8_HDFC Corporate Bond Fund.xlsx,IN1020250305,7.62% Andhra Pradesh SDL ISD 030925 MAT 030936^,3370000,3349.09,0.11,HDFCMO,not_in_mapping_files,FALSE
HDFC Corporate Bond Fund,INF179K01XD8_HDFC Corporate Bond Fund.xlsx,IN0020230150,7.24% GOI MAT 111233^,2972300,3045.83,0.1,HDFCMO,not_in_mapping_files,FALSE
HDFC Corporate Bond Fund,INF179K01XD8_HDFC Corporate Bond Fund.xlsx,IN2220240369,7.11% Maharashtra SDL ISD 080125 MAT 080138^,2500000,2396.61,0.08,HDFCMO,not_in_mapping_files,FALSE
HDFC Corporate Bond Fund,INF179K01XD8_HDFC Corporate Bond Fund.xlsx,IN1020250347,7.14% Andhra Pradesh SDL ISD 081025 MAT 081033^,2500000,2452.93,0.08,HDFCMO,not_in_mapping_files,FALSE
HDFC Corporate Bond Fund,INF179K01XD8_HDFC Corporate Bond Fund.xlsx,IN2920230389,7.66% RAJASTHAN SDL ISD 240124 Mat 240131^,2500000,2540.3,0.08,HDFCMO,not_in_mapping_files,FALSE
HDFC Corporate Bond Fund,INF179K01XD8_HDFC Corporate Bond Fund.xlsx,IN1020250289,7.48% Andhra Pradesh SDL ISD 030925 MAT 030933^,1980000,1979.5,0.07,HDFCMO,not_in_mapping_files,FALSE
HDFC Corporate Bond Fund,INF179K01XD8_HDFC Corporate Bond Fund.xlsx,IN1520260051,7.63% Gujarat SDL - MAT 100637,1796900,1796,0.06,HDFCMO,not_in_mapping_files,FALSE
HDFC Corporate Bond Fund,INF179K01XD8_HDFC Corporate Bond Fund.xlsx,IN1620250085,7.05% Haryana SDL ISD 250625 Mat 250638^,1500000,1424.8,0.05,HDFCMO,not_in_mapping_files,FALSE
HDFC Corporate Bond Fund,INF179K01XD8_HDFC Corporate Bond Fund.xlsx,IN1020250297,7.48% Andhra Pradesh SDL ISD 030925 MAT 030934^,1500000,1493.64,0.05,HDFCMO,not_in_mapping_files,FALSE
HDFC Corporate Bond Fund,INF179K01XD8_HDFC Corporate Bond Fund.xlsx,IN2120250427,7.72% Madhya Pradesh SDL ISD 180226 Mat 180245^,1500000,1500.32,0.05,HDFCMO,not_in_mapping_files,FALSE
HDFC Corporate Bond Fund,INF179K01XD8_HDFC Corporate Bond Fund.xlsx,IN000635C044,GOI STRIPS - Mat 120635^,2537500,1358.36,0.04,HDFCMO,not_in_mapping_files,FALSE
HDFC Corporate Bond Fund,INF179K01XD8_HDFC Corporate Bond Fund.xlsx,IN001235C042,GOI STRIPS - Mat 121235^,2537500,1309.56,0.04,HDFCMO,not_in_mapping_files,FALSE
HDFC Corporate Bond Fund,INF179K01XD8_HDFC Corporate Bond Fund.xlsx,IN0020220136,7.1% GOI MAT 270128^,1000000,1013.86,0.03,HDFCMO,not_in_mapping_files,FALSE
HDFC Corporate Bond Fund,INF179K01XD8_HDFC Corporate Bond Fund.xlsx,IN1020250354,7.27% Andhra Pradesh SDL ISD 081025 MAT 081036^,1071400,1038.61,0.03,HDFCMO,not_in_mapping_files,FALSE
HDFC Corporate Bond Fund,INF179K01XD8_HDFC Corporate Bond Fund.xlsx,IN1520230229,7.63% Gujarat SDL ISD 240124 Mat 240133^,1000000,1011.53,0.03,HDFCMO,not_in_mapping_files,FALSE
HDFC Corporate Bond Fund,INF179K01XD8_HDFC Corporate Bond Fund.xlsx,IN000435C031,GOI STRIPS - Mat 220435^,1532300,828.62,0.03,HDFCMO,not_in_mapping_files,FALSE
HDFC Corporate Bond Fund,INF179K01XD8_HDFC Corporate Bond Fund.xlsx,IN001035C038,GOI STRIPS - Mat 221035^,2018500,1052.36,0.03,HDFCMO,not_in_mapping_files,FALSE
HDFC Corporate Bond Fund,INF179K01XD8_HDFC Corporate Bond Fund.xlsx,IN3120220089,7.64% Tamil Nadu SDL MAT 270729^,467700,475.03,0.02,HDFCMO,not_in_mapping_files,FALSE
HDFC Corporate Bond Fund,INF179K01XD8_HDFC Corporate Bond Fund.xlsx,IN3120190217,7.17% Tamilnadu SDL MAT 271129^,300000,301.11,0.01,HDFCMO,not_in_mapping_files,FALSE
HDFC Corporate Bond Fund,INF179K01XD8_HDFC Corporate Bond Fund.xlsx,IN2220230014,7.36% Maharashtra SDL ISD 120423 Mat 120428^,64000,64.61,,HDFCMO,not_in_mapping_files,FALSE
HDFC Corporate Bond Fund,INF179K01XD8_HDFC Corporate Bond Fund.xlsx,IN3320180158,8.32% Uttar Pradesh SDL - Mat 130229^,100000,102.8,,HDFCMO,not_in_mapping_files,FALSE
HDFC Corporate Bond Fund,INF179K01XD8_HDFC Corporate Bond Fund.xlsx,INE296A07TH8,Bajaj Finance Ltd.^,110000,106085.43,3.5,HDFCMO,unmapped,TRUE
HDFC Corporate Bond Fund,INF179K01XD8_HDFC Corporate Bond Fund.xlsx,INE062A08454,State Bank of India (Tier 2 - Basel III)^,775,76303.01,2.52,HDFCMO,unmapped,TRUE
HDFC Corporate Bond Fund,INF179K01XD8_HDFC Corporate Bond Fund.xlsx,INE115A07QJ2,LIC Housing Finance Ltd.^,5000,49951.1,1.65,HDFCMO,unmapped,TRUE
HDFC Corporate Bond Fund,INF179K01XD8_HDFC Corporate Bond Fund.xlsx,INE556F08KU4,Small Industries Development Bank^,50000,49854.05,1.65,HDFCMO,unmapped,TRUE
HDFC Corporate Bond Fund,INF179K01XD8_HDFC Corporate Bond Fund.xlsx,INE040A08666,HDFC Bank Ltd.£^,50000,49703.05,1.64,HDFCMO,unmapped,TRUE
HDFC Corporate Bond Fund,INF179K01XD8_HDFC Corporate Bond Fund.xlsx,INE377Y07623,Bajaj Housing Finance Ltd.^,46542,45845.41,1.51,HDFCMO,unmapped,TRUE
HDFC Corporate Bond Fund,INF179K01XD8_HDFC Corporate Bond Fund.xlsx,INE020B08BH6,REC Limited.^,4500,45843.44,1.51,HDFCMO,unmapped,TRUE
HDFC Corporate Bond Fund,INF179K01XD8_HDFC Corporate Bond Fund.xlsx,INE906B07GP0,National Highways Authority of India^,4100,41832.79,1.38,HDFCMO,unmapped,TRUE
HDFC Corporate Bond Fund,INF179K01XD8_HDFC Corporate Bond Fund.xlsx,INE556F08KL3,Small Industries Development Bank^,40000,40089.28,1.32,HDFCMO,unmapped,TRUE
HDFC Corporate Bond Fund,INF179K01XD8_HDFC Corporate Bond Fund.xlsx,INE01XX07034,Pipeline Infrastructure Pvt. Ltd.^,39000,39270.78,1.3,HDFCMO,unmapped,TRUE
HDFC Corporate Bond Fund,INF179K01XD8_HDFC Corporate Bond Fund.xlsx,INE242A08569,Indian Oil Corporation Ltd.^,37500,37429.84,1.24,HDFCMO,unmapped,TRUE
HDFC Corporate Bond Fund,INF179K01XD8_HDFC Corporate Bond Fund.xlsx,INE040A08914,HDFC Bank Ltd.£^,35000,35085.44,1.16,HDFCMO,unmapped,TRUE
HDFC Corporate Bond Fund,INF179K01XD8_HDFC Corporate Bond Fund.xlsx,INE556F08KR0,Small Industries Development Bank^,35000,34798.75,1.15,HDFCMO,unmapped,TRUE
HDFC Corporate Bond Fund,INF179K01XD8_HDFC Corporate Bond Fund.xlsx,INE261F08EG3,National Bank for Agri & Rural Dev.^,32500,32460.42,1.07,HDFCMO,unmapped,TRUE
HDFC Corporate Bond Fund,INF179K01XD8_HDFC Corporate Bond Fund.xlsx,INE557F08GE4,National Housing Bank^,32500,31526.69,1.04,HDFCMO,unmapped,TRUE
HDFC Corporate Bond Fund,INF179K01XD8_HDFC Corporate Bond Fund.xlsx,INE557F08GD6,National Housing Bank^,30000,29839.92,0.99,HDFCMO,unmapped,TRUE
HDFC Corporate Bond Fund,INF179K01XD8_HDFC Corporate Bond Fund.xlsx,INE020B08EA5,REC Limited.^,3000,30010.32,0.99,HDFCMO,unmapped,TRUE
HDFC Corporate Bond Fund,INF179K01XD8_HDFC Corporate Bond Fund.xlsx,INE031A08939,Housing and Urban Development Corporation Ltd.^,30000,29406.45,0.97,HDFCMO,unmapped,TRUE
HDFC Corporate Bond Fund,INF179K01XD8_HDFC Corporate Bond Fund.xlsx,INE062A08470,State Bank of India^,30000,29046.78,0.96,HDFCMO,unmapped,TRUE
HDFC Corporate Bond Fund,INF179K01XD8_HDFC Corporate Bond Fund.xlsx,INE296A07TI6,Bajaj Finance Ltd.^,29000,28512.57,0.94,HDFCMO,unmapped,TRUE
HDFC Corporate Bond Fund,INF179K01XD8_HDFC Corporate Bond Fund.xlsx,INE261F08EL3,National Bank for Agri & Rural Dev.^,27500,27215.82,0.9,HDFCMO,unmapped,TRUE
HDFC Corporate Bond Fund,INF179K01XD8_HDFC Corporate Bond Fund.xlsx,INE377Y07474,Bajaj Housing Finance Ltd.^,25000,25044.68,0.83,HDFCMO,unmapped,TRUE
HDFC Corporate Bond Fund,INF179K01XD8_HDFC Corporate Bond Fund.xlsx,INE115A07QU9,LIC Housing Finance Ltd.^,25050,25006.49,0.83,HDFCMO,unmapped,TRUE
HDFC Corporate Bond Fund,INF179K01XD8_HDFC Corporate Bond Fund.xlsx,INE115A07QP9,LIC Housing Finance Ltd.^,25000,25025.9,0.83,HDFCMO,unmapped,TRUE
HDFC Corporate Bond Fund,INF179K01XD8_HDFC Corporate Bond Fund.xlsx,INE535H07CH0,SMFG India Credit Company Ltd^,25000,25033.45,0.83,HDFCMO,unmapped,TRUE
HDFC Corporate Bond Fund,INF179K01XD8_HDFC Corporate Bond Fund.xlsx,INE115A07QX3,LIC Housing Finance Ltd.^,25000,24798.33,0.82,HDFCMO,unmapped,TRUE
HDFC Corporate Bond Fund,INF179K01XD8_HDFC Corporate Bond Fund.xlsx,INE103A08035,MANGALORE REFINERY AND PETROCHEMICA^,2450,24493.51,0.81,HDFCMO,unmapped,TRUE
HDFC Corporate Bond Fund,INF179K01XD8_HDFC Corporate Bond Fund.xlsx,INE0KUG08019,National Bank for Financing Infrastructure and Development^,25000,24622.68,0.81,HDFCMO,unmapped,TRUE
HDFC Corporate Bond Fund,INF179K01XD8_HDFC Corporate Bond Fund.xlsx,INE031A08962,Housing and Urban Development Corporation Ltd.^,25000,24200.68,0.8,HDFCMO,unmapped,TRUE
HDFC Corporate Bond Fund,INF179K01XD8_HDFC Corporate Bond Fund.xlsx,INE053F07AY7,Indian Railways Finance Corp. Ltd.^,2350,23968.21,0.79,HDFCMO,unmapped,TRUE
HDFC Corporate Bond Fund,INF179K01XD8_HDFC Corporate Bond Fund.xlsx,INE00V208124,John Deere Financial India Pvt. Ltd.^,24000,23983.15,0.79,HDFCMO,unmapped,TRUE
HDFC Corporate Bond Fund,INF179K01XD8_HDFC Corporate Bond Fund.xlsx,INE975F07IR8,Kotak Mahindra Investments Ltd.^,23500,23579.67,0.78,HDFCMO,unmapped,TRUE
HDFC Corporate Bond Fund,INF179K01XD8_HDFC Corporate Bond Fund.xlsx,INE115A07QW5,LIC Housing Finance Ltd.^,22500,22495.93,0.74,HDFCMO,unmapped,TRUE
HDFC Corporate Bond Fund,INF179K01XD8_HDFC Corporate Bond Fund.xlsx,INE756I07EJ2,HDB Financial Services Ltd.^,2200,21967.11,0.73,HDFCMO,unmapped,TRUE
HDFC Corporate Bond Fund,INF179K01XD8_HDFC Corporate Bond Fund.xlsx,INE033L07HU0,TATA Capital Housing Finance Ltd.^,2200,22011.55,0.73,HDFCMO,unmapped,TRUE
HDFC Corporate Bond Fund,INF179K01XD8_HDFC Corporate Bond Fund.xlsx,INE01XX07042,Pipeline Infrastructure Pvt. Ltd.^,20500,20601.64,0.68,HDFCMO,unmapped,TRUE
HDFC Corporate Bond Fund,INF179K01XD8_HDFC Corporate Bond Fund.xlsx,INE134E08MX3,Power Finance Corporation Ltd.^,20000,19961.66,0.66,HDFCMO,unmapped,TRUE
HDFC Corporate Bond Fund,INF179K01XD8_HDFC Corporate Bond Fund.xlsx,INE556F08KW0,Small Industries Development Bank^,20000,19881.44,0.66,HDFCMO,unmapped,TRUE
HDFC Corporate Bond Fund,INF179K01XD8_HDFC Corporate Bond Fund.xlsx,INE0OJ808028,ASCENDAS IT PARK PUNE PRIVATE LIMITED^,20001,19616.54,0.65,HDFCMO,unmapped,TRUE
HDFC Corporate Bond Fund,INF179K01XD8_HDFC Corporate Bond Fund.xlsx,INE752E08676,Power Grid Corporation of India Ltd.^,30000,19548.21,0.65,HDFCMO,unmapped,TRUE
HDFC Corporate Bond Fund,INF179K01XD8_HDFC Corporate Bond Fund.xlsx,INE053F08486,Indian Railways Finance Corp. Ltd.^,20000,19445.94,0.64,HDFCMO,unmapped,TRUE
HDFC Corporate Bond Fund,INF179K01XD8_HDFC Corporate Bond Fund.xlsx,INE020B08DA7,REC Limited.^,2000,19425.58,0.64,HDFCMO,unmapped,TRUE
HDFC Corporate Bond Fund,INF179K01XD8_HDFC Corporate Bond Fund.xlsx,INE0KUG08050,National Bank for Financing Infrastructure and Development^,20000,19220.34,0.63,HDFCMO,unmapped,TRUE
HDFC Corporate Bond Fund,INF179K01XD8_HDFC Corporate Bond Fund.xlsx,INE134E08MJ2,Power Finance Corporation Ltd.^,18000,18042.34,0.6,HDFCMO,unmapped,TRUE
HDFC Corporate Bond Fund,INF179K01XD8_HDFC Corporate Bond Fund.xlsx,INE481G08149,UltraTech Cement Limited^,17953,17838.05,0.59,HDFCMO,unmapped,TRUE
HDFC Corporate Bond Fund,INF179K01XD8_HDFC Corporate Bond Fund.xlsx,INE261F08DV4,National Bank for Agri & Rural Dev.,17500,17484.29,0.58,HDFCMO,unmapped,TRUE
HDFC Corporate Bond Fund,INF179K01XD8_HDFC Corporate Bond Fund.xlsx,INE377Y07508,Bajaj Housing Finance Ltd.^,17500,17305.84,0.57,HDFCMO,unmapped,TRUE
HDFC Corporate Bond Fund,INF179K01XD8_HDFC Corporate Bond Fund.xlsx,INE756I07FG5,HDB Financial Services Ltd.^,15500,15347.93,0.51,HDFCMO,unmapped,TRUE
HDFC Corporate Bond Fund,INF179K01XD8_HDFC Corporate Bond Fund.xlsx,INE053F07BA5,Indian Railways Finance Corp. Ltd.^,1500,15363.18,0.51,HDFCMO,unmapped,TRUE
HDFC Corporate Bond Fund,INF179K01XD8_HDFC Corporate Bond Fund.xlsx,INE094A08135,Hindustan Petroleum Corp. Ltd.^,1500,15066.12,0.5,HDFCMO,unmapped,TRUE
HDFC Corporate Bond Fund,INF179K01XD8_HDFC Corporate Bond Fund.xlsx,INE031A08970,Housing and Urban Development Corporation Ltd.^,15050,14725.99,0.49,HDFCMO,unmapped,TRUE
HDFC Corporate Bond Fund,INF179K01XD8_HDFC Corporate Bond Fund.xlsx,INE134E08NM4,Power Finance Corporation Ltd.^,15000,14793.69,0.49,HDFCMO,unmapped,TRUE
HDFC Corporate Bond Fund,INF179K01XD8_HDFC Corporate Bond Fund.xlsx,INE053F08478,Indian Railways Finance Corp. Ltd.^,15000,14572.94,0.48,HDFCMO,unmapped,TRUE
HDFC Corporate Bond Fund,INF179K01XD8_HDFC Corporate Bond Fund.xlsx,INE020B08FO3,REC Limited.^,15000,14545.76,0.48,HDFCMO,unmapped,TRUE
HDFC Corporate Bond Fund,INF179K01XD8_HDFC Corporate Bond Fund.xlsx,INE020B08BO2,REC Limited.^,1400,14262.47,0.47,HDFCMO,unmapped,TRUE
HDFC Corporate Bond Fund,INF179K01XD8_HDFC Corporate Bond Fund.xlsx,INE020B08BG8,REC Limited.^,1300,13291.54,0.44,HDFCMO,unmapped,TRUE
HDFC Corporate Bond Fund,INF179K01XD8_HDFC Corporate Bond Fund.xlsx,INE002A08542,Reliance Industries Ltd.^,1300,13382.32,0.44,HDFCMO,unmapped,TRUE
HDFC Corporate Bond Fund,INF179K01XD8_HDFC Corporate Bond Fund.xlsx,INE261F08EM1,National Bank for Agri & Rural Dev.,12500,12473.74,0.41,HDFCMO,unmapped,TRUE
HDFC Corporate Bond Fund,INF179K01XD8_HDFC Corporate Bond Fund.xlsx,INE261F08EH1,National Bank for Agri & Rural Dev.^,12500,12467.51,0.41,HDFCMO,unmapped,TRUE
HDFC Corporate Bond Fund,INF179K01XD8_HDFC Corporate Bond Fund.xlsx,INE134E08NO0,Power Finance Corporation Ltd.^,12500,12414.9,0.41,HDFCMO,unmapped,TRUE
HDFC Corporate Bond Fund,INF179K01XD8_HDFC Corporate Bond Fund.xlsx,INE556F08KV2,Small Industries Development Bank^,12500,12436.3,0.41,HDFCMO,unmapped,TRUE
HDFC Corporate Bond Fund,INF179K01XD8_HDFC Corporate Bond Fund.xlsx,INE556F08KS8,Small Industries Development Bank^,12500,12395.53,0.41,HDFCMO,unmapped,TRUE
HDFC Corporate Bond Fund,INF179K01XD8_HDFC Corporate Bond Fund.xlsx,INE535H07CJ6,SMFG India Credit Company Ltd^,12500,12547.38,0.41,HDFCMO,unmapped,TRUE
HDFC Corporate Bond Fund,INF179K01XD8_HDFC Corporate Bond Fund.xlsx,INE692Q07480,Toyota Financial Services India Ltd.^,12500,12529.16,0.41,HDFCMO,unmapped,TRUE
HDFC Corporate Bond Fund,INF179K01XD8_HDFC Corporate Bond Fund.xlsx,INE752E08726,Power Grid Corporation of India Ltd.^,15000,12020.18,0.4,HDFCMO,unmapped,TRUE
HDFC Corporate Bond Fund,INF179K01XD8_HDFC Corporate Bond Fund.xlsx,INE752E08692,Power Grid Corporation of India Ltd.^,15000,10198.17,0.34,HDFCMO,unmapped,TRUE
HDFC Corporate Bond Fund,INF179K01XD8_HDFC Corporate Bond Fund.xlsx,INE020B08BU9,REC Limited.^,1000,10152.57,0.34,HDFCMO,unmapped,TRUE
HDFC Corporate Bond Fund,INF179K01XD8_HDFC Corporate Bond Fund.xlsx,INE020B08BE3,REC Limited.^,1000,10216.77,0.34,HDFCMO,unmapped,TRUE
HDFC Corporate Bond Fund,INF179K01XD8_HDFC Corporate Bond Fund.xlsx,INE040A08435,HDFC Bank Ltd. (Tier 2 - Basel III)£^,100,9958.31,0.33,HDFCMO,unmapped,TRUE
HDFC Corporate Bond Fund,INF179K01XD8_HDFC Corporate Bond Fund.xlsx,INE094A08150,Hindustan Petroleum Corp. Ltd.^,10000,10059.14,0.33,HDFCMO,unmapped,TRUE
HDFC Corporate Bond Fund,INF179K01XD8_HDFC Corporate Bond Fund.xlsx,INE031A08947,Housing and Urban Development Corporation Ltd.^,10000,9849.68,0.33,HDFCMO,unmapped,TRUE
HDFC Corporate Bond Fund,INF179K01XD8_HDFC Corporate Bond Fund.xlsx,INE242A08544,Indian Oil Corporation Ltd.^,1000,10025.6,0.33,HDFCMO,unmapped,TRUE
HDFC Corporate Bond Fund,INF179K01XD8_HDFC Corporate Bond Fund.xlsx,INE053F07BW9,Indian Railways Finance Corp. Ltd.^,1000,10009.25,0.33,HDFCMO,unmapped,TRUE
HDFC Corporate Bond Fund,INF179K01XD8_HDFC Corporate Bond Fund.xlsx,INE282H07067,Jio Credit Ltd,10000,10008.2,0.33,HDFCMO,unmapped,TRUE
HDFC Corporate Bond Fund,INF179K01XD8_HDFC Corporate Bond Fund.xlsx,INE916DA7SE8,Kotak Mahindra Prime Ltd.^,10000,10006.57,0.33,HDFCMO,unmapped,TRUE
HDFC Corporate Bond Fund,INF179K01XD8_HDFC Corporate Bond Fund.xlsx,INE115A07RD3,LIC Housing Finance Ltd.^,10000,9936.91,0.33,HDFCMO,unmapped,TRUE
HDFC Corporate Bond Fund,INF179K01XD8_HDFC Corporate Bond Fund.xlsx,INE261F08EU4,National Bank for Agri & Rural Dev.^,10000,9930.92,0.33,HDFCMO,unmapped,TRUE
HDFC Corporate Bond Fund,INF179K01XD8_HDFC Corporate Bond Fund.xlsx,INE906B07HG7,National Highways Authority of India^,1000,10030.35,0.33,HDFCMO,unmapped,TRUE
HDFC Corporate Bond Fund,INF179K01XD8_HDFC Corporate Bond Fund.xlsx,INE357L07473,Nomura Capital India Pvt. Ltd.^,10000,10066.94,0.33,HDFCMO,unmapped,TRUE
HDFC Corporate Bond Fund,INF179K01XD8_HDFC Corporate Bond Fund.xlsx,INE134E08MA1,Power Finance Corporation Ltd.,10000,9968.16,0.33,HDFCMO,unmapped,TRUE
HDFC Corporate Bond Fund,INF179K01XD8_HDFC Corporate Bond Fund.xlsx,INE752E08718,Power Grid Corporation of India Ltd.^,12500,10051.28,0.33,HDFCMO,unmapped,TRUE
HDFC Corporate Bond Fund,INF179K01XD8_HDFC Corporate Bond Fund.xlsx,INE377Y07516,Bajaj Housing Finance Ltd.^,10000,9697.22,0.32,HDFCMO,unmapped,TRUE
HDFC Corporate Bond Fund,INF179K01XD8_HDFC Corporate Bond Fund.xlsx,INE377Y07540,Bajaj Housing Finance Ltd.^,10000,9666.79,0.32,HDFCMO,unmapped,TRUE
HDFC Corporate Bond Fund,INF179K01XD8_HDFC Corporate Bond Fund.xlsx,INE040A08864,HDFC Bank Ltd.£^,1000,9635.05,0.32,HDFCMO,unmapped,TRUE
HDFC Corporate Bond Fund,INF179K01XD8_HDFC Corporate Bond Fund.xlsx,INE053F08528,Indian Railways Finance Corp. Ltd.^,10000,9710.14,0.32,HDFCMO,unmapped,TRUE
HDFC Corporate Bond Fund,INF179K01XD8_HDFC Corporate Bond Fund.xlsx,INE261F08AX6,National Bank for Agri & Rural Dev.^,950,9626.81,0.32,HDFCMO,unmapped,TRUE
HDFC Corporate Bond Fund,INF179K01XD8_HDFC Corporate Bond Fund.xlsx,INE261F08EQ2,National Bank for Agri & Rural Dev.^,10000,9818.21,0.32,HDFCMO,unmapped,TRUE
HDFC Corporate Bond Fund,INF179K01XD8_HDFC Corporate Bond Fund.xlsx,INE134E08NR3,Power Finance Corporation Ltd.^,10000,9666.26,0.32,HDFCMO,unmapped,TRUE
HDFC Corporate Bond Fund,INF179K01XD8_HDFC Corporate Bond Fund.xlsx,INE556F08KZ3,Small Industries Development Bank^,10000,9793.73,0.32,HDFCMO,unmapped,TRUE
HDFC Corporate Bond Fund,INF179K01XD8_HDFC Corporate Bond Fund.xlsx,INE377Y07300,Bajaj Housing Finance Ltd.^,950,9496.99,0.31,HDFCMO,unmapped,TRUE
HDFC Corporate Bond Fund,INF179K01XD8_HDFC Corporate Bond Fund.xlsx,INE053F08106,Indian Railways Finance Corp. Ltd.^,940,9164.91,0.3,HDFCMO,unmapped,TRUE
HDFC Corporate Bond Fund,INF179K01XD8_HDFC Corporate Bond Fund.xlsx,INE01XX07059,Pipeline Infrastructure Pvt. Ltd.^,9000,9025.52,0.3,HDFCMO,unmapped,TRUE
HDFC Corporate Bond Fund,INF179K01XD8_HDFC Corporate Bond Fund.xlsx,INE053F07AZ4,Indian Railways Finance Corp. Ltd.^,850,8668.99,0.29,HDFCMO,unmapped,TRUE
HDFC Corporate Bond Fund,INF179K01XD8_HDFC Corporate Bond Fund.xlsx,INE296A07TJ4,Bajaj Finance Ltd.,7500,7421.77,0.25,HDFCMO,unmapped,TRUE
HDFC Corporate Bond Fund,INF179K01XD8_HDFC Corporate Bond Fund.xlsx,INE377Y07532,Bajaj Housing Finance Ltd.^,7500,7480.95,0.25,HDFCMO,unmapped,TRUE
HDFC Corporate Bond Fund,INF179K01XD8_HDFC Corporate Bond Fund.xlsx,INE756I07FQ4,HDB Financial Services Ltd.^,7500,7523.04,0.25,HDFCMO,unmapped,TRUE
HDFC Corporate Bond Fund,INF179K01XD8_HDFC Corporate Bond Fund.xlsx,INE094A08143,Hindustan Petroleum Corp. Ltd.^,750,7555.93,0.25,HDFCMO,unmapped,TRUE
HDFC Corporate Bond Fund,INF179K01XD8_HDFC Corporate Bond Fund.xlsx,INE261F08EO7,National Bank for Agri & Rural Dev.,7500,7478.71,0.25,HDFCMO,unmapped,TRUE
HDFC Corporate Bond Fund,INF179K01XD8_HDFC Corporate Bond Fund.xlsx,INE261F08DU6,National Bank for Agri & Rural Dev.^,750,7432.73,0.25,HDFCMO,unmapped,TRUE
HDFC Corporate Bond Fund,INF179K01XD8_HDFC Corporate Bond Fund.xlsx,INE261F08DY8,National Bank for Agri & Rural Dev.^,7700,7697.46,0.25,HDFCMO,unmapped,TRUE
HDFC Corporate Bond Fund,INF179K01XD8_HDFC Corporate Bond Fund.xlsx,INE206D08493,Nuclear Power Corporation of India Ltd.^,750,7486.51,0.25,HDFCMO,unmapped,TRUE
HDFC Corporate Bond Fund,INF179K01XD8_HDFC Corporate Bond Fund.xlsx,INE020B08BQ7,REC Limited.^,750,7699.61,0.25,HDFCMO,unmapped,TRUE
HDFC Corporate Bond Fund,INF179K01XD8_HDFC Corporate Bond Fund.xlsx,INE906B07HH5,National Highways Authority of India^,700,7061.58,0.23,HDFCMO,unmapped,TRUE
HDFC Corporate Bond Fund,INF179K01XD8_HDFC Corporate Bond Fund.xlsx,INE975F07IP2,Kotak Mahindra Investments Ltd.^,6500,6516.67,0.22,HDFCMO,unmapped,TRUE
HDFC Corporate Bond Fund,INF179K01XD8_HDFC Corporate Bond Fund.xlsx,INE296A07TE5,Bajaj Finance Ltd.^,5500,5363.86,0.18,HDFCMO,unmapped,TRUE
HDFC Corporate Bond Fund,INF179K01XD8_HDFC Corporate Bond Fund.xlsx,INE357L07481,Nomura Capital India Pvt. Ltd.^,5500,5534.74,0.18,HDFCMO,unmapped,TRUE
HDFC Corporate Bond Fund,INF179K01XD8_HDFC Corporate Bond Fund.xlsx,INE031A08616,Housing and Urban Development Corporation Ltd.^,500,5131.35,0.17,HDFCMO,unmapped,TRUE
HDFC Corporate Bond Fund,INF179K01XD8_HDFC Corporate Bond Fund.xlsx,INE242A08551,Indian Oil Corporation Ltd.^,5000,5010.49,0.17,HDFCMO,unmapped,TRUE
HDFC Corporate Bond Fund,INF179K01XD8_HDFC Corporate Bond Fund.xlsx,INE053F08247,Indian Railways Finance Corp. Ltd.^,5000,5008.25,0.17,HDFCMO,unmapped,TRUE
HDFC Corporate Bond Fund,INF179K01XD8_HDFC Corporate Bond Fund.xlsx,INE498L07046,L&T Finance Ltd.^,5000,5013.58,0.17,HDFCMO,unmapped,TRUE
HDFC Corporate Bond Fund,INF179K01XD8_HDFC Corporate Bond Fund.xlsx,INE498L07038,L&T Finance Ltd.^,5000,5016.4,0.17,HDFCMO,unmapped,TRUE
HDFC Corporate Bond Fund,INF179K01XD8_HDFC Corporate Bond Fund.xlsx,INE261F08AP2,National Bank for Agri & Rural Dev.^,500,5117.07,0.17,HDFCMO,unmapped,TRUE
HDFC Corporate Bond Fund,INF179K01XD8_HDFC Corporate Bond Fund.xlsx,INE261F08BH7,National Bank for Agri & Rural Dev.^,500,5069.29,0.17,HDFCMO,unmapped,TRUE
HDFC Corporate Bond Fund,INF179K01XD8_HDFC Corporate Bond Fund.xlsx,INE127K08017,Nomura Fixed Income Securities Pvt.^,5000,5008.9,0.17,HDFCMO,unmapped,TRUE
HDFC Corporate Bond Fund,INF179K01XD8_HDFC Corporate Bond Fund.xlsx,INE206D08501,Nuclear Power Corporation of India Ltd.^,5000,5015.61,0.17,HDFCMO,unmapped,TRUE
HDFC Corporate Bond Fund,INF179K01XD8_HDFC Corporate Bond Fund.xlsx,INE002A08534,Reliance Industries Ltd.^,500,5153.25,0.17,HDFCMO,unmapped,TRUE
HDFC Corporate Bond Fund,INF179K01XD8_HDFC Corporate Bond Fund.xlsx,INE556F08KQ2,Small Industries Development Bank^,5000,5002.76,0.17,HDFCMO,unmapped,TRUE
HDFC Corporate Bond Fund,INF179K01XD8_HDFC Corporate Bond Fund.xlsx,INE514E08GE8,Export - Import Bank of India^,5000,4996.7,0.16,HDFCMO,unmapped,TRUE
HDFC Corporate Bond Fund,INF179K01XD8_HDFC Corporate Bond Fund.xlsx,INE094A08176,Hindustan Petroleum Corp. Ltd.^,5000,4905.57,0.16,HDFCMO,unmapped,TRUE
HDFC Corporate Bond Fund,INF179K01XD8_HDFC Corporate Bond Fund.xlsx,INE053F08502,Indian Railways Finance Corp. Ltd.^,5000,4866.77,0.16,HDFCMO,unmapped,TRUE
HDFC Corporate Bond Fund,INF179K01XD8_HDFC Corporate Bond Fund.xlsx,INE261F08EK5,National Bank for Agri & Rural Dev.,5000,4983.73,0.16,HDFCMO,unmapped,TRUE
HDFC Corporate Bond Fund,INF179K01XD8_HDFC Corporate Bond Fund.xlsx,INE261F08ES8,National Bank for Agri & Rural Dev.^,5000,4921.57,0.16,HDFCMO,unmapped,TRUE
HDFC Corporate Bond Fund,INF179K01XD8_HDFC Corporate Bond Fund.xlsx,INE557F08GC8,National Housing Bank^,5000,4963.65,0.16,HDFCMO,unmapped,TRUE
HDFC Corporate Bond Fund,INF179K01XD8_HDFC Corporate Bond Fund.xlsx,INE134E08NN2,Power Finance Corporation Ltd.^,5000,4922.21,0.16,HDFCMO,unmapped,TRUE
HDFC Corporate Bond Fund,INF179K01XD8_HDFC Corporate Bond Fund.xlsx,INE020B08FU0,REC Limited.^,5000,4872.3,0.16,HDFCMO,unmapped,TRUE
HDFC Corporate Bond Fund,INF179K01XD8_HDFC Corporate Bond Fund.xlsx,INE556F08LB2,Small Industries Development Bank^,5000,4930.47,0.16,HDFCMO,unmapped,TRUE
HDFC Corporate Bond Fund,INF179K01XD8_HDFC Corporate Bond Fund.xlsx,INE062A08389,State Bank of India^,5000,4971,0.16,HDFCMO,unmapped,TRUE
HDFC Corporate Bond Fund,INF179K01XD8_HDFC Corporate Bond Fund.xlsx,INE062A08330,State Bank of India^,500,4962.31,0.16,HDFCMO,unmapped,TRUE
HDFC Corporate Bond Fund,INF179K01XD8_HDFC Corporate Bond Fund.xlsx,INE151A08356,Tata Communications Limited^,5000,4918.6,0.16,HDFCMO,unmapped,TRUE
HDFC Corporate Bond Fund,INF179K01XD8_HDFC Corporate Bond Fund.xlsx,INE692Q07514,Toyota Financial Services India Ltd.^,4500,4496.3,0.15,HDFCMO,unmapped,TRUE
HDFC Corporate Bond Fund,INF179K01XD8_HDFC Corporate Bond Fund.xlsx,INE906B07GO3,National Highways Authority of India^,400,4095.93,0.14,HDFCMO,unmapped,TRUE
HDFC Corporate Bond Fund,INF179K01XD8_HDFC Corporate Bond Fund.xlsx,INE020B08FB0,REC Limited.^,4380,4351.56,0.14,HDFCMO,unmapped,TRUE
HDFC Corporate Bond Fund,INF179K01XD8_HDFC Corporate Bond Fund.xlsx,INE053F08395,Indian Railways Finance Corp. Ltd.^,4000,3958.28,0.13,HDFCMO,unmapped,TRUE
HDFC Corporate Bond Fund,INF179K01XD8_HDFC Corporate Bond Fund.xlsx,INE357L07507,Nomura Capital India Pvt. Ltd.^,4000,4010.61,0.13,HDFCMO,unmapped,TRUE
HDFC Corporate Bond Fund,INF179K01XD8_HDFC Corporate Bond Fund.xlsx,INE134E08JP5,Power Finance Corporation Ltd.^,400,4023.8,0.13,HDFCMO,unmapped,TRUE
HDFC Corporate Bond Fund,INF179K01XD8_HDFC Corporate Bond Fund.xlsx,INE134E08ME3,Power Finance Corporation Ltd.^,3000,3014.89,0.1,HDFCMO,unmapped,TRUE
HDFC Corporate Bond Fund,INF179K01XD8_HDFC Corporate Bond Fund.xlsx,INE134E08MD5,Power Finance Corporation Ltd.^,3000,3017.3,0.1,HDFCMO,unmapped,TRUE
HDFC Corporate Bond Fund,INF179K01XD8_HDFC Corporate Bond Fund.xlsx,INE134E08MF0,Power Finance Corporation Ltd.^,3000,3012.1,0.1,HDFCMO,unmapped,TRUE
HDFC Corporate Bond Fund,INF179K01XD8_HDFC Corporate Bond Fund.xlsx,INE134E08MG8,Power Finance Corporation Ltd.^,3000,3015.65,0.1,HDFCMO,unmapped,TRUE
HDFC Corporate Bond Fund,INF179K01XD8_HDFC Corporate Bond Fund.xlsx,INE020B08BS3,REC Limited.^,300,3078.74,0.1,HDFCMO,unmapped,TRUE
HDFC Corporate Bond Fund,INF179K01XD8_HDFC Corporate Bond Fund.xlsx,INE514E08GF5,Export - Import Bank of India^,2500,2471.97,0.08,HDFCMO,unmapped,TRUE
HDFC Corporate Bond Fund,INF179K01XD8_HDFC Corporate Bond Fund.xlsx,INE040A08AB1,HDFC Bank Ltd.£^,250,2561.13,0.08,HDFCMO,unmapped,TRUE
HDFC Corporate Bond Fund,INF179K01XD8_HDFC Corporate Bond Fund.xlsx,INE053F08452,Indian Railways Finance Corp. Ltd.^,2500,2429.45,0.08,HDFCMO,unmapped,TRUE
HDFC Corporate Bond Fund,INF179K01XD8_HDFC Corporate Bond Fund.xlsx,INE053F08296,Indian Railways Finance Corp. Ltd.^,2500,2521.66,0.08,HDFCMO,unmapped,TRUE
HDFC Corporate Bond Fund,INF179K01XD8_HDFC Corporate Bond Fund.xlsx,INE936D07182,Jamnagar Utilities & Power Pvt. Limited^,2500,2505.68,0.08,HDFCMO,unmapped,TRUE
HDFC Corporate Bond Fund,INF179K01XD8_HDFC Corporate Bond Fund.xlsx,INE498L07145,L&T Finance Ltd.^,2500,2469.03,0.08,HDFCMO,unmapped,TRUE
HDFC Corporate Bond Fund,INF179K01XD8_HDFC Corporate Bond Fund.xlsx,INE115A07QM6,LIC Housing Finance Ltd.^,250,2501.58,0.08,HDFCMO,unmapped,TRUE
HDFC Corporate Bond Fund,INF179K01XD8_HDFC Corporate Bond Fund.xlsx,INE115A07NP6,LIC Housing Finance Ltd.^,250,2549.68,0.08,HDFCMO,unmapped,TRUE
HDFC Corporate Bond Fund,INF179K01XD8_HDFC Corporate Bond Fund.xlsx,INE115A07OB4,LIC Housing Finance Ltd.^,250,2547.56,0.08,HDFCMO,unmapped,TRUE
HDFC Corporate Bond Fund,INF179K01XD8_HDFC Corporate Bond Fund.xlsx,INE261F08BA2,National Bank for Agri & Rural Dev.^,250,2548.06,0.08,HDFCMO,unmapped,TRUE
HDFC Corporate Bond Fund,INF179K01XD8_HDFC Corporate Bond Fund.xlsx,INE906B07HD4,National Highways Authority of India^,250,2557.91,0.08,HDFCMO,unmapped,TRUE
HDFC Corporate Bond Fund,INF179K01XD8_HDFC Corporate Bond Fund.xlsx,INE906B07HF9,National Highways Authority of India^,250,2525.91,0.08,HDFCMO,unmapped,TRUE
HDFC Corporate Bond Fund,INF179K01XD8_HDFC Corporate Bond Fund.xlsx,INE733E07KJ7,NTPC Limited^,250,2554.5,0.08,HDFCMO,unmapped,TRUE
HDFC Corporate Bond Fund,INF179K01XD8_HDFC Corporate Bond Fund.xlsx,INE733E08239,NTPC Limited^,250,2491.92,0.08,HDFCMO,unmapped,TRUE
HDFC Corporate Bond Fund,INF179K01XD8_HDFC Corporate Bond Fund.xlsx,INE134E08KC1,Power Finance Corporation Ltd.^,250,2569,0.08,HDFCMO,unmapped,TRUE
HDFC Corporate Bond Fund,INF179K01XD8_HDFC Corporate Bond Fund.xlsx,INE134E08KV1,Power Finance Corporation Ltd.^,250,2505.81,0.08,HDFCMO,unmapped,TRUE
HDFC Corporate Bond Fund,INF179K01XD8_HDFC Corporate Bond Fund.xlsx,INE020B08GE2,REC Limited.^,2500,2468.32,0.08,HDFCMO,unmapped,TRUE
HDFC Corporate Bond Fund,INF179K01XD8_HDFC Corporate Bond Fund.xlsx,INE020B08EC1,REC Limited.^,250,2479.49,0.08,HDFCMO,unmapped,TRUE
HDFC Corporate Bond Fund,INF179K01XD8_HDFC Corporate Bond Fund.xlsx,INE002A08690,Reliance Industries Ltd.^,250,2563.29,0.08,HDFCMO,unmapped,TRUE
HDFC Corporate Bond Fund,INF179K01XD8_HDFC Corporate Bond Fund.xlsx,INE556F08KT6,Small Industries Development Bank^,2500,2491.25,0.08,HDFCMO,unmapped,TRUE
HDFC Corporate Bond Fund,INF179K01XD8_HDFC Corporate Bond Fund.xlsx,INE556F08KN9,Small Industries Development Bank^,2500,2504.71,0.08,HDFCMO,unmapped,TRUE
HDFC Corporate Bond Fund,INF179K01XD8_HDFC Corporate Bond Fund.xlsx,INE213W07293,SMFG India Home Finance Company Ltd^,2500,2501,0.08,HDFCMO,unmapped,TRUE
HDFC Corporate Bond Fund,INF179K01XD8_HDFC Corporate Bond Fund.xlsx,INE062A08348,State Bank of India^,2500,2514.28,0.08,HDFCMO,unmapped,TRUE
HDFC Corporate Bond Fund,INF179K01XD8_HDFC Corporate Bond Fund.xlsx,INE976I07DF6,Tata Capital Ltd.^,2500,2504.64,0.08,HDFCMO,unmapped,TRUE
HDFC Corporate Bond Fund,INF179K01XD8_HDFC Corporate Bond Fund.xlsx,INE848E07AN6,NHPC Ltd.^,500,2174.72,0.07,HDFCMO,unmapped,TRUE
HDFC Corporate Bond Fund,INF179K01XD8_HDFC Corporate Bond Fund.xlsx,INE115A07RF8,LIC Housing Finance Ltd.^,1880,1877.16,0.06,HDFCMO,unmapped,TRUE
HDFC Corporate Bond Fund,INF179K01XD8_HDFC Corporate Bond Fund.xlsx,INE357L07499,Nomura Capital India Pvt. Ltd.^,1500,1504.83,0.05,HDFCMO,unmapped,TRUE
HDFC Corporate Bond Fund,INF179K01XD8_HDFC Corporate Bond Fund.xlsx,INE020B08BJ2,REC Limited.^,150,1542.51,0.05,HDFCMO,unmapped,TRUE
HDFC Corporate Bond Fund,INF179K01XD8_HDFC Corporate Bond Fund.xlsx,INE848E08243,NHPC Ltd.^,1000,1002.21,0.03,HDFCMO,unmapped,TRUE
HDFC Corporate Bond Fund,INF179K01XD8_HDFC Corporate Bond Fund.xlsx,INE848E08235,NHPC Ltd.^,1000,1002.49,0.03,HDFCMO,unmapped,TRUE
HDFC Corporate Bond Fund,INF179K01XD8_HDFC Corporate Bond Fund.xlsx,INE848E08227,NHPC Ltd.^,1000,1003.17,0.03,HDFCMO,unmapped,TRUE
HDFC Corporate Bond Fund,INF179K01XD8_HDFC Corporate Bond Fund.xlsx,INE848E08219,NHPC Ltd.^,1000,1004.11,0.03,HDFCMO,unmapped,TRUE
HDFC Corporate Bond Fund,INF179K01XD8_HDFC Corporate Bond Fund.xlsx,INE848E08193,NHPC Ltd.^,1000,1001.25,0.03,HDFCMO,unmapped,TRUE
HDFC Corporate Bond Fund,INF179K01XD8_HDFC Corporate Bond Fund.xlsx,INE053F08411,Indian Railways Finance Corp. Ltd.^,500,498.77,0.02,HDFCMO,unmapped,TRUE
HDFC Corporate Bond Fund,INF179K01XD8_HDFC Corporate Bond Fund.xlsx,INE916DA7SJ7,Kotak Mahindra Prime Ltd.^,500,498.61,0.02,HDFCMO,unmapped,TRUE
HDFC Corporate Bond Fund,INF179K01XD8_HDFC Corporate Bond Fund.xlsx,INE941D07158,Sikka Port and Terminal Ltd.^,50,500.71,0.02,HDFCMO,unmapped,TRUE
HDFC Corporate Bond Fund,INF179K01XD8_HDFC Corporate Bond Fund.xlsx,INE752E08783,Power Grid Corporation of India Ltd.^,50,48.08,,HDFCMO,unmapped,TRUE
HDFC Corporate Bond Fund,INF179K01XD8_HDFC Corporate Bond Fund.xlsx,INE053F08536,Indian Railways Finance Corp. Ltd.^,25000,13313.3,0.44,HDFCMO,unmapped,TRUE
HDFC Corporate Bond Fund,INF179K01XD8_HDFC Corporate Bond Fund.xlsx,INE2I7F15012,Siddhivinayak Securitisation Trust (Originator - Sikka Ports & Terminals Limited)^,425,42108.68,1.39,HDFCMO,unmapped,TRUE
HDFC Corporate Bond Fund,INF179K01XD8_HDFC Corporate Bond Fund.xlsx,INE2I7G15010,Shivshakti Securitisation Trust (Originator - Sikka Ports & Terminals Limited)^,275,27098.81,0.89,HDFCMO,unmapped,TRUE
HDFC Corporate Bond Fund,INF179K01XD8_HDFC Corporate Bond Fund.xlsx,INE1CBK15037,India Universal Trust AL2 (Originator - HDFC Bank Limited)£^,276,25323.15,0.84,HDFCMO,unmapped,TRUE
HDFC Corporate Bond Fund,INF179K01XD8_HDFC Corporate Bond Fund.xlsx,INE1CBK15029,India Universal Trust AL2 (Originator - HDFC Bank Limited)£^,175,9962.01,0.33,HDFCMO,unmapped,TRUE
HDFC Corporate Bond Fund,INF179K01XD8_HDFC Corporate Bond Fund.xlsx,INF0RQ622028,Corporate Debt Market Development Fund,87457.788,10469.25,0.35,HDFCMO,not_in_mapping_files,FALSE
HDFC Liquid Fund,INF179KB1HP9_HDFC Liquid Fund.xlsx,IN0020160035,6.97% GOI MAT 060926^,385500000,385585.97,5.41,HDFCLI,not_in_mapping_files,FALSE
HDFC Liquid Fund,INF179KB1HP9_HDFC Liquid Fund.xlsx,IN1520220097,7.49% Gujarat SDL Mat 280926^,500000,500.79,0.01,HDFCLI,not_in_mapping_files,FALSE
HDFC Liquid Fund,INF179KB1HP9_HDFC Liquid Fund.xlsx,INE020B08FH7,REC Limited.^,65900,65957.79,0.92,HDFCLI,unmapped,TRUE
HDFC Liquid Fund,INF179KB1HP9_HDFC Liquid Fund.xlsx,INE040A08369,HDFC Bank Ltd.£^,6363,63660.67,0.89,HDFCLI,unmapped,TRUE
HDFC Liquid Fund,INF179KB1HP9_HDFC Liquid Fund.xlsx,INE936D07174,Jamnagar Utilities & Power Pvt. Limited,3750,37477.05,0.53,HDFCLI,unmapped,TRUE
HDFC Liquid Fund,INF179KB1HP9_HDFC Liquid Fund.xlsx,INE556F08KJ7,Small Industries Development Bank^,17500,17506.49,0.25,HDFCLI,unmapped,TRUE
HDFC Liquid Fund,INF179KB1HP9_HDFC Liquid Fund.xlsx,INE071G07694,ICICI Home Finance Ltd^,12500,12504.73,0.18,HDFCLI,unmapped,TRUE
HDFC Liquid Fund,INF179KB1HP9_HDFC Liquid Fund.xlsx,INE020B08EP3,REC Limited.^,13000,13009.32,0.18,HDFCLI,unmapped,TRUE
HDFC Liquid Fund,INF179KB1HP9_HDFC Liquid Fund.xlsx,INE556F08KI9,Small Industries Development Bank^,6000,6000.34,0.08,HDFCLI,unmapped,TRUE
HDFC Liquid Fund,INF179KB1HP9_HDFC Liquid Fund.xlsx,INE053F08312,Indian Railways Finance Corp. Ltd.^,5000,5004.35,0.07,HDFCLI,unmapped,TRUE
HDFC Liquid Fund,INF179KB1HP9_HDFC Liquid Fund.xlsx,INE692A16MX1,Union Bank of India^,30000,148847.55,2.09,HDFCLI,unmapped,TRUE
HDFC Liquid Fund,INF179KB1HP9_HDFC Liquid Fund.xlsx,INE028A16KI3,Bank of Baroda^,29600,146312.06,2.05,HDFCLI,unmapped,TRUE
HDFC Liquid Fund,INF179KB1HP9_HDFC Liquid Fund.xlsx,INE692A16MM4,Union Bank of India^,25000,124585.38,1.75,HDFCLI,unmapped,TRUE
HDFC Liquid Fund,INF179KB1HP9_HDFC Liquid Fund.xlsx,INE160A16VR2,Punjab National Bank^,20000,99491,1.39,HDFCLI,unmapped,TRUE
HDFC Liquid Fund,INF179KB1HP9_HDFC Liquid Fund.xlsx,INE692A16MS1,Union Bank of India^,20000,99300.1,1.39,HDFCLI,unmapped,TRUE
HDFC Liquid Fund,INF179KB1HP9_HDFC Liquid Fund.xlsx,INE028A16MW0,Bank of Baroda^,20000,98774.2,1.38,HDFCLI,unmapped,TRUE
HDFC Liquid Fund,INF179KB1HP9_HDFC Liquid Fund.xlsx,INE528G16X94,Yes Bank Ltd.^,20000,98650.5,1.38,HDFCLI,unmapped,TRUE
HDFC Liquid Fund,INF179KB1HP9_HDFC Liquid Fund.xlsx,INE084A16GC7,Bank of India^,16000,79732.64,1.12,HDFCLI,unmapped,TRUE
HDFC Liquid Fund,INF179KB1HP9_HDFC Liquid Fund.xlsx,INE090AD6378,ICICI Bank Ltd.^,15000,74825.48,1.05,HDFCLI,unmapped,TRUE
HDFC Liquid Fund,INF179KB1HP9_HDFC Liquid Fund.xlsx,INE084A16GG8,Bank of India^,14000,69718.32,0.98,HDFCLI,unmapped,TRUE
HDFC Liquid Fund,INF179KB1HP9_HDFC Liquid Fund.xlsx,INE01GA16319,DBS BANK INDIA LIMITED^,10000,49770.8,0.7,HDFCLI,unmapped,TRUE
HDFC Liquid Fund,INF179KB1HP9_HDFC Liquid Fund.xlsx,INE036D16KJ8,Karur Vysya Bank Ltd.^,10000,49863.65,0.7,HDFCLI,unmapped,TRUE
HDFC Liquid Fund,INF179KB1HP9_HDFC Liquid Fund.xlsx,INE028A16KH5,Bank of Baroda^,10000,49438.3,0.69,HDFCLI,unmapped,TRUE
HDFC Liquid Fund,INF179KB1HP9_HDFC Liquid Fund.xlsx,INE261F16AC3,National Bank for Agri & Rural Dev.^,10000,49392.35,0.69,HDFCLI,unmapped,TRUE
HDFC Liquid Fund,INF179KB1HP9_HDFC Liquid Fund.xlsx,INE092T16ZZ1,IDFC First Bank Limited^,8000,39644.64,0.56,HDFCLI,unmapped,TRUE
HDFC Liquid Fund,INF179KB1HP9_HDFC Liquid Fund.xlsx,INE160A16VK7,Punjab National Bank^,8000,39886.88,0.56,HDFCLI,unmapped,TRUE
HDFC Liquid Fund,INF179KB1HP9_HDFC Liquid Fund.xlsx,INE036D16KK6,Karur Vysya Bank Ltd.^,7000,34839.21,0.49,HDFCLI,unmapped,TRUE
HDFC Liquid Fund,INF179KB1HP9_HDFC Liquid Fund.xlsx,INE160A16UT0,Punjab National Bank,6500,32424.41,0.45,HDFCLI,unmapped,TRUE
HDFC Liquid Fund,INF179KB1HP9_HDFC Liquid Fund.xlsx,INE476A16K30,Canara Bank,6000,29847.9,0.42,HDFCLI,unmapped,TRUE
HDFC Liquid Fund,INF179KB1HP9_HDFC Liquid Fund.xlsx,INE237AD6042,Kotak Mahindra Bank Limited^,5500,27395.12,0.38,HDFCLI,unmapped,TRUE
HDFC Liquid Fund,INF179KB1HP9_HDFC Liquid Fund.xlsx,INE476A16J82,Canara Bank^,5000,24967.2,0.35,HDFCLI,unmapped,TRUE
HDFC Liquid Fund,INF179KB1HP9_HDFC Liquid Fund.xlsx,INE565A16BV6,Indian Overseas Bank^,5000,24870.7,0.35,HDFCLI,unmapped,TRUE
HDFC Liquid Fund,INF179KB1HP9_HDFC Liquid Fund.xlsx,INE028A16MR0,Bank of Baroda,4000,19967.24,0.28,HDFCLI,unmapped,TRUE
HDFC Liquid Fund,INF179KB1HP9_HDFC Liquid Fund.xlsx,INE008A169B5,IDBI Bank Limited^,4000,19908.12,0.28,HDFCLI,unmapped,TRUE
HDFC Liquid Fund,INF179KB1HP9_HDFC Liquid Fund.xlsx,INE556F16BR2,Small Industries Development Bank^,4000,19755.82,0.28,HDFCLI,unmapped,TRUE
HDFC Liquid Fund,INF179KB1HP9_HDFC Liquid Fund.xlsx,INE238AD6CQ9,Axis Bank Ltd.^,2000,9974.79,0.14,HDFCLI,unmapped,TRUE
HDFC Liquid Fund,INF179KB1HP9_HDFC Liquid Fund.xlsx,INE028A16MO7,Bank of Baroda,2000,9995.19,0.14,HDFCLI,unmapped,TRUE
HDFC Liquid Fund,INF179KB1HP9_HDFC Liquid Fund.xlsx,INE556F16BL5,Small Industries Development Bank^,2000,9927.8,0.14,HDFCLI,unmapped,TRUE
HDFC Liquid Fund,INF179KB1HP9_HDFC Liquid Fund.xlsx,INE476A16J41,Canara Bank,1500,7500,0.11,HDFCLI,unmapped,TRUE
HDFC Liquid Fund,INF179KB1HP9_HDFC Liquid Fund.xlsx,INE160A16UO1,Punjab National Bank^,1000,4999.19,0.07,HDFCLI,unmapped,TRUE
HDFC Liquid Fund,INF179KB1HP9_HDFC Liquid Fund.xlsx,INE556F16BN1,Small Industries Development Bank^,1000,4951.95,0.07,HDFCLI,unmapped,TRUE
HDFC Liquid Fund,INF179KB1HP9_HDFC Liquid Fund.xlsx,INE238AD6CM8,Axis Bank Ltd.^,500,2499.59,0.04,HDFCLI,unmapped,TRUE
HDFC Liquid Fund,INF179KB1HP9_HDFC Liquid Fund.xlsx,INE238AD6CD7,Axis Bank Ltd.^,500,2496.26,0.03,HDFCLI,unmapped,TRUE
HDFC Liquid Fund,INF179KB1HP9_HDFC Liquid Fund.xlsx,INE556F16BO9,Small Industries Development Bank^,500,2475.55,0.03,HDFCLI,unmapped,TRUE
HDFC Liquid Fund,INF179KB1HP9_HDFC Liquid Fund.xlsx,INE929O14FF4,Reliance Retail ventures Ltd.^,40000,199320.6,2.79,HDFCLI,unmapped,TRUE
HDFC Liquid Fund,INF179KB1HP9_HDFC Liquid Fund.xlsx,INE556F14MJ1,Small Industries Development Bank,34000,169798.04,2.38,HDFCLI,unmapped,TRUE
HDFC Liquid Fund,INF179KB1HP9_HDFC Liquid Fund.xlsx,INE514E14TO8,Export - Import Bank of India^,30000,149650.5,2.1,HDFCLI,unmapped,TRUE
HDFC Liquid Fund,INF179KB1HP9_HDFC Liquid Fund.xlsx,INE261F14QC4,National Bank for Agri & Rural Dev.^,25000,123198.63,1.73,HDFCLI,unmapped,TRUE
HDFC Liquid Fund,INF179KB1HP9_HDFC Liquid Fund.xlsx,INE261F14PR4,National Bank for Agri & Rural Dev.,22500,112349.81,1.58,HDFCLI,unmapped,TRUE
HDFC Liquid Fund,INF179KB1HP9_HDFC Liquid Fund.xlsx,INE929O14FB3,Reliance Retail ventures Ltd.^,20000,99882.7,1.4,HDFCLI,unmapped,TRUE
HDFC Liquid Fund,INF179KB1HP9_HDFC Liquid Fund.xlsx,INE556F14MO1,Small Industries Development Bank^,20000,99020.4,1.39,HDFCLI,unmapped,TRUE
HDFC Liquid Fund,INF179KB1HP9_HDFC Liquid Fund.xlsx,INE261F14QE0,National Bank for Agri & Rural Dev.^,20000,98439.3,1.38,HDFCLI,unmapped,TRUE
HDFC Liquid Fund,INF179KB1HP9_HDFC Liquid Fund.xlsx,INE929O14FA5,Reliance Retail ventures Ltd.^,19000,94984.23,1.33,HDFCLI,unmapped,TRUE
HDFC Liquid Fund,INF179KB1HP9_HDFC Liquid Fund.xlsx,INE674K14CZ9,Aditya Birla Capital ltd.^,18000,88581.96,1.24,HDFCLI,unmapped,TRUE
HDFC Liquid Fund,INF179KB1HP9_HDFC Liquid Fund.xlsx,INE929O14FC1,Reliance Retail ventures Ltd.^,17000,84857.63,1.19,HDFCLI,unmapped,TRUE
HDFC Liquid Fund,INF179KB1HP9_HDFC Liquid Fund.xlsx,INE280A14625,Titan Company Ltd.^,16500,81239.07,1.14,HDFCLI,unmapped,TRUE
HDFC Liquid Fund,INF179KB1HP9_HDFC Liquid Fund.xlsx,INE102D14CI2,Godrej Consumer Products Ltd.^,16000,79090.88,1.11,HDFCLI,unmapped,TRUE
HDFC Liquid Fund,INF179KB1HP9_HDFC Liquid Fund.xlsx,INE763G14M51,ICICI Securities Ltd^,15500,76535.67,1.07,HDFCLI,unmapped,TRUE
HDFC Liquid Fund,INF179KB1HP9_HDFC Liquid Fund.xlsx,INE498L14GG2,L&T Finance Ltd.^,15000,74071.43,1.04,HDFCLI,unmapped,TRUE
HDFC Liquid Fund,INF179KB1HP9_HDFC Liquid Fund.xlsx,INE498L14GF4,L&T Finance Ltd.^,15000,74187.3,1.04,HDFCLI,unmapped,TRUE
HDFC Liquid Fund,INF179KB1HP9_HDFC Liquid Fund.xlsx,INE028E14WX4,Kotak Securities Ltd.^,14000,69910.82,0.98,HDFCLI,unmapped,TRUE
HDFC Liquid Fund,INF179KB1HP9_HDFC Liquid Fund.xlsx,INE094A14KF6,Hindustan Petroleum Corp. Ltd.^,13000,64758.59,0.91,HDFCLI,unmapped,TRUE
HDFC Liquid Fund,INF179KB1HP9_HDFC Liquid Fund.xlsx,INE020B14714,REC Limited.^,13000,64429.24,0.9,HDFCLI,unmapped,TRUE
HDFC Liquid Fund,INF179KB1HP9_HDFC Liquid Fund.xlsx,INE261F14PQ6,National Bank for Agri & Rural Dev.,12000,59928.72,0.84,HDFCLI,unmapped,TRUE
HDFC Liquid Fund,INF179KB1HP9_HDFC Liquid Fund.xlsx,INE514E14TL4,Export - Import Bank of India,11800,58980.29,0.83,HDFCLI,unmapped,TRUE
HDFC Liquid Fund,INF179KB1HP9_HDFC Liquid Fund.xlsx,INE028E14XP8,Kotak Securities Ltd.^,12000,59185.5,0.83,HDFCLI,unmapped,TRUE
HDFC Liquid Fund,INF179KB1HP9_HDFC Liquid Fund.xlsx,INE511C14ZU2,Poonawalla Fincorp Ltd^,12000,59476.8,0.83,HDFCLI,unmapped,TRUE
HDFC Liquid Fund,INF179KB1HP9_HDFC Liquid Fund.xlsx,INE280A14617,Titan Company Ltd.^,11000,54294.46,0.76,HDFCLI,unmapped,TRUE
HDFC Liquid Fund,INF179KB1HP9_HDFC Liquid Fund.xlsx,INE831R14GF3,Aditya Birla Housing Finance Ltd^,10000,49828.4,0.7,HDFCLI,unmapped,TRUE
HDFC Liquid Fund,INF179KB1HP9_HDFC Liquid Fund.xlsx,INE296A14H68,Bajaj Finance Ltd.^,10000,49982.6,0.7,HDFCLI,unmapped,TRUE
HDFC Liquid Fund,INF179KB1HP9_HDFC Liquid Fund.xlsx,INE01C314GC8,Bajaj Financial Securities Limited^,10000,49936.3,0.7,HDFCLI,unmapped,TRUE
HDFC Liquid Fund,INF179KB1HP9_HDFC Liquid Fund.xlsx,INE763G14K46,ICICI Securities Ltd^,10000,49927,0.7,HDFCLI,unmapped,TRUE
HDFC Liquid Fund,INF179KB1HP9_HDFC Liquid Fund.xlsx,INE849D14IB0,ICICI SECURITIES PRIMARY DEALERSHIP^,10000,49806.6,0.7,HDFCLI,unmapped,TRUE
HDFC Liquid Fund,INF179KB1HP9_HDFC Liquid Fund.xlsx,INE261F14PV6,National Bank for Agri & Rural Dev.^,10000,49872.1,0.7,HDFCLI,unmapped,TRUE
HDFC Liquid Fund,INF179KB1HP9_HDFC Liquid Fund.xlsx,INE261F14PW4,National Bank for Agri & Rural Dev.^,10000,49863.6,0.7,HDFCLI,unmapped,TRUE
HDFC Liquid Fund,INF179KB1HP9_HDFC Liquid Fund.xlsx,INE245A14LD7,The Tata Power Company Ltd.^,10000,49868.45,0.7,HDFCLI,unmapped,TRUE
HDFC Liquid Fund,INF179KB1HP9_HDFC Liquid Fund.xlsx,INE245A14LE5,The Tata Power Company Ltd.^,10000,49807.25,0.7,HDFCLI,unmapped,TRUE
HDFC Liquid Fund,INF179KB1HP9_HDFC Liquid Fund.xlsx,INE028E14XQ6,Kotak Securities Ltd.^,10000,49311.8,0.69,HDFCLI,unmapped,TRUE
HDFC Liquid Fund,INF179KB1HP9_HDFC Liquid Fund.xlsx,INE511C14ZV0,Poonawalla Fincorp Ltd^,10000,49360.95,0.69,HDFCLI,unmapped,TRUE
HDFC Liquid Fund,INF179KB1HP9_HDFC Liquid Fund.xlsx,INE18UV14075,Bajaj Auto Credit Limited^,8000,39941.16,0.56,HDFCLI,unmapped,TRUE
HDFC Liquid Fund,INF179KB1HP9_HDFC Liquid Fund.xlsx,INE115A14FX2,LIC Housing Finance Ltd.^,8000,39890.28,0.56,HDFCLI,unmapped,TRUE
HDFC Liquid Fund,INF179KB1HP9_HDFC Liquid Fund.xlsx,INE151A14305,Tata Communications Limited^,8000,39932.28,0.56,HDFCLI,unmapped,TRUE
HDFC Liquid Fund,INF179KB1HP9_HDFC Liquid Fund.xlsx,INE081A14HK9,Tata Steel Ltd.^,8000,39833.68,0.56,HDFCLI,unmapped,TRUE
HDFC Liquid Fund,INF179KB1HP9_HDFC Liquid Fund.xlsx,INE674K14CX4,Aditya Birla Capital ltd.^,8000,39444.64,0.55,HDFCLI,unmapped,TRUE
HDFC Liquid Fund,INF179KB1HP9_HDFC Liquid Fund.xlsx,INE071G14IG3,ICICI Home Finance Ltd^,8000,39489.68,0.55,HDFCLI,unmapped,TRUE
HDFC Liquid Fund,INF179KB1HP9_HDFC Liquid Fund.xlsx,INE211H14AZ0,Sharekhan Limited^,8000,39309.48,0.55,HDFCLI,unmapped,TRUE
HDFC Liquid Fund,INF179KB1HP9_HDFC Liquid Fund.xlsx,INE01C314GE4,Bajaj Financial Securities Limited^,7000,34910.65,0.49,HDFCLI,unmapped,TRUE
HDFC Liquid Fund,INF179KB1HP9_HDFC Liquid Fund.xlsx,INE0CCU14153,Mindspace Business Parks REIT^,6800,33867.84,0.47,HDFCLI,unmapped,TRUE
HDFC Liquid Fund,INF179KB1HP9_HDFC Liquid Fund.xlsx,INE192R14352,Avenue Supermarts Ltd.^,6000,29852.19,0.42,HDFCLI,unmapped,TRUE
HDFC Liquid Fund,INF179KB1HP9_HDFC Liquid Fund.xlsx,INE192R14360,Avenue Supermarts Ltd.^,6000,29631.69,0.42,HDFCLI,unmapped,TRUE
HDFC Liquid Fund,INF179KB1HP9_HDFC Liquid Fund.xlsx,INE121A14YV5,Cholamandalam Investment & Finance Co. Ltd.,6000,29883.93,0.42,HDFCLI,unmapped,TRUE
HDFC Liquid Fund,INF179KB1HP9_HDFC Liquid Fund.xlsx,INE261F14PT0,National Bank for Agri & Rural Dev.^,6000,29949.21,0.42,HDFCLI,unmapped,TRUE
HDFC Liquid Fund,INF179KB1HP9_HDFC Liquid Fund.xlsx,INE118D14AN2,Nuvoco Vistas Corporation Ltd.^,6000,29954.76,0.42,HDFCLI,unmapped,TRUE
HDFC Liquid Fund,INF179KB1HP9_HDFC Liquid Fund.xlsx,INE517B14AJ7,Tata Teleservices (Maharashtra) Ltd.^,5500,27465.19,0.39,HDFCLI,unmapped,TRUE
HDFC Liquid Fund,INF179KB1HP9_HDFC Liquid Fund.xlsx,INE115A14FY0,LIC Housing Finance Ltd.^,5500,27088.33,0.38,HDFCLI,unmapped,TRUE
HDFC Liquid Fund,INF179KB1HP9_HDFC Liquid Fund.xlsx,INE674K14CK1,Aditya Birla Capital ltd.^,5000,24790.38,0.35,HDFCLI,unmapped,TRUE
HDFC Liquid Fund,INF179KB1HP9_HDFC Liquid Fund.xlsx,INE296A14J66,Bajaj Finance Ltd.^,5000,24632.08,0.35,HDFCLI,unmapped,TRUE
HDFC Liquid Fund,INF179KB1HP9_HDFC Liquid Fund.xlsx,INE514E14TP5,Export - Import Bank of India^,5000,24912.23,0.35,HDFCLI,unmapped,TRUE
HDFC Liquid Fund,INF179KB1HP9_HDFC Liquid Fund.xlsx,INE094A14KM2,Hindustan Petroleum Corp. Ltd.^,5000,24681.85,0.35,HDFCLI,unmapped,TRUE
HDFC Liquid Fund,INF179KB1HP9_HDFC Liquid Fund.xlsx,INE071G14IC2,ICICI Home Finance Ltd^,5000,24899.2,0.35,HDFCLI,unmapped,TRUE
HDFC Liquid Fund,INF179KB1HP9_HDFC Liquid Fund.xlsx,INE763G14K61,ICICI Securities Ltd^,5000,24954.38,0.35,HDFCLI,unmapped,TRUE
HDFC Liquid Fund,INF179KB1HP9_HDFC Liquid Fund.xlsx,INE763G14K79,ICICI Securities Ltd^,5000,24931.25,0.35,HDFCLI,unmapped,TRUE
HDFC Liquid Fund,INF179KB1HP9_HDFC Liquid Fund.xlsx,INE824H14UZ8,Julius Baer Capital (India) Pvt. Ltd.^,5000,24627.23,0.35,HDFCLI,unmapped,TRUE
HDFC Liquid Fund,INF179KB1HP9_HDFC Liquid Fund.xlsx,INE824H14UU9,Julius Baer Capital (India) Pvt. Ltd.^,5000,24744.6,0.35,HDFCLI,unmapped,TRUE
HDFC Liquid Fund,INF179KB1HP9_HDFC Liquid Fund.xlsx,INE733E14CF8,NTPC Limited^,5000,24836.85,0.35,HDFCLI,unmapped,TRUE
HDFC Liquid Fund,INF179KB1HP9_HDFC Liquid Fund.xlsx,INE556F14MK9,Small Industries Development Bank^,5000,24957.6,0.35,HDFCLI,unmapped,TRUE
HDFC Liquid Fund,INF179KB1HP9_HDFC Liquid Fund.xlsx,INE422H14602,DSP Finance Private Limited^,4000,19707.16,0.28,HDFCLI,unmapped,TRUE
HDFC Liquid Fund,INF179KB1HP9_HDFC Liquid Fund.xlsx,INE936D14436,Jamnagar Utilities & Power Pvt. Limited^,4000,19904.8,0.28,HDFCLI,unmapped,TRUE
HDFC Liquid Fund,INF179KB1HP9_HDFC Liquid Fund.xlsx,INE028E14XY0,Kotak Securities Ltd.^,4000,19657.08,0.28,HDFCLI,unmapped,TRUE
HDFC Liquid Fund,INF179KB1HP9_HDFC Liquid Fund.xlsx,INE0T2V14129,Mirae Asset Capital Markets (India) Pvt Ltd.^,4000,19920.76,0.28,HDFCLI,unmapped,TRUE
HDFC Liquid Fund,INF179KB1HP9_HDFC Liquid Fund.xlsx,INE212K14EK6,SBICap Securities Limited^,4000,19944.92,0.28,HDFCLI,unmapped,TRUE
HDFC Liquid Fund,INF179KB1HP9_HDFC Liquid Fund.xlsx,INE211H14AW7,Sharekhan Limited^,4000,19918.44,0.28,HDFCLI,unmapped,TRUE
HDFC Liquid Fund,INF179KB1HP9_HDFC Liquid Fund.xlsx,INE296A14J25,Bajaj Finance Ltd.^,3700,18251.82,0.26,HDFCLI,unmapped,TRUE
HDFC Liquid Fund,INF179KB1HP9_HDFC Liquid Fund.xlsx,INE769A14AJ6,Aarti Industries Ltd.^,3000,14972.87,0.21,HDFCLI,unmapped,TRUE
HDFC Liquid Fund,INF179KB1HP9_HDFC Liquid Fund.xlsx,INE769A14AK4,Aarti Industries Ltd.^,3000,14957.61,0.21,HDFCLI,unmapped,TRUE
HDFC Liquid Fund,INF179KB1HP9_HDFC Liquid Fund.xlsx,INE865C14RC7,Aditya Birla Money Limited^,3000,14733.53,0.21,HDFCLI,unmapped,TRUE
HDFC Liquid Fund,INF179KB1HP9_HDFC Liquid Fund.xlsx,INE865C14QX5,Aditya Birla Money Limited^,3000,14783.13,0.21,HDFCLI,unmapped,TRUE
HDFC Liquid Fund,INF179KB1HP9_HDFC Liquid Fund.xlsx,INE484J14F97,Godrej Properties Ltd.^,3000,14792.25,0.21,HDFCLI,unmapped,TRUE
HDFC Liquid Fund,INF179KB1HP9_HDFC Liquid Fund.xlsx,INE484J14G05,Godrej Properties Ltd.^,3000,14789.57,0.21,HDFCLI,unmapped,TRUE
HDFC Liquid Fund,INF179KB1HP9_HDFC Liquid Fund.xlsx,INE484J14F89,Godrej Properties Ltd.^,3000,14786.87,0.21,HDFCLI,unmapped,TRUE
HDFC Liquid Fund,INF179KB1HP9_HDFC Liquid Fund.xlsx,INE484J14G13,Godrej Properties Ltd.^,3000,14773.41,0.21,HDFCLI,unmapped,TRUE
HDFC Liquid Fund,INF179KB1HP9_HDFC Liquid Fund.xlsx,INE261F14PX2,National Bank for Agri & Rural Dev.^,3000,14922.42,0.21,HDFCLI,unmapped,TRUE
HDFC Liquid Fund,INF179KB1HP9_HDFC Liquid Fund.xlsx,INE020B14706,REC Limited.^,3000,14949.21,0.21,HDFCLI,unmapped,TRUE
HDFC Liquid Fund,INF179KB1HP9_HDFC Liquid Fund.xlsx,INE556F14MN3,Small Industries Development Bank^,3000,14930.99,0.21,HDFCLI,unmapped,TRUE
HDFC Liquid Fund,INF179KB1HP9_HDFC Liquid Fund.xlsx,INE484J14G21,Godrej Properties Ltd.^,2500,12304.46,0.17,HDFCLI,unmapped,TRUE
HDFC Liquid Fund,INF179KB1HP9_HDFC Liquid Fund.xlsx,INE746L14036,Goldman Sachs (India) Finance Pvt. Ltd.^,2000,9952.75,0.14,HDFCLI,unmapped,TRUE
HDFC Liquid Fund,INF179KB1HP9_HDFC Liquid Fund.xlsx,INE763G14M69,ICICI Securities Ltd^,2000,9873.68,0.14,HDFCLI,unmapped,TRUE
HDFC Liquid Fund,INF179KB1HP9_HDFC Liquid Fund.xlsx,INE879F14ND8,Infina Finance Pvt. Ltd.^,2000,9989.04,0.14,HDFCLI,unmapped,TRUE
HDFC Liquid Fund,INF179KB1HP9_HDFC Liquid Fund.xlsx,INE282H14154,Jio Credit Ltd^,2000,9868.62,0.14,HDFCLI,unmapped,TRUE
HDFC Liquid Fund,INF179KB1HP9_HDFC Liquid Fund.xlsx,INE870H14XT8,Network 18 Media & Investments Limited^,2000,9843.57,0.14,HDFCLI,unmapped,TRUE
HDFC Liquid Fund,INF179KB1HP9_HDFC Liquid Fund.xlsx,INE973U14300,Nu Vista Limited^,2000,9962,0.14,HDFCLI,unmapped,TRUE
HDFC Liquid Fund,INF179KB1HP9_HDFC Liquid Fund.xlsx,INE118D14AP7,Nuvoco Vistas Corporation Ltd.^,2000,9983.03,0.14,HDFCLI,unmapped,TRUE
HDFC Liquid Fund,INF179KB1HP9_HDFC Liquid Fund.xlsx,INE212K14EO8,SBICap Securities Limited^,2000,9874.79,0.14,HDFCLI,unmapped,TRUE
HDFC Liquid Fund,INF179KB1HP9_HDFC Liquid Fund.xlsx,INE212K14EL4,SBICap Securities Limited^,2000,9968.8,0.14,HDFCLI,unmapped,TRUE
HDFC Liquid Fund,INF179KB1HP9_HDFC Liquid Fund.xlsx,INE212K14EN0,SBICap Securities Limited^,2000,9950.54,0.14,HDFCLI,unmapped,TRUE
HDFC Liquid Fund,INF179KB1HP9_HDFC Liquid Fund.xlsx,INE941D14774,Sikka Port and Terminal Ltd.^,2000,9921.77,0.14,HDFCLI,unmapped,TRUE
HDFC Liquid Fund,INF179KB1HP9_HDFC Liquid Fund.xlsx,INE865C14QI6,Aditya Birla Money Limited^,1000,4998.19,0.07,HDFCLI,unmapped,TRUE
HDFC Liquid Fund,INF179KB1HP9_HDFC Liquid Fund.xlsx,INE047A14BB2,Grasim Industries Ltd.^,1000,4985.54,0.07,HDFCLI,unmapped,TRUE
HDFC Liquid Fund,INF179KB1HP9_HDFC Liquid Fund.xlsx,INE371K14DP1,Tata Realty and Infrastructure Ltd.^,1000,4997.43,0.07,HDFCLI,unmapped,TRUE
HDFC Liquid Fund,INF179KB1HP9_HDFC Liquid Fund.xlsx,INE414G14UU1,Muthoot Finance Ltd.^,600,2994.38,0.04,HDFCLI,unmapped,TRUE
HDFC Liquid Fund,INF179KB1HP9_HDFC Liquid Fund.xlsx,IN002025Y495,182 Days TBILL MAT 100926^,180000000,179770.5,2.52,HDFCLI,not_in_mapping_files,FALSE
HDFC Liquid Fund,INF179KB1HP9_HDFC Liquid Fund.xlsx,IN002026X099,91 Days TBILL MAT 030926,149500000,149457.39,2.1,HDFCLI,not_in_mapping_files,FALSE
HDFC Liquid Fund,INF179KB1HP9_HDFC Liquid Fund.xlsx,IN002026X156,91 Days TBill Mat 151026,150000000,149081.25,2.09,HDFCLI,not_in_mapping_files,FALSE
HDFC Liquid Fund,INF179KB1HP9_HDFC Liquid Fund.xlsx,IN002026X164,91 Days TBill Mat 221026^,100000000,99292.4,1.39,HDFCLI,not_in_mapping_files,FALSE
HDFC Liquid Fund,INF179KB1HP9_HDFC Liquid Fund.xlsx,IN002026X123,91 Days TBill ISD 250626 Mat 240926^,90000000,89717.31,1.26,HDFCLI,not_in_mapping_files,FALSE
HDFC Liquid Fund,INF179KB1HP9_HDFC Liquid Fund.xlsx,IN002026Y071,182 Days TBILL MAT 19112026^,72000000,71189.5,1,HDFCLI,not_in_mapping_files,FALSE
HDFC Liquid Fund,INF179KB1HP9_HDFC Liquid Fund.xlsx,IN002026X115,91 Days TBILL MAT 170926^,37500000,37417.99,0.52,HDFCLI,not_in_mapping_files,FALSE
HDFC Liquid Fund,INF179KB1HP9_HDFC Liquid Fund.xlsx,IN002026X149,91 Days TBILL MAT 081026,13500000,13430.3,0.19,HDFCLI,not_in_mapping_files,FALSE
HDFC Liquid Fund,INF179KB1HP9_HDFC Liquid Fund.xlsx,IN002026X180,91 Days TBILL MAT 051126^,5777500,5724.03,0.08,HDFCLI,not_in_mapping_files,FALSE
HDFC Liquid Fund,INF179KB1HP9_HDFC Liquid Fund.xlsx,IN002025Z252,364 Days TBILL MAT 170926^,2500000,2494.53,0.03,HDFCLI,not_in_mapping_files,FALSE
HDFC Liquid Fund,INF179KB1HP9_HDFC Liquid Fund.xlsx,INF0RQ622028,Corporate Debt Market Development Fund,165673.309,19832.14,0.28,HDFCLI,not_in_mapping_files,FALSE
HDFC Retirement Fund - Equity Plan,INF179KB1MF0_HDFC Retirement Fund - Equity Plan.xlsx,INE090A01021,ICICI Bank Ltd.,3700000,53798,7.69,HDFCRETEQP,mapped,TRUE
HDFC Retirement Fund - Equity Plan,INF179KB1MF0_HDFC Retirement Fund - Equity Plan.xlsx,INE040A01034,HDFC Bank Ltd.£,6500000,46085,6.59,HDFCRETEQP,mapped,TRUE
HDFC Retirement Fund - Equity Plan,INF179KB1MF0_HDFC Retirement Fund - Equity Plan.xlsx,INE002A01018,Reliance Industries Ltd.,2600000,33202,4.74,HDFCRETEQP,mapped,TRUE
HDFC Retirement Fund - Equity Plan,INF179KB1MF0_HDFC Retirement Fund - Equity Plan.xlsx,INE238A01034,Axis Bank Ltd.,2400000,31200,4.46,HDFCRETEQP,mapped,TRUE
HDFC Retirement Fund - Equity Plan,INF179KB1MF0_HDFC Retirement Fund - Equity Plan.xlsx,INE237A01036,Kotak Mahindra Bank Limited,7000000,29358,4.2,HDFCRETEQP,mapped,TRUE
HDFC Retirement Fund - Equity Plan,INF179KB1MF0_HDFC Retirement Fund - Equity Plan.xlsx,INE585B01010,Maruti Suzuki India Limited,158387,21456.69,3.07,HDFCRETEQP,mapped,TRUE
HDFC Retirement Fund - Equity Plan,INF179KB1MF0_HDFC Retirement Fund - Equity Plan.xlsx,INE062A01020,State Bank of India,2000000,21200,3.03,HDFCRETEQP,mapped,TRUE
HDFC Retirement Fund - Equity Plan,INF179KB1MF0_HDFC Retirement Fund - Equity Plan.xlsx,INE397D01024,Bharti Airtel Ltd.,1000000,18119,2.59,HDFCRETEQP,mapped,TRUE
HDFC Retirement Fund - Equity Plan,INF179KB1MF0_HDFC Retirement Fund - Equity Plan.xlsx,INE009A01021,Infosys Limited,1500000,17007,2.43,HDFCRETEQP,mapped,TRUE
HDFC Retirement Fund - Equity Plan,INF179KB1MF0_HDFC Retirement Fund - Equity Plan.xlsx,INE467B01029,Tata Consultancy Services Ltd.,700000,16795.1,2.4,HDFCRETEQP,mapped,TRUE
HDFC Retirement Fund - Equity Plan,INF179KB1MF0_HDFC Retirement Fund - Equity Plan.xlsx,INE018A01030,Larsen and Toubro Ltd.,400000,16179.6,2.31,HDFCRETEQP,mapped,TRUE
HDFC Retirement Fund - Equity Plan,INF179KB1MF0_HDFC Retirement Fund - Equity Plan.xlsx,INE600L01024,Dr. Lal Path Labs Ltd,700000,13542.2,1.94,HDFCRETEQP,mapped,TRUE
HDFC Retirement Fund - Equity Plan,INF179KB1MF0_HDFC Retirement Fund - Equity Plan.xlsx,INE860A01027,HCL Technologies Ltd.,1000000,13122,1.88,HDFCRETEQP,mapped,TRUE
HDFC Retirement Fund - Equity Plan,INF179KB1MF0_HDFC Retirement Fund - Equity Plan.xlsx,INE646L01027,InterGlobe Aviation Ltd.,250000,13085,1.87,HDFCRETEQP,mapped,TRUE
HDFC Retirement Fund - Equity Plan,INF179KB1MF0_HDFC Retirement Fund - Equity Plan.xlsx,INE066A01021,Eicher Motors Ltd.,150000,11930.25,1.7,HDFCRETEQP,mapped,TRUE
HDFC Retirement Fund - Equity Plan,INF179KB1MF0_HDFC Retirement Fund - Equity Plan.xlsx,INE752E01010,Power Grid Corporation of India Ltd.,4500000,11859.75,1.69,HDFCRETEQP,mapped,TRUE
HDFC Retirement Fund - Equity Plan,INF179KB1MF0_HDFC Retirement Fund - Equity Plan.xlsx,INE765G01017,ICICI Lombard General Insurance Co,700000,10968.3,1.57,HDFCRETEQP,mapped,TRUE
HDFC Retirement Fund - Equity Plan,INF179KB1MF0_HDFC Retirement Fund - Equity Plan.xlsx,INE758T01015,Eternal Limited,3000000,9843,1.41,HDFCRETEQP,mapped,TRUE
HDFC Retirement Fund - Equity Plan,INF179KB1MF0_HDFC Retirement Fund - Equity Plan.xlsx,INE180A01020,Max Financial Services Ltd.,600000,9438.6,1.35,HDFCRETEQP,mapped,TRUE
HDFC Retirement Fund - Equity Plan,INF179KB1MF0_HDFC Retirement Fund - Equity Plan.xlsx,INE176B01034,Havells India Ltd.,700000,8708.7,1.24,HDFCRETEQP,mapped,TRUE
HDFC Retirement Fund - Equity Plan,INF179KB1MF0_HDFC Retirement Fund - Equity Plan.xlsx,INE540L01014,Alkem Laboratories Ltd.,160000,8527.2,1.22,HDFCRETEQP,mapped,TRUE
HDFC Retirement Fund - Equity Plan,INF179KB1MF0_HDFC Retirement Fund - Equity Plan.xlsx,INE154A01025,ITC LIMITED,3300000,8431.5,1.2,HDFCRETEQP,mapped,TRUE
HDFC Retirement Fund - Equity Plan,INF179KB1MF0_HDFC Retirement Fund - Equity Plan.xlsx,INE749A01030,Jindal Steel Limited.,700000,8350.3,1.19,HDFCRETEQP,mapped,TRUE
HDFC Retirement Fund - Equity Plan,INF179KB1MF0_HDFC Retirement Fund - Equity Plan.xlsx,INE733E01010,NTPC Limited,2500000,8185,1.17,HDFCRETEQP,mapped,TRUE
HDFC Retirement Fund - Equity Plan,INF179KB1MF0_HDFC Retirement Fund - Equity Plan.xlsx,INE795G01014,HDFC Life Insurance Company Limited,1500000,8150.25,1.16,HDFCRETEQP,mapped,TRUE
HDFC Retirement Fund - Equity Plan,INF179KB1MF0_HDFC Retirement Fund - Equity Plan.xlsx,INE361B01024,Divis Laboratories Ltd.,80000,7573.6,1.08,HDFCRETEQP,mapped,TRUE
HDFC Retirement Fund - Equity Plan,INF179KB1MF0_HDFC Retirement Fund - Equity Plan.xlsx,INE741K01010,Creditaccess Grameen Limited,550000,7499.25,1.07,HDFCRETEQP,mapped,TRUE
HDFC Retirement Fund - Equity Plan,INF179KB1MF0_HDFC Retirement Fund - Equity Plan.xlsx,INE854D01024,United Spirits Limited,500000,7450,1.06,HDFCRETEQP,mapped,TRUE
HDFC Retirement Fund - Equity Plan,INF179KB1MF0_HDFC Retirement Fund - Equity Plan.xlsx,INE917I01010,Bajaj Auto Limited,60000,7278,1.04,HDFCRETEQP,mapped,TRUE
HDFC Retirement Fund - Equity Plan,INF179KB1MF0_HDFC Retirement Fund - Equity Plan.xlsx,INE148O01028,Delhivery Limited,1600000,7299.2,1.04,HDFCRETEQP,mapped,TRUE
HDFC Retirement Fund - Equity Plan,INF179KB1MF0_HDFC Retirement Fund - Equity Plan.xlsx,INE437A01024,Apollo Hospitals Enterprise Ltd.,75000,6673.88,0.95,HDFCRETEQP,mapped,TRUE
HDFC Retirement Fund - Equity Plan,INF179KB1MF0_HDFC Retirement Fund - Equity Plan.xlsx,INE0V6F01027,Hyundai Motor India Limited,300000,6615,0.95,HDFCRETEQP,mapped,TRUE
HDFC Retirement Fund - Equity Plan,INF179KB1MF0_HDFC Retirement Fund - Equity Plan.xlsx,INE081A01020,Tata Steel Ltd.,3500000,6452.25,0.92,HDFCRETEQP,mapped,TRUE
HDFC Retirement Fund - Equity Plan,INF179KB1MF0_HDFC Retirement Fund - Equity Plan.xlsx,INE007A01025,Crisil Limited,130000,6268.34,0.9,HDFCRETEQP,mapped,TRUE
HDFC Retirement Fund - Equity Plan,INF179KB1MF0_HDFC Retirement Fund - Equity Plan.xlsx,INE094A01015,Hindustan Petroleum Corp. Ltd.,1700000,6217.75,0.89,HDFCRETEQP,mapped,TRUE
HDFC Retirement Fund - Equity Plan,INF179KB1MF0_HDFC Retirement Fund - Equity Plan.xlsx,INE191H01014,PVR LIMITED,500000,6038.5,0.86,HDFCRETEQP,mapped,TRUE
HDFC Retirement Fund - Equity Plan,INF179KB1MF0_HDFC Retirement Fund - Equity Plan.xlsx,INE688A01022,Transport Corporation of India Ltd.,679460,5897.71,0.84,HDFCRETEQP,mapped,TRUE
HDFC Retirement Fund - Equity Plan,INF179KB1MF0_HDFC Retirement Fund - Equity Plan.xlsx,INE787D01026,Balkrishna Industries Ltd.,250000,5698,0.81,HDFCRETEQP,mapped,TRUE
HDFC Retirement Fund - Equity Plan,INF179KB1MF0_HDFC Retirement Fund - Equity Plan.xlsx,INE220B01022,Kalpataru Projects International Ltd,400000,5603.6,0.8,HDFCRETEQP,mapped,TRUE
HDFC Retirement Fund - Equity Plan,INF179KB1MF0_HDFC Retirement Fund - Equity Plan.xlsx,INE427F01016,Chalet Hotels Ltd.,600000,5423.7,0.78,HDFCRETEQP,mapped,TRUE
HDFC Retirement Fund - Equity Plan,INF179KB1MF0_HDFC Retirement Fund - Equity Plan.xlsx,INE540H01012,Voltamp Transformers Ltd.,50000,5454.25,0.78,HDFCRETEQP,mapped,TRUE
HDFC Retirement Fund - Equity Plan,INF179KB1MF0_HDFC Retirement Fund - Equity Plan.xlsx,INE891D01026,Redington Ltd.,1500000,5366.25,0.77,HDFCRETEQP,mapped,TRUE
HDFC Retirement Fund - Equity Plan,INF179KB1MF0_HDFC Retirement Fund - Equity Plan.xlsx,INE059A01026,Cipla Ltd.,375000,5284.5,0.76,HDFCRETEQP,mapped,TRUE
HDFC Retirement Fund - Equity Plan,INF179KB1MF0_HDFC Retirement Fund - Equity Plan.xlsx,INE068V01023,Gland Pharma Ltd.,175000,5050.15,0.72,HDFCRETEQP,mapped,TRUE
HDFC Retirement Fund - Equity Plan,INF179KB1MF0_HDFC Retirement Fund - Equity Plan.xlsx,INE102D01028,Godrej Consumer Products Ltd.,550000,4957.15,0.71,HDFCRETEQP,mapped,TRUE
HDFC Retirement Fund - Equity Plan,INF179KB1MF0_HDFC Retirement Fund - Equity Plan.xlsx,INE233B01017,Blue Dart Express Ltd.,100000,4924,0.7,HDFCRETEQP,mapped,TRUE
HDFC Retirement Fund - Equity Plan,INF179KB1MF0_HDFC Retirement Fund - Equity Plan.xlsx,INE326A01037,Lupin Ltd.,225000,4923.9,0.7,HDFCRETEQP,mapped,TRUE
HDFC Retirement Fund - Equity Plan,INF179KB1MF0_HDFC Retirement Fund - Equity Plan.xlsx,INE811K01011,Prestige Estates Projects Ltd.,300000,4899,0.7,HDFCRETEQP,mapped,TRUE
HDFC Retirement Fund - Equity Plan,INF179KB1MF0_HDFC Retirement Fund - Equity Plan.xlsx,INE331A01037,The Ramco Cements Ltd.,550000,4837.53,0.69,HDFCRETEQP,mapped,TRUE
HDFC Retirement Fund - Equity Plan,INF179KB1MF0_HDFC Retirement Fund - Equity Plan.xlsx,INE133A01011,JSW Dulux Limited,150000,4746.75,0.68,HDFCRETEQP,mapped,TRUE
HDFC Retirement Fund - Equity Plan,INF179KB1MF0_HDFC Retirement Fund - Equity Plan.xlsx,INE575P01011,Star Health and Allied Insurance Company Ltd,750000,4258.13,0.61,HDFCRETEQP,mapped,TRUE
HDFC Retirement Fund - Equity Plan,INF179KB1MF0_HDFC Retirement Fund - Equity Plan.xlsx,INE417T01026,PB Fintech Limited,225000,4218.75,0.6,HDFCRETEQP,mapped,TRUE
HDFC Retirement Fund - Equity Plan,INF179KB1MF0_HDFC Retirement Fund - Equity Plan.xlsx,INE325A01013,Timken India Ltd.,121274,3819.65,0.55,HDFCRETEQP,mapped,TRUE
HDFC Retirement Fund - Equity Plan,INF179KB1MF0_HDFC Retirement Fund - Equity Plan.xlsx,INE079J01017,Gateway Distriparks Limited,7000000,3765.3,0.54,HDFCRETEQP,mapped,TRUE
HDFC Retirement Fund - Equity Plan,INF179KB1MF0_HDFC Retirement Fund - Equity Plan.xlsx,INE520A01027,Zensar Technologies Ltd.,800000,3682.8,0.53,HDFCRETEQP,mapped,TRUE
HDFC Retirement Fund - Equity Plan,INF179KB1MF0_HDFC Retirement Fund - Equity Plan.xlsx,INE934S01014,GNA Axles Ltd.,675000,3643.99,0.52,HDFCRETEQP,mapped,TRUE
HDFC Retirement Fund - Equity Plan,INF179KB1MF0_HDFC Retirement Fund - Equity Plan.xlsx,INE085A01013,Chambal Fertilizers & Chemicals Ltd.,850000,3481.18,0.5,HDFCRETEQP,mapped,TRUE
HDFC Retirement Fund - Equity Plan,INF179KB1MF0_HDFC Retirement Fund - Equity Plan.xlsx,INE366I01010,VRL Logistics Ltd.,1120000,3395.28,0.49,HDFCRETEQP,mapped,TRUE
HDFC Retirement Fund - Equity Plan,INF179KB1MF0_HDFC Retirement Fund - Equity Plan.xlsx,INE2J8701016,SKF India (Industrial) Limited,112000,3341.3,0.48,HDFCRETEQP,mapped,TRUE
HDFC Retirement Fund - Equity Plan,INF179KB1MF0_HDFC Retirement Fund - Equity Plan.xlsx,INE063P01018,Equitas Small Finance Bank Ltd,4000000,2958.8,0.42,HDFCRETEQP,mapped,TRUE
HDFC Retirement Fund - Equity Plan,INF179KB1MF0_HDFC Retirement Fund - Equity Plan.xlsx,INE183A01024,Finolex Industries Ltd.,1800000,2838.96,0.41,HDFCRETEQP,mapped,TRUE
HDFC Retirement Fund - Equity Plan,INF179KB1MF0_HDFC Retirement Fund - Equity Plan.xlsx,INE461C01038,Greenply Industries Ltd.,1000000,2902,0.41,HDFCRETEQP,mapped,TRUE
HDFC Retirement Fund - Equity Plan,INF179KB1MF0_HDFC Retirement Fund - Equity Plan.xlsx,INE844O01030,Gujarat Energy Limited,1153846,2858.08,0.41,HDFCRETEQP,mapped,TRUE
HDFC Retirement Fund - Equity Plan,INF179KB1MF0_HDFC Retirement Fund - Equity Plan.xlsx,INE294Z01018,The Anup Engineering Limited,158840,2848.8,0.41,HDFCRETEQP,mapped,TRUE
HDFC Retirement Fund - Equity Plan,INF179KB1MF0_HDFC Retirement Fund - Equity Plan.xlsx,INE107A01015,Tamilnadu Newsprint & Papers Ltd.,1600000,2254.08,0.32,HDFCRETEQP,mapped,TRUE
HDFC Retirement Fund - Equity Plan,INF179KB1MF0_HDFC Retirement Fund - Equity Plan.xlsx,INE193E01025,Bajaj Electricals Ltd.,637907,2071.92,0.3,HDFCRETEQP,mapped,TRUE
HDFC Retirement Fund - Equity Plan,INF179KB1MF0_HDFC Retirement Fund - Equity Plan.xlsx,INE017A01032,Great Eastern Shipping Company Ltd.,137811,1794.02,0.26,HDFCRETEQP,mapped,TRUE
HDFC Retirement Fund - Equity Plan,INF179KB1MF0_HDFC Retirement Fund - Equity Plan.xlsx,INE225D01027,Symphony Ltd.,269155,1578.46,0.23,HDFCRETEQP,mapped,TRUE
HDFC Retirement Fund - Equity Plan,INF179KB1MF0_HDFC Retirement Fund - Equity Plan.xlsx,INE195J01029,PNC Infratech Ltd.,785382,1477.7,0.21,HDFCRETEQP,mapped,TRUE
HDFC Retirement Fund - Equity Plan,INF179KB1MF0_HDFC Retirement Fund - Equity Plan.xlsx,INE1TUG01013,GSPL Transmission Limited**,384615,576.92,0.08,HDFCRETEQP,unmapped,TRUE
HDFC Retirement Fund - Equity Plan,INF179KB1MF0_HDFC Retirement Fund - Equity Plan.xlsx,INE041025011,Embassy Office Parks REIT,913116,4003.83,0.57,HDFCRETEQP,unmapped,TRUE
HDFC Retirement Fund - Equity Plan,INF179KB1MF0_HDFC Retirement Fund - Equity Plan.xlsx,INF179KC1965,HDFC NIFTY 50 ETF,2420000,6579.01,0.94,HDFCRETEQP,not_in_mapping_files,FALSE
SBI CONTRA FUND,INF200K01RA0_SBI CONTRA FUND.xlsx,INE002A01018,Reliance Industries Ltd.,17717567,226253.33,4.75,SCF,mapped,TRUE
SBI CONTRA FUND,INF200K01RA0_SBI CONTRA FUND.xlsx,INE090A01021,ICICI Bank Ltd.,14881550,216377.74,4.55,SCF,mapped,TRUE
SBI CONTRA FUND,INF200K01RA0_SBI CONTRA FUND.xlsx,INE040A01034,HDFC Bank Ltd.,30449258,215885.24,4.54,SCF,mapped,TRUE
SBI CONTRA FUND,INF200K01RA0_SBI CONTRA FUND.xlsx,INE376G01013,Biocon Ltd.,40073925,165104.57,3.47,SCF,mapped,TRUE
SBI CONTRA FUND,INF200K01RA0_SBI CONTRA FUND.xlsx,INE237A01036,Kotak Mahindra Bank Ltd.,32585889,136665.22,2.87,SCF,mapped,TRUE
SBI CONTRA FUND,INF200K01RA0_SBI CONTRA FUND.xlsx,INE160A01022,Punjab National Bank,115846832,132331.84,2.78,SCF,mapped,TRUE
SBI CONTRA FUND,INF200K01RA0_SBI CONTRA FUND.xlsx,INE121J01017,Indus Towers Ltd.,32126692,124908.58,2.62,SCF,mapped,TRUE
SBI CONTRA FUND,INF200K01RA0_SBI CONTRA FUND.xlsx,INE129A01019,GAIL (India) Ltd.,61513788,109186.97,2.29,SCF,mapped,TRUE
SBI CONTRA FUND,INF200K01RA0_SBI CONTRA FUND.xlsx,INE813H01021,Torrent Power Ltd.,8982410,109145.26,2.29,SCF,mapped,TRUE
SBI CONTRA FUND,INF200K01RA0_SBI CONTRA FUND.xlsx,INE774D01024,Mahindra & Mahindra Financial Services Ltd.,27007230,100736.97,2.12,SCF,mapped,TRUE
SBI CONTRA FUND,INF200K01RA0_SBI CONTRA FUND.xlsx,INE081A01020,Tata Steel Ltd.,52067300,95986.07,2.02,SCF,mapped,TRUE
SBI CONTRA FUND,INF200K01RA0_SBI CONTRA FUND.xlsx,INE669C01036,Tech Mahindra Ltd.,5295681,86213.69,1.81,SCF,mapped,TRUE
SBI CONTRA FUND,INF200K01RA0_SBI CONTRA FUND.xlsx,INE062A01020,State Bank of India,7500519,79505.5,1.67,SCF,mapped,TRUE
SBI CONTRA FUND,INF200K01RA0_SBI CONTRA FUND.xlsx,INE154A01025,ITC Ltd.,31014741,79242.66,1.67,SCF,mapped,TRUE
SBI CONTRA FUND,INF200K01RA0_SBI CONTRA FUND.xlsx,INE388Y01029,FSN E-Commerce Ventures Ltd.,22188917,77561.36,1.63,SCF,mapped,TRUE
SBI CONTRA FUND,INF200K01RA0_SBI CONTRA FUND.xlsx,INE016A01026,Dabur India Ltd.,18846663,71805.79,1.51,SCF,mapped,TRUE
SBI CONTRA FUND,INF200K01RA0_SBI CONTRA FUND.xlsx,INE914M01019,Aster DM Quality Care Ltd.,9199605,69549.01,1.46,SCF,mapped,TRUE
SBI CONTRA FUND,INF200K01RA0_SBI CONTRA FUND.xlsx,INE880J01026,JSW Infrastructure Ltd.,20000000,68000,1.43,SCF,mapped,TRUE
SBI CONTRA FUND,INF200K01RA0_SBI CONTRA FUND.xlsx,INE917I01010,Bajaj Auto Ltd.,557588,67635.42,1.42,SCF,mapped,TRUE
SBI CONTRA FUND,INF200K01RA0_SBI CONTRA FUND.xlsx,INE238A01034,Axis Bank Ltd.,4904255,63755.32,1.34,SCF,mapped,TRUE
SBI CONTRA FUND,INF200K01RA0_SBI CONTRA FUND.xlsx,INE148O01028,Delhivery Ltd.,13884606,63341.57,1.33,SCF,mapped,TRUE
SBI CONTRA FUND,INF200K01RA0_SBI CONTRA FUND.xlsx,INE545U01014,Bandhan Bank Ltd.,38278980,62586.13,1.32,SCF,mapped,TRUE
SBI CONTRA FUND,INF200K01RA0_SBI CONTRA FUND.xlsx,INE1TAE01010,Tata Motors Ltd.,12394339,58389.73,1.23,SCF,mapped,TRUE
SBI CONTRA FUND,INF200K01RA0_SBI CONTRA FUND.xlsx,INE038A01020,Hindalco Industries Ltd.,5640000,57271.38,1.2,SCF,mapped,TRUE
SBI CONTRA FUND,INF200K01RA0_SBI CONTRA FUND.xlsx,INE397D01024,Bharti Airtel Ltd.,3152051,57112.01,1.2,SCF,mapped,TRUE
SBI CONTRA FUND,INF200K01RA0_SBI CONTRA FUND.xlsx,INE775A01035,Samvardhana Motherson International Ltd.,33270766,56786.54,1.19,SCF,mapped,TRUE
SBI CONTRA FUND,INF200K01RA0_SBI CONTRA FUND.xlsx,INE726G01019,ICICI Prudential Life Insurance Company Ltd.,10936099,56545.1,1.19,SCF,mapped,TRUE
SBI CONTRA FUND,INF200K01RA0_SBI CONTRA FUND.xlsx,INE213A01029,Oil & Natural Gas Corporation Ltd.,23896662,55392.46,1.16,SCF,mapped,TRUE
SBI CONTRA FUND,INF200K01RA0_SBI CONTRA FUND.xlsx,INE059A01026,Cipla Ltd.,3836985,54070.79,1.14,SCF,mapped,TRUE
SBI CONTRA FUND,INF200K01RA0_SBI CONTRA FUND.xlsx,INE585B01010,Maruti Suzuki India Ltd.,393463,53302.43,1.12,SCF,mapped,TRUE
SBI CONTRA FUND,INF200K01RA0_SBI CONTRA FUND.xlsx,INE848E01016,NHPC Ltd.,67000000,51402.4,1.08,SCF,mapped,TRUE
SBI CONTRA FUND,INF200K01RA0_SBI CONTRA FUND.xlsx,INE155A01022,Tata Motors Passenger Vehicles Ltd.,16394339,50633.92,1.06,SCF,mapped,TRUE
SBI CONTRA FUND,INF200K01RA0_SBI CONTRA FUND.xlsx,INE242A01010,Indian Oil Corporation Ltd.,36049578,50155.78,1.05,SCF,mapped,TRUE
SBI CONTRA FUND,INF200K01RA0_SBI CONTRA FUND.xlsx,INE628A01036,UPL Ltd.,8755000,49224.99,1.03,SCF,mapped,TRUE
SBI CONTRA FUND,INF200K01RA0_SBI CONTRA FUND.xlsx,INE982J01020,One 97 Communications Ltd.,2749563,47212.75,0.99,SCF,mapped,TRUE
SBI CONTRA FUND,INF200K01RA0_SBI CONTRA FUND.xlsx,INE854D01024,United Spirits Ltd.,2937085,43762.57,0.92,SCF,mapped,TRUE
SBI CONTRA FUND,INF200K01RA0_SBI CONTRA FUND.xlsx,INE018A01030,Larsen & Toubro Ltd.,1005000,40651.25,0.85,SCF,mapped,TRUE
SBI CONTRA FUND,INF200K01RA0_SBI CONTRA FUND.xlsx,INE121E01018,JSW Energy Ltd.,7523810,39153.91,0.82,SCF,mapped,TRUE
SBI CONTRA FUND,INF200K01RA0_SBI CONTRA FUND.xlsx,INE019A01038,JSW Steel Ltd.,2900000,37923.3,0.8,SCF,mapped,TRUE
SBI CONTRA FUND,INF200K01RA0_SBI CONTRA FUND.xlsx,INE047A01021,Grasim Industries Ltd.,1115585,37606.37,0.79,SCF,mapped,TRUE
SBI CONTRA FUND,INF200K01RA0_SBI CONTRA FUND.xlsx,INE347G01014,Petronet LNG Ltd.,10827622,32547.83,0.68,SCF,mapped,TRUE
SBI CONTRA FUND,INF200K01RA0_SBI CONTRA FUND.xlsx,INE716A01013,Whirlpool of India Ltd.,4040000,32447.26,0.68,SCF,mapped,TRUE
SBI CONTRA FUND,INF200K01RA0_SBI CONTRA FUND.xlsx,INE634S01028,Mankind Pharma Ltd.,1328039,32127.92,0.68,SCF,mapped,TRUE
SBI CONTRA FUND,INF200K01RA0_SBI CONTRA FUND.xlsx,INE068V01023,Gland Pharma Ltd.,1113026,32119.7,0.67,SCF,mapped,TRUE
SBI CONTRA FUND,INF200K01RA0_SBI CONTRA FUND.xlsx,INE486A01021,CESC Ltd.,21853430,31940.97,0.67,SCF,mapped,TRUE
SBI CONTRA FUND,INF200K01RA0_SBI CONTRA FUND.xlsx,INE009A01021,Infosys Ltd.,2767311,31375.77,0.66,SCF,mapped,TRUE
SBI CONTRA FUND,INF200K01RA0_SBI CONTRA FUND.xlsx,INE010A01011,Prism Johnson Ltd.,28111012,31265.07,0.66,SCF,mapped,TRUE
SBI CONTRA FUND,INF200K01RA0_SBI CONTRA FUND.xlsx,INE536A01023,Grindwell Norton Ltd.,1496647,30277.17,0.64,SCF,mapped,TRUE
SBI CONTRA FUND,INF200K01RA0_SBI CONTRA FUND.xlsx,INE372A01015,Apar Industries Ltd.,168864,29892.31,0.63,SCF,mapped,TRUE
SBI CONTRA FUND,INF200K01RA0_SBI CONTRA FUND.xlsx,INE136S01016,Neogen Chemicals Ltd.,1248272,27476.96,0.58,SCF,mapped,TRUE
SBI CONTRA FUND,INF200K01RA0_SBI CONTRA FUND.xlsx,INE406A01037,Aurobindo Pharma Ltd.,1564966,26870.47,0.56,SCF,mapped,TRUE
SBI CONTRA FUND,INF200K01RA0_SBI CONTRA FUND.xlsx,INE118D01016,Nuvoco Vistas Corporation Ltd.,8370435,26693.32,0.56,SCF,mapped,TRUE
SBI CONTRA FUND,INF200K01RA0_SBI CONTRA FUND.xlsx,INE365D01021,Ashiana Housing Ltd.,7189147,26376.98,0.55,SCF,mapped,TRUE
SBI CONTRA FUND,INF200K01RA0_SBI CONTRA FUND.xlsx,INE0J1Y01017,Life Insurance Corporation of India,6202440,25926.2,0.54,SCF,mapped,TRUE
SBI CONTRA FUND,INF200K01RA0_SBI CONTRA FUND.xlsx,INE584A01023,NMDC Ltd.,28539000,25171.4,0.53,SCF,mapped,TRUE
SBI CONTRA FUND,INF200K01RA0_SBI CONTRA FUND.xlsx,INE063P01018,Equitas Small Finance Bank Ltd.,33102195,24485.69,0.51,SCF,mapped,TRUE
SBI CONTRA FUND,INF200K01RA0_SBI CONTRA FUND.xlsx,INE158A01026,Hero MotoCorp Ltd.,448770,24457.97,0.51,SCF,mapped,TRUE
SBI CONTRA FUND,INF200K01RA0_SBI CONTRA FUND.xlsx,INE467B01029,Tata Consultancy Services Ltd.,932400,22371.07,0.47,SCF,mapped,TRUE
SBI CONTRA FUND,INF200K01RA0_SBI CONTRA FUND.xlsx,INE930H01031,K.P.R. Mill Ltd.,1886132,22211.09,0.47,SCF,mapped,TRUE
SBI CONTRA FUND,INF200K01RA0_SBI CONTRA FUND.xlsx,INE326A01037,Lupin Ltd.,995000,21774.58,0.46,SCF,mapped,TRUE
SBI CONTRA FUND,INF200K01RA0_SBI CONTRA FUND.xlsx,INE120A01034,Carborundum Universal Ltd.,1813724,20070.67,0.42,SCF,mapped,TRUE
SBI CONTRA FUND,INF200K01RA0_SBI CONTRA FUND.xlsx,INE613A01020,Rallis India Ltd.,9179514,19019.04,0.4,SCF,mapped,TRUE
SBI CONTRA FUND,INF200K01RA0_SBI CONTRA FUND.xlsx,INE331A01037,The Ramco Cements Ltd.,2106875,18531.02,0.39,SCF,mapped,TRUE
SBI CONTRA FUND,INF200K01RA0_SBI CONTRA FUND.xlsx,INE012A01025,ACC Ltd.,1443171,18422.08,0.39,SCF,mapped,TRUE
SBI CONTRA FUND,INF200K01RA0_SBI CONTRA FUND.xlsx,INE127D01025,HDFC Asset Management Co. Ltd.,648536,17005.26,0.36,SCF,mapped,TRUE
SBI CONTRA FUND,INF200K01RA0_SBI CONTRA FUND.xlsx,INE126A01031,E.I.D-Parry (India) Ltd.,2018414,16135.2,0.34,SCF,mapped,TRUE
SBI CONTRA FUND,INF200K01RA0_SBI CONTRA FUND.xlsx,INE201P01022,G R Infra projects Ltd.,1805754,15822.02,0.33,SCF,mapped,TRUE
SBI CONTRA FUND,INF200K01RA0_SBI CONTRA FUND.xlsx,INE131C01011,Disa India Ltd.,114711,13861.68,0.29,SCF,mapped,TRUE
SBI CONTRA FUND,INF200K01RA0_SBI CONTRA FUND.xlsx,INE274C01019,WENDT (India) Ltd.,166363,13592.69,0.29,SCF,mapped,TRUE
SBI CONTRA FUND,INF200K01RA0_SBI CONTRA FUND.xlsx,INE022Q01020,Indian Energy Exchange Ltd.,11172975,13463.43,0.28,SCF,mapped,TRUE
SBI CONTRA FUND,INF200K01RA0_SBI CONTRA FUND.xlsx,INE398R01022,Syngene International Ltd.,2852228,11430.3,0.24,SCF,mapped,TRUE
SBI CONTRA FUND,INF200K01RA0_SBI CONTRA FUND.xlsx,INE325A01013,Timken India Ltd.,362333,11412.04,0.24,SCF,mapped,TRUE
SBI CONTRA FUND,INF200K01RA0_SBI CONTRA FUND.xlsx,INE177A01018,Ingersoll Rand (India) Ltd.,229555,11129.97,0.23,SCF,mapped,TRUE
SBI CONTRA FUND,INF200K01RA0_SBI CONTRA FUND.xlsx,INE860A01027,HCL Technologies Ltd.,766100,10052.76,0.21,SCF,mapped,TRUE
SBI CONTRA FUND,INF200K01RA0_SBI CONTRA FUND.xlsx,INE951I01027,V-Guard Industries Ltd.,2706470,9373.86,0.2,SCF,mapped,TRUE
SBI CONTRA FUND,INF200K01RA0_SBI CONTRA FUND.xlsx,INE058A01010,Sanofi India Ltd.,251576,7859.23,0.17,SCF,mapped,TRUE
SBI CONTRA FUND,INF200K01RA0_SBI CONTRA FUND.xlsx,INE079J01017,Gateway Distriparks Ltd.,9934596,5343.82,0.11,SCF,mapped,TRUE
SBI CONTRA FUND,INF200K01RA0_SBI CONTRA FUND.xlsx,INE084A01016,Bank of India,3286400,4653.21,0.1,SCF,mapped,TRUE
SBI CONTRA FUND,INF200K01RA0_SBI CONTRA FUND.xlsx,INE461C01038,Greenply Industries Ltd.,1350179,3918.22,0.08,SCF,mapped,TRUE
SBI CONTRA FUND,INF200K01RA0_SBI CONTRA FUND.xlsx,INE0FS801015,Motherson Sumi Wiring India Ltd.,10586727,3894.86,0.08,SCF,mapped,TRUE
SBI CONTRA FUND,INF200K01RA0_SBI CONTRA FUND.xlsx,INE449A01011,Automotive Axles Ltd.,200000,3457.2,0.07,SCF,mapped,TRUE
SBI CONTRA FUND,INF200K01RA0_SBI CONTRA FUND.xlsx,INE142Q01026,Sula Vineyards Ltd.,2036417,2997.61,0.06,SCF,mapped,TRUE
SBI CONTRA FUND,INF200K01RA0_SBI CONTRA FUND.xlsx,INE0NNS01018,NMDC Steel Ltd.,2606407,1203.9,0.03,SCF,mapped,TRUE
SBI CONTRA FUND,INF200K01RA0_SBI CONTRA FUND.xlsx,INE041025011,Embassy Office Parks Reit,10516950,46114.72,0.97,SCF,unmapped,TRUE
SBI CONTRA FUND,INF200K01RA0_SBI CONTRA FUND.xlsx,IN002026X099,91 DAY T-BILL 03.09.26,50000000,49985.75,1.05,SCF,not_in_mapping_files,FALSE
SBI CONTRA FUND,INF200K01RA0_SBI CONTRA FUND.xlsx,IN002025Z328,364 DAY T-BILL 06.11.26,42500000,42100.63,0.88,SCF,not_in_mapping_files,FALSE
SBI CONTRA FUND,INF200K01RA0_SBI CONTRA FUND.xlsx,IN002026X206,91 DAY T-BILL 19.11.26,30000000,29662.29,0.62,SCF,not_in_mapping_files,FALSE
SBI CONTRA FUND,INF200K01RA0_SBI CONTRA FUND.xlsx,IN002026Y055,182 DAY T-BILL 05.11.26,7500000,7430.59,0.16,SCF,not_in_mapping_files,FALSE
SBI CONTRA FUND,INF200K01RA0_SBI CONTRA FUND.xlsx,IN002025Z344,364 DAY T-BILL 19.11.26,1500000,1483.11,0.03,SCF,not_in_mapping_files,FALSE
SBI LIQUID FUND,INF200K01UT4_SBI LIQUID FUND.xlsx,INE033L07IC6,Tata Capital Housing Finance Ltd.,22500,22510.53,0.24,SLF,unmapped,TRUE
SBI LIQUID FUND,INF200K01UT4_SBI LIQUID FUND.xlsx,INE692Q07449,Toyota Financial Services India Ltd.,20000,20002.94,0.22,SLF,unmapped,TRUE
SBI LIQUID FUND,INF200K01UT4_SBI LIQUID FUND.xlsx,INE261F08EB4,National Bank for Agriculture and Rural Development,15000,15008.94,0.16,SLF,unmapped,TRUE
SBI LIQUID FUND,INF200K01UT4_SBI LIQUID FUND.xlsx,INE936D07174,Jamnagar Utilities & Power Pvt. Ltd.,1000,9993.88,0.11,SLF,unmapped,TRUE
SBI LIQUID FUND,INF200K01UT4_SBI LIQUID FUND.xlsx,INE020B08FH7,REC Ltd.,5000,5004.39,0.05,SLF,unmapped,TRUE
SBI LIQUID FUND,INF200K01UT4_SBI LIQUID FUND.xlsx,IN0020160035,6.97% CGL 2026,3000000,3000.67,0.03,SLF,not_in_mapping_files,FALSE
SBI LIQUID FUND,INF200K01UT4_SBI LIQUID FUND.xlsx,IN1520210130,6.04% State Government of Gujarat 2026,10000000,10006.75,0.11,SLF,not_in_mapping_files,FALSE
SBI LIQUID FUND,INF200K01UT4_SBI LIQUID FUND.xlsx,INE261F14PY0,National Bank for Agriculture and Rural Development,49000,242184.22,2.63,SLF,unmapped,TRUE
SBI LIQUID FUND,INF200K01UT4_SBI LIQUID FUND.xlsx,INE556F14MO1,Small Industries Development Bank of India,40000,198040.8,2.15,SLF,unmapped,TRUE
SBI LIQUID FUND,INF200K01UT4_SBI LIQUID FUND.xlsx,INE261F14PN3,National Bank for Agriculture and Rural Development,31500,157447.24,1.71,SLF,unmapped,TRUE
SBI LIQUID FUND,INF200K01UT4_SBI LIQUID FUND.xlsx,INE790Z14059,Interise Trust,30000,149973.15,1.63,SLF,unmapped,TRUE
SBI LIQUID FUND,INF200K01UT4_SBI LIQUID FUND.xlsx,INE128M14BJ8,L&T Metro Rail (Hyderabad) Ltd.,26300,131003.98,1.42,SLF,unmapped,TRUE
SBI LIQUID FUND,INF200K01UT4_SBI LIQUID FUND.xlsx,INE081A14HL7,Tata Steel Ltd.,24000,119184.72,1.29,SLF,unmapped,TRUE
SBI LIQUID FUND,INF200K01UT4_SBI LIQUID FUND.xlsx,INE280A14609,Titan Company Ltd.,20000,98840.5,1.07,SLF,unmapped,TRUE
SBI LIQUID FUND,INF200K01UT4_SBI LIQUID FUND.xlsx,INE763G14K53,ICICI Securities Ltd.,15000,74876.78,0.81,SLF,unmapped,TRUE
SBI LIQUID FUND,INF200K01UT4_SBI LIQUID FUND.xlsx,INE700G14VA3,HDFC Securities Ltd.,15000,74367.98,0.81,SLF,unmapped,TRUE
SBI LIQUID FUND,INF200K01UT4_SBI LIQUID FUND.xlsx,INE929O14FH0,Reliance Retail Ventures Ltd.,15000,74145.75,0.8,SLF,unmapped,TRUE
SBI LIQUID FUND,INF200K01UT4_SBI LIQUID FUND.xlsx,INE674K14CV8,Aditya Birla Capital Ltd.,15000,74015.03,0.8,SLF,unmapped,TRUE
SBI LIQUID FUND,INF200K01UT4_SBI LIQUID FUND.xlsx,INE763G14L11,ICICI Securities Ltd.,14500,72274.16,0.78,SLF,unmapped,TRUE
SBI LIQUID FUND,INF200K01UT4_SBI LIQUID FUND.xlsx,INE572E14KL1,PNB Housing Finance Ltd.,14000,69831.02,0.76,SLF,unmapped,TRUE
SBI LIQUID FUND,INF200K01UT4_SBI LIQUID FUND.xlsx,INE556F14MN3,Small Industries Development Bank of India,14000,69677.93,0.76,SLF,unmapped,TRUE
SBI LIQUID FUND,INF200K01UT4_SBI LIQUID FUND.xlsx,INE018A14LX6,Larsen & Toubro Ltd.,12000,59970.24,0.65,SLF,unmapped,TRUE
SBI LIQUID FUND,INF200K01UT4_SBI LIQUID FUND.xlsx,INE128M14BK6,L&T Metro Rail (Hyderabad) Ltd.,12000,59184.96,0.64,SLF,unmapped,TRUE
SBI LIQUID FUND,INF200K01UT4_SBI LIQUID FUND.xlsx,INE282H14121,Jio Credit Ltd.,11000,54830.05,0.59,SLF,unmapped,TRUE
SBI LIQUID FUND,INF200K01UT4_SBI LIQUID FUND.xlsx,INE115A14FW4,LIC Housing Finance Ltd.,10000,49932.55,0.54,SLF,unmapped,TRUE
SBI LIQUID FUND,INF200K01UT4_SBI LIQUID FUND.xlsx,INE081A14HC6,Tata Steel Ltd.,10000,49931.55,0.54,SLF,unmapped,TRUE
SBI LIQUID FUND,INF200K01UT4_SBI LIQUID FUND.xlsx,INE700G14UG2,HDFC Securities Ltd.,10000,49927,0.54,SLF,unmapped,TRUE
SBI LIQUID FUND,INF200K01UT4_SBI LIQUID FUND.xlsx,INE511C14ZP2,Poonawalla Fincorp Ltd.,10000,49926.7,0.54,SLF,unmapped,TRUE
SBI LIQUID FUND,INF200K01UT4_SBI LIQUID FUND.xlsx,INE338I14MW1,Motilal Oswal Financial Services Ltd.,10000,49925.5,0.54,SLF,unmapped,TRUE
SBI LIQUID FUND,INF200K01UT4_SBI LIQUID FUND.xlsx,INE763G14K61,ICICI Securities Ltd.,10000,49908.75,0.54,SLF,unmapped,TRUE
SBI LIQUID FUND,INF200K01UT4_SBI LIQUID FUND.xlsx,INE763G14I81,ICICI Securities Ltd.,10000,49872.15,0.54,SLF,unmapped,TRUE
SBI LIQUID FUND,INF200K01UT4_SBI LIQUID FUND.xlsx,INE028E14XC6,Kotak Securities Ltd.,10000,49862.7,0.54,SLF,unmapped,TRUE
SBI LIQUID FUND,INF200K01UT4_SBI LIQUID FUND.xlsx,INE257A14AJ2,Bharat Heavy Electricals Ltd.,10000,49787.55,0.54,SLF,unmapped,TRUE
SBI LIQUID FUND,INF200K01UT4_SBI LIQUID FUND.xlsx,INE733E14CE1,NTPC Ltd.,10000,49707.85,0.54,SLF,unmapped,TRUE
SBI LIQUID FUND,INF200K01UT4_SBI LIQUID FUND.xlsx,INE733E14CF8,NTPC Ltd.,10000,49673.7,0.54,SLF,unmapped,TRUE
SBI LIQUID FUND,INF200K01UT4_SBI LIQUID FUND.xlsx,INE756I14GP0,HDB Financial Services Ltd.,10000,49673.1,0.54,SLF,unmapped,TRUE
SBI LIQUID FUND,INF200K01UT4_SBI LIQUID FUND.xlsx,INE700G14VD7,HDFC Securities Ltd.,10000,49464.95,0.54,SLF,unmapped,TRUE
SBI LIQUID FUND,INF200K01UT4_SBI LIQUID FUND.xlsx,INE831R14GM9,Aditya Birla Housing Finance Ltd.,10000,49396.7,0.54,SLF,unmapped,TRUE
SBI LIQUID FUND,INF200K01UT4_SBI LIQUID FUND.xlsx,INE296A14D13,Bajaj Finance Ltd.,10000,49394.6,0.54,SLF,unmapped,TRUE
SBI LIQUID FUND,INF200K01UT4_SBI LIQUID FUND.xlsx,INE700G14VH8,HDFC Securities Ltd.,10000,49375.7,0.54,SLF,unmapped,TRUE
SBI LIQUID FUND,INF200K01UT4_SBI LIQUID FUND.xlsx,INE261F14QB6,National Bank for Agriculture and Rural Development,10000,49365.15,0.54,SLF,unmapped,TRUE
SBI LIQUID FUND,INF200K01UT4_SBI LIQUID FUND.xlsx,INE110O14JJ5,Axis Securities Ltd.,10000,49318.4,0.53,SLF,unmapped,TRUE
SBI LIQUID FUND,INF200K01UT4_SBI LIQUID FUND.xlsx,INE572E14KM9,PNB Housing Finance Ltd.,8000,39853.72,0.43,SLF,unmapped,TRUE
SBI LIQUID FUND,INF200K01UT4_SBI LIQUID FUND.xlsx,INE071G14IF5,ICICI Home Finance Co. Ltd.,8000,39538.72,0.43,SLF,unmapped,TRUE
SBI LIQUID FUND,INF200K01UT4_SBI LIQUID FUND.xlsx,INE121A14YW3,Cholamandalam Investment & Finance Co. Ltd.,8000,39492.96,0.43,SLF,unmapped,TRUE
SBI LIQUID FUND,INF200K01UT4_SBI LIQUID FUND.xlsx,INE041014114,Embassy Office Parks Reit,8000,39485.04,0.43,SLF,unmapped,TRUE
SBI LIQUID FUND,INF200K01UT4_SBI LIQUID FUND.xlsx,INE01C314GT2,Bajaj Financial Securities Ltd.,8000,39439.2,0.43,SLF,unmapped,TRUE
SBI LIQUID FUND,INF200K01UT4_SBI LIQUID FUND.xlsx,INE028E14XB8,Kotak Securities Ltd.,7000,34910.65,0.38,SLF,unmapped,TRUE
SBI LIQUID FUND,INF200K01UT4_SBI LIQUID FUND.xlsx,INE02KN14739,Godrej Finance Ltd.,7000,34908.72,0.38,SLF,unmapped,TRUE
SBI LIQUID FUND,INF200K01UT4_SBI LIQUID FUND.xlsx,INE094A14KD1,Hindustan Petroleum Corporation Ltd.,7000,34905.36,0.38,SLF,unmapped,TRUE
SBI LIQUID FUND,INF200K01UT4_SBI LIQUID FUND.xlsx,INE09OL14JO3,Birla Group Holding Pvt. Ltd.,7000,34888.95,0.38,SLF,unmapped,TRUE
SBI LIQUID FUND,INF200K01UT4_SBI LIQUID FUND.xlsx,INE128M14BI0,L&T Metro Rail (Hyderabad) Ltd.,6900,34442.11,0.37,SLF,unmapped,TRUE
SBI LIQUID FUND,INF200K01UT4_SBI LIQUID FUND.xlsx,INE02FN14929,IGH Holdings Pvt Ltd.,6000,30000,0.33,SLF,unmapped,TRUE
SBI LIQUID FUND,INF200K01UT4_SBI LIQUID FUND.xlsx,INE028E14WU0,Kotak Securities Ltd.,6000,29989.38,0.33,SLF,unmapped,TRUE
SBI LIQUID FUND,INF200K01UT4_SBI LIQUID FUND.xlsx,INE01C314GA2,Bajaj Financial Securities Ltd.,6000,29956.35,0.32,SLF,unmapped,TRUE
SBI LIQUID FUND,INF200K01UT4_SBI LIQUID FUND.xlsx,INE338I14MY7,Motilal Oswal Financial Services Ltd.,6000,29921.55,0.32,SLF,unmapped,TRUE
SBI LIQUID FUND,INF200K01UT4_SBI LIQUID FUND.xlsx,INE535H14JT6,SMFG India Credit Company Ltd.,6000,29907.39,0.32,SLF,unmapped,TRUE
SBI LIQUID FUND,INF200K01UT4_SBI LIQUID FUND.xlsx,INE028E14XE2,Kotak Securities Ltd.,6000,29906.67,0.32,SLF,unmapped,TRUE
SBI LIQUID FUND,INF200K01UT4_SBI LIQUID FUND.xlsx,INE09OL14JP0,Birla Group Holding Pvt. Ltd.,6000,29888.07,0.32,SLF,unmapped,TRUE
SBI LIQUID FUND,INF200K01UT4_SBI LIQUID FUND.xlsx,INE028E14XM5,Kotak Securities Ltd.,6000,29632.41,0.32,SLF,unmapped,TRUE
SBI LIQUID FUND,INF200K01UT4_SBI LIQUID FUND.xlsx,INE01C314FZ1,Bajaj Financial Securities Ltd.,5500,27470.44,0.3,SLF,unmapped,TRUE
SBI LIQUID FUND,INF200K01UT4_SBI LIQUID FUND.xlsx,INE338I14NC1,Motilal Oswal Financial Services Ltd.,5500,27143.27,0.29,SLF,unmapped,TRUE
SBI LIQUID FUND,INF200K01UT4_SBI LIQUID FUND.xlsx,INE929O14FA5,Reliance Retail Ventures Ltd.,5000,24995.85,0.27,SLF,unmapped,TRUE
SBI LIQUID FUND,INF200K01UT4_SBI LIQUID FUND.xlsx,INE556F14MI3,Small Industries Development Bank of India,5000,24991.78,0.27,SLF,unmapped,TRUE
SBI LIQUID FUND,INF200K01UT4_SBI LIQUID FUND.xlsx,INE929O14FB3,Reliance Retail Ventures Ltd.,5000,24970.68,0.27,SLF,unmapped,TRUE
SBI LIQUID FUND,INF200K01UT4_SBI LIQUID FUND.xlsx,INE763G14K38,ICICI Securities Ltd.,5000,24968.05,0.27,SLF,unmapped,TRUE
SBI LIQUID FUND,INF200K01UT4_SBI LIQUID FUND.xlsx,INE01C314GB0,Bajaj Financial Securities Ltd.,5000,24959.08,0.27,SLF,unmapped,TRUE
SBI LIQUID FUND,INF200K01UT4_SBI LIQUID FUND.xlsx,INE028E14XA0,Kotak Securities Ltd.,5000,24954.53,0.27,SLF,unmapped,TRUE
SBI LIQUID FUND,INF200K01UT4_SBI LIQUID FUND.xlsx,INE02KN14721,Godrej Finance Ltd.,5000,24953.58,0.27,SLF,unmapped,TRUE
SBI LIQUID FUND,INF200K01UT4_SBI LIQUID FUND.xlsx,INE556F14ML7,Small Industries Development Bank of India,5000,24940.33,0.27,SLF,unmapped,TRUE
SBI LIQUID FUND,INF200K01UT4_SBI LIQUID FUND.xlsx,INE522D14OT3,Manappuram Finance Ltd.,5000,24927.93,0.27,SLF,unmapped,TRUE
SBI LIQUID FUND,INF200K01UT4_SBI LIQUID FUND.xlsx,INE338I14NA5,Motilal Oswal Financial Services Ltd.,5000,24925.05,0.27,SLF,unmapped,TRUE
SBI LIQUID FUND,INF200K01UT4_SBI LIQUID FUND.xlsx,INE891K14QA2,Axis Finance Ltd.,5000,24923.1,0.27,SLF,unmapped,TRUE
SBI LIQUID FUND,INF200K01UT4_SBI LIQUID FUND.xlsx,INE729N14IR9,TVS Credit Services Ltd.,5000,24921.4,0.27,SLF,unmapped,TRUE
SBI LIQUID FUND,INF200K01UT4_SBI LIQUID FUND.xlsx,INE020B14706,REC Ltd.,5000,24915.35,0.27,SLF,unmapped,TRUE
SBI LIQUID FUND,INF200K01UT4_SBI LIQUID FUND.xlsx,INE422H14529,DSP Finance Pvt. Ltd.,5000,24893.7,0.27,SLF,unmapped,TRUE
SBI LIQUID FUND,INF200K01UT4_SBI LIQUID FUND.xlsx,INE511C14ZT4,Poonawalla Fincorp Ltd.,5000,24801.25,0.27,SLF,unmapped,TRUE
SBI LIQUID FUND,INF200K01UT4_SBI LIQUID FUND.xlsx,INE763G14M51,ICICI Securities Ltd.,5000,24688.93,0.27,SLF,unmapped,TRUE
SBI LIQUID FUND,INF200K01UT4_SBI LIQUID FUND.xlsx,INE824H14UV7,Julius Baer Capital (India) Pvt. Ltd.,5000,24675.63,0.27,SLF,unmapped,TRUE
SBI LIQUID FUND,INF200K01UT4_SBI LIQUID FUND.xlsx,INE02FN14937,IGH Holdings Pvt Ltd.,4000,19992.74,0.22,SLF,unmapped,TRUE
SBI LIQUID FUND,INF200K01UT4_SBI LIQUID FUND.xlsx,INE976I14QM0,TATA Capital Ltd.,4000,19945.9,0.22,SLF,unmapped,TRUE
SBI LIQUID FUND,INF200K01UT4_SBI LIQUID FUND.xlsx,INE486A14GD7,CESC Ltd.,4000,19940.96,0.22,SLF,unmapped,TRUE
SBI LIQUID FUND,INF200K01UT4_SBI LIQUID FUND.xlsx,INE725H14EE6,Tata Projects Ltd.,4000,19929.46,0.22,SLF,unmapped,TRUE
SBI LIQUID FUND,INF200K01UT4_SBI LIQUID FUND.xlsx,INE081A14HK9,Tata Steel Ltd.,4000,19916.84,0.22,SLF,unmapped,TRUE
SBI LIQUID FUND,INF200K01UT4_SBI LIQUID FUND.xlsx,INE572E14KQ0,PNB Housing Finance Ltd.,4000,19802.22,0.21,SLF,unmapped,TRUE
SBI LIQUID FUND,INF200K01UT4_SBI LIQUID FUND.xlsx,INE02KN14770,Godrej Finance Ltd.,4000,19745.42,0.21,SLF,unmapped,TRUE
SBI LIQUID FUND,INF200K01UT4_SBI LIQUID FUND.xlsx,INE725H14EI7,Tata Projects Ltd.,4000,19743.36,0.21,SLF,unmapped,TRUE
SBI LIQUID FUND,INF200K01UT4_SBI LIQUID FUND.xlsx,INE486A14GG0,CESC Ltd.,4000,19739.9,0.21,SLF,unmapped,TRUE
SBI LIQUID FUND,INF200K01UT4_SBI LIQUID FUND.xlsx,INE725H14EJ5,Tata Projects Ltd.,4000,19729.3,0.21,SLF,unmapped,TRUE
SBI LIQUID FUND,INF200K01UT4_SBI LIQUID FUND.xlsx,INE522D14PU8,Manappuram Finance Ltd.,4000,19708.72,0.21,SLF,unmapped,TRUE
SBI LIQUID FUND,INF200K01UT4_SBI LIQUID FUND.xlsx,INE110O14IQ2,Axis Securities Ltd.,3000,14992.02,0.16,SLF,unmapped,TRUE
SBI LIQUID FUND,INF200K01UT4_SBI LIQUID FUND.xlsx,INE957N14KN1,Hero FinCorp Ltd.,3000,14976.9,0.16,SLF,unmapped,TRUE
SBI LIQUID FUND,INF200K01UT4_SBI LIQUID FUND.xlsx,INE957N14KO9,Hero FinCorp Ltd.,3000,14974.02,0.16,SLF,unmapped,TRUE
SBI LIQUID FUND,INF200K01UT4_SBI LIQUID FUND.xlsx,INE484J14D57,Godrej Properties Ltd.,3000,14957.61,0.16,SLF,unmapped,TRUE
SBI LIQUID FUND,INF200K01UT4_SBI LIQUID FUND.xlsx,INE484J14D65,Godrej Properties Ltd.,3000,14954.97,0.16,SLF,unmapped,TRUE
SBI LIQUID FUND,INF200K01UT4_SBI LIQUID FUND.xlsx,INE422H14495,DSP Finance Pvt. Ltd.,3000,14953.56,0.16,SLF,unmapped,TRUE
SBI LIQUID FUND,INF200K01UT4_SBI LIQUID FUND.xlsx,INE134E14AZ1,Power Finance Corporation Ltd.,3000,14798.21,0.16,SLF,unmapped,TRUE
SBI LIQUID FUND,INF200K01UT4_SBI LIQUID FUND.xlsx,INE976I14RP1,TATA Capital Ltd.,2500,12484.26,0.14,SLF,unmapped,TRUE
SBI LIQUID FUND,INF200K01UT4_SBI LIQUID FUND.xlsx,INE02FN14945,IGH Holdings Pvt Ltd.,2500,12483.73,0.14,SLF,unmapped,TRUE
SBI LIQUID FUND,INF200K01UT4_SBI LIQUID FUND.xlsx,INE484J14F30,Godrej Properties Ltd.,2500,12351.64,0.13,SLF,unmapped,TRUE
SBI LIQUID FUND,INF200K01UT4_SBI LIQUID FUND.xlsx,INE09OL14JM7,Birla Group Holding Pvt. Ltd.,2000,9983.3,0.11,SLF,unmapped,TRUE
SBI LIQUID FUND,INF200K01UT4_SBI LIQUID FUND.xlsx,INE484J14D40,Godrej Properties Ltd.,2000,9973.5,0.11,SLF,unmapped,TRUE
SBI LIQUID FUND,INF200K01UT4_SBI LIQUID FUND.xlsx,INE484J14F48,Godrej Properties Ltd.,2000,9879.51,0.11,SLF,unmapped,TRUE
SBI LIQUID FUND,INF200K01UT4_SBI LIQUID FUND.xlsx,INE582L14JT0,Tata Housing Development Co. Ltd.,2000,9876.01,0.11,SLF,unmapped,TRUE
SBI LIQUID FUND,INF200K01UT4_SBI LIQUID FUND.xlsx,INE484J14F55,Godrej Properties Ltd.,2000,9870.5,0.11,SLF,unmapped,TRUE
SBI LIQUID FUND,INF200K01UT4_SBI LIQUID FUND.xlsx,INE484J14F63,Godrej Properties Ltd.,2000,9868.7,0.11,SLF,unmapped,TRUE
SBI LIQUID FUND,INF200K01UT4_SBI LIQUID FUND.xlsx,INE261F14QA8,National Bank for Agriculture and Rural Development,1000,4938.24,0.05,SLF,unmapped,TRUE
SBI LIQUID FUND,INF200K01UT4_SBI LIQUID FUND.xlsx,INE563J14DP5,Astec Lifesciences Ltd.,500,2492.26,0.03,SLF,unmapped,TRUE
SBI LIQUID FUND,INF200K01UT4_SBI LIQUID FUND.xlsx,INE563J14DO8,Astec Lifesciences Ltd.,500,2490.33,0.03,SLF,unmapped,TRUE
SBI LIQUID FUND,INF200K01UT4_SBI LIQUID FUND.xlsx,INE040A16KA5,HDFC Bank Ltd.,50000,246907.25,2.68,SLF,unmapped,TRUE
SBI LIQUID FUND,INF200K01UT4_SBI LIQUID FUND.xlsx,INE160A16VS0,Punjab National Bank,50000,246847.75,2.68,SLF,unmapped,TRUE
SBI LIQUID FUND,INF200K01UT4_SBI LIQUID FUND.xlsx,INE476A16K55,Canara Bank,44000,218309.74,2.37,SLF,unmapped,TRUE
SBI LIQUID FUND,INF200K01UT4_SBI LIQUID FUND.xlsx,INE040A16JO8,HDFC Bank Ltd.,36000,179821.98,1.95,SLF,unmapped,TRUE
SBI LIQUID FUND,INF200K01UT4_SBI LIQUID FUND.xlsx,INE028A16MS8,Bank of Baroda,30000,149653.65,1.62,SLF,unmapped,TRUE
SBI LIQUID FUND,INF200K01UT4_SBI LIQUID FUND.xlsx,INE692A16MX1,Union Bank of India,30000,148847.55,1.61,SLF,unmapped,TRUE
SBI LIQUID FUND,INF200K01UT4_SBI LIQUID FUND.xlsx,INE028A16KH5,Bank of Baroda,30000,148314.9,1.61,SLF,unmapped,TRUE
SBI LIQUID FUND,INF200K01UT4_SBI LIQUID FUND.xlsx,INE040A16JY7,HDFC Bank Ltd.,28000,138444.04,1.5,SLF,unmapped,TRUE
SBI LIQUID FUND,INF200K01UT4_SBI LIQUID FUND.xlsx,INE692A16MS1,Union Bank of India,25000,124125.13,1.35,SLF,unmapped,TRUE
SBI LIQUID FUND,INF200K01UT4_SBI LIQUID FUND.xlsx,INE160A16VJ9,Punjab National Bank,20000,99733.8,1.08,SLF,unmapped,TRUE
SBI LIQUID FUND,INF200K01UT4_SBI LIQUID FUND.xlsx,INE040A16JT7,HDFC Bank Ltd.,20000,99227.6,1.08,SLF,unmapped,TRUE
SBI LIQUID FUND,INF200K01UT4_SBI LIQUID FUND.xlsx,INE483A16KZ4,Central Bank of India,20000,98784.3,1.07,SLF,unmapped,TRUE
SBI LIQUID FUND,INF200K01UT4_SBI LIQUID FUND.xlsx,INE608A16TN3,Punjab & Sind Bank,20000,98497.3,1.07,SLF,unmapped,TRUE
SBI LIQUID FUND,INF200K01UT4_SBI LIQUID FUND.xlsx,INE092T16ZP2,IDFC First Bank Ltd.,18500,92359.03,1,SLF,unmapped,TRUE
SBI LIQUID FUND,INF200K01UT4_SBI LIQUID FUND.xlsx,INE040A16JQ3,HDFC Bank Ltd.,15500,77303.85,0.84,SLF,unmapped,TRUE
SBI LIQUID FUND,INF200K01UT4_SBI LIQUID FUND.xlsx,INE040A16HL8,HDFC Bank Ltd.,15000,74887.35,0.81,SLF,unmapped,TRUE
SBI LIQUID FUND,INF200K01UT4_SBI LIQUID FUND.xlsx,INE092T16ZQ0,IDFC First Bank Ltd.,15000,74873.03,0.81,SLF,unmapped,TRUE
SBI LIQUID FUND,INF200K01UT4_SBI LIQUID FUND.xlsx,INE160A16VR2,Punjab National Bank,15000,74618.25,0.81,SLF,unmapped,TRUE
SBI LIQUID FUND,INF200K01UT4_SBI LIQUID FUND.xlsx,INE160A16VE0,Punjab National Bank,14000,70000,0.76,SLF,unmapped,TRUE
SBI LIQUID FUND,INF200K01UT4_SBI LIQUID FUND.xlsx,INE028A16MR0,Bank of Baroda,14000,69885.34,0.76,SLF,unmapped,TRUE
SBI LIQUID FUND,INF200K01UT4_SBI LIQUID FUND.xlsx,INE608A16TK9,Punjab & Sind Bank,12000,59859.84,0.65,SLF,unmapped,TRUE
SBI LIQUID FUND,INF200K01UT4_SBI LIQUID FUND.xlsx,INE608A16TL7,Punjab & Sind Bank,10000,49874.05,0.54,SLF,unmapped,TRUE
SBI LIQUID FUND,INF200K01UT4_SBI LIQUID FUND.xlsx,INE036D16KL4,Karur Vysya Bank Ltd.,10000,49391.25,0.54,SLF,unmapped,TRUE
SBI LIQUID FUND,INF200K01UT4_SBI LIQUID FUND.xlsx,INE168A16NQ4,The Jammu & Kashmir Bank Ltd.,10000,49273.7,0.53,SLF,unmapped,TRUE
SBI LIQUID FUND,INF200K01UT4_SBI LIQUID FUND.xlsx,INE692A16ML6,Union Bank of India,9000,44873.06,0.49,SLF,unmapped,TRUE
SBI LIQUID FUND,INF200K01UT4_SBI LIQUID FUND.xlsx,INE483A16KV3,Central Bank of India,8000,39940.24,0.43,SLF,unmapped,TRUE
SBI LIQUID FUND,INF200K01UT4_SBI LIQUID FUND.xlsx,INE008A161B2,IDBI Bank Ltd.,6000,29949.42,0.32,SLF,unmapped,TRUE
SBI LIQUID FUND,INF200K01UT4_SBI LIQUID FUND.xlsx,INE01GA16301,DBS Bank Ltd.,6000,29898.03,0.32,SLF,unmapped,TRUE
SBI LIQUID FUND,INF200K01UT4_SBI LIQUID FUND.xlsx,INE028A16MO7,Bank of Baroda,5000,24987.98,0.27,SLF,unmapped,TRUE
SBI LIQUID FUND,INF200K01UT4_SBI LIQUID FUND.xlsx,INE028A16MP4,Bank of Baroda,5000,24975.5,0.27,SLF,unmapped,TRUE
SBI LIQUID FUND,INF200K01UT4_SBI LIQUID FUND.xlsx,INE168A16NG5,The Jammu & Kashmir Bank Ltd.,5000,24937.93,0.27,SLF,unmapped,TRUE
SBI LIQUID FUND,INF200K01UT4_SBI LIQUID FUND.xlsx,INE028A16MW0,Bank of Baroda,4500,22224.2,0.24,SLF,unmapped,TRUE
SBI LIQUID FUND,INF200K01UT4_SBI LIQUID FUND.xlsx,INE476A16J41,Canara Bank,4000,20000,0.22,SLF,unmapped,TRUE
SBI LIQUID FUND,INF200K01UT4_SBI LIQUID FUND.xlsx,INE238AD6CQ9,Axis Bank Ltd.,3500,17455.88,0.19,SLF,unmapped,TRUE
SBI LIQUID FUND,INF200K01UT4_SBI LIQUID FUND.xlsx,INE028A16MM1,Bank of Baroda,2500,12500,0.14,SLF,unmapped,TRUE
SBI LIQUID FUND,INF200K01UT4_SBI LIQUID FUND.xlsx,IN002026X107,91 DAY T-BILL 10.09.26,650000000,649171.25,7.04,SLF,not_in_mapping_files,FALSE
SBI LIQUID FUND,INF200K01UT4_SBI LIQUID FUND.xlsx,IN002026X123,91 DAY T-BILL 24.09.26,175000000,174450.33,1.89,SLF,not_in_mapping_files,FALSE
SBI LIQUID FUND,INF200K01UT4_SBI LIQUID FUND.xlsx,IN002026X156,91 DAY T-BILL 15.10.26,175000000,173928.13,1.89,SLF,not_in_mapping_files,FALSE
SBI LIQUID FUND,INF200K01UT4_SBI LIQUID FUND.xlsx,IN002026X180,91 DAY T-BILL 05.11.26,170000000,168426.65,1.83,SLF,not_in_mapping_files,FALSE
SBI LIQUID FUND,INF200K01UT4_SBI LIQUID FUND.xlsx,IN002025Y495,182 DAY T-BILL 10.09.26,100000000,99872.5,1.08,SLF,not_in_mapping_files,FALSE
SBI LIQUID FUND,INF200K01UT4_SBI LIQUID FUND.xlsx,IN002025Z286,364 DAY T-BILL 08.10.26,92500000,92022.42,1,SLF,not_in_mapping_files,FALSE
SBI LIQUID FUND,INF200K01UT4_SBI LIQUID FUND.xlsx,IN002026X115,91 DAY T-BILL 17.09.26,75000000,74835.98,0.81,SLF,not_in_mapping_files,FALSE
SBI LIQUID FUND,INF200K01UT4_SBI LIQUID FUND.xlsx,IN002025Z252,364 DAY T-BILL 17.09.26,48000000,47895.02,0.52,SLF,not_in_mapping_files,FALSE
SBI LIQUID FUND,INF200K01UT4_SBI LIQUID FUND.xlsx,IN002025Z278,364 DAY T-BILL 02.10.26,33000000,32858.33,0.36,SLF,not_in_mapping_files,FALSE
SBI LIQUID FUND,INF200K01UT4_SBI LIQUID FUND.xlsx,IN002026Y063,182 DAY T-BILL 12.11.26,10000000,9897.58,0.11,SLF,not_in_mapping_files,FALSE
SBI LIQUID FUND,INF200K01UT4_SBI LIQUID FUND.xlsx,INF0RQ622028,Corporate Debt Market Development Fund-A2,169786.288,20324.48,0.22,SLF,not_in_mapping_files,FALSE
SBI Nifty 50 ETF,INF200KA1FS1_SBI Nifty 50 ETF.xlsx,INE040A01034,HDFC Bank Ltd.,297027438,2105924.54,9.85,SETFNIF50,mapped,TRUE
SBI Nifty 50 ETF,INF200KA1FS1_SBI Nifty 50 ETF.xlsx,INE090A01021,ICICI Bank Ltd.,138952494,2020369.26,9.45,SETFNIF50,mapped,TRUE
SBI Nifty 50 ETF,INF200KA1FS1_SBI Nifty 50 ETF.xlsx,INE002A01018,Reliance Industries Ltd.,131037667,1673351.01,7.83,SETFNIF50,mapped,TRUE
SBI Nifty 50 ETF,INF200KA1FS1_SBI Nifty 50 ETF.xlsx,INE397D01024,Bharti Airtel Ltd.,58982965,1068712.34,5,SETFNIF50,mapped,TRUE
SBI Nifty 50 ETF,INF200KA1FS1_SBI Nifty 50 ETF.xlsx,INE018A01030,Larsen & Toubro Ltd.,22702749,918303.49,4.3,SETFNIF50,mapped,TRUE
SBI Nifty 50 ETF,INF200KA1FS1_SBI Nifty 50 ETF.xlsx,INE062A01020,State Bank of India,80175614,849861.51,3.98,SETFNIF50,mapped,TRUE
SBI Nifty 50 ETF,INF200KA1FS1_SBI Nifty 50 ETF.xlsx,INE009A01021,Infosys Ltd.,68034280,771372.67,3.61,SETFNIF50,mapped,TRUE
SBI Nifty 50 ETF,INF200KA1FS1_SBI Nifty 50 ETF.xlsx,INE238A01034,Axis Bank Ltd.,55705864,724176.23,3.39,SETFNIF50,mapped,TRUE
SBI Nifty 50 ETF,INF200KA1FS1_SBI Nifty 50 ETF.xlsx,INE237A01036,Kotak Mahindra Bank Ltd.,142809221,598941.87,2.8,SETFNIF50,mapped,TRUE
SBI Nifty 50 ETF,INF200KA1FS1_SBI Nifty 50 ETF.xlsx,INE101A01026,Mahindra & Mahindra Ltd.,17317050,568345.58,2.66,SETFNIF50,mapped,TRUE
SBI Nifty 50 ETF,INF200KA1FS1_SBI Nifty 50 ETF.xlsx,INE296A01032,Bajaj Finance Ltd.,51987763,549510.65,2.57,SETFNIF50,mapped,TRUE
SBI Nifty 50 ETF,INF200KA1FS1_SBI Nifty 50 ETF.xlsx,INE154A01025,ITC Ltd.,186978687,477730.55,2.23,SETFNIF50,mapped,TRUE
SBI Nifty 50 ETF,INF200KA1FS1_SBI Nifty 50 ETF.xlsx,INE467B01029,Tata Consultancy Services Ltd.,19803694,475150.03,2.22,SETFNIF50,mapped,TRUE
SBI Nifty 50 ETF,INF200KA1FS1_SBI Nifty 50 ETF.xlsx,INE758T01015,Eternal Ltd.,140229585,460093.27,2.15,SETFNIF50,mapped,TRUE
SBI Nifty 50 ETF,INF200KA1FS1_SBI Nifty 50 ETF.xlsx,INE280A01028,Titan Company Ltd.,8008278,408614.38,1.91,SETFNIF50,mapped,TRUE
SBI Nifty 50 ETF,INF200KA1FS1_SBI Nifty 50 ETF.xlsx,INE044A01036,Sun Pharmaceutical Industries Ltd.,20538836,407654.82,1.91,SETFNIF50,mapped,TRUE
SBI Nifty 50 ETF,INF200KA1FS1_SBI Nifty 50 ETF.xlsx,INE585B01010,Maruti Suzuki India Ltd.,2530403,342793.69,1.6,SETFNIF50,mapped,TRUE
SBI Nifty 50 ETF,INF200KA1FS1_SBI Nifty 50 ETF.xlsx,INE030A01027,Hindustan Unilever Ltd.,17208529,338560.6,1.58,SETFNIF50,mapped,TRUE
SBI Nifty 50 ETF,INF200KA1FS1_SBI Nifty 50 ETF.xlsx,INE721A01047,Shriram Finance Ltd.,27164868,301502.87,1.41,SETFNIF50,mapped,TRUE
SBI Nifty 50 ETF,INF200KA1FS1_SBI Nifty 50 ETF.xlsx,INE733E01010,NTPC Ltd.,91957066,301067.43,1.41,SETFNIF50,mapped,TRUE
SBI Nifty 50 ETF,INF200KA1FS1_SBI Nifty 50 ETF.xlsx,INE081A01020,Tata Steel Ltd.,160335403,295578.32,1.38,SETFNIF50,mapped,TRUE
SBI Nifty 50 ETF,INF200KA1FS1_SBI Nifty 50 ETF.xlsx,INE263A01024,Bharat Electronics Ltd.,69473502,287932.93,1.35,SETFNIF50,mapped,TRUE
SBI Nifty 50 ETF,INF200KA1FS1_SBI Nifty 50 ETF.xlsx,INE038A01020,Hindalco Industries Ltd.,28084598,285185.05,1.33,SETFNIF50,mapped,TRUE
SBI Nifty 50 ETF,INF200KA1FS1_SBI Nifty 50 ETF.xlsx,INE860A01027,HCL Technologies Ltd.,20449745,268341.55,1.26,SETFNIF50,mapped,TRUE
SBI Nifty 50 ETF,INF200KA1FS1_SBI Nifty 50 ETF.xlsx,INE481G01011,Ultratech Cement Ltd.,2295355,262818.15,1.23,SETFNIF50,mapped,TRUE
SBI Nifty 50 ETF,INF200KA1FS1_SBI Nifty 50 ETF.xlsx,INE917I01010,Bajaj Auto Ltd.,2148253,260583.09,1.22,SETFNIF50,mapped,TRUE
SBI Nifty 50 ETF,INF200KA1FS1_SBI Nifty 50 ETF.xlsx,INE047A01021,Grasim Industries Ltd.,7318576,246709.2,1.15,SETFNIF50,mapped,TRUE
SBI Nifty 50 ETF,INF200KA1FS1_SBI Nifty 50 ETF.xlsx,INE019A01038,JSW Steel Ltd.,18193084,237910.96,1.11,SETFNIF50,mapped,TRUE
SBI Nifty 50 ETF,INF200KA1FS1_SBI Nifty 50 ETF.xlsx,INE021A01026,Asian Paints Ltd.,8771744,232767,1.09,SETFNIF50,mapped,TRUE
SBI Nifty 50 ETF,INF200KA1FS1_SBI Nifty 50 ETF.xlsx,INE752E01010,Power Grid Corporation of India Ltd.,87839473,231500.93,1.08,SETFNIF50,mapped,TRUE
SBI Nifty 50 ETF,INF200KA1FS1_SBI Nifty 50 ETF.xlsx,INE646L01027,Interglobe Aviation Ltd.,4390567,229802.28,1.07,SETFNIF50,mapped,TRUE
SBI Nifty 50 ETF,INF200KA1FS1_SBI Nifty 50 ETF.xlsx,INE742F01042,Adani Ports and Special Economic Zone Ltd.,14309757,227968.74,1.07,SETFNIF50,mapped,TRUE
SBI Nifty 50 ETF,INF200KA1FS1_SBI Nifty 50 ETF.xlsx,INE918I01026,Bajaj Finserv Ltd.,11229212,226942.37,1.06,SETFNIF50,mapped,TRUE
SBI Nifty 50 ETF,INF200KA1FS1_SBI Nifty 50 ETF.xlsx,INE066A01021,Eicher Motors Ltd.,2673169,212610.5,0.99,SETFNIF50,mapped,TRUE
SBI Nifty 50 ETF,INF200KA1FS1_SBI Nifty 50 ETF.xlsx,INE239A01024,Nestle India Ltd.,13907696,208128.67,0.97,SETFNIF50,mapped,TRUE
SBI Nifty 50 ETF,INF200KA1FS1_SBI Nifty 50 ETF.xlsx,INE669C01036,Tech Mahindra Ltd.,12318668,200547.92,0.94,SETFNIF50,mapped,TRUE
SBI Nifty 50 ETF,INF200KA1FS1_SBI Nifty 50 ETF.xlsx,INE522F01014,Coal India Ltd.,46461247,186658.06,0.87,SETFNIF50,mapped,TRUE
SBI Nifty 50 ETF,INF200KA1FS1_SBI Nifty 50 ETF.xlsx,INE849A01020,Trent Ltd.,6454393,185880.06,0.87,SETFNIF50,mapped,TRUE
SBI Nifty 50 ETF,INF200KA1FS1_SBI Nifty 50 ETF.xlsx,INE437A01024,Apollo Hospitals Enterprise Ltd.,1996123,177625.01,0.83,SETFNIF50,mapped,TRUE
SBI Nifty 50 ETF,INF200KA1FS1_SBI Nifty 50 ETF.xlsx,INE213A01029,Oil & Natural Gas Corporation Ltd.,75346735,174653.73,0.82,SETFNIF50,mapped,TRUE
SBI Nifty 50 ETF,INF200KA1FS1_SBI Nifty 50 ETF.xlsx,INE423A01024,Adani Enterprises Ltd.,5597304,160032.52,0.75,SETFNIF50,mapped,TRUE
SBI Nifty 50 ETF,INF200KA1FS1_SBI Nifty 50 ETF.xlsx,INE059A01026,Cipla Ltd.,10914247,153803.57,0.72,SETFNIF50,mapped,TRUE
SBI Nifty 50 ETF,INF200KA1FS1_SBI Nifty 50 ETF.xlsx,INE758E01017,Jio Financial Services Ltd.,63642628,153601.48,0.72,SETFNIF50,mapped,TRUE
SBI Nifty 50 ETF,INF200KA1FS1_SBI Nifty 50 ETF.xlsx,INE123W01016,SBI Life Insurance Co. Ltd.,8715392,151691.4,0.71,SETFNIF50,mapped,TRUE
SBI Nifty 50 ETF,INF200KA1FS1_SBI Nifty 50 ETF.xlsx,INE027H01010,Max Healthcare Institute Ltd.,14435799,150435.46,0.7,SETFNIF50,mapped,TRUE
SBI Nifty 50 ETF,INF200KA1FS1_SBI Nifty 50 ETF.xlsx,INE089A01031,Dr. Reddy's Laboratories Ltd.,11823928,136495.42,0.64,SETFNIF50,mapped,TRUE
SBI Nifty 50 ETF,INF200KA1FS1_SBI Nifty 50 ETF.xlsx,INE192A01025,Tata Consumer Products Ltd.,12631645,131053.32,0.61,SETFNIF50,mapped,TRUE
SBI Nifty 50 ETF,INF200KA1FS1_SBI Nifty 50 ETF.xlsx,INE155A01022,Tata Motors Passenger Vehicles Ltd.,40538024,125201.69,0.59,SETFNIF50,mapped,TRUE
SBI Nifty 50 ETF,INF200KA1FS1_SBI Nifty 50 ETF.xlsx,INE795G01014,HDFC Life Insurance Company Ltd.,20866144,113376.19,0.53,SETFNIF50,mapped,TRUE
SBI Nifty 50 ETF,INF200KA1FS1_SBI Nifty 50 ETF.xlsx,INE075A01022,Wipro Ltd.,52530688,96919.12,0.45,SETFNIF50,mapped,TRUE
Nippon India Small Cap Fund,INF204K01K15_Nippon India Small Cap Fund.xlsx,INE257A01026,Bharat Heavy Electricals Limited,34508595,152752.3,1.85,SC,mapped,TRUE
Nippon India Small Cap Fund,INF204K01K15_Nippon India Small Cap Fund.xlsx,INE419M01035,TD Power Systems Limited,19307704,150020.86,1.82,SC,mapped,TRUE
Nippon India Small Cap Fund,INF204K01K15_Nippon India Small Cap Fund.xlsx,INE372A01015,Apar Industries Limited,808204,143068.27,1.73,SC,mapped,TRUE
Nippon India Small Cap Fund,INF204K01K15_Nippon India Small Cap Fund.xlsx,INE040A01034,HDFC Bank Limited,19954929,141480.45,1.71,SC,mapped,TRUE
Nippon India Small Cap Fund,INF204K01K15_Nippon India Small Cap Fund.xlsx,INE036D01028,Karur Vysya Bank Limited,31907252,110909.61,1.34,SC,mapped,TRUE
Nippon India Small Cap Fund,INF204K01K15_Nippon India Small Cap Fund.xlsx,INE062A01020,State Bank of India,10000000,106000,1.28,SC,mapped,TRUE
Nippon India Small Cap Fund,INF204K01K15_Nippon India Small Cap Fund.xlsx,INE387A01021,Sundram Fasteners Limited,8522020,102596.6,1.24,SC,mapped,TRUE
Nippon India Small Cap Fund,INF204K01K15_Nippon India Small Cap Fund.xlsx,INE622W01025,Acme Solar Holdings Ltd,24487415,98427.16,1.19,SC,mapped,TRUE
Nippon India Small Cap Fund,INF204K01K15_Nippon India Small Cap Fund.xlsx,INE570L01029,Sai Life Sciences Limited,6563832,95812.26,1.16,SC,mapped,TRUE
Nippon India Small Cap Fund,INF204K01K15_Nippon India Small Cap Fund.xlsx,INE745G01043,Multi Commodity Exchange of India Limited,2800000,95200,1.15,SC,mapped,TRUE
Nippon India Small Cap Fund,INF204K01K15_Nippon India Small Cap Fund.xlsx,INE0LCL01028,Avalon Technologies Limited,3879742,92077.92,1.12,SC,mapped,TRUE
Nippon India Small Cap Fund,INF204K01K15_Nippon India Small Cap Fund.xlsx,INE768C01028,Zydus Wellness Limited,17132587,90871.24,1.1,SC,mapped,TRUE
Nippon India Small Cap Fund,INF204K01K15_Nippon India Small Cap Fund.xlsx,INE732A01036,Kirloskar Brothers Limited,4525148,85986.86,1.04,SC,mapped,TRUE
Nippon India Small Cap Fund,INF204K01K15_Nippon India Small Cap Fund.xlsx,INE692A01016,Union Bank of India,41391115,78076.06,0.95,SC,mapped,TRUE
Nippon India Small Cap Fund,INF204K01K15_Nippon India Small Cap Fund.xlsx,INE280B01018,Elantas Beck India Limited,677636,78636.27,0.95,SC,mapped,TRUE
Nippon India Small Cap Fund,INF204K01K15_Nippon India Small Cap Fund.xlsx,INE238A01034,Axis Bank Limited,5977976,77713.69,0.94,SC,mapped,TRUE
Nippon India Small Cap Fund,INF204K01K15_Nippon India Small Cap Fund.xlsx,INE119A01028,Balrampur Chini Mills Limited,11131698,77198.33,0.93,SC,mapped,TRUE
Nippon India Small Cap Fund,INF204K01K15_Nippon India Small Cap Fund.xlsx,INE589A01014,NLC India Limited,27587015,73767.68,0.89,SC,mapped,TRUE
Nippon India Small Cap Fund,INF204K01K15_Nippon India Small Cap Fund.xlsx,INE146L01010,Kirloskar Oil Engines Limited,3400001,71379.62,0.86,SC,mapped,TRUE
Nippon India Small Cap Fund,INF204K01K15_Nippon India Small Cap Fund.xlsx,INE540H01012,Voltamp Transformers Limited,642476,70084.49,0.85,SC,mapped,TRUE
Nippon India Small Cap Fund,INF204K01K15_Nippon India Small Cap Fund.xlsx,INE974X01010,Tube Investments of India Limited,2499222,69478.37,0.84,SC,mapped,TRUE
Nippon India Small Cap Fund,INF204K01K15_Nippon India Small Cap Fund.xlsx,INE738I01010,eClerx Services Limited,3450588,68214.67,0.83,SC,mapped,TRUE
Nippon India Small Cap Fund,INF204K01K15_Nippon India Small Cap Fund.xlsx,INE00LO01017,Craftsman Automation Limited,597209,66878.45,0.81,SC,mapped,TRUE
Nippon India Small Cap Fund,INF204K01K15_Nippon India Small Cap Fund.xlsx,INE864I01014,MTAR Technologies Limited,954732,67246.55,0.81,SC,mapped,TRUE
Nippon India Small Cap Fund,INF204K01K15_Nippon India Small Cap Fund.xlsx,INE914M01019,Aster DM Quality Care Limited,8772707,66321.66,0.8,SC,mapped,TRUE
Nippon India Small Cap Fund,INF204K01K15_Nippon India Small Cap Fund.xlsx,INE944F01028,Radico Khaitan Limited,1427333,64015.89,0.78,SC,mapped,TRUE
Nippon India Small Cap Fund,INF204K01K15_Nippon India Small Cap Fund.xlsx,INE716A01013,Whirlpool of India Limited,8009151,64325.5,0.78,SC,mapped,TRUE
Nippon India Small Cap Fund,INF204K01K15_Nippon India Small Cap Fund.xlsx,INE088F01024,Paradeep Phosphates Limited,39089109,62558.21,0.76,SC,mapped,TRUE
Nippon India Small Cap Fund,INF204K01K15_Nippon India Small Cap Fund.xlsx,INE548C01032,Emami Limited,16844801,61315.08,0.74,SC,mapped,TRUE
Nippon India Small Cap Fund,INF204K01K15_Nippon India Small Cap Fund.xlsx,INE031B01049,Ajanta Pharma Limited,1674471,60312.77,0.73,SC,mapped,TRUE
Nippon India Small Cap Fund,INF204K01K15_Nippon India Small Cap Fund.xlsx,INE673O01025,TBO Tek Limited,3427297,59809.76,0.72,SC,mapped,TRUE
Nippon India Small Cap Fund,INF204K01K15_Nippon India Small Cap Fund.xlsx,INE811A01038,Kirloskar Pneumatic Company Limited,8218880,58732.12,0.71,SC,mapped,TRUE
Nippon India Small Cap Fund,INF204K01K15_Nippon India Small Cap Fund.xlsx,INE05HV01027,Central Mine Planning & Design Institute Limited,24749675,57151.95,0.69,SC,mapped,TRUE
Nippon India Small Cap Fund,INF204K01K15_Nippon India Small Cap Fund.xlsx,INE030A01027,Hindustan Unilever Limited,2895540,56966.85,0.69,SC,mapped,TRUE
Nippon India Small Cap Fund,INF204K01K15_Nippon India Small Cap Fund.xlsx,INE182A01018,Pfizer Limited,1206103,56498.69,0.68,SC,mapped,TRUE
Nippon India Small Cap Fund,INF204K01K15_Nippon India Small Cap Fund.xlsx,INE935N01020,Dixon Technologies (India) Limited,370644,55040.63,0.67,SC,mapped,TRUE
Nippon India Small Cap Fund,INF204K01K15_Nippon India Small Cap Fund.xlsx,INE572E01012,PNB Housing Finance Limited,4748659,54547.85,0.66,SC,mapped,TRUE
Nippon India Small Cap Fund,INF204K01K15_Nippon India Small Cap Fund.xlsx,INE398R01022,Syngene International Limited,13322540,53390.08,0.65,SC,mapped,TRUE
Nippon India Small Cap Fund,INF204K01K15_Nippon India Small Cap Fund.xlsx,INE068V01023,Gland Pharma Limited,1832424,52880.09,0.64,SC,mapped,TRUE
Nippon India Small Cap Fund,INF204K01K15_Nippon India Small Cap Fund.xlsx,INE522F01014,Coal India Limited,13000000,52227.5,0.63,SC,mapped,TRUE
Nippon India Small Cap Fund,INF204K01K15_Nippon India Small Cap Fund.xlsx,INE284A01012,Esab India Limited,853782,52247.19,0.63,SC,mapped,TRUE
Nippon India Small Cap Fund,INF204K01K15_Nippon India Small Cap Fund.xlsx,INE872H01027,Lumax Auto Technologies Limited,2480000,51546.8,0.62,SC,mapped,TRUE
Nippon India Small Cap Fund,INF204K01K15_Nippon India Small Cap Fund.xlsx,INE699H01024,AWL Agri Business Limited,26233343,50512.3,0.61,SC,mapped,TRUE
Nippon India Small Cap Fund,INF204K01K15_Nippon India Small Cap Fund.xlsx,INE220B01022,Kalpataru Projects International Limited,3622814,50752,0.61,SC,mapped,TRUE
Nippon India Small Cap Fund,INF204K01K15_Nippon India Small Cap Fund.xlsx,INE048G01026,Navin Fluorine International Limited,567368,49222.01,0.6,SC,mapped,TRUE
Nippon India Small Cap Fund,INF204K01K15_Nippon India Small Cap Fund.xlsx,INE0CLI01024,Rategain Travel Technologies Limited,5314611,49835.11,0.6,SC,mapped,TRUE
Nippon India Small Cap Fund,INF204K01K15_Nippon India Small Cap Fund.xlsx,INE439A01020,Asahi India Glass Limited,5102823,48581.43,0.59,SC,mapped,TRUE
Nippon India Small Cap Fund,INF204K01K15_Nippon India Small Cap Fund.xlsx,INE825A01020,Vardhman Textiles Limited,8465828,48428.77,0.59,SC,mapped,TRUE
Nippon India Small Cap Fund,INF204K01K15_Nippon India Small Cap Fund.xlsx,INE304W01038,Bluestone Jewellery and Lifestyle Limited,5830504,47658.54,0.58,SC,mapped,TRUE
Nippon India Small Cap Fund,INF204K01K15_Nippon India Small Cap Fund.xlsx,INE16NZ01023,Orkla India Limited,8091739,48113.48,0.58,SC,mapped,TRUE
Nippon India Small Cap Fund,INF204K01K15_Nippon India Small Cap Fund.xlsx,INE148O01028,Delhivery Limited,10517117,47979.09,0.58,SC,mapped,TRUE
Nippon India Small Cap Fund,INF204K01K15_Nippon India Small Cap Fund.xlsx,INE348L01012,Mas Financial Services Limited,15087423,45948.75,0.56,SC,mapped,TRUE
Nippon India Small Cap Fund,INF204K01K15_Nippon India Small Cap Fund.xlsx,INE967H01025,Krishna Institute Of Medical Sciences Limited,6118377,46224.34,0.56,SC,mapped,TRUE
Nippon India Small Cap Fund,INF204K01K15_Nippon India Small Cap Fund.xlsx,INE0UH301010,Omnitech Engineering Limited,8573332,46338.86,0.56,SC,mapped,TRUE
Nippon India Small Cap Fund,INF204K01K15_Nippon India Small Cap Fund.xlsx,INE795G01014,HDFC Life Insurance Company Limited,8549571,46454.09,0.56,SC,mapped,TRUE
Nippon India Small Cap Fund,INF204K01K15_Nippon India Small Cap Fund.xlsx,INE203A01020,AstraZeneca Pharma India Limited,661875,46010.24,0.56,SC,mapped,TRUE
Nippon India Small Cap Fund,INF204K01K15_Nippon India Small Cap Fund.xlsx,INE120A01034,Carborundum Universal Limited,4073740,45080.01,0.55,SC,mapped,TRUE
Nippon India Small Cap Fund,INF204K01K15_Nippon India Small Cap Fund.xlsx,INE404A01024,Aditya Birla Sun Life AMC Limited,4249792,44699.31,0.54,SC,mapped,TRUE
Nippon India Small Cap Fund,INF204K01K15_Nippon India Small Cap Fund.xlsx,INE331A01037,The Ramco Cements Limited,5076860,44653.52,0.54,SC,mapped,TRUE
Nippon India Small Cap Fund,INF204K01K15_Nippon India Small Cap Fund.xlsx,INE325A01013,Timken India Limited,1382500,43543.22,0.53,SC,mapped,TRUE
Nippon India Small Cap Fund,INF204K01K15_Nippon India Small Cap Fund.xlsx,INE887G01027,Gokaldas Exports Limited,5394102,42122.54,0.51,SC,mapped,TRUE
Nippon India Small Cap Fund,INF204K01K15_Nippon India Small Cap Fund.xlsx,INE066F01020,Hindustan Aeronautics Limited,862972,41436.46,0.5,SC,mapped,TRUE
Nippon India Small Cap Fund,INF204K01K15_Nippon India Small Cap Fund.xlsx,INE686Y01026,Fine Organic Industries Limited,785023,41471.2,0.5,SC,mapped,TRUE
Nippon India Small Cap Fund,INF204K01K15_Nippon India Small Cap Fund.xlsx,INE00WC01027,Affle 3i Limited,2587622,41347.61,0.5,SC,mapped,TRUE
Nippon India Small Cap Fund,INF204K01K15_Nippon India Small Cap Fund.xlsx,INE191H01014,PVR INOX Limited,3333342,40256.77,0.49,SC,mapped,TRUE
Nippon India Small Cap Fund,INF204K01K15_Nippon India Small Cap Fund.xlsx,INE199A01012,Procter & Gamble Health Limited,694659,40067.93,0.49,SC,mapped,TRUE
Nippon India Small Cap Fund,INF204K01K15_Nippon India Small Cap Fund.xlsx,INE930H01031,K.P.R. Mill Limited,3448243,40606.51,0.49,SC,mapped,TRUE
Nippon India Small Cap Fund,INF204K01K15_Nippon India Small Cap Fund.xlsx,INE725G01011,ICRA Limited,809283,39787.59,0.48,SC,mapped,TRUE
Nippon India Small Cap Fund,INF204K01K15_Nippon India Small Cap Fund.xlsx,INE073K01018,Sona BLW Precision Forgings Limited,4785079,38905.08,0.47,SC,mapped,TRUE
Nippon India Small Cap Fund,INF204K01K15_Nippon India Small Cap Fund.xlsx,INE854D01024,United Spirits Limited,2617659,39003.12,0.47,SC,mapped,TRUE
Nippon India Small Cap Fund,INF204K01K15_Nippon India Small Cap Fund.xlsx,INE348B01021,Century Plyboards (India) Limited,5074464,38426.38,0.47,SC,mapped,TRUE
Nippon India Small Cap Fund,INF204K01K15_Nippon India Small Cap Fund.xlsx,INE797F01020,Jubilant Foodworks Limited,7755917,38469.35,0.47,SC,mapped,TRUE
Nippon India Small Cap Fund,INF204K01K15_Nippon India Small Cap Fund.xlsx,INE0LP301011,PhysicsWallah Limited,33086819,38479.97,0.47,SC,mapped,TRUE
Nippon India Small Cap Fund,INF204K01K15_Nippon India Small Cap Fund.xlsx,INE138Y01010,KFin Technologies Limited,3937532,38194.06,0.46,SC,mapped,TRUE
Nippon India Small Cap Fund,INF204K01K15_Nippon India Small Cap Fund.xlsx,INE235A01022,Finolex Cables Limited,3040235,37916.29,0.46,SC,mapped,TRUE
Nippon India Small Cap Fund,INF204K01K15_Nippon India Small Cap Fund.xlsx,INE192A01025,Tata Consumer Products Limited,3608686,37440.12,0.45,SC,mapped,TRUE
Nippon India Small Cap Fund,INF204K01K15_Nippon India Small Cap Fund.xlsx,INE511C01022,Poonawalla Fincorp Limited,8091706,37529.33,0.45,SC,mapped,TRUE
Nippon India Small Cap Fund,INF204K01K15_Nippon India Small Cap Fund.xlsx,INE020B01018,REC Limited,11511370,37216.26,0.45,SC,mapped,TRUE
Nippon India Small Cap Fund,INF204K01K15_Nippon India Small Cap Fund.xlsx,INE536A01023,Grindwell Norton Limited,1817531,36768.65,0.45,SC,mapped,TRUE
Nippon India Small Cap Fund,INF204K01K15_Nippon India Small Cap Fund.xlsx,INE386C01029,Astra Microwave Products Limited,2200000,36652,0.44,SC,mapped,TRUE
Nippon India Small Cap Fund,INF204K01K15_Nippon India Small Cap Fund.xlsx,INE299U01018,Crompton Greaves Consumer Electricals Limited,15310436,36117.32,0.44,SC,mapped,TRUE
Nippon India Small Cap Fund,INF204K01K15_Nippon India Small Cap Fund.xlsx,INE237A01036,Kotak Mahindra Bank Limited,8500000,35649,0.43,SC,mapped,TRUE
Nippon India Small Cap Fund,INF204K01K15_Nippon India Small Cap Fund.xlsx,INE736A01011,Central Depository Services (India) Limited,2539226,35612.64,0.43,SC,mapped,TRUE
Nippon India Small Cap Fund,INF204K01K15_Nippon India Small Cap Fund.xlsx,INE600K01018,Galaxy Surfactants Limited,1558820,35160.74,0.43,SC,mapped,TRUE
Nippon India Small Cap Fund,INF204K01K15_Nippon India Small Cap Fund.xlsx,INE858B01029,ISGEC Heavy Engineering Limited,4498108,35564.29,0.43,SC,mapped,TRUE
Nippon India Small Cap Fund,INF204K01K15_Nippon India Small Cap Fund.xlsx,INE758E01017,Jio Financial Services Limited,14450010,34875.1,0.42,SC,mapped,TRUE
Nippon India Small Cap Fund,INF204K01K15_Nippon India Small Cap Fund.xlsx,INE933K01021,Bajaj Consumer Care Limited,7292317,34569.23,0.42,SC,mapped,TRUE
Nippon India Small Cap Fund,INF204K01K15_Nippon India Small Cap Fund.xlsx,INE12UN01015,Shadowfax Technologies Limited,13437356,34732.88,0.42,SC,mapped,TRUE
Nippon India Small Cap Fund,INF204K01K15_Nippon India Small Cap Fund.xlsx,INE953O01021,Sansera Engineering Limited,840207,33759.52,0.41,SC,mapped,TRUE
Nippon India Small Cap Fund,INF204K01K15_Nippon India Small Cap Fund.xlsx,INE976G01028,RBL Bank Limited,8932844,33976.07,0.41,SC,mapped,TRUE
Nippon India Small Cap Fund,INF204K01K15_Nippon India Small Cap Fund.xlsx,INE142Z01019,Orient Electric Limited,19057091,34270.37,0.41,SC,mapped,TRUE
Nippon India Small Cap Fund,INF204K01K15_Nippon India Small Cap Fund.xlsx,INE075I01017,Healthcare Global Enterprises Limited,4658823,34163.15,0.41,SC,mapped,TRUE
Nippon India Small Cap Fund,INF204K01K15_Nippon India Small Cap Fund.xlsx,INE202Z01029,TSF Investments  Limited,8201672,32905.11,0.4,SC,mapped,TRUE
Nippon India Small Cap Fund,INF204K01K15_Nippon India Small Cap Fund.xlsx,INE136B01020,Cyient Limited,2791867,32798.85,0.4,SC,mapped,TRUE
Nippon India Small Cap Fund,INF204K01K15_Nippon India Small Cap Fund.xlsx,INE659A01023,Sudarshan Chemical Industries Limited,2565754,32502.97,0.39,SC,mapped,TRUE
Nippon India Small Cap Fund,INF204K01K15_Nippon India Small Cap Fund.xlsx,INE288B01029,Deepak Nitrite Limited,1857622,32497.24,0.39,SC,mapped,TRUE
Nippon India Small Cap Fund,INF204K01K15_Nippon India Small Cap Fund.xlsx,INE491A01021,City Union Bank Limited,13667560,31324.68,0.38,SC,mapped,TRUE
Nippon India Small Cap Fund,INF204K01K15_Nippon India Small Cap Fund.xlsx,INE0HOQ01053,Billionbrains Garage Ventures Ltd,16523048,31734.17,0.38,SC,mapped,TRUE
Nippon India Small Cap Fund,INF204K01K15_Nippon India Small Cap Fund.xlsx,INE594H01019,Thyrocare Technologies Limited,5167803,31239.37,0.38,SC,mapped,TRUE
Nippon India Small Cap Fund,INF204K01K15_Nippon India Small Cap Fund.xlsx,INE262H01021,Persistent Systems Limited,550028,30771.32,0.37,SC,mapped,TRUE
Nippon India Small Cap Fund,INF204K01K15_Nippon India Small Cap Fund.xlsx,INE1CDF01017,Vedanta Aluminium Metal Limited,7019640,30545.96,0.37,SC,mapped,TRUE
Nippon India Small Cap Fund,INF204K01K15_Nippon India Small Cap Fund.xlsx,INE769A01020,Aarti Industries Limited,5663408,29698.91,0.36,SC,mapped,TRUE
Nippon India Small Cap Fund,INF204K01K15_Nippon India Small Cap Fund.xlsx,INE226A01021,Voltas Limited,2493009,29776.5,0.36,SC,mapped,TRUE
Nippon India Small Cap Fund,INF204K01K15_Nippon India Small Cap Fund.xlsx,INE053A01029,The Indian Hotels Company Limited,3975828,29337.63,0.36,SC,mapped,TRUE
Nippon India Small Cap Fund,INF204K01K15_Nippon India Small Cap Fund.xlsx,INE775A01035,Samvardhana Motherson International Limited,17000000,29015.6,0.35,SC,mapped,TRUE
Nippon India Small Cap Fund,INF204K01K15_Nippon India Small Cap Fund.xlsx,INE472A01039,Blue Star Limited,2002468,29312.13,0.35,SC,mapped,TRUE
Nippon India Small Cap Fund,INF204K01K15_Nippon India Small Cap Fund.xlsx,INE01QM01018,eMudhra Limited,5114115,28017.68,0.34,SC,mapped,TRUE
Nippon India Small Cap Fund,INF204K01K15_Nippon India Small Cap Fund.xlsx,INE342G01023,NIIT Learning Systems Limited,12207638,27725.99,0.34,SC,mapped,TRUE
Nippon India Small Cap Fund,INF204K01K15_Nippon India Small Cap Fund.xlsx,INE0ONG01011,NTPC Green Energy Limited,31207243,27933.6,0.34,SC,mapped,TRUE
Nippon India Small Cap Fund,INF204K01K15_Nippon India Small Cap Fund.xlsx,INE010J01012,Tejas Networks Limited,5007516,28029.57,0.34,SC,mapped,TRUE
Nippon India Small Cap Fund,INF204K01K15_Nippon India Small Cap Fund.xlsx,INE643A01035,Jtekt India Limited,21133584,26347.24,0.32,SC,mapped,TRUE
Nippon India Small Cap Fund,INF204K01K15_Nippon India Small Cap Fund.xlsx,INE079A01024,Ambuja Cements Limited,6615810,26539.32,0.32,SC,mapped,TRUE
Nippon India Small Cap Fund,INF204K01K15_Nippon India Small Cap Fund.xlsx,INE15B701018,Pine Labs Limited,16237157,26633.81,0.32,SC,mapped,TRUE
Nippon India Small Cap Fund,INF204K01K15_Nippon India Small Cap Fund.xlsx,INE112L01020,Metropolis Healthcare Limited,4581344,26679.46,0.32,SC,mapped,TRUE
Nippon India Small Cap Fund,INF204K01K15_Nippon India Small Cap Fund.xlsx,INE570A01022,ION Exchange (India) Limited,7161360,26056.61,0.32,SC,mapped,TRUE
Nippon India Small Cap Fund,INF204K01K15_Nippon India Small Cap Fund.xlsx,INE245A01021,Tata Power Company Limited,7707138,26743.77,0.32,SC,mapped,TRUE
Nippon India Small Cap Fund,INF204K01K15_Nippon India Small Cap Fund.xlsx,INE263A01024,Bharat Electronics Limited,6211691,25744.35,0.31,SC,mapped,TRUE
Nippon India Small Cap Fund,INF204K01K15_Nippon India Small Cap Fund.xlsx,INE552Z01027,Allied Blenders And Distillers Limited,4178025,25836.91,0.31,SC,mapped,TRUE
Nippon India Small Cap Fund,INF204K01K15_Nippon India Small Cap Fund.xlsx,INE752H01013,CARE Ratings Limited,1476822,25534.25,0.31,SC,mapped,TRUE
Nippon India Small Cap Fund,INF204K01K15_Nippon India Small Cap Fund.xlsx,INE718I01012,JSW Cement Limited,20260819,25532.68,0.31,SC,mapped,TRUE
Nippon India Small Cap Fund,INF204K01K15_Nippon India Small Cap Fund.xlsx,INE473A01011,Linde India Limited,400000,25542,0.31,SC,mapped,TRUE
Nippon India Small Cap Fund,INF204K01K15_Nippon India Small Cap Fund.xlsx,INE227W01023,Clean Science and Technology Limited,3091186,25435.82,0.31,SC,mapped,TRUE
Nippon India Small Cap Fund,INF204K01K15_Nippon India Small Cap Fund.xlsx,INE690A01028,TTK Prestige Limited,4413794,25767.73,0.31,SC,mapped,TRUE
Nippon India Small Cap Fund,INF204K01K15_Nippon India Small Cap Fund.xlsx,INE806T01020,Sapphire Foods India Limited,10793786,25301.71,0.31,SC,mapped,TRUE
Nippon India Small Cap Fund,INF204K01K15_Nippon India Small Cap Fund.xlsx,INE685A01028,Torrent Pharmaceuticals Limited,505464,25606.81,0.31,SC,mapped,TRUE
Nippon India Small Cap Fund,INF204K01K15_Nippon India Small Cap Fund.xlsx,INE05C901015,Juniper Green Energy Limited,9797902,25942.88,0.31,SC,mapped,TRUE
Nippon India Small Cap Fund,INF204K01K15_Nippon India Small Cap Fund.xlsx,INE742F01042,Adani Ports and Special Economic Zone Limited,1593769,25390.33,0.31,SC,mapped,TRUE
Nippon India Small Cap Fund,INF204K01K15_Nippon India Small Cap Fund.xlsx,INE302A01020,Exide Industries Limited,5659350,24915.29,0.3,SC,mapped,TRUE
Nippon India Small Cap Fund,INF204K01K15_Nippon India Small Cap Fund.xlsx,INE707A01012,Vindhya Telelinks Limited,974673,24712.83,0.3,SC,mapped,TRUE
Nippon India Small Cap Fund,INF204K01K15_Nippon India Small Cap Fund.xlsx,INE134E01011,Power Finance Corporation Limited,7393176,24863.25,0.3,SC,mapped,TRUE
Nippon India Small Cap Fund,INF204K01K15_Nippon India Small Cap Fund.xlsx,INE850D01014,Godrej Agrovet Limited,4021039,24741.45,0.3,SC,mapped,TRUE
Nippon India Small Cap Fund,INF204K01K15_Nippon India Small Cap Fund.xlsx,INE600L01024,Dr. Lal Path Labs Limited,1290970,24975.11,0.3,SC,mapped,TRUE
Nippon India Small Cap Fund,INF204K01K15_Nippon India Small Cap Fund.xlsx,INE0IX101010,Data Patterns (India) Limited,524363,23709.07,0.29,SC,mapped,TRUE
Nippon India Small Cap Fund,INF204K01K15_Nippon India Small Cap Fund.xlsx,INE340A01012,Birla Corporation Limited,2697453,23540.67,0.29,SC,mapped,TRUE
Nippon India Small Cap Fund,INF204K01K15_Nippon India Small Cap Fund.xlsx,INE217B01036,Kajaria Ceramics Limited,1895015,23589.15,0.29,SC,mapped,TRUE
Nippon India Small Cap Fund,INF204K01K15_Nippon India Small Cap Fund.xlsx,INE955D01029,Genus Power Infrastructures Limited,7000000,23464,0.28,SC,mapped,TRUE
Nippon India Small Cap Fund,INF204K01K15_Nippon India Small Cap Fund.xlsx,INE324A01032,Jindal Saw Limited,7567590,23433.04,0.28,SC,mapped,TRUE
Nippon India Small Cap Fund,INF204K01K15_Nippon India Small Cap Fund.xlsx,INE055A01016,Aditya Birla Real Estate Limited,1721623,23336.6,0.28,SC,mapped,TRUE
Nippon India Small Cap Fund,INF204K01K15_Nippon India Small Cap Fund.xlsx,INE894V01022,Belrise Industries Ltd.,9728130,22602.34,0.27,SC,mapped,TRUE
Nippon India Small Cap Fund,INF204K01K15_Nippon India Small Cap Fund.xlsx,INE189B01011,Styrenix Performance Materials Limited,1109890,22222.22,0.27,SC,mapped,TRUE
Nippon India Small Cap Fund,INF204K01K15_Nippon India Small Cap Fund.xlsx,INE462A01022,Bayer Cropscience Limited,566144,22481.01,0.27,SC,mapped,TRUE
Nippon India Small Cap Fund,INF204K01K15_Nippon India Small Cap Fund.xlsx,INE764D01017,V.S.T Tillers Tractors Limited,501622,21861.19,0.26,SC,mapped,TRUE
Nippon India Small Cap Fund,INF204K01K15_Nippon India Small Cap Fund.xlsx,INE0BS701011,Premier Energies Limited,2053186,21277.17,0.26,SC,mapped,TRUE
Nippon India Small Cap Fund,INF204K01K15_Nippon India Small Cap Fund.xlsx,INE115A01026,LIC Housing Finance Limited,4017748,21631.56,0.26,SC,mapped,TRUE
Nippon India Small Cap Fund,INF204K01K15_Nippon India Small Cap Fund.xlsx,INE668F01031,Jyothy Labs Limited,10691520,21754.04,0.26,SC,mapped,TRUE
Nippon India Small Cap Fund,INF204K01K15_Nippon India Small Cap Fund.xlsx,INE976A01021,West Coast Paper Mills Limited,3459187,21163.31,0.26,SC,mapped,TRUE
Nippon India Small Cap Fund,INF204K01K15_Nippon India Small Cap Fund.xlsx,INE0AQ201015,Leela Palaces Hotels & Resorts Limited,3688067,21036.73,0.25,SC,mapped,TRUE
Nippon India Small Cap Fund,INF204K01K15_Nippon India Small Cap Fund.xlsx,INE970X01018,Lemon Tree Hotels Limited,19133536,20329.38,0.25,SC,mapped,TRUE
Nippon India Small Cap Fund,INF204K01K15_Nippon India Small Cap Fund.xlsx,INE513A01022,Schaeffler India Limited,484271,19442.51,0.24,SC,mapped,TRUE
Nippon India Small Cap Fund,INF204K01K15_Nippon India Small Cap Fund.xlsx,INE536H01010,CIE Automotive India Limited,4966784,19422.61,0.24,SC,mapped,TRUE
Nippon India Small Cap Fund,INF204K01K15_Nippon India Small Cap Fund.xlsx,INE320J01015,RITES Limited,9200000,20096.48,0.24,SC,mapped,TRUE
Nippon India Small Cap Fund,INF204K01K15_Nippon India Small Cap Fund.xlsx,INE457L01029,PG Electroplast Limited,3451480,20053.1,0.24,SC,mapped,TRUE
Nippon India Small Cap Fund,INF204K01K15_Nippon India Small Cap Fund.xlsx,INE044A01036,Sun Pharmaceutical Industries Limited,1000000,19848,0.24,SC,mapped,TRUE
Nippon India Small Cap Fund,INF204K01K15_Nippon India Small Cap Fund.xlsx,INE101I01011,Afcons Infrastructure Limited,6695997,19127.12,0.23,SC,mapped,TRUE
Nippon India Small Cap Fund,INF204K01K15_Nippon India Small Cap Fund.xlsx,INE205A01025,Vedanta Limited,6944141,19318.6,0.23,SC,mapped,TRUE
Nippon India Small Cap Fund,INF204K01K15_Nippon India Small Cap Fund.xlsx,INE0JUS01029,Harsha Engineers International Limited,4136864,18859.96,0.23,SC,mapped,TRUE
Nippon India Small Cap Fund,INF204K01K15_Nippon India Small Cap Fund.xlsx,INE172A01027,Castrol India Limited,10072811,18583.33,0.23,SC,mapped,TRUE
Nippon India Small Cap Fund,INF204K01K15_Nippon India Small Cap Fund.xlsx,INE14LE01019,Aditya Birla Lifestyle Brands Limited,22375020,19401.38,0.23,SC,mapped,TRUE
Nippon India Small Cap Fund,INF204K01K15_Nippon India Small Cap Fund.xlsx,INE258G01013,Sumitomo Chemical India Limited,3554584,18393.19,0.22,SC,mapped,TRUE
Nippon India Small Cap Fund,INF204K01K15_Nippon India Small Cap Fund.xlsx,INE202B01038,Piramal Finance Limited,806058,18542.56,0.22,SC,mapped,TRUE
Nippon India Small Cap Fund,INF204K01K15_Nippon India Small Cap Fund.xlsx,INE410P01011,Narayana Hrudayalaya Limited,944173,18007.27,0.22,SC,mapped,TRUE
Nippon India Small Cap Fund,INF204K01K15_Nippon India Small Cap Fund.xlsx,INE634A01018,Honda India Power Products Limited,898730,18136.37,0.22,SC,mapped,TRUE
Nippon India Small Cap Fund,INF204K01K15_Nippon India Small Cap Fund.xlsx,INE342J01019,ZF Commercial Vehicle Control Systems India Limited,669600,16971.68,0.21,SC,mapped,TRUE
Nippon India Small Cap Fund,INF204K01K15_Nippon India Small Cap Fund.xlsx,INE918Z01012,Kaynes Technology India Limited,479269,17661.06,0.21,SC,mapped,TRUE
Nippon India Small Cap Fund,INF204K01K15_Nippon India Small Cap Fund.xlsx,INE074A01025,Praj Industries Limited,5051724,17372.88,0.21,SC,mapped,TRUE
Nippon India Small Cap Fund,INF204K01K15_Nippon India Small Cap Fund.xlsx,INE278H01035,Sandhar Technologies Limited,2482877,16226.84,0.2,SC,mapped,TRUE
Nippon India Small Cap Fund,INF204K01K15_Nippon India Small Cap Fund.xlsx,INE085A01013,Chambal Fertilizers & Chemicals Limited,4057980,16619.46,0.2,SC,mapped,TRUE
Nippon India Small Cap Fund,INF204K01K15_Nippon India Small Cap Fund.xlsx,INE486A01021,CESC Limited,11188202,16352.68,0.2,SC,mapped,TRUE
Nippon India Small Cap Fund,INF204K01K15_Nippon India Small Cap Fund.xlsx,INE559R01029,Landmark Cars Limited,3111032,16098.04,0.19,SC,mapped,TRUE
Nippon India Small Cap Fund,INF204K01K15_Nippon India Small Cap Fund.xlsx,INE12UR01024,Fujiyama Power Systems Limited,3321083,15311.85,0.19,SC,mapped,TRUE
Nippon India Small Cap Fund,INF204K01K15_Nippon India Small Cap Fund.xlsx,INE216P01012,Aavas Financiers Limited,1268993,16004.54,0.19,SC,mapped,TRUE
Nippon India Small Cap Fund,INF204K01K15_Nippon India Small Cap Fund.xlsx,INE269B01029,LMW Limited,84041,15946.78,0.19,SC,mapped,TRUE
Nippon India Small Cap Fund,INF204K01K15_Nippon India Small Cap Fund.xlsx,INE791I01019,Brigade Enterprises Limited,2443732,16027.22,0.19,SC,mapped,TRUE
Nippon India Small Cap Fund,INF204K01K15_Nippon India Small Cap Fund.xlsx,INE271C01023,DLF Limited,2211533,15282.8,0.19,SC,mapped,TRUE
Nippon India Small Cap Fund,INF204K01K15_Nippon India Small Cap Fund.xlsx,INE171Z01026,Bharat Dynamics Limited,1197856,15272.66,0.18,SC,mapped,TRUE
Nippon India Small Cap Fund,INF204K01K15_Nippon India Small Cap Fund.xlsx,INE337A01034,LG Balakrishnan & Bros Limited,890918,15077.9,0.18,SC,mapped,TRUE
Nippon India Small Cap Fund,INF204K01K15_Nippon India Small Cap Fund.xlsx,INE596I01020,Computer Age Management Services Limited,1888055,14764.59,0.18,SC,mapped,TRUE
Nippon India Small Cap Fund,INF204K01K15_Nippon India Small Cap Fund.xlsx,INE09VQ01012,Indigo Paints Limited,1323874,15262.94,0.18,SC,mapped,TRUE
Nippon India Small Cap Fund,INF204K01K15_Nippon India Small Cap Fund.xlsx,INE321T01012,Doms Industries Limited,650911,14531.59,0.18,SC,mapped,TRUE
Nippon India Small Cap Fund,INF204K01K15_Nippon India Small Cap Fund.xlsx,INE058A01010,Sanofi India Limited,479885,14991.61,0.18,SC,mapped,TRUE
Nippon India Small Cap Fund,INF204K01K15_Nippon India Small Cap Fund.xlsx,INE497B01018,Seamec Limited,911479,15265.45,0.18,SC,mapped,TRUE
Nippon India Small Cap Fund,INF204K01K15_Nippon India Small Cap Fund.xlsx,INE753U01022,Divgi Torqtransfer Systems Limited,1152910,13681.58,0.17,SC,mapped,TRUE
Nippon India Small Cap Fund,INF204K01K15_Nippon India Small Cap Fund.xlsx,INE741K01010,CreditAccess Grameen Limited,1038984,14166.55,0.17,SC,mapped,TRUE
Nippon India Small Cap Fund,INF204K01K15_Nippon India Small Cap Fund.xlsx,INE04I401011,KPIT Technologies Limited,2401213,14047.1,0.17,SC,mapped,TRUE
Nippon India Small Cap Fund,INF204K01K15_Nippon India Small Cap Fund.xlsx,INE285A01027,Elgi Equipments Limited,2193888,13763.36,0.17,SC,mapped,TRUE
Nippon India Small Cap Fund,INF204K01K15_Nippon India Small Cap Fund.xlsx,INE258B01022,FDC Limited,4275331,14416.42,0.17,SC,mapped,TRUE
Nippon India Small Cap Fund,INF204K01K15_Nippon India Small Cap Fund.xlsx,INE449A01011,Automotive Axles Limited,759930,13136.15,0.16,SC,mapped,TRUE
Nippon India Small Cap Fund,INF204K01K15_Nippon India Small Cap Fund.xlsx,INE218I01013,Canara Robeco Asset Management Company Ltd,5123624,13285.56,0.16,SC,mapped,TRUE
Nippon India Small Cap Fund,INF204K01K15_Nippon India Small Cap Fund.xlsx,INE094J01016,UTI Asset Management Company Limited,1509207,13138.4,0.16,SC,mapped,TRUE
Nippon India Small Cap Fund,INF204K01K15_Nippon India Small Cap Fund.xlsx,INE477A01020,Can Fin Homes Limited,1644260,13076.8,0.16,SC,mapped,TRUE
Nippon India Small Cap Fund,INF204K01K15_Nippon India Small Cap Fund.xlsx,INE03EI01018,Max Estates Limited,2510461,12866.11,0.16,SC,mapped,TRUE
Nippon India Small Cap Fund,INF204K01K15_Nippon India Small Cap Fund.xlsx,INE597I01028,Sharda Motor Industries Ltd.,1433082,12652.68,0.15,SC,mapped,TRUE
Nippon India Small Cap Fund,INF204K01K15_Nippon India Small Cap Fund.xlsx,INE621L01012,Texmaco Rail & Engineering Limited,11408783,12429.87,0.15,SC,mapped,TRUE
Nippon India Small Cap Fund,INF204K01K15_Nippon India Small Cap Fund.xlsx,INE00H001014,Swiggy Limited,4472620,12608.32,0.15,SC,mapped,TRUE
Nippon India Small Cap Fund,INF204K01K15_Nippon India Small Cap Fund.xlsx,INE599M01018,Just Dial Limited,1690305,12004.55,0.15,SC,mapped,TRUE
Nippon India Small Cap Fund,INF204K01K15_Nippon India Small Cap Fund.xlsx,INE042A01014,Escorts Kubota Limited,394076,11802.58,0.14,SC,mapped,TRUE
Nippon India Small Cap Fund,INF204K01K15_Nippon India Small Cap Fund.xlsx,INE021A01026,Asian Paints Limited,442652,11746.21,0.14,SC,mapped,TRUE
Nippon India Small Cap Fund,INF204K01K15_Nippon India Small Cap Fund.xlsx,INE0KQN01018,Bajel Projects Limited,6150393,11939.14,0.14,SC,mapped,TRUE
Nippon India Small Cap Fund,INF204K01K15_Nippon India Small Cap Fund.xlsx,INE520A01027,Zensar Technologies Limited,2496604,11493.12,0.14,SC,mapped,TRUE
Nippon India Small Cap Fund,INF204K01K15_Nippon India Small Cap Fund.xlsx,INE386A01023,Vesuvius India Limited,2880000,11743.2,0.14,SC,mapped,TRUE
Nippon India Small Cap Fund,INF204K01K15_Nippon India Small Cap Fund.xlsx,INE161A01038,NIIT Limited,11111066,11271.07,0.14,SC,mapped,TRUE
Nippon India Small Cap Fund,INF204K01K15_Nippon India Small Cap Fund.xlsx,INE0UOS01011,Sanofi Consumer Healthcare India Limited,272552,11284.2,0.14,SC,mapped,TRUE
Nippon India Small Cap Fund,INF204K01K15_Nippon India Small Cap Fund.xlsx,INE099Z01011,Mishra Dhatu Nigam Limited,2589175,10723.07,0.13,SC,mapped,TRUE
Nippon India Small Cap Fund,INF204K01K15_Nippon India Small Cap Fund.xlsx,INE055S01018,Cyient Dlm Ltd,1256139,10589.25,0.13,SC,mapped,TRUE
Nippon India Small Cap Fund,INF204K01K15_Nippon India Small Cap Fund.xlsx,INE926X01010,H.G. Infra Engineering Limited,2214923,10854.23,0.13,SC,mapped,TRUE
Nippon India Small Cap Fund,INF204K01K15_Nippon India Small Cap Fund.xlsx,INE201P01022,G R Infraprojects Limited,1191114,10436.54,0.13,SC,mapped,TRUE
Nippon India Small Cap Fund,INF204K01K15_Nippon India Small Cap Fund.xlsx,INE544R01021,Greenlam Industries Limited,4422876,10964.31,0.13,SC,mapped,TRUE
Nippon India Small Cap Fund,INF204K01K15_Nippon India Small Cap Fund.xlsx,INE152M01016,Triveni Turbine Limited,1842606,10653.03,0.13,SC,mapped,TRUE
Nippon India Small Cap Fund,INF204K01K15_Nippon India Small Cap Fund.xlsx,INE961O01016,Rainbow Childrens Medicare Limited,785051,11106.12,0.13,SC,mapped,TRUE
Nippon India Small Cap Fund,INF204K01K15_Nippon India Small Cap Fund.xlsx,INE0DK501011,Piramal Pharma Limited,4990259,10699.12,0.13,SC,mapped,TRUE
Nippon India Small Cap Fund,INF204K01K15_Nippon India Small Cap Fund.xlsx,INE063P01018,Equitas Small Finance Bank Limited,13733036,10158.33,0.12,SC,mapped,TRUE
Nippon India Small Cap Fund,INF204K01K15_Nippon India Small Cap Fund.xlsx,INE193E01025,Bajaj Electricals Limited,3092715,10045.14,0.12,SC,mapped,TRUE
Nippon India Small Cap Fund,INF204K01K15_Nippon India Small Cap Fund.xlsx,INE0N2P01017,Rishabh Instruments Ltd,1346725,9500.47,0.12,SC,mapped,TRUE
Nippon India Small Cap Fund,INF204K01K15_Nippon India Small Cap Fund.xlsx,INE00IT01020,Milky Mist Dairy Food Limited,4817119,10161.23,0.12,SC,mapped,TRUE
Nippon India Small Cap Fund,INF204K01K15_Nippon India Small Cap Fund.xlsx,INE0JA001018,Venus Pipes And Tubes Limited,600000,9858.6,0.12,SC,mapped,TRUE
Nippon India Small Cap Fund,INF204K01K15_Nippon India Small Cap Fund.xlsx,INE726G01019,ICICI Prudential Life Insurance Company Limited,1896344,9805.05,0.12,SC,mapped,TRUE
Nippon India Small Cap Fund,INF204K01K15_Nippon India Small Cap Fund.xlsx,INE278Y01022,Campus Activewear Limited,4066385,9197.76,0.11,SC,mapped,TRUE
Nippon India Small Cap Fund,INF204K01K15_Nippon India Small Cap Fund.xlsx,INE066P01011,Inox Wind Limited,12720455,8951.38,0.11,SC,mapped,TRUE
Nippon India Small Cap Fund,INF204K01K15_Nippon India Small Cap Fund.xlsx,INE13B501022,Saatvik Green Energy Limited,2112376,8828.68,0.11,SC,mapped,TRUE
Nippon India Small Cap Fund,INF204K01K15_Nippon India Small Cap Fund.xlsx,INE269A01021,Sonata Software Limited,3158666,9224.88,0.11,SC,mapped,TRUE
Nippon India Small Cap Fund,INF204K01K15_Nippon India Small Cap Fund.xlsx,INE922K01024,India Shelter Finance Corporation Limited,1330048,8645.31,0.1,SC,mapped,TRUE
Nippon India Small Cap Fund,INF204K01K15_Nippon India Small Cap Fund.xlsx,INE836A01035,Birlasoft Limited,2901558,8450.79,0.1,SC,mapped,TRUE
Nippon India Small Cap Fund,INF204K01K15_Nippon India Small Cap Fund.xlsx,INE034A01011,Arvind Limited,1485148,8252.22,0.1,SC,mapped,TRUE
Nippon India Small Cap Fund,INF204K01K15_Nippon India Small Cap Fund.xlsx,INE0FOO01011,Shiprocket Limited,5885152,8173.89,0.1,SC,mapped,TRUE
Nippon India Small Cap Fund,INF204K01K15_Nippon India Small Cap Fund.xlsx,INE045J01034,Fineotex Chemical Limited,14829218,7531.76,0.09,SC,mapped,TRUE
Nippon India Small Cap Fund,INF204K01K15_Nippon India Small Cap Fund.xlsx,INE301A01014,Raymond Limited,1238343,7824.47,0.09,SC,mapped,TRUE
Nippon India Small Cap Fund,INF204K01K15_Nippon India Small Cap Fund.xlsx,INE633B01018,Polyplex Corporation Limited,657517,7775.8,0.09,SC,mapped,TRUE
Nippon India Small Cap Fund,INF204K01K15_Nippon India Small Cap Fund.xlsx,INE743M01012,RHI Magnesita India Limited,1984176,7373.2,0.09,SC,mapped,TRUE
Nippon India Small Cap Fund,INF204K01K15_Nippon India Small Cap Fund.xlsx,INE0CAZ01013,Urban Company Ltd.,4600506,7687.91,0.09,SC,mapped,TRUE
Nippon India Small Cap Fund,INF204K01K15_Nippon India Small Cap Fund.xlsx,INE410B01037,Vinati Organics Limited,519708,6911.6,0.08,SC,mapped,TRUE
Nippon India Small Cap Fund,INF204K01K15_Nippon India Small Cap Fund.xlsx,INE128X01021,Archean Chemical Industries Limited,1373373,6667.04,0.08,SC,mapped,TRUE
Nippon India Small Cap Fund,INF204K01K15_Nippon India Small Cap Fund.xlsx,INE884B01025,Kirloskar Ferrous Industries Limited,1532554,6930.21,0.08,SC,mapped,TRUE
Nippon India Small Cap Fund,INF204K01K15_Nippon India Small Cap Fund.xlsx,INE473B01035,Hatsun Agro Product Limited,564524,6720.38,0.08,SC,mapped,TRUE
Nippon India Small Cap Fund,INF204K01K15_Nippon India Small Cap Fund.xlsx,INE287B01021,Subros Ltd,968256,6947.24,0.08,SC,mapped,TRUE
Nippon India Small Cap Fund,INF204K01K15_Nippon India Small Cap Fund.xlsx,INE873D01024,Indoco Remedies Limited,2594559,6313.6,0.08,SC,mapped,TRUE
Nippon India Small Cap Fund,INF204K01K15_Nippon India Small Cap Fund.xlsx,INE825V01034,Vedant Fashions Limited,1234652,6731.94,0.08,SC,mapped,TRUE
Nippon India Small Cap Fund,INF204K01K15_Nippon India Small Cap Fund.xlsx,INE786A01032,JK Lakshmi Cement Limited,1063054,5643.75,0.07,SC,mapped,TRUE
Nippon India Small Cap Fund,INF204K01K15_Nippon India Small Cap Fund.xlsx,INE195J01029,PNC Infratech Limited,3282291,6175.63,0.07,SC,mapped,TRUE
Nippon India Small Cap Fund,INF204K01K15_Nippon India Small Cap Fund.xlsx,INE389H01022,KEC International Limited,1480930,6168.07,0.07,SC,mapped,TRUE
Nippon India Small Cap Fund,INF204K01K15_Nippon India Small Cap Fund.xlsx,INE637C01025,Pokarna Limited,660727,5648.22,0.07,SC,mapped,TRUE
Nippon India Small Cap Fund,INF204K01K15_Nippon India Small Cap Fund.xlsx,INE17IR01028,Laser Power And Infra Limited,1784029,5607.2,0.07,SC,mapped,TRUE
Nippon India Small Cap Fund,INF204K01K15_Nippon India Small Cap Fund.xlsx,INE0BJS01011,Go Fashion (India) Limited,1675335,5492.59,0.07,SC,mapped,TRUE
Nippon India Small Cap Fund,INF204K01K15_Nippon India Small Cap Fund.xlsx,INE0JPD01013,Sanathan Textiles Limited,1243351,5623.05,0.07,SC,mapped,TRUE
Nippon India Small Cap Fund,INF204K01K15_Nippon India Small Cap Fund.xlsx,INE004A01022,Protean eGov Technologies Limited,902883,4702.67,0.06,SC,mapped,TRUE
Nippon India Small Cap Fund,INF204K01K15_Nippon India Small Cap Fund.xlsx,INE0QJW01029,Lohia Corp Limited,894955,4935.23,0.06,SC,mapped,TRUE
Nippon India Small Cap Fund,INF204K01K15_Nippon India Small Cap Fund.xlsx,INE16W401027,Augmont Enterprises Limited,458093,4160.17,0.05,SC,mapped,TRUE
Nippon India Small Cap Fund,INF204K01K15_Nippon India Small Cap Fund.xlsx,INE02ID01020,Raymond Lifestyle Limited,607753,4027.88,0.05,SC,mapped,TRUE
Nippon India Small Cap Fund,INF204K01K15_Nippon India Small Cap Fund.xlsx,INE01A001028,Stanley Lifestyles Limited,2526912,3451,0.04,SC,mapped,TRUE
Nippon India Small Cap Fund,INF204K01K15_Nippon India Small Cap Fund.xlsx,INE563J01010,Astec LifeSciences Limited,526867,2954.14,0.04,SC,mapped,TRUE
Nippon India Small Cap Fund,INF204K01K15_Nippon India Small Cap Fund.xlsx,INE1KZI01025,Tempsens Instruments (India) Limited,601433,3389.68,0.04,SC,mapped,TRUE
Nippon India Small Cap Fund,INF204K01K15_Nippon India Small Cap Fund.xlsx,INE00Q601028,Studds Accessories Ltd,556582,2476.79,0.03,SC,mapped,TRUE
Nippon India Small Cap Fund,INF204K01K15_Nippon India Small Cap Fund.xlsx,INE00WV01027,CMR Green Technologies Limited,1154393,2664.11,0.03,SC,mapped,TRUE
Nippon India Small Cap Fund,INF204K01K15_Nippon India Small Cap Fund.xlsx,INE0ISX01025,Kusumgar Limited,246052,1430.67,0.02,SC,mapped,TRUE
Nippon India Small Cap Fund,INF204K01K15_Nippon India Small Cap Fund.xlsx,INE256D01014,Genus Prime Infra Limited,1458388,590.94,0.01,SC,unmapped,TRUE
Nippon India Large Cap Fund,INF204K01XI3_Nippon India Large Cap Fund.xlsx,INE040A01034,HDFC Bank Limited,66080734,468512.4,8.65,EA,mapped,TRUE
Nippon India Large Cap Fund,INF204K01XI3_Nippon India Large Cap Fund.xlsx,INE090A01021,ICICI Bank Limited,25000000,363500,6.71,EA,mapped,TRUE
Nippon India Large Cap Fund,INF204K01XI3_Nippon India Large Cap Fund.xlsx,INE238A01034,Axis Bank Limited,22015542,286202.05,5.29,EA,mapped,TRUE
Nippon India Large Cap Fund,INF204K01XI3_Nippon India Large Cap Fund.xlsx,INE002A01018,Reliance Industries Limited,17441139,222723.35,4.11,EA,mapped,TRUE
Nippon India Large Cap Fund,INF204K01XI3_Nippon India Large Cap Fund.xlsx,INE018A01030,Larsen & Toubro Limited,4947774,200132.51,3.7,EA,mapped,TRUE
Nippon India Large Cap Fund,INF204K01XI3_Nippon India Large Cap Fund.xlsx,INE009A01021,Infosys Limited,17349771,196711.7,3.63,EA,mapped,TRUE
Nippon India Large Cap Fund,INF204K01XI3_Nippon India Large Cap Fund.xlsx,INE467B01029,Tata Consultancy Services Limited,8000000,191944,3.55,EA,mapped,TRUE
Nippon India Large Cap Fund,INF204K01XI3_Nippon India Large Cap Fund.xlsx,INE296A01032,Bajaj Finance Limited,16534184,174766.32,3.23,EA,mapped,TRUE
Nippon India Large Cap Fund,INF204K01XI3_Nippon India Large Cap Fund.xlsx,INE062A01020,State Bank of India,15082107,159870.33,2.95,EA,mapped,TRUE
Nippon India Large Cap Fund,INF204K01XI3_Nippon India Large Cap Fund.xlsx,INE101A01026,Mahindra & Mahindra Limited,4821580,158244.26,2.92,EA,mapped,TRUE
Nippon India Large Cap Fund,INF204K01XI3_Nippon India Large Cap Fund.xlsx,INE030A01027,Hindustan Unilever Limited,6889046,135535.09,2.5,EA,mapped,TRUE
Nippon India Large Cap Fund,INF204K01XI3_Nippon India Large Cap Fund.xlsx,INE044A01036,Sun Pharmaceutical Industries Limited,6154333,122151.2,2.26,EA,mapped,TRUE
Nippon India Large Cap Fund,INF204K01XI3_Nippon India Large Cap Fund.xlsx,INE192R01011,Avenue Supermarts Limited,2963895,115591.91,2.14,EA,mapped,TRUE
Nippon India Large Cap Fund,INF204K01XI3_Nippon India Large Cap Fund.xlsx,INE154A01025,ITC Limited,45029812,115051.17,2.13,EA,mapped,TRUE
Nippon India Large Cap Fund,INF204K01XI3_Nippon India Large Cap Fund.xlsx,INE775A01035,Samvardhana Motherson International Limited,63549826,108466.84,2,EA,mapped,TRUE
Nippon India Large Cap Fund,INF204K01XI3_Nippon India Large Cap Fund.xlsx,INE237A01036,Kotak Mahindra Bank Limited,25005900,104874.74,1.94,EA,mapped,TRUE
Nippon India Large Cap Fund,INF204K01XI3_Nippon India Large Cap Fund.xlsx,INE200A01026,GE Vernova T&D India Limited,2251405,100079.46,1.85,EA,mapped,TRUE
Nippon India Large Cap Fund,INF204K01XI3_Nippon India Large Cap Fund.xlsx,INE733E01010,NTPC Limited,30017977,98278.86,1.82,EA,mapped,TRUE
Nippon India Large Cap Fund,INF204K01XI3_Nippon India Large Cap Fund.xlsx,INE758T01015,Eternal Limited,30064524,98641.7,1.82,EA,mapped,TRUE
Nippon India Large Cap Fund,INF204K01XI3_Nippon India Large Cap Fund.xlsx,INE361B01024,Divi's Laboratories Limited,861190,81528.86,1.51,EA,mapped,TRUE
Nippon India Large Cap Fund,INF204K01XI3_Nippon India Large Cap Fund.xlsx,INE795G01014,HDFC Life Insurance Company Limited,13000000,70635.5,1.3,EA,mapped,TRUE
Nippon India Large Cap Fund,INF204K01XI3_Nippon India Large Cap Fund.xlsx,INE849A01020,Trent Limited,2440603,70286.93,1.3,EA,mapped,TRUE
Nippon India Large Cap Fund,INF204K01XI3_Nippon India Large Cap Fund.xlsx,INE245A01021,Tata Power Company Limited,20185719,70044.44,1.29,EA,mapped,TRUE
Nippon India Large Cap Fund,INF204K01XI3_Nippon India Large Cap Fund.xlsx,INE585B01010,Maruti Suzuki India Limited,502749,68107.41,1.26,EA,mapped,TRUE
Nippon India Large Cap Fund,INF204K01XI3_Nippon India Large Cap Fund.xlsx,INE00H001014,Swiggy Limited,22744706,64117.33,1.18,EA,mapped,TRUE
Nippon India Large Cap Fund,INF204K01XI3_Nippon India Large Cap Fund.xlsx,INE935N01020,Dixon Technologies (India) Limited,413953,61472.02,1.14,EA,mapped,TRUE
Nippon India Large Cap Fund,INF204K01XI3_Nippon India Large Cap Fund.xlsx,INE123W01016,SBI Life Insurance Company Limited,3361333,58504,1.08,EA,mapped,TRUE
Nippon India Large Cap Fund,INF204K01XI3_Nippon India Large Cap Fund.xlsx,INE917I01010,Bajaj Auto Limited,475526,57681.3,1.07,EA,mapped,TRUE
Nippon India Large Cap Fund,INF204K01XI3_Nippon India Large Cap Fund.xlsx,INE059A01026,Cipla Limited,4086211,57582.89,1.06,EA,mapped,TRUE
Nippon India Large Cap Fund,INF204K01XI3_Nippon India Large Cap Fund.xlsx,INE117A01022,ABB India Limited,729315,55708.73,1.03,EA,mapped,TRUE
Nippon India Large Cap Fund,INF204K01XI3_Nippon India Large Cap Fund.xlsx,INE053A01029,The Indian Hotels Company Limited,7460653,55052.16,1.02,EA,mapped,TRUE
Nippon India Large Cap Fund,INF204K01XI3_Nippon India Large Cap Fund.xlsx,INE427F01016,Chalet Hotels Limited,5679690,51341.56,0.95,EA,mapped,TRUE
Nippon India Large Cap Fund,INF204K01XI3_Nippon India Large Cap Fund.xlsx,INE860A01027,HCL Technologies Limited,3889064,51032.3,0.94,EA,mapped,TRUE
Nippon India Large Cap Fund,INF204K01XI3_Nippon India Large Cap Fund.xlsx,INE417T01026,PB Fintech Limited,2656013,49800.24,0.92,EA,mapped,TRUE
Nippon India Large Cap Fund,INF204K01XI3_Nippon India Large Cap Fund.xlsx,INE102D01028,Godrej Consumer Products Limited,5300000,47768.9,0.88,EA,mapped,TRUE
Nippon India Large Cap Fund,INF204K01XI3_Nippon India Large Cap Fund.xlsx,INE326A01037,Lupin Limited,2178374,47671.54,0.88,EA,mapped,TRUE
Nippon India Large Cap Fund,INF204K01XI3_Nippon India Large Cap Fund.xlsx,INE192A01025,Tata Consumer Products Limited,4529578,46994.37,0.87,EA,mapped,TRUE
Nippon India Large Cap Fund,INF204K01XI3_Nippon India Large Cap Fund.xlsx,INE669C01036,Tech Mahindra Limited,2897680,47174.23,0.87,EA,mapped,TRUE
Nippon India Large Cap Fund,INF204K01XI3_Nippon India Large Cap Fund.xlsx,INE634S01028,Mankind Pharma Limited,1934592,46801.65,0.86,EA,mapped,TRUE
Nippon India Large Cap Fund,INF204K01XI3_Nippon India Large Cap Fund.xlsx,INE089A01031,Dr. Reddy's Laboratories Limited,4001922,46198.19,0.85,EA,mapped,TRUE
Nippon India Large Cap Fund,INF204K01XI3_Nippon India Large Cap Fund.xlsx,INE0VDM01015,Meesho Ltd,21660932,44489.39,0.82,EA,mapped,TRUE
Nippon India Large Cap Fund,INF204K01XI3_Nippon India Large Cap Fund.xlsx,INE121A01024,Cholamandalam Investment and Finance Company Ltd,2291499,42562.3,0.79,EA,mapped,TRUE
Nippon India Large Cap Fund,INF204K01XI3_Nippon India Large Cap Fund.xlsx,INE070A01015,Shree Cement Limited,181243,42048.38,0.78,EA,mapped,TRUE
Nippon India Large Cap Fund,INF204K01XI3_Nippon India Large Cap Fund.xlsx,INE797F01020,Jubilant Foodworks Limited,8548076,42398.46,0.78,EA,mapped,TRUE
Nippon India Large Cap Fund,INF204K01XI3_Nippon India Large Cap Fund.xlsx,INE522F01014,Coal India Limited,10000000,40175,0.74,EA,mapped,TRUE
Nippon India Large Cap Fund,INF204K01XI3_Nippon India Large Cap Fund.xlsx,INE003A01024,Siemens Limited,983917,39651.86,0.73,EA,mapped,TRUE
Nippon India Large Cap Fund,INF204K01XI3_Nippon India Large Cap Fund.xlsx,INE01EA01019,Vishal Mega Mart Limited,35035033,38762.76,0.72,EA,mapped,TRUE
Nippon India Large Cap Fund,INF204K01XI3_Nippon India Large Cap Fund.xlsx,INE081A01020,Tata Steel Limited,20503160,37797.58,0.7,EA,mapped,TRUE
Nippon India Large Cap Fund,INF204K01XI3_Nippon India Large Cap Fund.xlsx,INE066F01020,Hindustan Aeronautics Limited,759818,36483.42,0.67,EA,mapped,TRUE
Nippon India Large Cap Fund,INF204K01XI3_Nippon India Large Cap Fund.xlsx,INE1CDF01017,Vedanta Aluminium Metal Limited,7910833,34423.99,0.64,EA,mapped,TRUE
Nippon India Large Cap Fund,INF204K01XI3_Nippon India Large Cap Fund.xlsx,INE0ONG01011,NTPC Green Energy Limited,37981560,33997.29,0.63,EA,mapped,TRUE
Nippon India Large Cap Fund,INF204K01XI3_Nippon India Large Cap Fund.xlsx,INE1NPP01017,Siemens Energy India Limited,1044959,33748,0.62,EA,mapped,TRUE
Nippon India Large Cap Fund,INF204K01XI3_Nippon India Large Cap Fund.xlsx,INE854D01024,United Spirits Limited,2155258,32113.34,0.59,EA,mapped,TRUE
Nippon India Large Cap Fund,INF204K01XI3_Nippon India Large Cap Fund.xlsx,INE230A01023,EIH Limited,10731627,30295.38,0.56,EA,mapped,TRUE
Nippon India Large Cap Fund,INF204K01XI3_Nippon India Large Cap Fund.xlsx,INE259A01022,Colgate Palmolive (India) Limited,1590441,30180.21,0.56,EA,mapped,TRUE
Nippon India Large Cap Fund,INF204K01XI3_Nippon India Large Cap Fund.xlsx,INE018E01016,SBI Cards and Payment Services Limited,4639814,29915.2,0.55,EA,mapped,TRUE
Nippon India Large Cap Fund,INF204K01XI3_Nippon India Large Cap Fund.xlsx,INE322A01010,Gillette India Limited,384084,28149.52,0.52,EA,mapped,TRUE
Nippon India Large Cap Fund,INF204K01XI3_Nippon India Large Cap Fund.xlsx,INE686F01025,United Breweries Limited,1934970,25319.08,0.47,EA,mapped,TRUE
Nippon India Large Cap Fund,INF204K01XI3_Nippon India Large Cap Fund.xlsx,INE200M01039,Varun Beverages Limited,5943052,23798.95,0.44,EA,mapped,TRUE
Nippon India Large Cap Fund,INF204K01XI3_Nippon India Large Cap Fund.xlsx,INE872J01023,Devyani International Limited,15596125,21642.74,0.4,EA,mapped,TRUE
Nippon India Large Cap Fund,INF204K01XI3_Nippon India Large Cap Fund.xlsx,INE0J1Y01017,Life Insurance Corporation Of India,4306407,18000.78,0.33,EA,mapped,TRUE
Nippon India Large Cap Fund,INF204K01XI3_Nippon India Large Cap Fund.xlsx,INE692A01016,Union Bank of India,8924402,16834.1,0.31,EA,mapped,TRUE
Nippon India Large Cap Fund,INF204K01XI3_Nippon India Large Cap Fund.xlsx,INE180A01020,Max Financial Services Limited,955716,15034.37,0.28,EA,mapped,TRUE
Nippon India Large Cap Fund,INF204K01XI3_Nippon India Large Cap Fund.xlsx,INE473A01011,Linde India Limited,216434,13820.39,0.26,EA,mapped,TRUE
Nippon India Large Cap Fund,INF204K01XI3_Nippon India Large Cap Fund.xlsx,INE191H01014,PVR INOX Limited,1018203,12296.84,0.23,EA,mapped,TRUE
Nippon India Large Cap Fund,INF204K01XI3_Nippon India Large Cap Fund.xlsx,INE640G01020,SBI Funds Management Limited,940758,5432.88,0.1,EA,mapped,TRUE
Nippon India Retirement Fund- Wealth Creation Scheme,INF204KA1B72_Nippon India Retirement Fund- Wealth Creation Scheme.xlsx,INE090A01021,ICICI Bank Limited,1620000,23554.8,7.53,RW,mapped,TRUE
Nippon India Retirement Fund- Wealth Creation Scheme,INF204KA1B72_Nippon India Retirement Fund- Wealth Creation Scheme.xlsx,INE040A01034,HDFC Bank Limited,3200000,22688,7.26,RW,mapped,TRUE
Nippon India Retirement Fund- Wealth Creation Scheme,INF204KA1B72_Nippon India Retirement Fund- Wealth Creation Scheme.xlsx,INE002A01018,Reliance Industries Limited,1025000,13089.25,4.19,RW,mapped,TRUE
Nippon India Retirement Fund- Wealth Creation Scheme,INF204KA1B72_Nippon India Retirement Fund- Wealth Creation Scheme.xlsx,INE238A01034,Axis Bank Limited,1000000,13000,4.16,RW,mapped,TRUE
Nippon India Retirement Fund- Wealth Creation Scheme,INF204KA1B72_Nippon India Retirement Fund- Wealth Creation Scheme.xlsx,INE009A01021,Infosys Limited,1099277,12463.6,3.99,RW,mapped,TRUE
Nippon India Retirement Fund- Wealth Creation Scheme,INF204KA1B72_Nippon India Retirement Fund- Wealth Creation Scheme.xlsx,INE101A01026,Mahindra & Mahindra Limited,326017,10699.88,3.42,RW,mapped,TRUE
Nippon India Retirement Fund- Wealth Creation Scheme,INF204KA1B72_Nippon India Retirement Fund- Wealth Creation Scheme.xlsx,INE062A01020,State Bank of India,900000,9540,3.05,RW,mapped,TRUE
Nippon India Retirement Fund- Wealth Creation Scheme,INF204KA1B72_Nippon India Retirement Fund- Wealth Creation Scheme.xlsx,INE121E01018,JSW Energy Limited,1798211,9357.89,2.99,RW,mapped,TRUE
Nippon India Retirement Fund- Wealth Creation Scheme,INF204KA1B72_Nippon India Retirement Fund- Wealth Creation Scheme.xlsx,INE540L01014,Alkem Laboratories Limited,128483,6847.5,2.19,RW,mapped,TRUE
Nippon India Retirement Fund- Wealth Creation Scheme,INF204KA1B72_Nippon India Retirement Fund- Wealth Creation Scheme.xlsx,INE066F01020,Hindustan Aeronautics Limited,135000,6482.16,2.07,RW,mapped,TRUE
Nippon India Retirement Fund- Wealth Creation Scheme,INF204KA1B72_Nippon India Retirement Fund- Wealth Creation Scheme.xlsx,INE127D01025,HDFC Asset Management Company Limited,246000,6450.37,2.06,RW,mapped,TRUE
Nippon India Retirement Fund- Wealth Creation Scheme,INF204KA1B72_Nippon India Retirement Fund- Wealth Creation Scheme.xlsx,INE1CDF01017,Vedanta Aluminium Metal Limited,1430000,6222.65,1.99,RW,mapped,TRUE
Nippon India Retirement Fund- Wealth Creation Scheme,INF204KA1B72_Nippon India Retirement Fund- Wealth Creation Scheme.xlsx,INE018A01030,Larsen & Toubro Limited,150000,6067.35,1.94,RW,mapped,TRUE
Nippon India Retirement Fund- Wealth Creation Scheme,INF204KA1B72_Nippon India Retirement Fund- Wealth Creation Scheme.xlsx,INE758T01015,Eternal Limited,1700000,5577.7,1.78,RW,mapped,TRUE
Nippon India Retirement Fund- Wealth Creation Scheme,INF204KA1B72_Nippon India Retirement Fund- Wealth Creation Scheme.xlsx,INE880J01026,JSW Infrastructure Ltd,1628070,5535.44,1.77,RW,mapped,TRUE
Nippon India Retirement Fund- Wealth Creation Scheme,INF204KA1B72_Nippon India Retirement Fund- Wealth Creation Scheme.xlsx,INE663F01032,Info Edge (India) Limited,404720,5313.97,1.7,RW,mapped,TRUE
Nippon India Retirement Fund- Wealth Creation Scheme,INF204KA1B72_Nippon India Retirement Fund- Wealth Creation Scheme.xlsx,INE646L01027,InterGlobe Aviation Limited,100000,5234,1.67,RW,mapped,TRUE
Nippon India Retirement Fund- Wealth Creation Scheme,INF204KA1B72_Nippon India Retirement Fund- Wealth Creation Scheme.xlsx,INE200M01039,Varun Beverages Limited,1300000,5205.85,1.66,RW,mapped,TRUE
Nippon India Retirement Fund- Wealth Creation Scheme,INF204KA1B72_Nippon India Retirement Fund- Wealth Creation Scheme.xlsx,INE121A01024,Cholamandalam Investment and Finance Company Ltd,274825,5104.6,1.63,RW,mapped,TRUE
Nippon India Retirement Fund- Wealth Creation Scheme,INF204KA1B72_Nippon India Retirement Fund- Wealth Creation Scheme.xlsx,INE121J01017,Indus Towers Limited,1305037,5073.98,1.62,RW,mapped,TRUE
Nippon India Retirement Fund- Wealth Creation Scheme,INF204KA1B72_Nippon India Retirement Fund- Wealth Creation Scheme.xlsx,INE00H001014,Swiggy Limited,1700000,4792.3,1.53,RW,mapped,TRUE
Nippon India Retirement Fund- Wealth Creation Scheme,INF204KA1B72_Nippon India Retirement Fund- Wealth Creation Scheme.xlsx,INE102D01028,Godrej Consumer Products Limited,510393,4600.17,1.47,RW,mapped,TRUE
Nippon India Retirement Fund- Wealth Creation Scheme,INF204KA1B72_Nippon India Retirement Fund- Wealth Creation Scheme.xlsx,INE669C01036,Tech Mahindra Limited,280000,4558.4,1.46,RW,mapped,TRUE
Nippon India Retirement Fund- Wealth Creation Scheme,INF204KA1B72_Nippon India Retirement Fund- Wealth Creation Scheme.xlsx,INE180A01020,Max Financial Services Limited,275377,4331.96,1.39,RW,mapped,TRUE
Nippon India Retirement Fund- Wealth Creation Scheme,INF204KA1B72_Nippon India Retirement Fund- Wealth Creation Scheme.xlsx,INE068V01023,Gland Pharma Limited,150000,4328.7,1.38,RW,mapped,TRUE
Nippon India Retirement Fund- Wealth Creation Scheme,INF204KA1B72_Nippon India Retirement Fund- Wealth Creation Scheme.xlsx,INE296A01032,Bajaj Finance Limited,400000,4228,1.35,RW,mapped,TRUE
Nippon India Retirement Fund- Wealth Creation Scheme,INF204KA1B72_Nippon India Retirement Fund- Wealth Creation Scheme.xlsx,INE079A01024,Ambuja Cements Limited,1037977,4163.84,1.33,RW,mapped,TRUE
Nippon India Retirement Fund- Wealth Creation Scheme,INF204KA1B72_Nippon India Retirement Fund- Wealth Creation Scheme.xlsx,INE854D01024,United Spirits Limited,275000,4097.5,1.31,RW,mapped,TRUE
Nippon India Retirement Fund- Wealth Creation Scheme,INF204KA1B72_Nippon India Retirement Fund- Wealth Creation Scheme.xlsx,INE239A01024,Nestle India Limited,267031,3996.12,1.28,RW,mapped,TRUE
Nippon India Retirement Fund- Wealth Creation Scheme,INF204KA1B72_Nippon India Retirement Fund- Wealth Creation Scheme.xlsx,INE0ONG01011,NTPC Green Energy Limited,4480856,4010.81,1.28,RW,mapped,TRUE
Nippon India Retirement Fund- Wealth Creation Scheme,INF204KA1B72_Nippon India Retirement Fund- Wealth Creation Scheme.xlsx,INE053A01029,The Indian Hotels Company Limited,500006,3689.54,1.18,RW,mapped,TRUE
Nippon India Retirement Fund- Wealth Creation Scheme,INF204KA1B72_Nippon India Retirement Fund- Wealth Creation Scheme.xlsx,INE472A01039,Blue Star Limited,250000,3659.5,1.17,RW,mapped,TRUE
Nippon India Retirement Fund- Wealth Creation Scheme,INF204KA1B72_Nippon India Retirement Fund- Wealth Creation Scheme.xlsx,INE913H01037,Endurance Technologies Limited,120435,3457.93,1.11,RW,mapped,TRUE
Nippon India Retirement Fund- Wealth Creation Scheme,INF204KA1B72_Nippon India Retirement Fund- Wealth Creation Scheme.xlsx,INE280A01028,Titan Company Limited,66000,3367.58,1.08,RW,mapped,TRUE
Nippon India Retirement Fund- Wealth Creation Scheme,INF204KA1B72_Nippon India Retirement Fund- Wealth Creation Scheme.xlsx,INE419M01035,TD Power Systems Limited,411498,3197.34,1.02,RW,mapped,TRUE
Nippon India Retirement Fund- Wealth Creation Scheme,INF204KA1B72_Nippon India Retirement Fund- Wealth Creation Scheme.xlsx,INE115A01026,LIC Housing Finance Limited,582560,3136.5,1,RW,mapped,TRUE
Nippon India Retirement Fund- Wealth Creation Scheme,INF204KA1B72_Nippon India Retirement Fund- Wealth Creation Scheme.xlsx,INE299U01018,Crompton Greaves Consumer Electricals Limited,1300000,3066.7,0.98,RW,mapped,TRUE
Nippon India Retirement Fund- Wealth Creation Scheme,INF204KA1B72_Nippon India Retirement Fund- Wealth Creation Scheme.xlsx,INE298A01020,Cummins India Limited,60000,3063,0.98,RW,mapped,TRUE
Nippon India Retirement Fund- Wealth Creation Scheme,INF204KA1B72_Nippon India Retirement Fund- Wealth Creation Scheme.xlsx,INE494B01023,TVS Motor Company Limited,70000,3038.91,0.97,RW,mapped,TRUE
Nippon India Retirement Fund- Wealth Creation Scheme,INF204KA1B72_Nippon India Retirement Fund- Wealth Creation Scheme.xlsx,INE075I01017,Healthcare Global Enterprises Limited,415318,3045.53,0.97,RW,mapped,TRUE
Nippon India Retirement Fund- Wealth Creation Scheme,INF204KA1B72_Nippon India Retirement Fund- Wealth Creation Scheme.xlsx,INE417T01026,PB Fintech Limited,160000,3000,0.96,RW,mapped,TRUE
Nippon India Retirement Fund- Wealth Creation Scheme,INF204KA1B72_Nippon India Retirement Fund- Wealth Creation Scheme.xlsx,INE343G01021,Bharti Hexacom Limited,191470,2959.17,0.95,RW,mapped,TRUE
Nippon India Retirement Fund- Wealth Creation Scheme,INF204KA1B72_Nippon India Retirement Fund- Wealth Creation Scheme.xlsx,INE099Z01011,Mishra Dhatu Nigam Limited,642358,2660.33,0.85,RW,mapped,TRUE
Nippon India Retirement Fund- Wealth Creation Scheme,INF204KA1B72_Nippon India Retirement Fund- Wealth Creation Scheme.xlsx,INE721A01047,Shriram Finance Limited,226209,2510.69,0.8,RW,mapped,TRUE
Nippon India Retirement Fund- Wealth Creation Scheme,INF204KA1B72_Nippon India Retirement Fund- Wealth Creation Scheme.xlsx,INE358A01014,Abbott India Limited,9667,2498.92,0.8,RW,mapped,TRUE
Nippon India Retirement Fund- Wealth Creation Scheme,INF204KA1B72_Nippon India Retirement Fund- Wealth Creation Scheme.xlsx,INE245A01021,Tata Power Company Limited,725000,2515.75,0.8,RW,mapped,TRUE
Nippon India Retirement Fund- Wealth Creation Scheme,INF204KA1B72_Nippon India Retirement Fund- Wealth Creation Scheme.xlsx,INE134E01011,Power Finance Corporation Limited,727027,2444.99,0.78,RW,mapped,TRUE
Nippon India Retirement Fund- Wealth Creation Scheme,INF204KA1B72_Nippon India Retirement Fund- Wealth Creation Scheme.xlsx,INE1TAE01010,Tata Motors Ltd,500000,2355.5,0.75,RW,mapped,TRUE
Nippon India Retirement Fund- Wealth Creation Scheme,INF204KA1B72_Nippon India Retirement Fund- Wealth Creation Scheme.xlsx,INE0DK501011,Piramal Pharma Limited,987514,2117.23,0.68,RW,mapped,TRUE
Nippon India Retirement Fund- Wealth Creation Scheme,INF204KA1B72_Nippon India Retirement Fund- Wealth Creation Scheme.xlsx,INE673O01025,TBO Tek Limited,120000,2094.12,0.67,RW,mapped,TRUE
Nippon India Retirement Fund- Wealth Creation Scheme,INF204KA1B72_Nippon India Retirement Fund- Wealth Creation Scheme.xlsx,INE858B01029,ISGEC Heavy Engineering Limited,260000,2055.69,0.66,RW,mapped,TRUE
Nippon India Retirement Fund- Wealth Creation Scheme,INF204KA1B72_Nippon India Retirement Fund- Wealth Creation Scheme.xlsx,INE918Z01012,Kaynes Technology India Limited,52955,1951.39,0.62,RW,mapped,TRUE
Nippon India Retirement Fund- Wealth Creation Scheme,INF204KA1B72_Nippon India Retirement Fund- Wealth Creation Scheme.xlsx,INE634S01028,Mankind Pharma Limited,76526,1851.32,0.59,RW,mapped,TRUE
Nippon India Retirement Fund- Wealth Creation Scheme,INF204KA1B72_Nippon India Retirement Fund- Wealth Creation Scheme.xlsx,INE042A01014,Escorts Kubota Limited,60547,1813.38,0.58,RW,mapped,TRUE
Nippon India Retirement Fund- Wealth Creation Scheme,INF204KA1B72_Nippon India Retirement Fund- Wealth Creation Scheme.xlsx,INE775A01035,Samvardhana Motherson International Limited,1000000,1706.8,0.55,RW,mapped,TRUE
Nippon India Retirement Fund- Wealth Creation Scheme,INF204KA1B72_Nippon India Retirement Fund- Wealth Creation Scheme.xlsx,INE257A01026,Bharat Heavy Electricals Limited,373776,1654.52,0.53,RW,mapped,TRUE
Nippon India Retirement Fund- Wealth Creation Scheme,INF204KA1B72_Nippon India Retirement Fund- Wealth Creation Scheme.xlsx,INE065X01017,Indegene Limited,251590,1538.85,0.49,RW,mapped,TRUE
Nippon India Retirement Fund- Wealth Creation Scheme,INF204KA1B72_Nippon India Retirement Fund- Wealth Creation Scheme.xlsx,INE398R01022,Syngene International Limited,367942,1474.53,0.47,RW,mapped,TRUE
Nippon India Retirement Fund- Wealth Creation Scheme,INF204KA1B72_Nippon India Retirement Fund- Wealth Creation Scheme.xlsx,INE322A01010,Gillette India Limited,19673,1441.83,0.46,RW,mapped,TRUE
Nippon India Retirement Fund- Wealth Creation Scheme,INF204KA1B72_Nippon India Retirement Fund- Wealth Creation Scheme.xlsx,INE0KQN01018,Bajel Projects Limited,712744,1383.58,0.44,RW,mapped,TRUE
Nippon India Retirement Fund- Wealth Creation Scheme,INF204KA1B72_Nippon India Retirement Fund- Wealth Creation Scheme.xlsx,INE597I01028,Sharda Motor Industries Ltd.,152211,1343.87,0.43,RW,mapped,TRUE
Nippon India Retirement Fund- Wealth Creation Scheme,INF204KA1B72_Nippon India Retirement Fund- Wealth Creation Scheme.xlsx,INE236E01022,Ellenbarrie Industrial Gases Limited,391005,1260.01,0.4,RW,mapped,TRUE
Nippon India Retirement Fund- Wealth Creation Scheme,INF204KA1B72_Nippon India Retirement Fund- Wealth Creation Scheme.xlsx,INE04I401011,KPIT Technologies Limited,200401,1172.35,0.37,RW,mapped,TRUE
Nippon India Retirement Fund- Wealth Creation Scheme,INF204KA1B72_Nippon India Retirement Fund- Wealth Creation Scheme.xlsx,INE726G01019,ICICI Prudential Life Insurance Company Limited,224018,1158.29,0.37,RW,mapped,TRUE
Nippon India Retirement Fund- Wealth Creation Scheme,INF204KA1B72_Nippon India Retirement Fund- Wealth Creation Scheme.xlsx,INE686F01025,United Breweries Limited,82468,1079.09,0.35,RW,mapped,TRUE
Nippon India Retirement Fund- Wealth Creation Scheme,INF204KA1B72_Nippon India Retirement Fund- Wealth Creation Scheme.xlsx,INE589A01014,NLC India Limited,400000,1069.6,0.34,RW,mapped,TRUE
Nippon India Retirement Fund- Wealth Creation Scheme,INF204KA1B72_Nippon India Retirement Fund- Wealth Creation Scheme.xlsx,INE949L01017,AU Small Finance Bank Limited,73623,799.69,0.26,RW,mapped,TRUE
Nippon India Retirement Fund- Wealth Creation Scheme,INF204KA1B72_Nippon India Retirement Fund- Wealth Creation Scheme.xlsx,INE101I01011,Afcons Infrastructure Limited,224668,641.76,0.21,RW,mapped,TRUE
Nippon India Retirement Fund- Wealth Creation Scheme,INF204KA1B72_Nippon India Retirement Fund- Wealth Creation Scheme.xlsx,INE761H01022,Page Industries Limited,1872,670.18,0.21,RW,mapped,TRUE
Nippon India Retirement Fund- Wealth Creation Scheme,INF204KA1B72_Nippon India Retirement Fund- Wealth Creation Scheme.xlsx,INE974X01010,Tube Investments of India Limited,22380,622.16,0.2,RW,mapped,TRUE
Nippon India Retirement Fund- Wealth Creation Scheme,INF204KA1B72_Nippon India Retirement Fund- Wealth Creation Scheme.xlsx,INE528G08394,9% Yes Bank Limited**#,500,0,,RW,unmapped,TRUE
Aditya Birla Sun Life Liquid Fund,INF209K01VA3_Aditya Birla Sun Life Liquid Fund.xlsx,INE556F08KI9,7.44% Small Industries Development Bank of India (04/09/2026) **,74500,74504.25,1.066934949,CASH,unmapped,TRUE
Aditya Birla Sun Life Liquid Fund,INF209K01VA3_Aditya Birla Sun Life Liquid Fund.xlsx,INE537P07752,8.25% India Infradebt Ltd. (15/09/2026) **,47500,47516.82,0.680462564,CASH,unmapped,TRUE
Aditya Birla Sun Life Liquid Fund,INF209K01VA3_Aditya Birla Sun Life Liquid Fund.xlsx,INE134E08MK0,7.70% Power Finance Corporation Ltd. (15/09/2026) **,40000,40017.6,0.573070369,CASH,unmapped,TRUE
Aditya Birla Sun Life Liquid Fund,INF209K01VA3_Aditya Birla Sun Life Liquid Fund.xlsx,INE860H07IJ5,8.30% Aditya Birla Capital Ltd. (16/09/2026) **,19000,19010.53,0.272239443,CASH,unmapped,TRUE
Aditya Birla Sun Life Liquid Fund,INF209K01VA3_Aditya Birla Sun Life Liquid Fund.xlsx,INE936D07174,6.40% Jamnagar Utilities & Power Pvt. Ltd. (29/09/2026),1750,17489.29,0.250454647,CASH,unmapped,TRUE
Aditya Birla Sun Life Liquid Fund,INF209K01VA3_Aditya Birla Sun Life Liquid Fund.xlsx,INE756I07DX5,6.35% HDB Financial Services Ltd. (11/09/2026) **,1250,12497.29,0.178966884,CASH,unmapped,TRUE
Aditya Birla Sun Life Liquid Fund,INF209K01VA3_Aditya Birla Sun Life Liquid Fund.xlsx,INE667F07IT7,7.98% Sundaram Home Finance Ltd. (04/09/2026) **,6500,6500.63,0.093092007,CASH,unmapped,TRUE
Aditya Birla Sun Life Liquid Fund,INF209K01VA3_Aditya Birla Sun Life Liquid Fund.xlsx,INE020B08FH7,7.55% REC Ltd. (31/10/2026) **,6000,6005.26,0.085998104,CASH,unmapped,TRUE
Aditya Birla Sun Life Liquid Fund,INF209K01VA3_Aditya Birla Sun Life Liquid Fund.xlsx,INE916DA7SL3,8.09% Kotak Mahindra Prime Ltd. (09/11/2026) **,2500,2502.25,0.035833295,CASH,unmapped,TRUE
Aditya Birla Sun Life Liquid Fund,INF209K01VA3_Aditya Birla Sun Life Liquid Fund.xlsx,INE556F08KJ7,7.55% Small Industries Development Bank of India (22/09/2026) **,2500,2500.93,0.035814428,CASH,unmapped,TRUE
Aditya Birla Sun Life Liquid Fund,INF209K01VA3_Aditya Birla Sun Life Liquid Fund.xlsx,IN0020160035,Government of India (06/09/2026),85500000,85519.07,1.224672219,CASH,not_in_mapping_files,FALSE
Aditya Birla Sun Life Liquid Fund,INF209K01VA3_Aditya Birla Sun Life Liquid Fund.xlsx,INE261F14PT0,National Bank for Agriculture and Rural Development (11/09/2026) **,20000,99830.7,1.429621368,CASH,unmapped,TRUE
Aditya Birla Sun Life Liquid Fund,INF209K01VA3_Aditya Birla Sun Life Liquid Fund.xlsx,INE514E14TS9,Export-Import Bank of India (04/11/2026) **,19400,95919.42,1.373610047,CASH,unmapped,TRUE
Aditya Birla Sun Life Liquid Fund,INF209K01VA3_Aditya Birla Sun Life Liquid Fund.xlsx,INE261F14PX2,National Bank for Agriculture and Rural Development (01/10/2026) **,18500,92021.59,1.317791335,CASH,unmapped,TRUE
Aditya Birla Sun Life Liquid Fund,INF209K01VA3_Aditya Birla Sun Life Liquid Fund.xlsx,INE936D14436,Jamnagar Utilities & Power Pvt. Ltd. (29/09/2026) **,15000,74643,1.068921963,CASH,unmapped,TRUE
Aditya Birla Sun Life Liquid Fund,INF209K01VA3_Aditya Birla Sun Life Liquid Fund.xlsx,INE257A14AI4,Bharat Heavy Electricals Ltd. (29/09/2026) **,15000,74628.45,1.0687136,CASH,unmapped,TRUE
Aditya Birla Sun Life Liquid Fund,INF209K01VA3_Aditya Birla Sun Life Liquid Fund.xlsx,INE261F14QE0,National Bank for Agriculture and Rural Development (30/11/2026) **,15000,73829.48,1.057271912,CASH,unmapped,TRUE
Aditya Birla Sun Life Liquid Fund,INF209K01VA3_Aditya Birla Sun Life Liquid Fund.xlsx,INE037E14AT9,Tata Teleservices Ltd. (17/11/2026) **,13000,64057.76,0.917336476,CASH,unmapped,TRUE
Aditya Birla Sun Life Liquid Fund,INF209K01VA3_Aditya Birla Sun Life Liquid Fund.xlsx,INE514E14TN0,Export-Import Bank of India (09/09/2026),12500,62417.94,0.893853466,CASH,unmapped,TRUE
Aditya Birla Sun Life Liquid Fund,INF209K01VA3_Aditya Birla Sun Life Liquid Fund.xlsx,INE128M14BJ8,L&T Metro Rail (Hyderabad) Ltd. [Guaranteed by Larsen & Toubro Ltd.] (21/09/2026) **,12000,59773.68,0.855986487,CASH,unmapped,TRUE
Aditya Birla Sun Life Liquid Fund,INF209K01VA3_Aditya Birla Sun Life Liquid Fund.xlsx,INE530B14HS6,IIFL Finance Ltd. (04/09/2026) **,10000,49967.6,0.715558928,CASH,unmapped,TRUE
Aditya Birla Sun Life Liquid Fund,INF209K01VA3_Aditya Birla Sun Life Liquid Fund.xlsx,INE572E14KJ5,PNB Housing Finance Ltd. (08/09/2026) **,10000,49939.95,0.715162967,CASH,unmapped,TRUE
Aditya Birla Sun Life Liquid Fund,INF209K01VA3_Aditya Birla Sun Life Liquid Fund.xlsx,INE115A14FW4,LIC Housing Finance Ltd. (09/09/2026) **,10000,49932.55,0.715056996,CASH,unmapped,TRUE
Aditya Birla Sun Life Liquid Fund,INF209K01VA3_Aditya Birla Sun Life Liquid Fund.xlsx,INE660A14ZC9,Sundaram Finance Ltd. (11/09/2026) **,10000,49910.3,0.714738366,CASH,unmapped,TRUE
Aditya Birla Sun Life Liquid Fund,INF209K01VA3_Aditya Birla Sun Life Liquid Fund.xlsx,INE929O14FF4,Reliance Retail Ventures Ltd. (21/09/2026) **,10000,49830.15,0.713590581,CASH,unmapped,TRUE
Aditya Birla Sun Life Liquid Fund,INF209K01VA3_Aditya Birla Sun Life Liquid Fund.xlsx,INE742F14RL2,Adani Ports and Special Economic Zone Ltd. (06/11/2026) **,10000,49399.3,0.707420612,CASH,unmapped,TRUE
Aditya Birla Sun Life Liquid Fund,INF209K01VA3_Aditya Birla Sun Life Liquid Fund.xlsx,INE121E14466,JSW Energy Ltd. (17/11/2026) **,10000,49277.55,0.705677096,CASH,unmapped,TRUE
Aditya Birla Sun Life Liquid Fund,INF209K01VA3_Aditya Birla Sun Life Liquid Fund.xlsx,INE651J14AZ3,JM Financial Credit Solutions Ltd. (11/11/2026) **,10000,49244.25,0.705200225,CASH,unmapped,TRUE
Aditya Birla Sun Life Liquid Fund,INF209K01VA3_Aditya Birla Sun Life Liquid Fund.xlsx,INE763G14K38,ICICI Securities Ltd. (08/09/2026) **,9000,44942.49,0.64359705,CASH,unmapped,TRUE
Aditya Birla Sun Life Liquid Fund,INF209K01VA3_Aditya Birla Sun Life Liquid Fund.xlsx,INE018A14LX6,Larsen & Toubro Ltd. (04/09/2026) **,8000,39980.16,0.572534211,CASH,unmapped,TRUE
Aditya Birla Sun Life Liquid Fund,INF209K01VA3_Aditya Birla Sun Life Liquid Fund.xlsx,INE530B14HT4,IIFL Finance Ltd. (07/09/2026) **,8000,39947.72,0.572069655,CASH,unmapped,TRUE
Aditya Birla Sun Life Liquid Fund,INF209K01VA3_Aditya Birla Sun Life Liquid Fund.xlsx,INE163N14600,ONGC Petro Additions Ltd. (25/09/2026) **,8000,39827.56,0.570348909,CASH,unmapped,TRUE
Aditya Birla Sun Life Liquid Fund,INF209K01VA3_Aditya Birla Sun Life Liquid Fund.xlsx,INE403D14627,Bharti Telecom Ltd. (03/09/2026) **,7300,36486.79,0.522507509,CASH,unmapped,TRUE
Aditya Birla Sun Life Liquid Fund,INF209K01VA3_Aditya Birla Sun Life Liquid Fund.xlsx,INE151A14313,Tata Communications Ltd. (28/09/2026) **,7000,34838.02,0.49889641,CASH,unmapped,TRUE
Aditya Birla Sun Life Liquid Fund,INF209K01VA3_Aditya Birla Sun Life Liquid Fund.xlsx,INE582L14JX2,Tata Housing Development Co. Ltd. (30/11/2026) **,7000,34401.96,0.492651759,CASH,unmapped,TRUE
Aditya Birla Sun Life Liquid Fund,INF209K01VA3_Aditya Birla Sun Life Liquid Fund.xlsx,INE0CCU14153,Mindspace Business Parks Reit (23/09/2026) **,6700,33369.79,0.477870619,CASH,unmapped,TRUE
Aditya Birla Sun Life Liquid Fund,INF209K01VA3_Aditya Birla Sun Life Liquid Fund.xlsx,INE403G14TU6,Standard Chartered Capital Ltd. (04/09/2026) **,6500,32482.32,0.465161706,CASH,unmapped,TRUE
Aditya Birla Sun Life Liquid Fund,INF209K01VA3_Aditya Birla Sun Life Liquid Fund.xlsx,INE514E14TM2,Export-Import Bank of India (07/09/2026) **,6500,32467.73,0.464952735,CASH,unmapped,TRUE
Aditya Birla Sun Life Liquid Fund,INF209K01VA3_Aditya Birla Sun Life Liquid Fund.xlsx,INE033L14PA1,Tata Capital Housing Finance Ltd. (03/09/2026) **,6000,29990.04,0.429471115,CASH,unmapped,TRUE
Aditya Birla Sun Life Liquid Fund,INF209K01VA3_Aditya Birla Sun Life Liquid Fund.xlsx,INE517B14AJ7,Tata Teleservices (Maharastra) Ltd. (08/09/2026) **,6000,29962.02,0.429069856,CASH,unmapped,TRUE
Aditya Birla Sun Life Liquid Fund,INF209K01VA3_Aditya Birla Sun Life Liquid Fund.xlsx,INE01C314GA2,Bajaj Financial Securities Ltd. (09/09/2026) **,6000,29956.35,0.428988659,CASH,unmapped,TRUE
Aditya Birla Sun Life Liquid Fund,INF209K01VA3_Aditya Birla Sun Life Liquid Fund.xlsx,INE694L14GY9,Vedanta Power Ltd. (16/09/2026) **,6000,29900.13,0.428183562,CASH,unmapped,TRUE
Aditya Birla Sun Life Liquid Fund,INF209K01VA3_Aditya Birla Sun Life Liquid Fund.xlsx,INE01C314GG9,Bajaj Financial Securities Ltd. (25/09/2026) **,6000,29868.42,0.427729461,CASH,unmapped,TRUE
Aditya Birla Sun Life Liquid Fund,INF209K01VA3_Aditya Birla Sun Life Liquid Fund.xlsx,INE733E14CE1,NTPC Ltd. (05/10/2026) **,6000,29824.71,0.427103513,CASH,unmapped,TRUE
Aditya Birla Sun Life Liquid Fund,INF209K01VA3_Aditya Birla Sun Life Liquid Fund.xlsx,INE1JAR14024,Knowledge Realty Trust (06/11/2026) **,6000,29642.76,0.424497906,CASH,unmapped,TRUE
Aditya Birla Sun Life Liquid Fund,INF209K01VA3_Aditya Birla Sun Life Liquid Fund.xlsx,INE522D14PV6,Manappuram Finance Ltd. (16/11/2026) **,6000,29545.38,0.42310338,CASH,unmapped,TRUE
Aditya Birla Sun Life Liquid Fund,INF209K01VA3_Aditya Birla Sun Life Liquid Fund.xlsx,INE422H14610,DSP Finance Pvt. Ltd. (17/11/2026) **,6000,29537.04,0.422983947,CASH,unmapped,TRUE
Aditya Birla Sun Life Liquid Fund,INF209K01VA3_Aditya Birla Sun Life Liquid Fund.xlsx,INE514E14TO8,Export-Import Bank of India (15/09/2026) **,5500,27435.93,0.392895018,CASH,unmapped,TRUE
Aditya Birla Sun Life Liquid Fund,INF209K01VA3_Aditya Birla Sun Life Liquid Fund.xlsx,INE403D14585,Bharti Telecom Ltd. (18/09/2026) **,5500,27412.11,0.392553976,CASH,unmapped,TRUE
Aditya Birla Sun Life Liquid Fund,INF209K01VA3_Aditya Birla Sun Life Liquid Fund.xlsx,INE523L14BM6,Nuvama Wealth & Investment Ltd. (04/09/2026) **,5000,24985.63,0.357805599,CASH,unmapped,TRUE
Aditya Birla Sun Life Liquid Fund,INF209K01VA3_Aditya Birla Sun Life Liquid Fund.xlsx,INE028E14WZ9,Kotak Securities Ltd. (10/09/2026) **,5000,24959.08,0.357425391,CASH,unmapped,TRUE
Aditya Birla Sun Life Liquid Fund,INF209K01VA3_Aditya Birla Sun Life Liquid Fund.xlsx,INE094A14KD1,Hindustan Petroleum Corporation Ltd. (17/09/2026) **,5000,24932.4,0.357043393,CASH,unmapped,TRUE
Aditya Birla Sun Life Liquid Fund,INF209K01VA3_Aditya Birla Sun Life Liquid Fund.xlsx,INE486A14GC9,CESC Ltd. (17/09/2026) **,5000,24930.53,0.357016542,CASH,unmapped,TRUE
Aditya Birla Sun Life Liquid Fund,INF209K01VA3_Aditya Birla Sun Life Liquid Fund.xlsx,INE733E14CC5,NTPC Ltd. (18/09/2026) **,5000,24928.03,0.356980741,CASH,unmapped,TRUE
Aditya Birla Sun Life Liquid Fund,INF209K01VA3_Aditya Birla Sun Life Liquid Fund.xlsx,INE282H14121,Jio Credit Ltd. (18/09/2026) **,5000,24922.75,0.3569052,CASH,unmapped,TRUE
Aditya Birla Sun Life Liquid Fund,INF209K01VA3_Aditya Birla Sun Life Liquid Fund.xlsx,INE422H14495,DSP Finance Pvt. Ltd. (17/09/2026) **,5000,24922.6,0.356903052,CASH,unmapped,TRUE
Aditya Birla Sun Life Liquid Fund,INF209K01VA3_Aditya Birla Sun Life Liquid Fund.xlsx,INE522D14PR4,Manappuram Finance Ltd. (18/09/2026) **,5000,24918.33,0.356841832,CASH,unmapped,TRUE
Aditya Birla Sun Life Liquid Fund,INF209K01VA3_Aditya Birla Sun Life Liquid Fund.xlsx,INE094A14KF6,Hindustan Petroleum Corporation Ltd. (23/09/2026) **,5000,24907.15,0.356681801,CASH,unmapped,TRUE
Aditya Birla Sun Life Liquid Fund,INF209K01VA3_Aditya Birla Sun Life Liquid Fund.xlsx,INE422H14487,DSP Finance Pvt. Ltd. (21/09/2026) **,5000,24903.33,0.356627025,CASH,unmapped,TRUE
Aditya Birla Sun Life Liquid Fund,INF209K01VA3_Aditya Birla Sun Life Liquid Fund.xlsx,INE422H14537,DSP Finance Pvt. Ltd. (24/09/2026) **,5000,24888.9,0.356420453,CASH,unmapped,TRUE
Aditya Birla Sun Life Liquid Fund,INF209K01VA3_Aditya Birla Sun Life Liquid Fund.xlsx,INE261F14QB6,National Bank for Agriculture and Rural Development (13/11/2026) **,5000,24682.58,0.353465784,CASH,unmapped,TRUE
Aditya Birla Sun Life Liquid Fund,INF209K01VA3_Aditya Birla Sun Life Liquid Fund.xlsx,INE151A14339,Tata Communications Ltd. (17/11/2026) **,5000,24662.85,0.353183313,CASH,unmapped,TRUE
Aditya Birla Sun Life Liquid Fund,INF209K01VA3_Aditya Birla Sun Life Liquid Fund.xlsx,INE556F14MQ6,Small Industries Development Bank of India (01/12/2026) **,5000,24605.55,0.352362751,CASH,unmapped,TRUE
Aditya Birla Sun Life Liquid Fund,INF209K01VA3_Aditya Birla Sun Life Liquid Fund.xlsx,INE371K14DW7,Tata Realty and Infrastructure Ltd. (30/11/2026) **,5000,24574.18,0.351913446,CASH,unmapped,TRUE
Aditya Birla Sun Life Liquid Fund,INF209K01VA3_Aditya Birla Sun Life Liquid Fund.xlsx,INE523L14BZ8,Nuvama Wealth & Investment Ltd. (03/12/2026) **,5000,24518.18,0.351111501,CASH,unmapped,TRUE
Aditya Birla Sun Life Liquid Fund,INF209K01VA3_Aditya Birla Sun Life Liquid Fund.xlsx,INE338I14MV3,Motilal Oswal Financial Services Ltd. (07/09/2026) **,4500,22475.21,0.321855234,CASH,unmapped,TRUE
Aditya Birla Sun Life Liquid Fund,INF209K01VA3_Aditya Birla Sun Life Liquid Fund.xlsx,INE012I14SW9,JM Financial Services Ltd. (05/11/2026) **,4500,22196.34,0.31786176,CASH,unmapped,TRUE
Aditya Birla Sun Life Liquid Fund,INF209K01VA3_Aditya Birla Sun Life Liquid Fund.xlsx,INE725H14EC0,Tata Projects Ltd. (03/09/2026) **,4000,19993.12,0.28631064,CASH,unmapped,TRUE
Aditya Birla Sun Life Liquid Fund,INF209K01VA3_Aditya Birla Sun Life Liquid Fund.xlsx,INE338I14MU5,Motilal Oswal Financial Services Ltd. (04/09/2026) **,4000,19989.1,0.286253071,CASH,unmapped,TRUE
Aditya Birla Sun Life Liquid Fund,INF209K01VA3_Aditya Birla Sun Life Liquid Fund.xlsx,INE422H14479,DSP Finance Pvt. Ltd. (04/09/2026) **,4000,19988.74,0.286247916,CASH,unmapped,TRUE
Aditya Birla Sun Life Liquid Fund,INF209K01VA3_Aditya Birla Sun Life Liquid Fund.xlsx,INE02KN14713,Godrej Finance Ltd. (09/09/2026) **,4000,19970.26,0.285983274,CASH,unmapped,TRUE
Aditya Birla Sun Life Liquid Fund,INF209K01VA3_Aditya Birla Sun Life Liquid Fund.xlsx,INE0DZE14404,Kisetsu Saison Finance (India) Pvt Ltd. (09/09/2026) **,4000,19969.78,0.2859764,CASH,unmapped,TRUE
Aditya Birla Sun Life Liquid Fund,INF209K01VA3_Aditya Birla Sun Life Liquid Fund.xlsx,INE211H14AV9,Sharekhan Ltd. (15/09/2026) **,4000,19945.74,0.285632136,CASH,unmapped,TRUE
Aditya Birla Sun Life Liquid Fund,INF209K01VA3_Aditya Birla Sun Life Liquid Fund.xlsx,INE824H14UP9,Julius Baer Capital (India) Pvt. Ltd. (16/09/2026) **,4000,19944.2,0.285610083,CASH,unmapped,TRUE
Aditya Birla Sun Life Liquid Fund,INF209K01VA3_Aditya Birla Sun Life Liquid Fund.xlsx,INE211H14AW7,Sharekhan Ltd. (22/09/2026) **,4000,19918.44,0.285241188,CASH,unmapped,TRUE
Aditya Birla Sun Life Liquid Fund,INF209K01VA3_Aditya Birla Sun Life Liquid Fund.xlsx,INE725H14EG1,Tata Projects Ltd. (09/10/2026) **,4000,19865.46,0.28448249,CASH,unmapped,TRUE
Aditya Birla Sun Life Liquid Fund,INF209K01VA3_Aditya Birla Sun Life Liquid Fund.xlsx,INE732I14DS2,Angel One Ltd. (04/11/2026) **,4000,19725.38,0.28247648,CASH,unmapped,TRUE
Aditya Birla Sun Life Liquid Fund,INF209K01VA3_Aditya Birla Sun Life Liquid Fund.xlsx,INE01C314GL9,Bajaj Financial Securities Ltd. (12/11/2026) **,4000,19723.38,0.282447839,CASH,unmapped,TRUE
Aditya Birla Sun Life Liquid Fund,INF209K01VA3_Aditya Birla Sun Life Liquid Fund.xlsx,INE01C314GT2,Bajaj Financial Securities Ltd. (13/11/2026) **,4000,19719.6,0.282393708,CASH,unmapped,TRUE
Aditya Birla Sun Life Liquid Fund,INF209K01VA3_Aditya Birla Sun Life Liquid Fund.xlsx,INE422H14594,DSP Finance Pvt. Ltd. (12/11/2026) **,4000,19711.1,0.282271984,CASH,unmapped,TRUE
Aditya Birla Sun Life Liquid Fund,INF209K01VA3_Aditya Birla Sun Life Liquid Fund.xlsx,INE211H14BB9,Sharekhan Ltd. (27/11/2026) **,4000,19638.4,0.281230887,CASH,unmapped,TRUE
Aditya Birla Sun Life Liquid Fund,INF209K01VA3_Aditya Birla Sun Life Liquid Fund.xlsx,INE763G14K04,ICICI Securities Ltd. (04/09/2026) **,3500,17490.76,0.250475698,CASH,unmapped,TRUE
Aditya Birla Sun Life Liquid Fund,INF209K01VA3_Aditya Birla Sun Life Liquid Fund.xlsx,INE535H14JR0,SMFG India Credit Company Ltd. (25/09/2026) **,3360,16726.87,0.239536437,CASH,unmapped,TRUE
Aditya Birla Sun Life Liquid Fund,INF209K01VA3_Aditya Birla Sun Life Liquid Fund.xlsx,INE582L14JU8,Tata Housing Development Co. Ltd. (11/11/2026) **,3300,16276.79,0.233091063,CASH,unmapped,TRUE
Aditya Birla Sun Life Liquid Fund,INF209K01VA3_Aditya Birla Sun Life Liquid Fund.xlsx,INE530B14HU2,IIFL Finance Ltd. (08/09/2026) **,3000,14976.84,0.214475211,CASH,unmapped,TRUE
Aditya Birla Sun Life Liquid Fund,INF209K01VA3_Aditya Birla Sun Life Liquid Fund.xlsx,INE725H14DK5,Tata Projects Ltd. (11/09/2026) **,3000,14973.9,0.214433109,CASH,unmapped,TRUE
Aditya Birla Sun Life Liquid Fund,INF209K01VA3_Aditya Birla Sun Life Liquid Fund.xlsx,INE484J14D32,Godrej Properties Ltd. (15/09/2026) **,3000,14963.22,0.214280167,CASH,unmapped,TRUE
Aditya Birla Sun Life Liquid Fund,INF209K01VA3_Aditya Birla Sun Life Liquid Fund.xlsx,INE879F14NF3,Infina Finance Pvt. Ltd. (17/09/2026) **,3000,14955.26,0.214166104,CASH,unmapped,TRUE
Aditya Birla Sun Life Liquid Fund,INF209K01VA3_Aditya Birla Sun Life Liquid Fund.xlsx,INE891D14C44,Redington Ltd. (24/09/2026) **,3000,14939.01,0.213933469,CASH,unmapped,TRUE
Aditya Birla Sun Life Liquid Fund,INF209K01VA3_Aditya Birla Sun Life Liquid Fund.xlsx,INE522D14PW4,Manappuram Finance Ltd. (30/10/2026) **,3000,14823.53,0.21227967,CASH,unmapped,TRUE
Aditya Birla Sun Life Liquid Fund,INF209K01VA3_Aditya Birla Sun Life Liquid Fund.xlsx,INE007N14FO3,Fedbank Financial Services Ltd. (17/11/2026) **,3000,14771.28,0.211531498,CASH,unmapped,TRUE
Aditya Birla Sun Life Liquid Fund,INF209K01VA3_Aditya Birla Sun Life Liquid Fund.xlsx,INE289B14KH6,GIC Housing Finance Ltd. (27/11/2026) **,3000,14762.49,0.211405621,CASH,unmapped,TRUE
Aditya Birla Sun Life Liquid Fund,INF209K01VA3_Aditya Birla Sun Life Liquid Fund.xlsx,INE582L14JV6,Tata Housing Development Co. Ltd. (16/11/2026) **,2800,13797.46,0.197585978,CASH,unmapped,TRUE
Aditya Birla Sun Life Liquid Fund,INF209K01VA3_Aditya Birla Sun Life Liquid Fund.xlsx,INE582L14JS2,Tata Housing Development Co. Ltd. (16/09/2026) **,2500,12467.38,0.178538523,CASH,unmapped,TRUE
Aditya Birla Sun Life Liquid Fund,INF209K01VA3_Aditya Birla Sun Life Liquid Fund.xlsx,INE763G14K79,ICICI Securities Ltd. (16/09/2026) **,2500,12465.63,0.178513462,CASH,unmapped,TRUE
Aditya Birla Sun Life Liquid Fund,INF209K01VA3_Aditya Birla Sun Life Liquid Fund.xlsx,INE422H14388,DSP Finance Pvt. Ltd. (18/09/2026) **,2100,10465.47,0.149870261,CASH,unmapped,TRUE
Aditya Birla Sun Life Liquid Fund,INF209K01VA3_Aditya Birla Sun Life Liquid Fund.xlsx,INE514E14TL4,Export-Import Bank of India (03/09/2026),2000,9996.66,0.143156752,CASH,unmapped,TRUE
Aditya Birla Sun Life Liquid Fund,INF209K01VA3_Aditya Birla Sun Life Liquid Fund.xlsx,INE211H14AT3,Sharekhan Ltd. (03/09/2026) **,2000,9996.23,0.143150594,CASH,unmapped,TRUE
Aditya Birla Sun Life Liquid Fund,INF209K01VA3_Aditya Birla Sun Life Liquid Fund.xlsx,INE824H14UM6,Julius Baer Capital (India) Pvt. Ltd. (04/09/2026) **,2000,9994.59,0.143127109,CASH,unmapped,TRUE
Aditya Birla Sun Life Liquid Fund,INF209K01VA3_Aditya Birla Sun Life Liquid Fund.xlsx,INE0T2V14111,Mirae Asset Capital Markets (I) Pvt. Ltd. (04/09/2026) **,2000,9994.51,0.143125963,CASH,unmapped,TRUE
Aditya Birla Sun Life Liquid Fund,INF209K01VA3_Aditya Birla Sun Life Liquid Fund.xlsx,INE0JRU14487,Mirae Asset Financial Service (04/09/2026) **,2000,9994.1,0.143120091,CASH,unmapped,TRUE
Aditya Birla Sun Life Liquid Fund,INF209K01VA3_Aditya Birla Sun Life Liquid Fund.xlsx,INE732I14CL9,Angel One Ltd. (07/09/2026) **,2000,9987.94,0.143031877,CASH,unmapped,TRUE
Aditya Birla Sun Life Liquid Fund,INF209K01VA3_Aditya Birla Sun Life Liquid Fund.xlsx,INE522D14PO1,Manappuram Finance Ltd. (08/09/2026) **,2000,9986.62,0.143012974,CASH,unmapped,TRUE
Aditya Birla Sun Life Liquid Fund,INF209K01VA3_Aditya Birla Sun Life Liquid Fund.xlsx,INE261F14PS2,National Bank for Agriculture and Rural Development (10/09/2026) **,2000,9984.76,0.142986338,CASH,unmapped,TRUE
Aditya Birla Sun Life Liquid Fund,INF209K01VA3_Aditya Birla Sun Life Liquid Fund.xlsx,INE522D14PP8,Manappuram Finance Ltd. (09/09/2026) **,2000,9984.71,0.142985622,CASH,unmapped,TRUE
Aditya Birla Sun Life Liquid Fund,INF209K01VA3_Aditya Birla Sun Life Liquid Fund.xlsx,INE212K14EJ8,SBICAP Securities Ltd. (11/09/2026) **,2000,9981.76,0.142943377,CASH,unmapped,TRUE
Aditya Birla Sun Life Liquid Fund,INF209K01VA3_Aditya Birla Sun Life Liquid Fund.xlsx,INE879F14LN1,Infina Finance Pvt. Ltd. (11/09/2026) **,2000,9981.47,0.142939224,CASH,unmapped,TRUE
Aditya Birla Sun Life Liquid Fund,INF209K01VA3_Aditya Birla Sun Life Liquid Fund.xlsx,INE212K14EI0,SBICAP Securities Ltd. (15/09/2026) **,2000,9974.39,0.142837835,CASH,unmapped,TRUE
Aditya Birla Sun Life Liquid Fund,INF209K01VA3_Aditya Birla Sun Life Liquid Fund.xlsx,INE522D14OT3,Manappuram Finance Ltd. (16/09/2026) **,2000,9971.17,0.142791723,CASH,unmapped,TRUE
Aditya Birla Sun Life Liquid Fund,INF209K01VA3_Aditya Birla Sun Life Liquid Fund.xlsx,INE121A14YU7,Cholamandalam Investment & Finance Co. Ltd. (18/09/2026) **,2000,9968.66,0.142755779,CASH,unmapped,TRUE
Aditya Birla Sun Life Liquid Fund,INF209K01VA3_Aditya Birla Sun Life Liquid Fund.xlsx,INE523L14BR5,Nuvama Wealth & Investment Ltd. (18/09/2026) **,2000,9966.47,0.142724417,CASH,unmapped,TRUE
Aditya Birla Sun Life Liquid Fund,INF209K01VA3_Aditya Birla Sun Life Liquid Fund.xlsx,INE891D14C51,Redington Ltd. (23/09/2026) **,2000,9961.1,0.142647516,CASH,unmapped,TRUE
Aditya Birla Sun Life Liquid Fund,INF209K01VA3_Aditya Birla Sun Life Liquid Fund.xlsx,INE484J14E15,Godrej Properties Ltd. (24/09/2026) **,2000,9959.43,0.142623601,CASH,unmapped,TRUE
Aditya Birla Sun Life Liquid Fund,INF209K01VA3_Aditya Birla Sun Life Liquid Fund.xlsx,INE0JRU14503,Mirae Asset Financial Service (23/09/2026) **,2000,9955.54,0.142567895,CASH,unmapped,TRUE
Aditya Birla Sun Life Liquid Fund,INF209K01VA3_Aditya Birla Sun Life Liquid Fund.xlsx,INE414G14UZ0,Muthoot Finance Ltd. (23/11/2026) **,2000,9836.93,0.140869345,CASH,unmapped,TRUE
Aditya Birla Sun Life Liquid Fund,INF209K01VA3_Aditya Birla Sun Life Liquid Fund.xlsx,INE212K14EV3,SBICAP Securities Ltd. (27/11/2026) **,2000,9833.12,0.140814784,CASH,unmapped,TRUE
Aditya Birla Sun Life Liquid Fund,INF209K01VA3_Aditya Birla Sun Life Liquid Fund.xlsx,INE790I14HW3,HSBC Investdirect Financial Services India Ltd. (03/09/2026) **,1500,7497.33,0.107365201,CASH,unmapped,TRUE
Aditya Birla Sun Life Liquid Fund,INF209K01VA3_Aditya Birla Sun Life Liquid Fund.xlsx,INE916D145Y5,Kotak Mahindra Prime Ltd. (07/09/2026) **,1500,7491.92,0.107287763,CASH,unmapped,TRUE
Aditya Birla Sun Life Liquid Fund,INF209K01VA3_Aditya Birla Sun Life Liquid Fund.xlsx,INE289B14KC7,GIC Housing Finance Ltd. (10/09/2026) **,1500,7487.95,0.107230839,CASH,unmapped,TRUE
Aditya Birla Sun Life Liquid Fund,INF209K01VA3_Aditya Birla Sun Life Liquid Fund.xlsx,INE414G14UU1,Muthoot Finance Ltd. (11/09/2026) **,1500,7485.95,0.10720227,CASH,unmapped,TRUE
Aditya Birla Sun Life Liquid Fund,INF209K01VA3_Aditya Birla Sun Life Liquid Fund.xlsx,INE233A148Y8,Godrej Industries Ltd. (15/09/2026) **,1500,7481.96,0.107145131,CASH,unmapped,TRUE
Aditya Birla Sun Life Liquid Fund,INF209K01VA3_Aditya Birla Sun Life Liquid Fund.xlsx,INE233A148Z5,Godrej Industries Ltd. (16/09/2026) **,1500,7480.51,0.107124295,CASH,unmapped,TRUE
Aditya Birla Sun Life Liquid Fund,INF209K01VA3_Aditya Birla Sun Life Liquid Fund.xlsx,INE233A149A6,Godrej Industries Ltd. (17/09/2026) **,1500,7479.22,0.107105822,CASH,unmapped,TRUE
Aditya Birla Sun Life Liquid Fund,INF209K01VA3_Aditya Birla Sun Life Liquid Fund.xlsx,INE233A149B4,Godrej Industries Ltd. (18/09/2026) **,1500,7477.92,0.107087241,CASH,unmapped,TRUE
Aditya Birla Sun Life Liquid Fund,INF209K01VA3_Aditya Birla Sun Life Liquid Fund.xlsx,INE094A14KG4,Hindustan Petroleum Corporation Ltd. (25/09/2026) **,1500,7469.63,0.106968453,CASH,unmapped,TRUE
Aditya Birla Sun Life Liquid Fund,INF209K01VA3_Aditya Birla Sun Life Liquid Fund.xlsx,INE523L14BN4,Nuvama Wealth & Investment Ltd. (09/09/2026) **,1400,6989.01,0.100085826,CASH,unmapped,TRUE
Aditya Birla Sun Life Liquid Fund,INF209K01VA3_Aditya Birla Sun Life Liquid Fund.xlsx,INE517B14AL3,Tata Teleservices (Maharastra) Ltd. (09/11/2026) **,1300,6415.38,0.091871224,CASH,unmapped,TRUE
Aditya Birla Sun Life Liquid Fund,INF209K01VA3_Aditya Birla Sun Life Liquid Fund.xlsx,INE414G14UT3,Muthoot Finance Ltd. (08/09/2026) **,1000,4993.44,0.071508349,CASH,unmapped,TRUE
Aditya Birla Sun Life Liquid Fund,INF209K01VA3_Aditya Birla Sun Life Liquid Fund.xlsx,INE261F14PR4,National Bank for Agriculture and Rural Development (09/09/2026),1000,4993.33,0.071506702,CASH,unmapped,TRUE
Aditya Birla Sun Life Liquid Fund,INF209K01VA3_Aditya Birla Sun Life Liquid Fund.xlsx,INE835F14179,IDBI Capital Markets & Securities Ltd. (08/09/2026) **,1000,4992.73,0.07149811,CASH,unmapped,TRUE
Aditya Birla Sun Life Liquid Fund,INF209K01VA3_Aditya Birla Sun Life Liquid Fund.xlsx,INE02KN14721,Godrej Finance Ltd. (11/09/2026) **,1000,4990.72,0.071469326,CASH,unmapped,TRUE
Aditya Birla Sun Life Liquid Fund,INF209K01VA3_Aditya Birla Sun Life Liquid Fund.xlsx,INE522D14OU1,Manappuram Finance Ltd. (15/09/2026) **,1000,4986.59,0.071410254,CASH,unmapped,TRUE
Aditya Birla Sun Life Liquid Fund,INF209K01VA3_Aditya Birla Sun Life Liquid Fund.xlsx,INE020B14706,REC Ltd. (21/09/2026) **,1000,4983.07,0.071359846,CASH,unmapped,TRUE
Aditya Birla Sun Life Liquid Fund,INF209K01VA3_Aditya Birla Sun Life Liquid Fund.xlsx,INE556F14MO1,Small Industries Development Bank of India (28/10/2026) **,1000,4951.02,0.070900875,CASH,unmapped,TRUE
Aditya Birla Sun Life Liquid Fund,INF209K01VA3_Aditya Birla Sun Life Liquid Fund.xlsx,INE835F14195,IDBI Capital Markets & Securities Ltd. (06/11/2026) **,1000,4927.74,0.070567423,CASH,unmapped,TRUE
Aditya Birla Sun Life Liquid Fund,INF209K01VA3_Aditya Birla Sun Life Liquid Fund.xlsx,INE0JRU14545,Mirae Asset Financial Service (03/12/2026) **,1000,4907.02,0.070270775,CASH,unmapped,TRUE
Aditya Birla Sun Life Liquid Fund,INF209K01VA3_Aditya Birla Sun Life Liquid Fund.xlsx,INE261F14PN3,National Bank for Agriculture and Rural Development (03/09/2026) **,500,2499.16,0.035789152,CASH,unmapped,TRUE
Aditya Birla Sun Life Liquid Fund,INF209K01VA3_Aditya Birla Sun Life Liquid Fund.xlsx,INE556F14MK9,Small Industries Development Bank of India (11/09/2026) **,500,2495.76,0.035740427,CASH,unmapped,TRUE
Aditya Birla Sun Life Liquid Fund,INF209K01VA3_Aditya Birla Sun Life Liquid Fund.xlsx,INE835F14187,IDBI Capital Markets & Securities Ltd. (11/09/2026) **,500,2494.81,0.035726787,CASH,unmapped,TRUE
Aditya Birla Sun Life Liquid Fund,INF209K01VA3_Aditya Birla Sun Life Liquid Fund.xlsx,INE296A14D13,Bajaj Finance Ltd. (04/11/2026) **,500,2469.73,0.035367665,CASH,unmapped,TRUE
Aditya Birla Sun Life Liquid Fund,INF209K01VA3_Aditya Birla Sun Life Liquid Fund.xlsx,INE692A16MR3,Union Bank of India (01/10/2026) **#,39000,193999.46,2.77816109,CASH,unmapped,TRUE
Aditya Birla Sun Life Liquid Fund,INF209K01VA3_Aditya Birla Sun Life Liquid Fund.xlsx,INE040A16HN4,HDFC Bank Ltd. (11/09/2026) **#,31000,154741.46,2.215968613,CASH,unmapped,TRUE
Aditya Birla Sun Life Liquid Fund,INF209K01VA3_Aditya Birla Sun Life Liquid Fund.xlsx,INE491A16169,City Union Bank Ltd. (10/09/2026) **#,24000,119803.56,1.715641876,CASH,unmapped,TRUE
Aditya Birla Sun Life Liquid Fund,INF209K01VA3_Aditya Birla Sun Life Liquid Fund.xlsx,INE040A16HU9,HDFC Bank Ltd. (06/11/2026) **#,23000,113676.47,1.627899068,CASH,unmapped,TRUE
Aditya Birla Sun Life Liquid Fund,INF209K01VA3_Aditya Birla Sun Life Liquid Fund.xlsx,INE238AD6BO6,Axis Bank Ltd. (26/11/2026) **#,18000,88663.05,1.269695503,CASH,unmapped,TRUE
Aditya Birla Sun Life Liquid Fund,INF209K01VA3_Aditya Birla Sun Life Liquid Fund.xlsx,INE090AD6378,ICICI Bank Ltd. (15/09/2026) **#,15000,74825.48,1.071535089,CASH,unmapped,TRUE
Aditya Birla Sun Life Liquid Fund,INF209K01VA3_Aditya Birla Sun Life Liquid Fund.xlsx,INE608A16TM5,Punjab & Sind Bank (17/11/2026) **#,15000,73989.38,1.059561753,CASH,unmapped,TRUE
Aditya Birla Sun Life Liquid Fund,INF209K01VA3_Aditya Birla Sun Life Liquid Fund.xlsx,INE528G16Y10,Yes Bank Ltd. (18/11/2026) **#,15000,73961.63,1.059164361,CASH,unmapped,TRUE
Aditya Birla Sun Life Liquid Fund,INF209K01VA3_Aditya Birla Sun Life Liquid Fund.xlsx,INE692A16MO0,Union Bank of India (23/09/2026) **#,14500,72234.43,1.034430173,CASH,unmapped,TRUE
Aditya Birla Sun Life Liquid Fund,INF209K01VA3_Aditya Birla Sun Life Liquid Fund.xlsx,INE692A16MM4,Union Bank of India (21/09/2026) **#,13000,64784.4,0.927742222,CASH,unmapped,TRUE
Aditya Birla Sun Life Liquid Fund,INF209K01VA3_Aditya Birla Sun Life Liquid Fund.xlsx,INE01GA16293,DBS Bank Ltd. (07/09/2026) **#,12000,59940.12,0.858369984,CASH,unmapped,TRUE
Aditya Birla Sun Life Liquid Fund,INF209K01VA3_Aditya Birla Sun Life Liquid Fund.xlsx,INE040A16HL8,HDFC Bank Ltd. (10/09/2026) #,12000,59909.88,0.857936934,CASH,unmapped,TRUE
Aditya Birla Sun Life Liquid Fund,INF209K01VA3_Aditya Birla Sun Life Liquid Fund.xlsx,INE476A16I18,Canara Bank (15/09/2026) **#,11500,57367.23,0.821525056,CASH,unmapped,TRUE
Aditya Birla Sun Life Liquid Fund,INF209K01VA3_Aditya Birla Sun Life Liquid Fund.xlsx,INE040A16HR5,HDFC Bank Ltd. (21/09/2026) **#,11500,57306.11,0.820649754,CASH,unmapped,TRUE
Aditya Birla Sun Life Liquid Fund,INF209K01VA3_Aditya Birla Sun Life Liquid Fund.xlsx,INE692A16MS1,Union Bank of India (12/10/2026) **#,11000,54615.06,0.782112613,CASH,unmapped,TRUE
Aditya Birla Sun Life Liquid Fund,INF209K01VA3_Aditya Birla Sun Life Liquid Fund.xlsx,INE040A16JO8,HDFC Bank Ltd. (07/09/2026) **#,10000,49950.55,0.715314764,CASH,unmapped,TRUE
Aditya Birla Sun Life Liquid Fund,INF209K01VA3_Aditya Birla Sun Life Liquid Fund.xlsx,INE503A16IA6,DCB Bank Ltd. (15/09/2026) **#,10000,49879.4,0.714295864,CASH,unmapped,TRUE
Aditya Birla Sun Life Liquid Fund,INF209K01VA3_Aditya Birla Sun Life Liquid Fund.xlsx,INE238AD6CQ9,Axis Bank Ltd. (16/09/2026) **#,10000,49873.95,0.714217817,CASH,unmapped,TRUE
Aditya Birla Sun Life Liquid Fund,INF209K01VA3_Aditya Birla Sun Life Liquid Fund.xlsx,INE040A16JQ3,HDFC Bank Ltd. (16/09/2026) **#,10000,49873.45,0.714210657,CASH,unmapped,TRUE
Aditya Birla Sun Life Liquid Fund,INF209K01VA3_Aditya Birla Sun Life Liquid Fund.xlsx,INE160A16VK7,Punjab National Bank (18/09/2026) **#,10000,49858.6,0.713997998,CASH,unmapped,TRUE
Aditya Birla Sun Life Liquid Fund,INF209K01VA3_Aditya Birla Sun Life Liquid Fund.xlsx,INE036D16KO8,Karur Vysya Bank Ltd. (17/11/2026) **#,10000,49321.65,0.706308628,CASH,unmapped,TRUE
Aditya Birla Sun Life Liquid Fund,INF209K01VA3_Aditya Birla Sun Life Liquid Fund.xlsx,INE528G16Y02,Yes Bank Ltd. (17/11/2026) **#,10000,49316.5,0.706234878,CASH,unmapped,TRUE
Aditya Birla Sun Life Liquid Fund,INF209K01VA3_Aditya Birla Sun Life Liquid Fund.xlsx,INE483A16LD9,Central Bank of India (27/11/2026) **#,10000,49236,0.705082081,CASH,unmapped,TRUE
Aditya Birla Sun Life Liquid Fund,INF209K01VA3_Aditya Birla Sun Life Liquid Fund.xlsx,INE562A16RG0,Indian Bank (01/10/2026) **#,9000,44770.95,0.641140519,CASH,unmapped,TRUE
Aditya Birla Sun Life Liquid Fund,INF209K01VA3_Aditya Birla Sun Life Liquid Fund.xlsx,INE095A167E7,IndusInd Bank Ltd. (01/09/2026) **#,8000,40000,0.572818329,CASH,unmapped,TRUE
Aditya Birla Sun Life Liquid Fund,INF209K01VA3_Aditya Birla Sun Life Liquid Fund.xlsx,INE168A16NK7,The Jammu & Kashmir Bank Ltd. (03/09/2026) **#,8000,39986.04,0.572618415,CASH,unmapped,TRUE
Aditya Birla Sun Life Liquid Fund,INF209K01VA3_Aditya Birla Sun Life Liquid Fund.xlsx,INE168A16NL5,The Jammu & Kashmir Bank Ltd. (08/09/2026) **#,8000,39950.6,0.572110898,CASH,unmapped,TRUE
Aditya Birla Sun Life Liquid Fund,INF209K01VA3_Aditya Birla Sun Life Liquid Fund.xlsx,INE608A16TK9,Punjab & Sind Bank (15/09/2026) **#,8000,39906.56,0.571480225,CASH,unmapped,TRUE
Aditya Birla Sun Life Liquid Fund,INF209K01VA3_Aditya Birla Sun Life Liquid Fund.xlsx,INE608A16TL7,Punjab & Sind Bank (16/09/2026) **#,8000,39899.24,0.571375399,CASH,unmapped,TRUE
Aditya Birla Sun Life Liquid Fund,INF209K01VA3_Aditya Birla Sun Life Liquid Fund.xlsx,INE503A16ID0,DCB Bank Ltd. (30/11/2026) **#,8000,39338.96,0.563351933,CASH,unmapped,TRUE
Aditya Birla Sun Life Liquid Fund,INF209K01VA3_Aditya Birla Sun Life Liquid Fund.xlsx,INE238AD6BQ1,Axis Bank Ltd. (11/09/2026) **#,6500,32446.02,0.464641838,CASH,unmapped,TRUE
Aditya Birla Sun Life Liquid Fund,INF209K01VA3_Aditya Birla Sun Life Liquid Fund.xlsx,INE483A16KT7,Central Bank of India (08/09/2026) **#,6000,29965.11,0.429114106,CASH,unmapped,TRUE
Aditya Birla Sun Life Liquid Fund,INF209K01VA3_Aditya Birla Sun Life Liquid Fund.xlsx,INE483A16KX9,Central Bank of India (25/09/2026) **#,6000,29878.68,0.427876389,CASH,unmapped,TRUE
Aditya Birla Sun Life Liquid Fund,INF209K01VA3_Aditya Birla Sun Life Liquid Fund.xlsx,INE691A16ML8,UCO Bank (04/11/2026) **#,6000,29661.69,0.424768992,CASH,unmapped,TRUE
Aditya Birla Sun Life Liquid Fund,INF209K01VA3_Aditya Birla Sun Life Liquid Fund.xlsx,INE261F16AC3,National Bank for Agriculture and Rural Development (10/11/2026) **#,6000,29635.41,0.424392651,CASH,unmapped,TRUE
Aditya Birla Sun Life Liquid Fund,INF209K01VA3_Aditya Birla Sun Life Liquid Fund.xlsx,INE476A16J82,Canara Bank (09/09/2026) **#,5000,24967.2,0.357541744,CASH,unmapped,TRUE
Aditya Birla Sun Life Liquid Fund,INF209K01VA3_Aditya Birla Sun Life Liquid Fund.xlsx,INE491A16177,City Union Bank Ltd. (11/09/2026) **#,5000,24954.55,0.357360591,CASH,unmapped,TRUE
Aditya Birla Sun Life Liquid Fund,INF209K01VA3_Aditya Birla Sun Life Liquid Fund.xlsx,INE036D16JD3,Karur Vysya Bank Ltd. (18/09/2026) **#,5000,24927.55,0.356973938,CASH,unmapped,TRUE
Aditya Birla Sun Life Liquid Fund,INF209K01VA3_Aditya Birla Sun Life Liquid Fund.xlsx,INE692A16MN2,Union Bank of India (22/09/2026) **#,5000,24912.93,0.356764502,CASH,unmapped,TRUE
Aditya Birla Sun Life Liquid Fund,INF209K01VA3_Aditya Birla Sun Life Liquid Fund.xlsx,INE040A16JS9,HDFC Bank Ltd. (01/10/2026) #,5000,24871.23,0.356167338,CASH,unmapped,TRUE
Aditya Birla Sun Life Liquid Fund,INF209K01VA3_Aditya Birla Sun Life Liquid Fund.xlsx,INE171A16OA0,The Federal Bank Ltd. (15/10/2026) **#,5000,24807.43,0.355253693,CASH,unmapped,TRUE
Aditya Birla Sun Life Liquid Fund,INF209K01VA3_Aditya Birla Sun Life Liquid Fund.xlsx,INE160A16UT0,Punjab National Bank (15/09/2026) #,4500,22447.67,0.321460849,CASH,unmapped,TRUE
Aditya Birla Sun Life Liquid Fund,INF209K01VA3_Aditya Birla Sun Life Liquid Fund.xlsx,INE503A16HZ5,DCB Bank Ltd. (02/09/2026) **#,4000,19996.62,0.286360761,CASH,unmapped,TRUE
Aditya Birla Sun Life Liquid Fund,INF209K01VA3_Aditya Birla Sun Life Liquid Fund.xlsx,INE036D16KD1,Karur Vysya Bank Ltd. (15/09/2026) **#,4000,19952.52,0.285729229,CASH,unmapped,TRUE
Aditya Birla Sun Life Liquid Fund,INF209K01VA3_Aditya Birla Sun Life Liquid Fund.xlsx,INE503A16IE8,DCB Bank Ltd. (02/12/2026) **#,4000,19665.14,0.281613816,CASH,unmapped,TRUE
Aditya Birla Sun Life Liquid Fund,INF209K01VA3_Aditya Birla Sun Life Liquid Fund.xlsx,INE556F16BQ4,Small Industries Development Bank of India (06/11/2026) **#,3800,18781.14,0.268954516,CASH,unmapped,TRUE
Aditya Birla Sun Life Liquid Fund,INF209K01VA3_Aditya Birla Sun Life Liquid Fund.xlsx,INE028A16KH5,Bank of Baroda (05/11/2026) **#,3500,17303.41,0.247792688,CASH,unmapped,TRUE
Aditya Birla Sun Life Liquid Fund,INF209K01VA3_Aditya Birla Sun Life Liquid Fund.xlsx,INE949L16DZ6,AU Small Finance Bank Ltd. (06/11/2026) **#,3500,17291.93,0.24762829,CASH,unmapped,TRUE
Aditya Birla Sun Life Liquid Fund,INF209K01VA3_Aditya Birla Sun Life Liquid Fund.xlsx,INE028A16KK9,Bank of Baroda (25/11/2026) #,3000,14780.4,0.211662101,CASH,unmapped,TRUE
Aditya Birla Sun Life Liquid Fund,INF209K01VA3_Aditya Birla Sun Life Liquid Fund.xlsx,INE562A16PT7,Indian Bank (06/11/2026) **#,2500,12357.34,0.176962735,CASH,unmapped,TRUE
Aditya Birla Sun Life Liquid Fund,INF209K01VA3_Aditya Birla Sun Life Liquid Fund.xlsx,INE028A16MP4,Bank of Baroda (07/09/2026) #,2000,9990.2,0.143064242,CASH,unmapped,TRUE
Aditya Birla Sun Life Liquid Fund,INF209K01VA3_Aditya Birla Sun Life Liquid Fund.xlsx,INE556F16BN1,Small Industries Development Bank of India (27/10/2026) **#,2000,9903.9,0.141828386,CASH,unmapped,TRUE
Aditya Birla Sun Life Liquid Fund,INF209K01VA3_Aditya Birla Sun Life Liquid Fund.xlsx,INE238AD6BP3,Axis Bank Ltd. (27/11/2026) #,2000,9849.74,0.14105279,CASH,unmapped,TRUE
Aditya Birla Sun Life Liquid Fund,INF209K01VA3_Aditya Birla Sun Life Liquid Fund.xlsx,INE040A16JP5,HDFC Bank Ltd. (09/09/2026) **#,1000,4993.33,0.071506702,CASH,unmapped,TRUE
Aditya Birla Sun Life Liquid Fund,INF209K01VA3_Aditya Birla Sun Life Liquid Fund.xlsx,INE556F16BR2,Small Industries Development Bank of India (10/11/2026) **#,1000,4938.96,0.070728099,CASH,unmapped,TRUE
Aditya Birla Sun Life Liquid Fund,INF209K01VA3_Aditya Birla Sun Life Liquid Fund.xlsx,INE040A16HY1,HDFC Bank Ltd. (19/11/2026) **#,1000,4931.28,0.070618118,CASH,unmapped,TRUE
Aditya Birla Sun Life Liquid Fund,INF209K01VA3_Aditya Birla Sun Life Liquid Fund.xlsx,INE949L16EB5,AU Small Finance Bank Ltd. (25/11/2026) **#,1000,4923.69,0.070509497,CASH,unmapped,TRUE
Aditya Birla Sun Life Liquid Fund,INF209K01VA3_Aditya Birla Sun Life Liquid Fund.xlsx,INE692A16MJ0,Union Bank of India (04/09/2026) **#,500,2498.78,0.035783639,CASH,unmapped,TRUE
Aditya Birla Sun Life Liquid Fund,INF209K01VA3_Aditya Birla Sun Life Liquid Fund.xlsx,IN002026X180,91 DAY T-BILL 05.11.26,230000000,227871.35,3.263222147,CASH,not_in_mapping_files,FALSE
Aditya Birla Sun Life Liquid Fund,INF209K01VA3_Aditya Birla Sun Life Liquid Fund.xlsx,IN002025Y495,182 DAY T-BILL 10.09.26,125000000,124840.63,1.787774954,CASH,not_in_mapping_files,FALSE
Aditya Birla Sun Life Liquid Fund,INF209K01VA3_Aditya Birla Sun Life Liquid Fund.xlsx,IN002026X198,91 DAY T-BILL 12.11.26,117500000,116296.57,1.6654201,CASH,not_in_mapping_files,FALSE
Aditya Birla Sun Life Liquid Fund,INF209K01VA3_Aditya Birla Sun Life Liquid Fund.xlsx,IN002025Z286,364 DAY T-BILL 08.10.26,100000000,99483.7,1.424652169,CASH,not_in_mapping_files,FALSE
Aditya Birla Sun Life Liquid Fund,INF209K01VA3_Aditya Birla Sun Life Liquid Fund.xlsx,IN002026X206,91 DAY T-BILL 19.11.26,80000000,79099.44,1.132740226,CASH,not_in_mapping_files,FALSE
Aditya Birla Sun Life Liquid Fund,INF209K01VA3_Aditya Birla Sun Life Liquid Fund.xlsx,IN002026X149,91 DAY T-BILL 08.10.26,76000000,75607.61,1.082735649,CASH,not_in_mapping_files,FALSE
Aditya Birla Sun Life Liquid Fund,INF209K01VA3_Aditya Birla Sun Life Liquid Fund.xlsx,IN002026Y014,182 DAY T-BILL 08.10.26,71500000,71130.85,1.018626301,CASH,not_in_mapping_files,FALSE
Aditya Birla Sun Life Liquid Fund,INF209K01VA3_Aditya Birla Sun Life Liquid Fund.xlsx,IN002026X107,91 DAY T-BILL 10.09.26,50000000,49936.25,0.715109982,CASH,not_in_mapping_files,FALSE
Aditya Birla Sun Life Liquid Fund,INF209K01VA3_Aditya Birla Sun Life Liquid Fund.xlsx,IN002026X115,91 DAY T-BILL 17.09.26,50000000,49890.65,0.714456969,CASH,not_in_mapping_files,FALSE
Aditya Birla Sun Life Liquid Fund,INF209K01VA3_Aditya Birla Sun Life Liquid Fund.xlsx,IN002025Z336,364 DAY T-BILL 12.11.26,50000000,49487.9,0.708689404,CASH,not_in_mapping_files,FALSE
Aditya Birla Sun Life Liquid Fund,INF209K01VA3_Aditya Birla Sun Life Liquid Fund.xlsx,IN002026X099,91 DAY T-BILL 03.09.26,25000000,24992.88,0.357909422,CASH,not_in_mapping_files,FALSE
Aditya Birla Sun Life Liquid Fund,INF209K01VA3_Aditya Birla Sun Life Liquid Fund.xlsx,IN002026X214,91 DAY T-BILL 27.11.26,20000000,19751.92,0.282856545,CASH,not_in_mapping_files,FALSE
Aditya Birla Sun Life Liquid Fund,INF209K01VA3_Aditya Birla Sun Life Liquid Fund.xlsx,IN002026Y071,182 DAY T-BILL 19.11.26,13500000,13348.03,0.191149913,CASH,not_in_mapping_files,FALSE
Aditya Birla Sun Life Liquid Fund,INF209K01VA3_Aditya Birla Sun Life Liquid Fund.xlsx,IN002025Y487,182 DAY T-BILL 03.09.26,10000000,9997.16,0.143163912,CASH,not_in_mapping_files,FALSE
Aditya Birla Sun Life Liquid Fund,INF209K01VA3_Aditya Birla Sun Life Liquid Fund.xlsx,IN002026Y055,182 DAY T-BILL 05.11.26,9500000,9412.08,0.134785263,CASH,not_in_mapping_files,FALSE
Aditya Birla Sun Life Liquid Fund,INF209K01VA3_Aditya Birla Sun Life Liquid Fund.xlsx,INF0RQ622028,Corporate Debt Mkt Devp. Fund-A2,145168.6838,17377.6,0.248855235,CASH,not_in_mapping_files,FALSE
UTI Nifty 50 Index Fund,INF789F01XA0_UTI Nifty 50 Index Fund.xlsx,INE040A01034,EQ - HDFC BANK LIMITED,40975419,,9.85,Portfolio,mapped,TRUE
UTI Nifty 50 Index Fund,INF789F01XA0_UTI Nifty 50 Index Fund.xlsx,INE090A01021,EQ - ICICI BANK LTD,19168725,,9.45,Portfolio,mapped,TRUE
UTI Nifty 50 Index Fund,INF789F01XA0_UTI Nifty 50 Index Fund.xlsx,INE002A01018,EQ - RELIANCE INDUSTRIES LTD.,18076860,,7.83,Portfolio,mapped,TRUE
UTI Nifty 50 Index Fund,INF789F01XA0_UTI Nifty 50 Index Fund.xlsx,INE397D01024,EQ - BHARTI AIRTEL LTD.,8136797,,5,Portfolio,mapped,TRUE
UTI Nifty 50 Index Fund,INF789F01XA0_UTI Nifty 50 Index Fund.xlsx,INE018A01030,EQ - LARSEN & TOUBRO LTD.,3131881,,4.3,Portfolio,mapped,TRUE
UTI Nifty 50 Index Fund,INF789F01XA0_UTI Nifty 50 Index Fund.xlsx,INE062A01020,EQ - STATE BANK OF INDIA,11060356,,3.98,Portfolio,mapped,TRUE
UTI Nifty 50 Index Fund,INF789F01XA0_UTI Nifty 50 Index Fund.xlsx,INE009A01021,EQ - INFOSYS LTD.,9385439,,3.61,Portfolio,mapped,TRUE
UTI Nifty 50 Index Fund,INF789F01XA0_UTI Nifty 50 Index Fund.xlsx,INE238A01034,EQ - AXIS BANK LTD.,7684715,,3.39,Portfolio,mapped,TRUE
UTI Nifty 50 Index Fund,INF789F01XA0_UTI Nifty 50 Index Fund.xlsx,INE237A01036,EQ - KOTAK MAHINDRA BANK LTD.,19700767,,2.8,Portfolio,mapped,TRUE
UTI Nifty 50 Index Fund,INF789F01XA0_UTI Nifty 50 Index Fund.xlsx,INE101A01026,EQ - MAHINDRA & MAHINDRA LTD.,2388915,,2.66,Portfolio,mapped,TRUE
UTI Nifty 50 Index Fund,INF789F01XA0_UTI Nifty 50 Index Fund.xlsx,INE296A01032,EQ - BAJAJ FINANCE LTD.,7171794,,2.57,Portfolio,mapped,TRUE
UTI Nifty 50 Index Fund,INF789F01XA0_UTI Nifty 50 Index Fund.xlsx,INE154A01025,EQ - ITC LTD.,25794011,,2.24,Portfolio,mapped,TRUE
UTI Nifty 50 Index Fund,INF789F01XA0_UTI Nifty 50 Index Fund.xlsx,INE467B01029,EQ - TATA CONSULTANCY SERVICES LTD.,2731953,,2.22,Portfolio,mapped,TRUE
UTI Nifty 50 Index Fund,INF789F01XA0_UTI Nifty 50 Index Fund.xlsx,INE758T01015,EQ - ETERNAL LIMITED,19344899,,2.15,Portfolio,mapped,TRUE
UTI Nifty 50 Index Fund,INF789F01XA0_UTI Nifty 50 Index Fund.xlsx,INE280A01028,EQ - TITAN COMPANY LTD.,1104754,,1.91,Portfolio,mapped,TRUE
UTI Nifty 50 Index Fund,INF789F01XA0_UTI Nifty 50 Index Fund.xlsx,INE044A01036,EQ - SUN PHARMACEUTICALS INDUSTRIES,2833365,,1.91,Portfolio,mapped,TRUE
UTI Nifty 50 Index Fund,INF789F01XA0_UTI Nifty 50 Index Fund.xlsx,INE585B01010,EQ - MARUTI SUZUKI INDIA LTD.,349075,,1.6,Portfolio,mapped,TRUE
UTI Nifty 50 Index Fund,INF789F01XA0_UTI Nifty 50 Index Fund.xlsx,INE030A01027,EQ - HINDUSTAN UNILEVER LTD,2373946,,1.58,Portfolio,mapped,TRUE
UTI Nifty 50 Index Fund,INF789F01XA0_UTI Nifty 50 Index Fund.xlsx,INE721A01047,EQ - SHRIRAM FINANCE LTD,3747436,,1.41,Portfolio,mapped,TRUE
UTI Nifty 50 Index Fund,INF789F01XA0_UTI Nifty 50 Index Fund.xlsx,INE733E01010,EQ - NTPC LTD.,12685630,,1.41,Portfolio,mapped,TRUE
UTI Nifty 50 Index Fund,INF789F01XA0_UTI Nifty 50 Index Fund.xlsx,INE081A01020,EQ - TATA STEEL LTD.,22118534,,1.38,Portfolio,mapped,TRUE
UTI Nifty 50 Index Fund,INF789F01XA0_UTI Nifty 50 Index Fund.xlsx,INE263A01024,EQ - BHARAT ELECTRONICS LTD.,9583981,,1.35,Portfolio,mapped,TRUE
UTI Nifty 50 Index Fund,INF789F01XA0_UTI Nifty 50 Index Fund.xlsx,INE038A01020,EQ - HINDALCO INDUSTRIES LTD.,3874317,,1.33,Portfolio,mapped,TRUE
UTI Nifty 50 Index Fund,INF789F01XA0_UTI Nifty 50 Index Fund.xlsx,INE860A01027,EQ - HCL TECHNOLOGIES LTD.,2821076,,1.26,Portfolio,mapped,TRUE
UTI Nifty 50 Index Fund,INF789F01XA0_UTI Nifty 50 Index Fund.xlsx,INE481G01011,EQ - ULTRATECH CEMENT LTD.,316648,,1.23,Portfolio,mapped,TRUE
UTI Nifty 50 Index Fund,INF789F01XA0_UTI Nifty 50 Index Fund.xlsx,INE917I01010,EQ - BAJAJ AUTO LTD.,296355,,1.22,Portfolio,mapped,TRUE
UTI Nifty 50 Index Fund,INF789F01XA0_UTI Nifty 50 Index Fund.xlsx,INE047A01021,EQ - GRASIM INDUSTRIES LTD.,1009611,,1.15,Portfolio,mapped,TRUE
UTI Nifty 50 Index Fund,INF789F01XA0_UTI Nifty 50 Index Fund.xlsx,INE019A01038,EQ - JSW STEEL LTD.,2509767,,1.11,Portfolio,mapped,TRUE
UTI Nifty 50 Index Fund,INF789F01XA0_UTI Nifty 50 Index Fund.xlsx,INE021A01026,EQ - ASIAN PAINTS (INDIA) LTD.,1210077,,1.09,Portfolio,mapped,TRUE
UTI Nifty 50 Index Fund,INF789F01XA0_UTI Nifty 50 Index Fund.xlsx,INE752E01010,EQ - POWER GRID CORPORATION OF INDI,12117595,,1.08,Portfolio,mapped,TRUE
UTI Nifty 50 Index Fund,INF789F01XA0_UTI Nifty 50 Index Fund.xlsx,INE646L01027,EQ - INTERGLOBE AVIATION LTD,605685,,1.08,Portfolio,mapped,TRUE
UTI Nifty 50 Index Fund,INF789F01XA0_UTI Nifty 50 Index Fund.xlsx,INE742F01042,EQ - ADANI PORTS AND SPECIAL ECONO,1974054,,1.07,Portfolio,mapped,TRUE
UTI Nifty 50 Index Fund,INF789F01XA0_UTI Nifty 50 Index Fund.xlsx,INE918I01026,EQ - BAJAJ FINSERV LTD.,1549089,,1.06,Portfolio,mapped,TRUE
UTI Nifty 50 Index Fund,INF789F01XA0_UTI Nifty 50 Index Fund.xlsx,INE066A01021,EQ - EICHER MOTORS LTD,368769,,0.99,Portfolio,mapped,TRUE
UTI Nifty 50 Index Fund,INF789F01XA0_UTI Nifty 50 Index Fund.xlsx,INE239A01024,EQ - NESTLE INDIA LTD.,1918591,,0.97,Portfolio,mapped,TRUE
UTI Nifty 50 Index Fund,INF789F01XA0_UTI Nifty 50 Index Fund.xlsx,INE669C01036,EQ - TECH MAHINDRA LTD.,1699380,,0.94,Portfolio,mapped,TRUE
UTI Nifty 50 Index Fund,INF789F01XA0_UTI Nifty 50 Index Fund.xlsx,INE522F01014,EQ - COAL INDIA LTD.,6409403,,0.87,Portfolio,mapped,TRUE
UTI Nifty 50 Index Fund,INF789F01XA0_UTI Nifty 50 Index Fund.xlsx,INE849A01020,EQ - TRENT LIMITED,890394,,0.87,Portfolio,mapped,TRUE
UTI Nifty 50 Index Fund,INF789F01XA0_UTI Nifty 50 Index Fund.xlsx,INE437A01024,EQ - APOLLO HOSPITALS ENTERPRISE LT,275369,,0.83,Portfolio,mapped,TRUE
UTI Nifty 50 Index Fund,INF789F01XA0_UTI Nifty 50 Index Fund.xlsx,INE213A01029,EQ - OIL & NATURAL GAS CORPORATION,10394209,,0.82,Portfolio,mapped,TRUE
UTI Nifty 50 Index Fund,INF789F01XA0_UTI Nifty 50 Index Fund.xlsx,INE423A01024,EQ - ADANI ENTERPRISES LTD.,772157,,0.75,Portfolio,mapped,TRUE
UTI Nifty 50 Index Fund,INF789F01XA0_UTI Nifty 50 Index Fund.xlsx,INE059A01026,EQ - CIPLA LTD.,1505640,,0.72,Portfolio,mapped,TRUE
UTI Nifty 50 Index Fund,INF789F01XA0_UTI Nifty 50 Index Fund.xlsx,INE758E01017,EQ - JIO FINANCIAL SERVICES LTD,8779611,,0.72,Portfolio,mapped,TRUE
UTI Nifty 50 Index Fund,INF789F01XA0_UTI Nifty 50 Index Fund.xlsx,INE123W01016,EQ - SBI LIFE INSURANCE COMPANY LTD,1202302,,0.71,Portfolio,mapped,TRUE
UTI Nifty 50 Index Fund,INF789F01XA0_UTI Nifty 50 Index Fund.xlsx,INE027H01010,EQ - MAX HEALTHCARE INSTITUTE LTD,1991442,,0.7,Portfolio,mapped,TRUE
UTI Nifty 50 Index Fund,INF789F01XA0_UTI Nifty 50 Index Fund.xlsx,INE089A01031,EQ - DR REDDYS LABORATORIES LTD.,1631129,,0.64,Portfolio,mapped,TRUE
UTI Nifty 50 Index Fund,INF789F01XA0_UTI Nifty 50 Index Fund.xlsx,INE192A01025,EQ - TATA CONSUMER PRODUCTS LTD,1742554,,0.61,Portfolio,mapped,TRUE
UTI Nifty 50 Index Fund,INF789F01XA0_UTI Nifty 50 Index Fund.xlsx,INE155A01022,EQ - TATA MOTORS PASSENGER VEHICLES LTD.,5592284,,0.59,Portfolio,mapped,TRUE
UTI Nifty 50 Index Fund,INF789F01XA0_UTI Nifty 50 Index Fund.xlsx,INE795G01014,EQ - HDFC LIFE INSURANCE COMPANY LI,2878518,,0.53,Portfolio,mapped,TRUE
UTI Nifty 50 Index Fund,INF789F01XA0_UTI Nifty 50 Index Fund.xlsx,INE075A01022,EQ - WIPRO LIMITED,7246694,,0.45,Portfolio,mapped,TRUE
UTI Nifty 50 Index Fund,INF789F01XA0_UTI Nifty 50 Index Fund.xlsx,IN002026Y030,182 DAYS T-BILL - 22/10/2026,50000000,,0.02,Portfolio,not_in_mapping_files,FALSE
Parag Parikh Flexi Cap Fund,INF879O01027_Parag Parikh Flexi Cap Fund.xlsx,INE040A01034,HDFC Bank Limited,158729224,1125390.2,7.63,PPFCF,mapped,TRUE
Parag Parikh Flexi Cap Fund,INF879O01027_Parag Parikh Flexi Cap Fund.xlsx,INE090A01021,ICICI Bank Limited,57517280,836301.25,5.67,PPFCF,mapped,TRUE
Parag Parikh Flexi Cap Fund,INF879O01027_Parag Parikh Flexi Cap Fund.xlsx,INE752E01010,Power Grid Corporation of India Limited,312022782,822336.04,5.58,PPFCF,mapped,TRUE
Parag Parikh Flexi Cap Fund,INF879O01027_Parag Parikh Flexi Cap Fund.xlsx,INE154A01025,ITC Limited,303340607,775035.25,5.26,PPFCF,mapped,TRUE
Parag Parikh Flexi Cap Fund,INF879O01027_Parag Parikh Flexi Cap Fund.xlsx,INE118A01012,Bajaj Holdings & Investment Limited,6502156,757111.04,5.14,PPFCF,mapped,TRUE
Parag Parikh Flexi Cap Fund,INF879O01027_Parag Parikh Flexi Cap Fund.xlsx,INE522F01014,Coal India Limited,184059455,739458.86,5.02,PPFCF,mapped,TRUE
Parag Parikh Flexi Cap Fund,INF879O01027_Parag Parikh Flexi Cap Fund.xlsx,INE237A01036,Kotak Mahindra Bank Limited,154614519,648453.29,4.4,PPFCF,mapped,TRUE
Parag Parikh Flexi Cap Fund,INF879O01027_Parag Parikh Flexi Cap Fund.xlsx,INE860A01027,HCL Technologies Limited,46663705,612321.14,4.15,PPFCF,mapped,TRUE
Parag Parikh Flexi Cap Fund,INF879O01027_Parag Parikh Flexi Cap Fund.xlsx,INE101A01026,Mahindra & Mahindra Limited,17844840,585667.65,3.97,PPFCF,mapped,TRUE
Parag Parikh Flexi Cap Fund,INF879O01027_Parag Parikh Flexi Cap Fund.xlsx,INE009A01021,Infosys Limited,42739573,484581.28,3.29,PPFCF,mapped,TRUE
Parag Parikh Flexi Cap Fund,INF879O01027_Parag Parikh Flexi Cap Fund.xlsx,INE238A01034,Axis Bank Limited,33672018,437736.23,2.97,PPFCF,mapped,TRUE
Parag Parikh Flexi Cap Fund,INF879O01027_Parag Parikh Flexi Cap Fund.xlsx,INE467B01029,Tata Consultancy Services Limited,17700807,424695.46,2.88,PPFCF,mapped,TRUE
Parag Parikh Flexi Cap Fund,INF879O01027_Parag Parikh Flexi Cap Fund.xlsx,INE397D01024,Bharti Airtel Limited,22772058,412606.92,2.8,PPFCF,mapped,TRUE
Parag Parikh Flexi Cap Fund,INF879O01027_Parag Parikh Flexi Cap Fund.xlsx,INE585B01010,Maruti Suzuki India Limited,2913495,394691.17,2.68,PPFCF,mapped,TRUE
Parag Parikh Flexi Cap Fund,INF879O01027_Parag Parikh Flexi Cap Fund.xlsx,INE010B01027,Zydus Lifesciences Limited,19262784,223698.71,1.52,PPFCF,mapped,TRUE
Parag Parikh Flexi Cap Fund,INF879O01027_Parag Parikh Flexi Cap Fund.xlsx,INE059A01026,Cipla Limited,14351629,202243.16,1.37,PPFCF,mapped,TRUE
Parag Parikh Flexi Cap Fund,INF879O01027_Parag Parikh Flexi Cap Fund.xlsx,INE203G01027,Indraprastha Gas Limited,115020055,173093.68,1.17,PPFCF,mapped,TRUE
Parag Parikh Flexi Cap Fund,INF879O01027_Parag Parikh Flexi Cap Fund.xlsx,INE089A01031,Dr. Reddy's Laboratories Limited,14299581,165074.36,1.12,PPFCF,mapped,TRUE
Parag Parikh Flexi Cap Fund,INF879O01027_Parag Parikh Flexi Cap Fund.xlsx,INE768C01028,Zydus Wellness Limited,22157154,117521.54,0.8,PPFCF,mapped,TRUE
Parag Parikh Flexi Cap Fund,INF879O01027_Parag Parikh Flexi Cap Fund.xlsx,INE022Q01020,Indian Energy Exchange Limited,84096110,101335.81,0.69,PPFCF,mapped,TRUE
Parag Parikh Flexi Cap Fund,INF879O01027_Parag Parikh Flexi Cap Fund.xlsx,INE271C01023,DLF Limited,13709808,94741.63,0.64,PPFCF,mapped,TRUE
Parag Parikh Flexi Cap Fund,INF879O01027_Parag Parikh Flexi Cap Fund.xlsx,INE126A01031,EID Parry India Limited,10537979,84240.6,0.57,PPFCF,mapped,TRUE
Parag Parikh Flexi Cap Fund,INF879O01027_Parag Parikh Flexi Cap Fund.xlsx,INE347G01014,Petronet LNG Limited,23403868,70352.03,0.48,PPFCF,mapped,TRUE
Parag Parikh Flexi Cap Fund,INF879O01027_Parag Parikh Flexi Cap Fund.xlsx,INE410P01011,Narayana Hrudayalaya Limited,1995914,38066.07,0.26,PPFCF,mapped,TRUE
Parag Parikh Flexi Cap Fund,INF879O01027_Parag Parikh Flexi Cap Fund.xlsx,INE002S01010,Mahanagar Gas Limited,3439028,36773.53,0.25,PPFCF,mapped,TRUE
Parag Parikh Flexi Cap Fund,INF879O01027_Parag Parikh Flexi Cap Fund.xlsx,INE736A01011,Central Depository Services (India) Limited,2264603,31761.06,0.22,PPFCF,mapped,TRUE
Parag Parikh Flexi Cap Fund,INF879O01027_Parag Parikh Flexi Cap Fund.xlsx,INE925R01014,CMS Info System Limited,9696747,23621.28,0.16,PPFCF,mapped,TRUE
Parag Parikh Flexi Cap Fund,INF879O01027_Parag Parikh Flexi Cap Fund.xlsx,INE536H01010,CIE Automotive India Limited,5898213,23064.96,0.16,PPFCF,mapped,TRUE
Parag Parikh Flexi Cap Fund,INF879O01027_Parag Parikh Flexi Cap Fund.xlsx,INE017A01032,The Great Eastern Shipping Company Limited,1273951,16584.29,0.11,PPFCF,mapped,TRUE
Parag Parikh Flexi Cap Fund,INF879O01027_Parag Parikh Flexi Cap Fund.xlsx,INE288A01013,Maharashtra Scooters Limited,110438,15101.29,0.1,PPFCF,mapped,TRUE
Parag Parikh Flexi Cap Fund,INF879O01027_Parag Parikh Flexi Cap Fund.xlsx,INE725G01011,ICRA Limited,287393,14129.39,0.1,PPFCF,mapped,TRUE
Parag Parikh Flexi Cap Fund,INF879O01027_Parag Parikh Flexi Cap Fund.xlsx,INE121J01017,Indus Towers Limited,865823,3366.32,0.02,PPFCF,mapped,TRUE
Parag Parikh Flexi Cap Fund,INF879O01027_Parag Parikh Flexi Cap Fund.xlsx,INE317F01035,Nesco Limited,193994,2019.28,0.01,PPFCF,mapped,TRUE
Parag Parikh Flexi Cap Fund,INF879O01027_Parag Parikh Flexi Cap Fund.xlsx,INE277A01016,Swaraj Engines Limited,47293,1688.03,0.01,PPFCF,mapped,TRUE
Parag Parikh Flexi Cap Fund,INF879O01027_Parag Parikh Flexi Cap Fund.xlsx,INE296A01032,Bajaj Finance Limited,5340000,56443.8,0.38,PPFCF,mapped,TRUE
Parag Parikh Flexi Cap Fund,INF879O01027_Parag Parikh Flexi Cap Fund.xlsx,INE002A01018,Reliance Industries Limited,4061000,51858.97,0.35,PPFCF,mapped,TRUE
Parag Parikh Flexi Cap Fund,INF879O01027_Parag Parikh Flexi Cap Fund.xlsx,INE044A01036,Sun Pharmaceutical Industries Limited,933450,18527.12,0.13,PPFCF,mapped,TRUE
Parag Parikh Flexi Cap Fund,INF879O01027_Parag Parikh Flexi Cap Fund.xlsx,INE280A01028,Titan Company Limited,324450,16554.74,0.11,PPFCF,mapped,TRUE
Parag Parikh Flexi Cap Fund,INF879O01027_Parag Parikh Flexi Cap Fund.xlsx,INE066F01020,Hindustan Aeronautics Limited,321600,15441.95,0.1,PPFCF,mapped,TRUE
Parag Parikh Flexi Cap Fund,INF879O01027_Parag Parikh Flexi Cap Fund.xlsx,INE476A01022,Canara Bank,11130750,14124.92,0.1,PPFCF,mapped,TRUE
Parag Parikh Flexi Cap Fund,INF879O01027_Parag Parikh Flexi Cap Fund.xlsx,INE062A01020,State Bank of India,1233000,13069.8,0.09,PPFCF,mapped,TRUE
Parag Parikh Flexi Cap Fund,INF879O01027_Parag Parikh Flexi Cap Fund.xlsx,INE361B01024,Divi's Laboratories Limited,135900,12865.65,0.09,PPFCF,mapped,TRUE
Parag Parikh Flexi Cap Fund,INF879O01027_Parag Parikh Flexi Cap Fund.xlsx,INE481G01011,UltraTech Cement Limited,112250,12852.63,0.09,PPFCF,mapped,TRUE
Parag Parikh Flexi Cap Fund,INF879O01027_Parag Parikh Flexi Cap Fund.xlsx,INE038A01020,Hindalco Industries Limited,846300,8593.75,0.06,PPFCF,mapped,TRUE
Parag Parikh Flexi Cap Fund,INF879O01027_Parag Parikh Flexi Cap Fund.xlsx,INE213A01029,Oil & Natural Gas Corporation Limited,3334500,7729.37,0.05,PPFCF,mapped,TRUE
Parag Parikh Flexi Cap Fund,INF879O01027_Parag Parikh Flexi Cap Fund.xlsx,INE081A01020,Tata Steel Limited,3660250,6747.67,0.05,PPFCF,mapped,TRUE
Parag Parikh Flexi Cap Fund,INF879O01027_Parag Parikh Flexi Cap Fund.xlsx,INE030A01027,Hindustan Unilever Limited,316500,6226.82,0.04,PPFCF,mapped,TRUE
Parag Parikh Flexi Cap Fund,INF879O01027_Parag Parikh Flexi Cap Fund.xlsx,INE263A01024,Bharat Electronics Limited,1484850,6153.96,0.04,PPFCF,mapped,TRUE
Parag Parikh Flexi Cap Fund,INF879O01027_Parag Parikh Flexi Cap Fund.xlsx,INE047A01021,Grasim Industries Limited,163000,5494.73,0.04,PPFCF,mapped,TRUE
Parag Parikh Flexi Cap Fund,INF879O01027_Parag Parikh Flexi Cap Fund.xlsx,INE095A01012,IndusInd Bank Limited,492100,5002.69,0.03,PPFCF,mapped,TRUE
Parag Parikh Flexi Cap Fund,INF879O01027_Parag Parikh Flexi Cap Fund.xlsx,INE066A01021,Eicher Motors Limited,54600,4342.61,0.03,PPFCF,mapped,TRUE
Parag Parikh Flexi Cap Fund,INF879O01027_Parag Parikh Flexi Cap Fund.xlsx,INE494B01023,TVS Motor Company Limited,96950,4208.89,0.03,PPFCF,mapped,TRUE
Parag Parikh Flexi Cap Fund,INF879O01027_Parag Parikh Flexi Cap Fund.xlsx,INE918I01026,Bajaj Finserv Limited,178500,3607.49,0.02,PPFCF,mapped,TRUE
Parag Parikh Flexi Cap Fund,INF879O01027_Parag Parikh Flexi Cap Fund.xlsx,INE092T01019,IDFC First Bank Limited,2801050,2408.06,0.02,PPFCF,mapped,TRUE
Parag Parikh Flexi Cap Fund,INF879O01027_Parag Parikh Flexi Cap Fund.xlsx,INE208A01029,Ashok Leyland Limited,1345000,2362.36,0.02,PPFCF,mapped,TRUE
Parag Parikh Flexi Cap Fund,INF879O01027_Parag Parikh Flexi Cap Fund.xlsx,INE019A01038,JSW Steel Limited,120150,1571.2,0.01,PPFCF,mapped,TRUE
Parag Parikh Flexi Cap Fund,INF879O01027_Parag Parikh Flexi Cap Fund.xlsx,INE192A01025,Tata Consumer Products Limited,40150,416.56,,PPFCF,mapped,TRUE
Parag Parikh Flexi Cap Fund,INF879O01027_Parag Parikh Flexi Cap Fund.xlsx,INE326A01037,Lupin Limited,5100,111.61,,PPFCF,mapped,TRUE
Parag Parikh Flexi Cap Fund,INF879O01027_Parag Parikh Flexi Cap Fund.xlsx,INE121E01018,JSW Energy Limited,5375,27.97,,PPFCF,mapped,TRUE
Parag Parikh Flexi Cap Fund,INF879O01027_Parag Parikh Flexi Cap Fund.xlsx,INE041025011,Embassy Office Parks REIT,83312247,365307.54,2.48,PPFCF,unmapped,TRUE
Parag Parikh Flexi Cap Fund,INF879O01027_Parag Parikh Flexi Cap Fund.xlsx,INE1JAR25012,Knowledge Realty Trust,278438503,307591.01,2.09,PPFCF,unmapped,TRUE
Parag Parikh Flexi Cap Fund,INF879O01027_Parag Parikh Flexi Cap Fund.xlsx,INE0FDU25010,Brookfield India Real Estate Trust,68921742,235512.48,1.6,PPFCF,unmapped,TRUE
Parag Parikh Flexi Cap Fund,INF879O01027_Parag Parikh Flexi Cap Fund.xlsx,INE237AD6109,Kotak Mahindra Bank Limited (18/12/2026),10000,49062.2,0.33,PPFCF,unmapped,TRUE
Parag Parikh Flexi Cap Fund,INF879O01027_Parag Parikh Flexi Cap Fund.xlsx,INE476A16F78,Canara Bank (18/12/2026),9000,44153.42,0.3,PPFCF,unmapped,TRUE
Parag Parikh Flexi Cap Fund,INF879O01027_Parag Parikh Flexi Cap Fund.xlsx,INE261F16AB5,National Bank For Agriculture and Rural Development (18/09/2026),8000,39885.76,0.27,PPFCF,unmapped,TRUE
Parag Parikh Flexi Cap Fund,INF879O01027_Parag Parikh Flexi Cap Fund.xlsx,INE040A16HL8,HDFC Bank Limited (10/09/2026) #,7500,37443.68,0.25,PPFCF,unmapped,TRUE
Parag Parikh Flexi Cap Fund,INF879O01027_Parag Parikh Flexi Cap Fund.xlsx,INE237AD6042,Kotak Mahindra Bank Limited (24/09/2026),7000,34866.51,0.24,PPFCF,unmapped,TRUE
Parag Parikh Flexi Cap Fund,INF879O01027_Parag Parikh Flexi Cap Fund.xlsx,INE556F16BK7,Small Industries Dev Bank of India (24/09/2026),6000,29883.66,0.2,PPFCF,unmapped,TRUE
Parag Parikh Flexi Cap Fund,INF879O01027_Parag Parikh Flexi Cap Fund.xlsx,INE476A16E38,Canara Bank (11/11/2026),6000,29631.99,0.2,PPFCF,unmapped,TRUE
Parag Parikh Flexi Cap Fund,INF879O01027_Parag Parikh Flexi Cap Fund.xlsx,INE562A16QG2,Indian Bank (22/01/2027),6000,29227.65,0.2,PPFCF,unmapped,TRUE
Parag Parikh Flexi Cap Fund,INF879O01027_Parag Parikh Flexi Cap Fund.xlsx,INE238AD6CL0,Axis Bank Limited (01/09/2026) #,5000,25000,0.17,PPFCF,unmapped,TRUE
Parag Parikh Flexi Cap Fund,INF879O01027_Parag Parikh Flexi Cap Fund.xlsx,INE261F16AE9,National Bank For Agriculture and Rural Development (19/01/2027),5000,24359.98,0.17,PPFCF,unmapped,TRUE
Parag Parikh Flexi Cap Fund,INF879O01027_Parag Parikh Flexi Cap Fund.xlsx,INE261F16AD1,National Bank For Agriculture and Rural Development (14/01/2027) #,4500,21944.03,0.15,PPFCF,unmapped,TRUE
Parag Parikh Flexi Cap Fund,INF879O01027_Parag Parikh Flexi Cap Fund.xlsx,INE556F16BL5,Small Industries Dev Bank of India (13/10/2026),4000,19855.6,0.13,PPFCF,unmapped,TRUE
Parag Parikh Flexi Cap Fund,INF879O01027_Parag Parikh Flexi Cap Fund.xlsx,INE028A16KW4,Bank of Baroda (15/12/2026),4000,19634.76,0.13,PPFCF,unmapped,TRUE
Parag Parikh Flexi Cap Fund,INF879O01027_Parag Parikh Flexi Cap Fund.xlsx,INE237AD6117,Kotak Mahindra Bank Limited (08/01/2027) #,4000,19537.36,0.13,PPFCF,unmapped,TRUE
Parag Parikh Flexi Cap Fund,INF879O01027_Parag Parikh Flexi Cap Fund.xlsx,INE090AD6279,ICICI Bank Limited (27/01/2027) #,4000,19469.5,0.13,PPFCF,unmapped,TRUE
Parag Parikh Flexi Cap Fund,INF879O01027_Parag Parikh Flexi Cap Fund.xlsx,INE556F16BT8,Small Industries Dev Bank of India (16/12/2026),3500,17174.31,0.12,PPFCF,unmapped,TRUE
Parag Parikh Flexi Cap Fund,INF879O01027_Parag Parikh Flexi Cap Fund.xlsx,INE261F16AF6,National Bank For Agriculture and Rural Development (22/01/2027),3000,14607.96,0.1,PPFCF,unmapped,TRUE
Parag Parikh Flexi Cap Fund,INF879O01027_Parag Parikh Flexi Cap Fund.xlsx,INE261F16AH2,National Bank For Agriculture and Rural Development (28/01/2027),3000,14591.97,0.1,PPFCF,unmapped,TRUE
Parag Parikh Flexi Cap Fund,INF879O01027_Parag Parikh Flexi Cap Fund.xlsx,INE160A16UO1,Punjab National Bank (02/09/2026),2000,9998.38,0.07,PPFCF,unmapped,TRUE
Parag Parikh Flexi Cap Fund,INF879O01027_Parag Parikh Flexi Cap Fund.xlsx,INE040A16HR5,HDFC Bank Limited (21/09/2026),2000,9966.28,0.07,PPFCF,unmapped,TRUE
Parag Parikh Flexi Cap Fund,INF879O01027_Parag Parikh Flexi Cap Fund.xlsx,INE556F16BR2,Small Industries Dev Bank of India (10/11/2026),2000,9877.91,0.07,PPFCF,unmapped,TRUE
Parag Parikh Flexi Cap Fund,INF879O01027_Parag Parikh Flexi Cap Fund.xlsx,INE040A16HW5,HDFC Bank Limited (13/11/2026) #,2000,9872.64,0.07,PPFCF,unmapped,TRUE
Parag Parikh Flexi Cap Fund,INF879O01027_Parag Parikh Flexi Cap Fund.xlsx,INE040A16IK8,HDFC Bank Limited (22/01/2027),2000,9740.87,0.07,PPFCF,unmapped,TRUE
Parag Parikh Flexi Cap Fund,INF879O01027_Parag Parikh Flexi Cap Fund.xlsx,INE028A16LF7,Bank of Baroda (04/02/2027) #,2000,9719.19,0.07,PPFCF,unmapped,TRUE
Parag Parikh Flexi Cap Fund,INF879O01027_Parag Parikh Flexi Cap Fund.xlsx,INE028A16LH3,Bank of Baroda (05/02/2027),2000,9717.65,0.07,PPFCF,unmapped,TRUE
Parag Parikh Flexi Cap Fund,INF879O01027_Parag Parikh Flexi Cap Fund.xlsx,INE028A16KC6,Bank of Baroda (16/09/2026),1000,4987.55,0.03,PPFCF,unmapped,TRUE
Parag Parikh Flexi Cap Fund,INF879O01027_Parag Parikh Flexi Cap Fund.xlsx,INE238AD6BP3,Axis Bank Limited (27/11/2026) #,1000,4924.87,0.03,PPFCF,unmapped,TRUE
Parag Parikh Flexi Cap Fund,INF879O01027_Parag Parikh Flexi Cap Fund.xlsx,INE160A16UE2,Punjab National Bank (05/02/2027) #,1000,4858.76,0.03,PPFCF,unmapped,TRUE
Parag Parikh Flexi Cap Fund,INF879O01027_Parag Parikh Flexi Cap Fund.xlsx,INE556F16CE8,Small Industries Dev Bank of India (11/06/2027),1000,4731.99,0.03,PPFCF,unmapped,TRUE
Parag Parikh Flexi Cap Fund,INF879O01027_Parag Parikh Flexi Cap Fund.xlsx,INE040A16JQ3,HDFC Bank Limited (16/09/2026),500,2493.67,0.02,PPFCF,unmapped,TRUE
Parag Parikh Flexi Cap Fund,INF879O01027_Parag Parikh Flexi Cap Fund.xlsx,INE028A16KK9,Bank of Baroda (25/11/2026) #,500,2463.4,0.02,PPFCF,unmapped,TRUE
Parag Parikh Flexi Cap Fund,INF879O01027_Parag Parikh Flexi Cap Fund.xlsx,INE028A16MQ2,Bank of Baroda (07/12/2026) #,500,2457.84,0.02,PPFCF,unmapped,TRUE
Parag Parikh Flexi Cap Fund,INF879O01027_Parag Parikh Flexi Cap Fund.xlsx,INE029A14BV8,Bharat Petroleum Corporation Limited (24/09/2026),10000,49805.9,0.34,PPFCF,unmapped,TRUE
Parag Parikh Flexi Cap Fund,INF879O01027_Parag Parikh Flexi Cap Fund.xlsx,INE514E14TQ3,Export Import Bank of India (14/12/2026),9000,44175.56,0.3,PPFCF,unmapped,TRUE
Parag Parikh Flexi Cap Fund,INF879O01027_Parag Parikh Flexi Cap Fund.xlsx,INE094A14KC3,Hindustan Petroleum Corporation Limited (15/09/2026),4000,19952.94,0.14,PPFCF,unmapped,TRUE
Parag Parikh Flexi Cap Fund,INF879O01027_Parag Parikh Flexi Cap Fund.xlsx,INE020B14706,REC Limited (21/09/2026),4000,19932.28,0.14,PPFCF,unmapped,TRUE
Parag Parikh Flexi Cap Fund,INF879O01027_Parag Parikh Flexi Cap Fund.xlsx,INE296A14I67,Bajaj Finance Limited (26/10/2026),4000,19792.28,0.13,PPFCF,unmapped,TRUE
Parag Parikh Flexi Cap Fund,INF879O01027_Parag Parikh Flexi Cap Fund.xlsx,INE094A14KD1,Hindustan Petroleum Corporation Limited (17/09/2026),3000,14959.44,0.1,PPFCF,unmapped,TRUE
Parag Parikh Flexi Cap Fund,INF879O01027_Parag Parikh Flexi Cap Fund.xlsx,INE514E14TP5,Export Import Bank of India (22/09/2026),3000,14947.34,0.1,PPFCF,unmapped,TRUE
Parag Parikh Flexi Cap Fund,INF879O01027_Parag Parikh Flexi Cap Fund.xlsx,INE733E14CD3,NTPC Limited (23/09/2026),2500,12453.46,0.08,PPFCF,unmapped,TRUE
Parag Parikh Flexi Cap Fund,INF879O01027_Parag Parikh Flexi Cap Fund.xlsx,INE660A14ZE5,Sundaram Finance Limited (17/08/2027),2000,9320.74,0.06,PPFCF,unmapped,TRUE
Parag Parikh Flexi Cap Fund,INF879O01027_Parag Parikh Flexi Cap Fund.xlsx,INE296A14D13,Bajaj Finance Limited (04/11/2026),1000,4939.46,0.03,PPFCF,unmapped,TRUE
Parag Parikh Flexi Cap Fund,INF879O01027_Parag Parikh Flexi Cap Fund.xlsx,INE134E14AZ1,Power Finance Corporation Limited (18/11/2026),1000,4932.74,0.03,PPFCF,unmapped,TRUE
Parag Parikh Flexi Cap Fund,INF879O01027_Parag Parikh Flexi Cap Fund.xlsx,INE763G14J31,ICICI Securities Limited (28/09/2026),500,2487.65,0.02,PPFCF,unmapped,TRUE
Parag Parikh Flexi Cap Fund,INF879O01027_Parag Parikh Flexi Cap Fund.xlsx,IN002025Z294,364 Days Tbill (MD 15/10/2026),35000000,34785.63,0.24,PPFCF,not_in_mapping_files,FALSE
Parag Parikh Flexi Cap Fund,INF879O01027_Parag Parikh Flexi Cap Fund.xlsx,IN002025Z419,364 Days Tbill (MD 15/01/2027),20500000,20083.21,0.14,PPFCF,not_in_mapping_files,FALSE
Parag Parikh Flexi Cap Fund,INF879O01027_Parag Parikh Flexi Cap Fund.xlsx,IN002026Z136,364 Days Tbill (MD 01/07/2027),11000000,10499.18,0.07,PPFCF,not_in_mapping_files,FALSE
Parag Parikh Flexi Cap Fund,INF879O01027_Parag Parikh Flexi Cap Fund.xlsx,INF879O01068,Parag Parikh Liquid Fund- Direct Plan- Growth,3606676.67,56532.63,0.38,PPFCF,not_in_mapping_files,FALSE
