fund_name,fund_isin,disclosure_date,security_name,security_isin,asset_type,industry,rating,coupon,quantity,market_value,percentage_nav,source_file,source_sheet,source_row,isin_starts_ine,asset_type_clean
Aditya Birla Sun Life Liquid Fund,INF209K01VA3,,Debt Instruments,,Other,,,,,,,INF209K01VA3_Aditya Birla Sun Life Liquid Fund.xlsx,CASH,5,False,Other
Aditya Birla Sun Life Liquid Fund,INF209K01VA3,,a) Listed/awaiting listing on the stock exchanges,,Other,,,,,,,INF209K01VA3_Aditya Birla Sun Life Liquid Fund.xlsx,CASH,6,False,Other
Aditya Birla Sun Life Liquid Fund,INF209K01VA3,,7.44% Small Industries Development Bank of India (04/09/2026) **,INE556F08KI9,Other,CRISIL AAA,CRISIL AAA,,74500.0,74504.25,,INF209K01VA3_Aditya Birla Sun Life Liquid Fund.xlsx,CASH,7,True,Equity Candidate
Aditya Birla Sun Life Liquid Fund,INF209K01VA3,,8.25% India Infradebt Ltd. (15/09/2026) **,INE537P07752,Other,ICRA AAA,ICRA AAA,,47500.0,47516.82,,INF209K01VA3_Aditya Birla Sun Life Liquid Fund.xlsx,CASH,8,True,Equity Candidate
Aditya Birla Sun Life Liquid Fund,INF209K01VA3,,7.70% Power Finance Corporation Ltd. (15/09/2026) **,INE134E08MK0,Other,ICRA AAA,ICRA AAA,,40000.0,40017.6,,INF209K01VA3_Aditya Birla Sun Life Liquid Fund.xlsx,CASH,9,True,Equity Candidate
Aditya Birla Sun Life Liquid Fund,INF209K01VA3,,8.30% Aditya Birla Capital Ltd. (16/09/2026) **,INE860H07IJ5,Other,ICRA AAA,ICRA AAA,,19000.0,19010.53,,INF209K01VA3_Aditya Birla Sun Life Liquid Fund.xlsx,CASH,10,True,Equity Candidate
Aditya Birla Sun Life Liquid Fund,INF209K01VA3,,6.40% Jamnagar Utilities & Power Pvt. Ltd. (29/09/2026),INE936D07174,Other,CRISIL AAA,CRISIL AAA,,1750.0,17489.29,,INF209K01VA3_Aditya Birla Sun Life Liquid Fund.xlsx,CASH,11,True,Equity Candidate
Aditya Birla Sun Life Liquid Fund,INF209K01VA3,,6.35% HDB Financial Services Ltd. (11/09/2026) **,INE756I07DX5,Other,CRISIL AAA,CRISIL AAA,,1250.0,12497.29,,INF209K01VA3_Aditya Birla Sun Life Liquid Fund.xlsx,CASH,12,True,Equity Candidate
Aditya Birla Sun Life Liquid Fund,INF209K01VA3,,7.98% Sundaram Home Finance Ltd. (04/09/2026) **,INE667F07IT7,Other,ICRA AAA,ICRA AAA,,6500.0,6500.63,,INF209K01VA3_Aditya Birla Sun Life Liquid Fund.xlsx,CASH,13,True,Equity Candidate
Aditya Birla Sun Life Liquid Fund,INF209K01VA3,,7.55% REC Ltd. (31/10/2026) **,INE020B08FH7,Other,ICRA AAA,ICRA AAA,,6000.0,6005.26,,INF209K01VA3_Aditya Birla Sun Life Liquid Fund.xlsx,CASH,14,True,Equity Candidate
Aditya Birla Sun Life Liquid Fund,INF209K01VA3,,8.09% Kotak Mahindra Prime Ltd. (09/11/2026) **,INE916DA7SL3,Other,CRISIL AAA,CRISIL AAA,,2500.0,2502.25,,INF209K01VA3_Aditya Birla Sun Life Liquid Fund.xlsx,CASH,15,True,Equity Candidate
Aditya Birla Sun Life Liquid Fund,INF209K01VA3,,7.55% Small Industries Development Bank of India (22/09/2026) **,INE556F08KJ7,Other,CRISIL AAA,CRISIL AAA,,2500.0,2500.93,,INF209K01VA3_Aditya Birla Sun Life Liquid Fund.xlsx,CASH,16,True,Equity Candidate
Aditya Birla Sun Life Liquid Fund,INF209K01VA3,,Government Securities,,Government Security,,,,,,,INF209K01VA3_Aditya Birla Sun Life Liquid Fund.xlsx,CASH,18,False,Non-Equity
Aditya Birla Sun Life Liquid Fund,INF209K01VA3,,Government of India (06/09/2026),IN0020160035,Government Security,Sovereign,Sovereign,,85500000.0,85519.07,,INF209K01VA3_Aditya Birla Sun Life Liquid Fund.xlsx,CASH,19,False,Non-Equity
Aditya Birla Sun Life Liquid Fund,INF209K01VA3,,Money Market Instruments,,Other,,,,,,,INF209K01VA3_Aditya Birla Sun Life Liquid Fund.xlsx,CASH,21,False,Non-Equity
Aditya Birla Sun Life Liquid Fund,INF209K01VA3,,Commercial Paper,,Debt,,,,,,,INF209K01VA3_Aditya Birla Sun Life Liquid Fund.xlsx,CASH,22,False,Non-Equity
Aditya Birla Sun Life Liquid Fund,INF209K01VA3,,National Bank for Agriculture and Rural Development (11/09/2026) **,INE261F14PT0,Other,ICRA A1+,ICRA A1+,,20000.0,99830.7,,INF209K01VA3_Aditya Birla Sun Life Liquid Fund.xlsx,CASH,23,True,Equity Candidate
Aditya Birla Sun Life Liquid Fund,INF209K01VA3,,Export-Import Bank of India (04/11/2026) **,INE514E14TS9,Other,CRISIL A1+,CRISIL A1+,,19400.0,95919.42,,INF209K01VA3_Aditya Birla Sun Life Liquid Fund.xlsx,CASH,24,True,Equity Candidate
Aditya Birla Sun Life Liquid Fund,INF209K01VA3,,National Bank for Agriculture and Rural Development (01/10/2026) **,INE261F14PX2,Other,ICRA A1+,ICRA A1+,,18500.0,92021.59,,INF209K01VA3_Aditya Birla Sun Life Liquid Fund.xlsx,CASH,25,True,Equity Candidate
Aditya Birla Sun Life Liquid Fund,INF209K01VA3,,Jamnagar Utilities & Power Pvt. Ltd. (29/09/2026) **,INE936D14436,Other,CRISIL A1+,CRISIL A1+,,15000.0,74643.0,,INF209K01VA3_Aditya Birla Sun Life Liquid Fund.xlsx,CASH,26,True,Equity Candidate
Aditya Birla Sun Life Liquid Fund,INF209K01VA3,,Bharat Heavy Electricals Ltd. (29/09/2026) **,INE257A14AI4,Other,ICRA A1+,ICRA A1+,,15000.0,74628.45,,INF209K01VA3_Aditya Birla Sun Life Liquid Fund.xlsx,CASH,27,True,Equity Candidate
Aditya Birla Sun Life Liquid Fund,INF209K01VA3,,National Bank for Agriculture and Rural Development (30/11/2026) **,INE261F14QE0,Other,CRISIL A1+,CRISIL A1+,,15000.0,73829.48,,INF209K01VA3_Aditya Birla Sun Life Liquid Fund.xlsx,CASH,28,True,Equity Candidate
Aditya Birla Sun Life Liquid Fund,INF209K01VA3,,Tata Teleservices Ltd. (17/11/2026) **,INE037E14AT9,Other,CRISIL A1+,CRISIL A1+,,13000.0,64057.76,,INF209K01VA3_Aditya Birla Sun Life Liquid Fund.xlsx,CASH,29,True,Equity Candidate
Aditya Birla Sun Life Liquid Fund,INF209K01VA3,,Export-Import Bank of India (09/09/2026),INE514E14TN0,Other,ICRA A1+,ICRA A1+,,12500.0,62417.94,,INF209K01VA3_Aditya Birla Sun Life Liquid Fund.xlsx,CASH,30,True,Equity Candidate
Aditya Birla Sun Life Liquid Fund,INF209K01VA3,,L&T Metro Rail (Hyderabad) Ltd. [Guaranteed by Larsen & Toubro Ltd.] (21/09/2026) **,INE128M14BJ8,Other,CRISIL A1+,CRISIL A1+,,12000.0,59773.68,,INF209K01VA3_Aditya Birla Sun Life Liquid Fund.xlsx,CASH,31,True,Equity Candidate
Aditya Birla Sun Life Liquid Fund,INF209K01VA3,,IIFL Finance Ltd. (04/09/2026) **,INE530B14HS6,Other,ICRA A1+,ICRA A1+,,10000.0,49967.6,,INF209K01VA3_Aditya Birla Sun Life Liquid Fund.xlsx,CASH,32,True,Equity Candidate
Aditya Birla Sun Life Liquid Fund,INF209K01VA3,,PNB Housing Finance Ltd. (08/09/2026) **,INE572E14KJ5,Other,CRISIL A1+,CRISIL A1+,,10000.0,49939.95,,INF209K01VA3_Aditya Birla Sun Life Liquid Fund.xlsx,CASH,33,True,Equity Candidate
Aditya Birla Sun Life Liquid Fund,INF209K01VA3,,LIC Housing Finance Ltd. (09/09/2026) **,INE115A14FW4,Other,ICRA A1+,ICRA A1+,,10000.0,49932.55,,INF209K01VA3_Aditya Birla Sun Life Liquid Fund.xlsx,CASH,34,True,Equity Candidate
Aditya Birla Sun Life Liquid Fund,INF209K01VA3,,Sundaram Finance Ltd. (11/09/2026) **,INE660A14ZC9,Other,ICRA A1+,ICRA A1+,,10000.0,49910.3,,INF209K01VA3_Aditya Birla Sun Life Liquid Fund.xlsx,CASH,35,True,Equity Candidate
Aditya Birla Sun Life Liquid Fund,INF209K01VA3,,Reliance Retail Ventures Ltd. (21/09/2026) **,INE929O14FF4,Other,CRISIL A1+,CRISIL A1+,,10000.0,49830.15,,INF209K01VA3_Aditya Birla Sun Life Liquid Fund.xlsx,CASH,36,True,Equity Candidate
Aditya Birla Sun Life Liquid Fund,INF209K01VA3,,Adani Ports and Special Economic Zone Ltd. (06/11/2026) **,INE742F14RL2,Other,CRISIL A1+,CRISIL A1+,,10000.0,49399.3,,INF209K01VA3_Aditya Birla Sun Life Liquid Fund.xlsx,CASH,37,True,Equity Candidate
Aditya Birla Sun Life Liquid Fund,INF209K01VA3,,JSW Energy Ltd. (17/11/2026) **,INE121E14466,Other,IND A1+,IND A1+,,10000.0,49277.55,,INF209K01VA3_Aditya Birla Sun Life Liquid Fund.xlsx,CASH,38,True,Equity Candidate
Aditya Birla Sun Life Liquid Fund,INF209K01VA3,,JM Financial Credit Solutions Ltd. (11/11/2026) **,INE651J14AZ3,Other,IND A1+,IND A1+,,10000.0,49244.25,,INF209K01VA3_Aditya Birla Sun Life Liquid Fund.xlsx,CASH,39,True,Equity Candidate
Aditya Birla Sun Life Liquid Fund,INF209K01VA3,,ICICI Securities Ltd. (08/09/2026) **,INE763G14K38,Other,ICRA A1+,ICRA A1+,,9000.0,44942.49,,INF209K01VA3_Aditya Birla Sun Life Liquid Fund.xlsx,CASH,40,True,Equity Candidate
Aditya Birla Sun Life Liquid Fund,INF209K01VA3,,Larsen & Toubro Ltd. (04/09/2026) **,INE018A14LX6,Other,ICRA A1+,ICRA A1+,,8000.0,39980.16,,INF209K01VA3_Aditya Birla Sun Life Liquid Fund.xlsx,CASH,41,True,Equity Candidate
Aditya Birla Sun Life Liquid Fund,INF209K01VA3,,IIFL Finance Ltd. (07/09/2026) **,INE530B14HT4,Other,ICRA A1+,ICRA A1+,,8000.0,39947.72,,INF209K01VA3_Aditya Birla Sun Life Liquid Fund.xlsx,CASH,42,True,Equity Candidate
Aditya Birla Sun Life Liquid Fund,INF209K01VA3,,ONGC Petro Additions Ltd. (25/09/2026) **,INE163N14600,Other,ICRA A1+,ICRA A1+,,8000.0,39827.56,,INF209K01VA3_Aditya Birla Sun Life Liquid Fund.xlsx,CASH,43,True,Equity Candidate
Aditya Birla Sun Life Liquid Fund,INF209K01VA3,,Bharti Telecom Ltd. (03/09/2026) **,INE403D14627,Other,ICRA A1+,ICRA A1+,,7300.0,36486.79,,INF209K01VA3_Aditya Birla Sun Life Liquid Fund.xlsx,CASH,44,True,Equity Candidate
Aditya Birla Sun Life Liquid Fund,INF209K01VA3,,Tata Communications Ltd. (28/09/2026) **,INE151A14313,Other,CRISIL A1+,CRISIL A1+,,7000.0,34838.02,,INF209K01VA3_Aditya Birla Sun Life Liquid Fund.xlsx,CASH,45,True,Equity Candidate
Aditya Birla Sun Life Liquid Fund,INF209K01VA3,,Tata Housing Development Co. Ltd. (30/11/2026) **,INE582L14JX2,Other,CARE A1+,CARE A1+,,7000.0,34401.96,,INF209K01VA3_Aditya Birla Sun Life Liquid Fund.xlsx,CASH,46,True,Equity Candidate
Aditya Birla Sun Life Liquid Fund,INF209K01VA3,,Mindspace Business Parks Reit (23/09/2026) **,INE0CCU14153,REIT/InvIT,ICRA A1+,ICRA A1+,,6700.0,33369.79,,INF209K01VA3_Aditya Birla Sun Life Liquid Fund.xlsx,CASH,47,True,Equity Candidate
Aditya Birla Sun Life Liquid Fund,INF209K01VA3,,Standard Chartered Capital Ltd. (04/09/2026) **,INE403G14TU6,Other,ICRA A1+,ICRA A1+,,6500.0,32482.32,,INF209K01VA3_Aditya Birla Sun Life Liquid Fund.xlsx,CASH,48,True,Equity Candidate
Aditya Birla Sun Life Liquid Fund,INF209K01VA3,,Export-Import Bank of India (07/09/2026) **,INE514E14TM2,Other,ICRA A1+,ICRA A1+,,6500.0,32467.73,,INF209K01VA3_Aditya Birla Sun Life Liquid Fund.xlsx,CASH,49,True,Equity Candidate
Aditya Birla Sun Life Liquid Fund,INF209K01VA3,,Tata Capital Housing Finance Ltd. (03/09/2026) **,INE033L14PA1,Other,ICRA A1+,ICRA A1+,,6000.0,29990.04,,INF209K01VA3_Aditya Birla Sun Life Liquid Fund.xlsx,CASH,50,True,Equity Candidate
Aditya Birla Sun Life Liquid Fund,INF209K01VA3,,Tata Teleservices (Maharastra) Ltd. (08/09/2026) **,INE517B14AJ7,Other,CRISIL A1+,CRISIL A1+,,6000.0,29962.02,,INF209K01VA3_Aditya Birla Sun Life Liquid Fund.xlsx,CASH,51,True,Equity Candidate
Aditya Birla Sun Life Liquid Fund,INF209K01VA3,,Bajaj Financial Securities Ltd. (09/09/2026) **,INE01C314GA2,Other,CRISIL A1+,CRISIL A1+,,6000.0,29956.35,,INF209K01VA3_Aditya Birla Sun Life Liquid Fund.xlsx,CASH,52,True,Equity Candidate
Aditya Birla Sun Life Liquid Fund,INF209K01VA3,,Vedanta Power Ltd. (16/09/2026) **,INE694L14GY9,Other,ICRA A1+,ICRA A1+,,6000.0,29900.13,,INF209K01VA3_Aditya Birla Sun Life Liquid Fund.xlsx,CASH,53,True,Equity Candidate
Aditya Birla Sun Life Liquid Fund,INF209K01VA3,,Bajaj Financial Securities Ltd. (25/09/2026) **,INE01C314GG9,Other,CRISIL A1+,CRISIL A1+,,6000.0,29868.42,,INF209K01VA3_Aditya Birla Sun Life Liquid Fund.xlsx,CASH,54,True,Equity Candidate
Aditya Birla Sun Life Liquid Fund,INF209K01VA3,,NTPC Ltd. (05/10/2026) **,INE733E14CE1,Other,ICRA A1+,ICRA A1+,,6000.0,29824.71,,INF209K01VA3_Aditya Birla Sun Life Liquid Fund.xlsx,CASH,55,True,Equity Candidate
Aditya Birla Sun Life Liquid Fund,INF209K01VA3,,Knowledge Realty Trust (06/11/2026) **,INE1JAR14024,Other,CRISIL A1+,CRISIL A1+,,6000.0,29642.76,,INF209K01VA3_Aditya Birla Sun Life Liquid Fund.xlsx,CASH,56,True,Equity Candidate
Aditya Birla Sun Life Liquid Fund,INF209K01VA3,,Manappuram Finance Ltd. (16/11/2026) **,INE522D14PV6,Other,CRISIL A1+,CRISIL A1+,,6000.0,29545.38,,INF209K01VA3_Aditya Birla Sun Life Liquid Fund.xlsx,CASH,57,True,Equity Candidate
Aditya Birla Sun Life Liquid Fund,INF209K01VA3,,DSP Finance Pvt. Ltd. (17/11/2026) **,INE422H14610,Other,ICRA A1+,ICRA A1+,,6000.0,29537.04,,INF209K01VA3_Aditya Birla Sun Life Liquid Fund.xlsx,CASH,58,True,Equity Candidate
Aditya Birla Sun Life Liquid Fund,INF209K01VA3,,Export-Import Bank of India (15/09/2026) **,INE514E14TO8,Other,ICRA A1+,ICRA A1+,,5500.0,27435.93,,INF209K01VA3_Aditya Birla Sun Life Liquid Fund.xlsx,CASH,59,True,Equity Candidate
Aditya Birla Sun Life Liquid Fund,INF209K01VA3,,Bharti Telecom Ltd. (18/09/2026) **,INE403D14585,Other,ICRA A1+,ICRA A1+,,5500.0,27412.11,,INF209K01VA3_Aditya Birla Sun Life Liquid Fund.xlsx,CASH,60,True,Equity Candidate
Aditya Birla Sun Life Liquid Fund,INF209K01VA3,,Nuvama Wealth & Investment Ltd. (04/09/2026) **,INE523L14BM6,Other,ICRA A1+,ICRA A1+,,5000.0,24985.63,,INF209K01VA3_Aditya Birla Sun Life Liquid Fund.xlsx,CASH,61,True,Equity Candidate
Aditya Birla Sun Life Liquid Fund,INF209K01VA3,,Kotak Securities Ltd. (10/09/2026) **,INE028E14WZ9,Other,ICRA A1+,ICRA A1+,,5000.0,24959.08,,INF209K01VA3_Aditya Birla Sun Life Liquid Fund.xlsx,CASH,62,True,Equity Candidate
Aditya Birla Sun Life Liquid Fund,INF209K01VA3,,Hindustan Petroleum Corporation Ltd. (17/09/2026) **,INE094A14KD1,Other,ICRA A1+,ICRA A1+,,5000.0,24932.4,,INF209K01VA3_Aditya Birla Sun Life Liquid Fund.xlsx,CASH,63,True,Equity Candidate
Aditya Birla Sun Life Liquid Fund,INF209K01VA3,,CESC Ltd. (17/09/2026) **,INE486A14GC9,Other,ICRA A1+,ICRA A1+,,5000.0,24930.53,,INF209K01VA3_Aditya Birla Sun Life Liquid Fund.xlsx,CASH,64,True,Equity Candidate
Aditya Birla Sun Life Liquid Fund,INF209K01VA3,,NTPC Ltd. (18/09/2026) **,INE733E14CC5,Other,ICRA A1+,ICRA A1+,,5000.0,24928.03,,INF209K01VA3_Aditya Birla Sun Life Liquid Fund.xlsx,CASH,65,True,Equity Candidate
Aditya Birla Sun Life Liquid Fund,INF209K01VA3,,Jio Credit Ltd. (18/09/2026) **,INE282H14121,Other,CRISIL A1+,CRISIL A1+,,5000.0,24922.75,,INF209K01VA3_Aditya Birla Sun Life Liquid Fund.xlsx,CASH,66,True,Equity Candidate
Aditya Birla Sun Life Liquid Fund,INF209K01VA3,,DSP Finance Pvt. Ltd. (17/09/2026) **,INE422H14495,Other,ICRA A1+,ICRA A1+,,5000.0,24922.6,,INF209K01VA3_Aditya Birla Sun Life Liquid Fund.xlsx,CASH,67,True,Equity Candidate
Aditya Birla Sun Life Liquid Fund,INF209K01VA3,,Manappuram Finance Ltd. (18/09/2026) **,INE522D14PR4,Other,CRISIL A1+,CRISIL A1+,,5000.0,24918.33,,INF209K01VA3_Aditya Birla Sun Life Liquid Fund.xlsx,CASH,68,True,Equity Candidate
Aditya Birla Sun Life Liquid Fund,INF209K01VA3,,Hindustan Petroleum Corporation Ltd. (23/09/2026) **,INE094A14KF6,Other,ICRA A1+,ICRA A1+,,5000.0,24907.15,,INF209K01VA3_Aditya Birla Sun Life Liquid Fund.xlsx,CASH,69,True,Equity Candidate
Aditya Birla Sun Life Liquid Fund,INF209K01VA3,,DSP Finance Pvt. Ltd. (21/09/2026) **,INE422H14487,Other,ICRA A1+,ICRA A1+,,5000.0,24903.33,,INF209K01VA3_Aditya Birla Sun Life Liquid Fund.xlsx,CASH,70,True,Equity Candidate
Aditya Birla Sun Life Liquid Fund,INF209K01VA3,,DSP Finance Pvt. Ltd. (24/09/2026) **,INE422H14537,Other,ICRA A1+,ICRA A1+,,5000.0,24888.9,,INF209K01VA3_Aditya Birla Sun Life Liquid Fund.xlsx,CASH,71,True,Equity Candidate
Aditya Birla Sun Life Liquid Fund,INF209K01VA3,,National Bank for Agriculture and Rural Development (13/11/2026) **,INE261F14QB6,Other,CRISIL A1+,CRISIL A1+,,5000.0,24682.58,,INF209K01VA3_Aditya Birla Sun Life Liquid Fund.xlsx,CASH,72,True,Equity Candidate
Aditya Birla Sun Life Liquid Fund,INF209K01VA3,,Tata Communications Ltd. (17/11/2026) **,INE151A14339,Other,CRISIL A1+,CRISIL A1+,,5000.0,24662.85,,INF209K01VA3_Aditya Birla Sun Life Liquid Fund.xlsx,CASH,73,True,Equity Candidate
Aditya Birla Sun Life Liquid Fund,INF209K01VA3,,Small Industries Development Bank of India (01/12/2026) **,INE556F14MQ6,Other,CRISIL A1+,CRISIL A1+,,5000.0,24605.55,,INF209K01VA3_Aditya Birla Sun Life Liquid Fund.xlsx,CASH,74,True,Equity Candidate
Aditya Birla Sun Life Liquid Fund,INF209K01VA3,,Tata Realty and Infrastructure Ltd. (30/11/2026) **,INE371K14DW7,Other,CRISIL A1+,CRISIL A1+,,5000.0,24574.18,,INF209K01VA3_Aditya Birla Sun Life Liquid Fund.xlsx,CASH,75,True,Equity Candidate
Aditya Birla Sun Life Liquid Fund,INF209K01VA3,,Nuvama Wealth & Investment Ltd. (03/12/2026) **,INE523L14BZ8,Other,CRISIL A1+,CRISIL A1+,,5000.0,24518.18,,INF209K01VA3_Aditya Birla Sun Life Liquid Fund.xlsx,CASH,76,True,Equity Candidate
Aditya Birla Sun Life Liquid Fund,INF209K01VA3,,Motilal Oswal Financial Services Ltd. (07/09/2026) **,INE338I14MV3,Other,ICRA A1+,ICRA A1+,,4500.0,22475.21,,INF209K01VA3_Aditya Birla Sun Life Liquid Fund.xlsx,CASH,77,True,Equity Candidate
Aditya Birla Sun Life Liquid Fund,INF209K01VA3,,JM Financial Services Ltd. (05/11/2026) **,INE012I14SW9,Other,CRISIL A1+,CRISIL A1+,,4500.0,22196.34,,INF209K01VA3_Aditya Birla Sun Life Liquid Fund.xlsx,CASH,78,True,Equity Candidate
Aditya Birla Sun Life Liquid Fund,INF209K01VA3,,Tata Projects Ltd. (03/09/2026) **,INE725H14EC0,Other,CRISIL A1+,CRISIL A1+,,4000.0,19993.12,,INF209K01VA3_Aditya Birla Sun Life Liquid Fund.xlsx,CASH,79,True,Equity Candidate
Aditya Birla Sun Life Liquid Fund,INF209K01VA3,,Motilal Oswal Financial Services Ltd. (04/09/2026) **,INE338I14MU5,Other,ICRA A1+,ICRA A1+,,4000.0,19989.1,,INF209K01VA3_Aditya Birla Sun Life Liquid Fund.xlsx,CASH,80,True,Equity Candidate
Aditya Birla Sun Life Liquid Fund,INF209K01VA3,,DSP Finance Pvt. Ltd. (04/09/2026) **,INE422H14479,Other,ICRA A1+,ICRA A1+,,4000.0,19988.74,,INF209K01VA3_Aditya Birla Sun Life Liquid Fund.xlsx,CASH,81,True,Equity Candidate
Aditya Birla Sun Life Liquid Fund,INF209K01VA3,,Godrej Finance Ltd. (09/09/2026) **,INE02KN14713,Other,ICRA A1+,ICRA A1+,,4000.0,19970.26,,INF209K01VA3_Aditya Birla Sun Life Liquid Fund.xlsx,CASH,82,True,Equity Candidate
Aditya Birla Sun Life Liquid Fund,INF209K01VA3,,Kisetsu Saison Finance (India) Pvt Ltd. (09/09/2026) **,INE0DZE14404,Other,CRISIL A1+,CRISIL A1+,,4000.0,19969.78,,INF209K01VA3_Aditya Birla Sun Life Liquid Fund.xlsx,CASH,83,True,Equity Candidate
Aditya Birla Sun Life Liquid Fund,INF209K01VA3,,Sharekhan Ltd. (15/09/2026) **,INE211H14AV9,Other,ICRA A1+,ICRA A1+,,4000.0,19945.74,,INF209K01VA3_Aditya Birla Sun Life Liquid Fund.xlsx,CASH,84,True,Equity Candidate
Aditya Birla Sun Life Liquid Fund,INF209K01VA3,,Julius Baer Capital (India) Pvt. Ltd. (16/09/2026) **,INE824H14UP9,Other,ICRA A1+,ICRA A1+,,4000.0,19944.2,,INF209K01VA3_Aditya Birla Sun Life Liquid Fund.xlsx,CASH,85,True,Equity Candidate
Aditya Birla Sun Life Liquid Fund,INF209K01VA3,,Sharekhan Ltd. (22/09/2026) **,INE211H14AW7,Other,ICRA A1+,ICRA A1+,,4000.0,19918.44,,INF209K01VA3_Aditya Birla Sun Life Liquid Fund.xlsx,CASH,86,True,Equity Candidate
Aditya Birla Sun Life Liquid Fund,INF209K01VA3,,Tata Projects Ltd. (09/10/2026) **,INE725H14EG1,Other,CRISIL A1+,CRISIL A1+,,4000.0,19865.46,,INF209K01VA3_Aditya Birla Sun Life Liquid Fund.xlsx,CASH,87,True,Equity Candidate
Aditya Birla Sun Life Liquid Fund,INF209K01VA3,,Angel One Ltd. (04/11/2026) **,INE732I14DS2,Other,CARE A1+,CARE A1+,,4000.0,19725.38,,INF209K01VA3_Aditya Birla Sun Life Liquid Fund.xlsx,CASH,88,True,Equity Candidate
Aditya Birla Sun Life Liquid Fund,INF209K01VA3,,Bajaj Financial Securities Ltd. (12/11/2026) **,INE01C314GL9,Other,CRISIL A1+,CRISIL A1+,,4000.0,19723.38,,INF209K01VA3_Aditya Birla Sun Life Liquid Fund.xlsx,CASH,89,True,Equity Candidate
Aditya Birla Sun Life Liquid Fund,INF209K01VA3,,Bajaj Financial Securities Ltd. (13/11/2026) **,INE01C314GT2,Other,CRISIL A1+,CRISIL A1+,,4000.0,19719.6,,INF209K01VA3_Aditya Birla Sun Life Liquid Fund.xlsx,CASH,90,True,Equity Candidate
Aditya Birla Sun Life Liquid Fund,INF209K01VA3,,DSP Finance Pvt. Ltd. (12/11/2026) **,INE422H14594,Other,CRISIL A1+,CRISIL A1+,,4000.0,19711.1,,INF209K01VA3_Aditya Birla Sun Life Liquid Fund.xlsx,CASH,91,True,Equity Candidate
Aditya Birla Sun Life Liquid Fund,INF209K01VA3,,Sharekhan Ltd. (27/11/2026) **,INE211H14BB9,Other,CRISIL A1+,CRISIL A1+,,4000.0,19638.4,,INF209K01VA3_Aditya Birla Sun Life Liquid Fund.xlsx,CASH,92,True,Equity Candidate
Aditya Birla Sun Life Liquid Fund,INF209K01VA3,,ICICI Securities Ltd. (04/09/2026) **,INE763G14K04,Other,ICRA A1+,ICRA A1+,,3500.0,17490.76,,INF209K01VA3_Aditya Birla Sun Life Liquid Fund.xlsx,CASH,93,True,Equity Candidate
Aditya Birla Sun Life Liquid Fund,INF209K01VA3,,SMFG India Credit Company Ltd. (25/09/2026) **,INE535H14JR0,Other,ICRA A1+,ICRA A1+,,3360.0,16726.87,,INF209K01VA3_Aditya Birla Sun Life Liquid Fund.xlsx,CASH,94,True,Equity Candidate
Aditya Birla Sun Life Liquid Fund,INF209K01VA3,,Tata Housing Development Co. Ltd. (11/11/2026) **,INE582L14JU8,Other,CARE A1+,CARE A1+,,3300.0,16276.79,,INF209K01VA3_Aditya Birla Sun Life Liquid Fund.xlsx,CASH,95,True,Equity Candidate
Aditya Birla Sun Life Liquid Fund,INF209K01VA3,,IIFL Finance Ltd. (08/09/2026) **,INE530B14HU2,Other,ICRA A1+,ICRA A1+,,3000.0,14976.84,,INF209K01VA3_Aditya Birla Sun Life Liquid Fund.xlsx,CASH,96,True,Equity Candidate
Aditya Birla Sun Life Liquid Fund,INF209K01VA3,,Tata Projects Ltd. (11/09/2026) **,INE725H14DK5,Other,CRISIL A1+,CRISIL A1+,,3000.0,14973.9,,INF209K01VA3_Aditya Birla Sun Life Liquid Fund.xlsx,CASH,97,True,Equity Candidate
Aditya Birla Sun Life Liquid Fund,INF209K01VA3,,Godrej Properties Ltd. (15/09/2026) **,INE484J14D32,Other,ICRA A1+,ICRA A1+,,3000.0,14963.22,,INF209K01VA3_Aditya Birla Sun Life Liquid Fund.xlsx,CASH,98,True,Equity Candidate
Aditya Birla Sun Life Liquid Fund,INF209K01VA3,,Infina Finance Pvt. Ltd. (17/09/2026) **,INE879F14NF3,Other,ICRA A1+,ICRA A1+,,3000.0,14955.26,,INF209K01VA3_Aditya Birla Sun Life Liquid Fund.xlsx,CASH,99,True,Equity Candidate
Aditya Birla Sun Life Liquid Fund,INF209K01VA3,,Redington Ltd. (24/09/2026) **,INE891D14C44,Other,ICRA A1+,ICRA A1+,,3000.0,14939.01,,INF209K01VA3_Aditya Birla Sun Life Liquid Fund.xlsx,CASH,100,True,Equity Candidate
Aditya Birla Sun Life Liquid Fund,INF209K01VA3,,Manappuram Finance Ltd. (30/10/2026) **,INE522D14PW4,Other,CRISIL A1+,CRISIL A1+,,3000.0,14823.53,,INF209K01VA3_Aditya Birla Sun Life Liquid Fund.xlsx,CASH,101,True,Equity Candidate
Aditya Birla Sun Life Liquid Fund,INF209K01VA3,,Fedbank Financial Services Ltd. (17/11/2026) **,INE007N14FO3,Other,CRISIL A1+,CRISIL A1+,,3000.0,14771.28,,INF209K01VA3_Aditya Birla Sun Life Liquid Fund.xlsx,CASH,102,True,Equity Candidate
Aditya Birla Sun Life Liquid Fund,INF209K01VA3,,GIC Housing Finance Ltd. (27/11/2026) **,INE289B14KH6,Other,CRISIL A1+,CRISIL A1+,,3000.0,14762.49,,INF209K01VA3_Aditya Birla Sun Life Liquid Fund.xlsx,CASH,103,True,Equity Candidate
Aditya Birla Sun Life Liquid Fund,INF209K01VA3,,Tata Housing Development Co. Ltd. (16/11/2026) **,INE582L14JV6,Other,CARE A1+,CARE A1+,,2800.0,13797.46,,INF209K01VA3_Aditya Birla Sun Life Liquid Fund.xlsx,CASH,104,True,Equity Candidate
Aditya Birla Sun Life Liquid Fund,INF209K01VA3,,Tata Housing Development Co. Ltd. (16/09/2026) **,INE582L14JS2,Other,CARE A1+,CARE A1+,,2500.0,12467.38,,INF209K01VA3_Aditya Birla Sun Life Liquid Fund.xlsx,CASH,105,True,Equity Candidate
Aditya Birla Sun Life Liquid Fund,INF209K01VA3,,ICICI Securities Ltd. (16/09/2026) **,INE763G14K79,Other,ICRA A1+,ICRA A1+,,2500.0,12465.63,,INF209K01VA3_Aditya Birla Sun Life Liquid Fund.xlsx,CASH,106,True,Equity Candidate
Aditya Birla Sun Life Liquid Fund,INF209K01VA3,,DSP Finance Pvt. Ltd. (18/09/2026) **,INE422H14388,Other,ICRA A1+,ICRA A1+,,2100.0,10465.47,,INF209K01VA3_Aditya Birla Sun Life Liquid Fund.xlsx,CASH,107,True,Equity Candidate
Aditya Birla Sun Life Liquid Fund,INF209K01VA3,,Export-Import Bank of India (03/09/2026),INE514E14TL4,Other,CRISIL A1+,CRISIL A1+,,2000.0,9996.66,,INF209K01VA3_Aditya Birla Sun Life Liquid Fund.xlsx,CASH,108,True,Equity Candidate
Aditya Birla Sun Life Liquid Fund,INF209K01VA3,,Sharekhan Ltd. (03/09/2026) **,INE211H14AT3,Other,ICRA A1+,ICRA A1+,,2000.0,9996.23,,INF209K01VA3_Aditya Birla Sun Life Liquid Fund.xlsx,CASH,109,True,Equity Candidate
Aditya Birla Sun Life Liquid Fund,INF209K01VA3,,Julius Baer Capital (India) Pvt. Ltd. (04/09/2026) **,INE824H14UM6,Other,ICRA A1+,ICRA A1+,,2000.0,9994.59,,INF209K01VA3_Aditya Birla Sun Life Liquid Fund.xlsx,CASH,110,True,Equity Candidate
Aditya Birla Sun Life Liquid Fund,INF209K01VA3,,Mirae Asset Capital Markets (I) Pvt. Ltd. (04/09/2026) **,INE0T2V14111,Other,ICRA A1+,ICRA A1+,,2000.0,9994.51,,INF209K01VA3_Aditya Birla Sun Life Liquid Fund.xlsx,CASH,111,True,Equity Candidate
Aditya Birla Sun Life Liquid Fund,INF209K01VA3,,Mirae Asset Financial Service (04/09/2026) **,INE0JRU14487,Other,CRISIL A1+,CRISIL A1+,,2000.0,9994.1,,INF209K01VA3_Aditya Birla Sun Life Liquid Fund.xlsx,CASH,112,True,Equity Candidate
Aditya Birla Sun Life Liquid Fund,INF209K01VA3,,Angel One Ltd. (07/09/2026) **,INE732I14CL9,Other,ICRA A1+,ICRA A1+,,2000.0,9987.94,,INF209K01VA3_Aditya Birla Sun Life Liquid Fund.xlsx,CASH,113,True,Equity Candidate
Aditya Birla Sun Life Liquid Fund,INF209K01VA3,,Manappuram Finance Ltd. (08/09/2026) **,INE522D14PO1,Other,CRISIL A1+,CRISIL A1+,,2000.0,9986.62,,INF209K01VA3_Aditya Birla Sun Life Liquid Fund.xlsx,CASH,114,True,Equity Candidate
Aditya Birla Sun Life Liquid Fund,INF209K01VA3,,National Bank for Agriculture and Rural Development (10/09/2026) **,INE261F14PS2,Other,ICRA A1+,ICRA A1+,,2000.0,9984.76,,INF209K01VA3_Aditya Birla Sun Life Liquid Fund.xlsx,CASH,115,True,Equity Candidate
Aditya Birla Sun Life Liquid Fund,INF209K01VA3,,Manappuram Finance Ltd. (09/09/2026) **,INE522D14PP8,Other,CRISIL A1+,CRISIL A1+,,2000.0,9984.71,,INF209K01VA3_Aditya Birla Sun Life Liquid Fund.xlsx,CASH,116,True,Equity Candidate
Aditya Birla Sun Life Liquid Fund,INF209K01VA3,,SBICAP Securities Ltd. (11/09/2026) **,INE212K14EJ8,Other,ICRA A1+,ICRA A1+,,2000.0,9981.76,,INF209K01VA3_Aditya Birla Sun Life Liquid Fund.xlsx,CASH,117,True,Equity Candidate
Aditya Birla Sun Life Liquid Fund,INF209K01VA3,,Infina Finance Pvt. Ltd. (11/09/2026) **,INE879F14LN1,Other,ICRA A1+,ICRA A1+,,2000.0,9981.47,,INF209K01VA3_Aditya Birla Sun Life Liquid Fund.xlsx,CASH,118,True,Equity Candidate
Aditya Birla Sun Life Liquid Fund,INF209K01VA3,,SBICAP Securities Ltd. (15/09/2026) **,INE212K14EI0,Other,ICRA A1+,ICRA A1+,,2000.0,9974.39,,INF209K01VA3_Aditya Birla Sun Life Liquid Fund.xlsx,CASH,119,True,Equity Candidate
Aditya Birla Sun Life Liquid Fund,INF209K01VA3,,Manappuram Finance Ltd. (16/09/2026) **,INE522D14OT3,Other,CRISIL A1+,CRISIL A1+,,2000.0,9971.17,,INF209K01VA3_Aditya Birla Sun Life Liquid Fund.xlsx,CASH,120,True,Equity Candidate
Aditya Birla Sun Life Liquid Fund,INF209K01VA3,,Cholamandalam Investment & Finance Co. Ltd. (18/09/2026) **,INE121A14YU7,Other,ICRA A1+,ICRA A1+,,2000.0,9968.66,,INF209K01VA3_Aditya Birla Sun Life Liquid Fund.xlsx,CASH,121,True,Equity Candidate
Aditya Birla Sun Life Liquid Fund,INF209K01VA3,,Nuvama Wealth & Investment Ltd. (18/09/2026) **,INE523L14BR5,Other,ICRA A1+,ICRA A1+,,2000.0,9966.47,,INF209K01VA3_Aditya Birla Sun Life Liquid Fund.xlsx,CASH,122,True,Equity Candidate
Aditya Birla Sun Life Liquid Fund,INF209K01VA3,,Redington Ltd. (23/09/2026) **,INE891D14C51,Other,ICRA A1+,ICRA A1+,,2000.0,9961.1,,INF209K01VA3_Aditya Birla Sun Life Liquid Fund.xlsx,CASH,123,True,Equity Candidate
Aditya Birla Sun Life Liquid Fund,INF209K01VA3,,Godrej Properties Ltd. (24/09/2026) **,INE484J14E15,Other,ICRA A1+,ICRA A1+,,2000.0,9959.43,,INF209K01VA3_Aditya Birla Sun Life Liquid Fund.xlsx,CASH,124,True,Equity Candidate
Aditya Birla Sun Life Liquid Fund,INF209K01VA3,,Mirae Asset Financial Service (23/09/2026) **,INE0JRU14503,Other,CRISIL A1+,CRISIL A1+,,2000.0,9955.54,,INF209K01VA3_Aditya Birla Sun Life Liquid Fund.xlsx,CASH,125,True,Equity Candidate
Aditya Birla Sun Life Liquid Fund,INF209K01VA3,,Muthoot Finance Ltd. (23/11/2026) **,INE414G14UZ0,Other,CRISIL A1+,CRISIL A1+,,2000.0,9836.93,,INF209K01VA3_Aditya Birla Sun Life Liquid Fund.xlsx,CASH,126,True,Equity Candidate
Aditya Birla Sun Life Liquid Fund,INF209K01VA3,,SBICAP Securities Ltd. (27/11/2026) **,INE212K14EV3,Other,CRISIL A1+,CRISIL A1+,,2000.0,9833.12,,INF209K01VA3_Aditya Birla Sun Life Liquid Fund.xlsx,CASH,127,True,Equity Candidate
Aditya Birla Sun Life Liquid Fund,INF209K01VA3,,HSBC Investdirect Financial Services India Ltd. (03/09/2026) **,INE790I14HW3,Other,CRISIL A1+,CRISIL A1+,,1500.0,7497.33,,INF209K01VA3_Aditya Birla Sun Life Liquid Fund.xlsx,CASH,128,True,Equity Candidate
Aditya Birla Sun Life Liquid Fund,INF209K01VA3,,Kotak Mahindra Prime Ltd. (07/09/2026) **,INE916D145Y5,Other,ICRA A1+,ICRA A1+,,1500.0,7491.92,,INF209K01VA3_Aditya Birla Sun Life Liquid Fund.xlsx,CASH,129,True,Equity Candidate
Aditya Birla Sun Life Liquid Fund,INF209K01VA3,,GIC Housing Finance Ltd. (10/09/2026) **,INE289B14KC7,Other,ICRA A1+,ICRA A1+,,1500.0,7487.95,,INF209K01VA3_Aditya Birla Sun Life Liquid Fund.xlsx,CASH,130,True,Equity Candidate
Aditya Birla Sun Life Liquid Fund,INF209K01VA3,,Muthoot Finance Ltd. (11/09/2026) **,INE414G14UU1,Other,ICRA A1+,ICRA A1+,,1500.0,7485.95,,INF209K01VA3_Aditya Birla Sun Life Liquid Fund.xlsx,CASH,131,True,Equity Candidate
Aditya Birla Sun Life Liquid Fund,INF209K01VA3,,Godrej Industries Ltd. (15/09/2026) **,INE233A148Y8,Other,ICRA A1+,ICRA A1+,,1500.0,7481.96,,INF209K01VA3_Aditya Birla Sun Life Liquid Fund.xlsx,CASH,132,True,Equity Candidate
Aditya Birla Sun Life Liquid Fund,INF209K01VA3,,Godrej Industries Ltd. (16/09/2026) **,INE233A148Z5,Other,ICRA A1+,ICRA A1+,,1500.0,7480.51,,INF209K01VA3_Aditya Birla Sun Life Liquid Fund.xlsx,CASH,133,True,Equity Candidate
Aditya Birla Sun Life Liquid Fund,INF209K01VA3,,Godrej Industries Ltd. (17/09/2026) **,INE233A149A6,Other,ICRA A1+,ICRA A1+,,1500.0,7479.22,,INF209K01VA3_Aditya Birla Sun Life Liquid Fund.xlsx,CASH,134,True,Equity Candidate
Aditya Birla Sun Life Liquid Fund,INF209K01VA3,,Godrej Industries Ltd. (18/09/2026) **,INE233A149B4,Other,ICRA A1+,ICRA A1+,,1500.0,7477.92,,INF209K01VA3_Aditya Birla Sun Life Liquid Fund.xlsx,CASH,135,True,Equity Candidate
Aditya Birla Sun Life Liquid Fund,INF209K01VA3,,Hindustan Petroleum Corporation Ltd. (25/09/2026) **,INE094A14KG4,Other,CRISIL A1+,CRISIL A1+,,1500.0,7469.63,,INF209K01VA3_Aditya Birla Sun Life Liquid Fund.xlsx,CASH,136,True,Equity Candidate
Aditya Birla Sun Life Liquid Fund,INF209K01VA3,,Nuvama Wealth & Investment Ltd. (09/09/2026) **,INE523L14BN4,Other,ICRA A1+,ICRA A1+,,1400.0,6989.01,,INF209K01VA3_Aditya Birla Sun Life Liquid Fund.xlsx,CASH,137,True,Equity Candidate
Aditya Birla Sun Life Liquid Fund,INF209K01VA3,,Tata Teleservices (Maharastra) Ltd. (09/11/2026) **,INE517B14AL3,Other,CRISIL A1+,CRISIL A1+,,1300.0,6415.38,,INF209K01VA3_Aditya Birla Sun Life Liquid Fund.xlsx,CASH,138,True,Equity Candidate
Aditya Birla Sun Life Liquid Fund,INF209K01VA3,,Muthoot Finance Ltd. (08/09/2026) **,INE414G14UT3,Other,ICRA A1+,ICRA A1+,,1000.0,4993.44,,INF209K01VA3_Aditya Birla Sun Life Liquid Fund.xlsx,CASH,139,True,Equity Candidate
Aditya Birla Sun Life Liquid Fund,INF209K01VA3,,National Bank for Agriculture and Rural Development (09/09/2026),INE261F14PR4,Other,ICRA A1+,ICRA A1+,,1000.0,4993.33,,INF209K01VA3_Aditya Birla Sun Life Liquid Fund.xlsx,CASH,140,True,Equity Candidate
Aditya Birla Sun Life Liquid Fund,INF209K01VA3,,IDBI Capital Markets & Securities Ltd. (08/09/2026) **,INE835F14179,Other,CARE A1+,CARE A1+,,1000.0,4992.73,,INF209K01VA3_Aditya Birla Sun Life Liquid Fund.xlsx,CASH,141,True,Equity Candidate
Aditya Birla Sun Life Liquid Fund,INF209K01VA3,,Godrej Finance Ltd. (11/09/2026) **,INE02KN14721,Other,ICRA A1+,ICRA A1+,,1000.0,4990.72,,INF209K01VA3_Aditya Birla Sun Life Liquid Fund.xlsx,CASH,142,True,Equity Candidate
Aditya Birla Sun Life Liquid Fund,INF209K01VA3,,Manappuram Finance Ltd. (15/09/2026) **,INE522D14OU1,Other,CRISIL A1+,CRISIL A1+,,1000.0,4986.59,,INF209K01VA3_Aditya Birla Sun Life Liquid Fund.xlsx,CASH,143,True,Equity Candidate
Aditya Birla Sun Life Liquid Fund,INF209K01VA3,,REC Ltd. (21/09/2026) **,INE020B14706,Other,ICRA A1+,ICRA A1+,,1000.0,4983.07,,INF209K01VA3_Aditya Birla Sun Life Liquid Fund.xlsx,CASH,144,True,Equity Candidate
Aditya Birla Sun Life Liquid Fund,INF209K01VA3,,Small Industries Development Bank of India (28/10/2026) **,INE556F14MO1,Other,CRISIL A1+,CRISIL A1+,,1000.0,4951.02,,INF209K01VA3_Aditya Birla Sun Life Liquid Fund.xlsx,CASH,145,True,Equity Candidate
Aditya Birla Sun Life Liquid Fund,INF209K01VA3,,IDBI Capital Markets & Securities Ltd. (06/11/2026) **,INE835F14195,Other,CARE A1+,CARE A1+,,1000.0,4927.74,,INF209K01VA3_Aditya Birla Sun Life Liquid Fund.xlsx,CASH,146,True,Equity Candidate
Aditya Birla Sun Life Liquid Fund,INF209K01VA3,,Mirae Asset Financial Service (03/12/2026) **,INE0JRU14545,Other,CRISIL A1+,CRISIL A1+,,1000.0,4907.02,,INF209K01VA3_Aditya Birla Sun Life Liquid Fund.xlsx,CASH,147,True,Equity Candidate
Aditya Birla Sun Life Liquid Fund,INF209K01VA3,,National Bank for Agriculture and Rural Development (03/09/2026) **,INE261F14PN3,Other,CRISIL A1+,CRISIL A1+,,500.0,2499.16,,INF209K01VA3_Aditya Birla Sun Life Liquid Fund.xlsx,CASH,148,True,Equity Candidate
Aditya Birla Sun Life Liquid Fund,INF209K01VA3,,Small Industries Development Bank of India (11/09/2026) **,INE556F14MK9,Other,CRISIL A1+,CRISIL A1+,,500.0,2495.76,,INF209K01VA3_Aditya Birla Sun Life Liquid Fund.xlsx,CASH,149,True,Equity Candidate
Aditya Birla Sun Life Liquid Fund,INF209K01VA3,,IDBI Capital Markets & Securities Ltd. (11/09/2026) **,INE835F14187,Other,CARE A1+,CARE A1+,,500.0,2494.81,,INF209K01VA3_Aditya Birla Sun Life Liquid Fund.xlsx,CASH,150,True,Equity Candidate
Aditya Birla Sun Life Liquid Fund,INF209K01VA3,,Bajaj Finance Ltd. (04/11/2026) **,INE296A14D13,Other,ICRA A1+,ICRA A1+,,500.0,2469.73,,INF209K01VA3_Aditya Birla Sun Life Liquid Fund.xlsx,CASH,151,True,Equity Candidate
Aditya Birla Sun Life Liquid Fund,INF209K01VA3,,Certificate of Deposits,,Debt,,,,,,,INF209K01VA3_Aditya Birla Sun Life Liquid Fund.xlsx,CASH,153,False,Non-Equity
Aditya Birla Sun Life Liquid Fund,INF209K01VA3,,Union Bank of India (01/10/2026) **#,INE692A16MR3,Other,ICRA A1+,ICRA A1+,,39000.0,193999.46,,INF209K01VA3_Aditya Birla Sun Life Liquid Fund.xlsx,CASH,154,True,Equity Candidate
Aditya Birla Sun Life Liquid Fund,INF209K01VA3,,HDFC Bank Ltd. (11/09/2026) **#,INE040A16HN4,Other,ICRA A1+,ICRA A1+,,31000.0,154741.46,,INF209K01VA3_Aditya Birla Sun Life Liquid Fund.xlsx,CASH,155,True,Equity Candidate
Aditya Birla Sun Life Liquid Fund,INF209K01VA3,,City Union Bank Ltd. (10/09/2026) **#,INE491A16169,Other,ICRA A1+,ICRA A1+,,24000.0,119803.56,,INF209K01VA3_Aditya Birla Sun Life Liquid Fund.xlsx,CASH,156,True,Equity Candidate
Aditya Birla Sun Life Liquid Fund,INF209K01VA3,,HDFC Bank Ltd. (06/11/2026) **#,INE040A16HU9,Other,ICRA A1+,ICRA A1+,,23000.0,113676.47,,INF209K01VA3_Aditya Birla Sun Life Liquid Fund.xlsx,CASH,157,True,Equity Candidate
Aditya Birla Sun Life Liquid Fund,INF209K01VA3,,Axis Bank Ltd. (26/11/2026) **#,INE238AD6BO6,Other,ICRA A1+,ICRA A1+,,18000.0,88663.05,,INF209K01VA3_Aditya Birla Sun Life Liquid Fund.xlsx,CASH,158,True,Equity Candidate
Aditya Birla Sun Life Liquid Fund,INF209K01VA3,,ICICI Bank Ltd. (15/09/2026) **#,INE090AD6378,Other,ICRA A1+,ICRA A1+,,15000.0,74825.48,,INF209K01VA3_Aditya Birla Sun Life Liquid Fund.xlsx,CASH,159,True,Equity Candidate
Aditya Birla Sun Life Liquid Fund,INF209K01VA3,,Punjab & Sind Bank (17/11/2026) **#,INE608A16TM5,Other,ICRA A1+,ICRA A1+,,15000.0,73989.38,,INF209K01VA3_Aditya Birla Sun Life Liquid Fund.xlsx,CASH,160,True,Equity Candidate
Aditya Birla Sun Life Liquid Fund,INF209K01VA3,,Yes Bank Ltd. (18/11/2026) **#,INE528G16Y10,Other,CRISIL A1+,CRISIL A1+,,15000.0,73961.63,,INF209K01VA3_Aditya Birla Sun Life Liquid Fund.xlsx,CASH,161,True,Equity Candidate
Aditya Birla Sun Life Liquid Fund,INF209K01VA3,,Union Bank of India (23/09/2026) **#,INE692A16MO0,Other,ICRA A1+,ICRA A1+,,14500.0,72234.43,,INF209K01VA3_Aditya Birla Sun Life Liquid Fund.xlsx,CASH,162,True,Equity Candidate
Aditya Birla Sun Life Liquid Fund,INF209K01VA3,,Union Bank of India (21/09/2026) **#,INE692A16MM4,Other,ICRA A1+,ICRA A1+,,13000.0,64784.4,,INF209K01VA3_Aditya Birla Sun Life Liquid Fund.xlsx,CASH,163,True,Equity Candidate
Aditya Birla Sun Life Liquid Fund,INF209K01VA3,,DBS Bank Ltd. (07/09/2026) **#,INE01GA16293,Other,CRISIL A1+,CRISIL A1+,,12000.0,59940.12,,INF209K01VA3_Aditya Birla Sun Life Liquid Fund.xlsx,CASH,164,True,Equity Candidate
Aditya Birla Sun Life Liquid Fund,INF209K01VA3,,HDFC Bank Ltd. (10/09/2026) #,INE040A16HL8,Other,ICRA A1+,ICRA A1+,,12000.0,59909.88,,INF209K01VA3_Aditya Birla Sun Life Liquid Fund.xlsx,CASH,165,True,Equity Candidate
Aditya Birla Sun Life Liquid Fund,INF209K01VA3,,Canara Bank (15/09/2026) **#,INE476A16I18,Other,ICRA A1+,ICRA A1+,,11500.0,57367.23,,INF209K01VA3_Aditya Birla Sun Life Liquid Fund.xlsx,CASH,166,True,Equity Candidate
Aditya Birla Sun Life Liquid Fund,INF209K01VA3,,HDFC Bank Ltd. (21/09/2026) **#,INE040A16HR5,Other,ICRA A1+,ICRA A1+,,11500.0,57306.11,,INF209K01VA3_Aditya Birla Sun Life Liquid Fund.xlsx,CASH,167,True,Equity Candidate
Aditya Birla Sun Life Liquid Fund,INF209K01VA3,,Union Bank of India (12/10/2026) **#,INE692A16MS1,Other,ICRA A1+,ICRA A1+,,11000.0,54615.06,,INF209K01VA3_Aditya Birla Sun Life Liquid Fund.xlsx,CASH,168,True,Equity Candidate
Aditya Birla Sun Life Liquid Fund,INF209K01VA3,,HDFC Bank Ltd. (07/09/2026) **#,INE040A16JO8,Other,ICRA A1+,ICRA A1+,,10000.0,49950.55,,INF209K01VA3_Aditya Birla Sun Life Liquid Fund.xlsx,CASH,169,True,Equity Candidate
Aditya Birla Sun Life Liquid Fund,INF209K01VA3,,DCB Bank Ltd. (15/09/2026) **#,INE503A16IA6,Other,CRISIL A1+,CRISIL A1+,,10000.0,49879.4,,INF209K01VA3_Aditya Birla Sun Life Liquid Fund.xlsx,CASH,170,True,Equity Candidate
Aditya Birla Sun Life Liquid Fund,INF209K01VA3,,Axis Bank Ltd. (16/09/2026) **#,INE238AD6CQ9,Other,ICRA A1+,ICRA A1+,,10000.0,49873.95,,INF209K01VA3_Aditya Birla Sun Life Liquid Fund.xlsx,CASH,171,True,Equity Candidate
Aditya Birla Sun Life Liquid Fund,INF209K01VA3,,HDFC Bank Ltd. (16/09/2026) **#,INE040A16JQ3,Other,ICRA A1+,ICRA A1+,,10000.0,49873.45,,INF209K01VA3_Aditya Birla Sun Life Liquid Fund.xlsx,CASH,172,True,Equity Candidate
Aditya Birla Sun Life Liquid Fund,INF209K01VA3,,Punjab National Bank (18/09/2026) **#,INE160A16VK7,Other,ICRA A1+,ICRA A1+,,10000.0,49858.6,,INF209K01VA3_Aditya Birla Sun Life Liquid Fund.xlsx,CASH,173,True,Equity Candidate
Aditya Birla Sun Life Liquid Fund,INF209K01VA3,,Karur Vysya Bank Ltd. (17/11/2026) **#,INE036D16KO8,Other,CRISIL A1+,CRISIL A1+,,10000.0,49321.65,,INF209K01VA3_Aditya Birla Sun Life Liquid Fund.xlsx,CASH,174,True,Equity Candidate
Aditya Birla Sun Life Liquid Fund,INF209K01VA3,,Yes Bank Ltd. (17/11/2026) **#,INE528G16Y02,Other,CRISIL A1+,CRISIL A1+,,10000.0,49316.5,,INF209K01VA3_Aditya Birla Sun Life Liquid Fund.xlsx,CASH,175,True,Equity Candidate
Aditya Birla Sun Life Liquid Fund,INF209K01VA3,,Central Bank of India (27/11/2026) **#,INE483A16LD9,Other,CRISIL A1+,CRISIL A1+,,10000.0,49236.0,,INF209K01VA3_Aditya Birla Sun Life Liquid Fund.xlsx,CASH,176,True,Equity Candidate
Aditya Birla Sun Life Liquid Fund,INF209K01VA3,,Indian Bank (01/10/2026) **#,INE562A16RG0,Other,CRISIL A1+,CRISIL A1+,,9000.0,44770.95,,INF209K01VA3_Aditya Birla Sun Life Liquid Fund.xlsx,CASH,177,True,Equity Candidate
Aditya Birla Sun Life Liquid Fund,INF209K01VA3,,IndusInd Bank Ltd. (01/09/2026) **#,INE095A167E7,Other,CRISIL A1+,CRISIL A1+,,8000.0,40000.0,,INF209K01VA3_Aditya Birla Sun Life Liquid Fund.xlsx,CASH,178,True,Equity Candidate
Aditya Birla Sun Life Liquid Fund,INF209K01VA3,,The Jammu & Kashmir Bank Ltd. (03/09/2026) **#,INE168A16NK7,Other,CRISIL A1+,CRISIL A1+,,8000.0,39986.04,,INF209K01VA3_Aditya Birla Sun Life Liquid Fund.xlsx,CASH,179,True,Equity Candidate
Aditya Birla Sun Life Liquid Fund,INF209K01VA3,,The Jammu & Kashmir Bank Ltd. (08/09/2026) **#,INE168A16NL5,Other,CRISIL A1+,CRISIL A1+,,8000.0,39950.6,,INF209K01VA3_Aditya Birla Sun Life Liquid Fund.xlsx,CASH,180,True,Equity Candidate
Aditya Birla Sun Life Liquid Fund,INF209K01VA3,,Punjab & Sind Bank (15/09/2026) **#,INE608A16TK9,Other,ICRA A1+,ICRA A1+,,8000.0,39906.56,,INF209K01VA3_Aditya Birla Sun Life Liquid Fund.xlsx,CASH,181,True,Equity Candidate
Aditya Birla Sun Life Liquid Fund,INF209K01VA3,,Punjab & Sind Bank (16/09/2026) **#,INE608A16TL7,Other,ICRA A1+,ICRA A1+,,8000.0,39899.24,,INF209K01VA3_Aditya Birla Sun Life Liquid Fund.xlsx,CASH,182,True,Equity Candidate
Aditya Birla Sun Life Liquid Fund,INF209K01VA3,,DCB Bank Ltd. (30/11/2026) **#,INE503A16ID0,Other,CRISIL A1+,CRISIL A1+,,8000.0,39338.96,,INF209K01VA3_Aditya Birla Sun Life Liquid Fund.xlsx,CASH,183,True,Equity Candidate
Aditya Birla Sun Life Liquid Fund,INF209K01VA3,,Axis Bank Ltd. (11/09/2026) **#,INE238AD6BQ1,Other,ICRA A1+,ICRA A1+,,6500.0,32446.02,,INF209K01VA3_Aditya Birla Sun Life Liquid Fund.xlsx,CASH,184,True,Equity Candidate
Aditya Birla Sun Life Liquid Fund,INF209K01VA3,,Central Bank of India (08/09/2026) **#,INE483A16KT7,Other,CRISIL A1+,CRISIL A1+,,6000.0,29965.11,,INF209K01VA3_Aditya Birla Sun Life Liquid Fund.xlsx,CASH,185,True,Equity Candidate
Aditya Birla Sun Life Liquid Fund,INF209K01VA3,,Central Bank of India (25/09/2026) **#,INE483A16KX9,Other,CRISIL A1+,CRISIL A1+,,6000.0,29878.68,,INF209K01VA3_Aditya Birla Sun Life Liquid Fund.xlsx,CASH,186,True,Equity Candidate
Aditya Birla Sun Life Liquid Fund,INF209K01VA3,,UCO Bank (04/11/2026) **#,INE691A16ML8,Other,CRISIL A1+,CRISIL A1+,,6000.0,29661.69,,INF209K01VA3_Aditya Birla Sun Life Liquid Fund.xlsx,CASH,187,True,Equity Candidate
Aditya Birla Sun Life Liquid Fund,INF209K01VA3,,National Bank for Agriculture and Rural Development (10/11/2026) **#,INE261F16AC3,Other,CRISIL A1+,CRISIL A1+,,6000.0,29635.41,,INF209K01VA3_Aditya Birla Sun Life Liquid Fund.xlsx,CASH,188,True,Equity Candidate
Aditya Birla Sun Life Liquid Fund,INF209K01VA3,,Canara Bank (09/09/2026) **#,INE476A16J82,Other,ICRA A1+,ICRA A1+,,5000.0,24967.2,,INF209K01VA3_Aditya Birla Sun Life Liquid Fund.xlsx,CASH,189,True,Equity Candidate
Aditya Birla Sun Life Liquid Fund,INF209K01VA3,,City Union Bank Ltd. (11/09/2026) **#,INE491A16177,Other,ICRA A1+,ICRA A1+,,5000.0,24954.55,,INF209K01VA3_Aditya Birla Sun Life Liquid Fund.xlsx,CASH,190,True,Equity Candidate
Aditya Birla Sun Life Liquid Fund,INF209K01VA3,,Karur Vysya Bank Ltd. (18/09/2026) **#,INE036D16JD3,Other,ICRA A1+,ICRA A1+,,5000.0,24927.55,,INF209K01VA3_Aditya Birla Sun Life Liquid Fund.xlsx,CASH,191,True,Equity Candidate
Aditya Birla Sun Life Liquid Fund,INF209K01VA3,,Union Bank of India (22/09/2026) **#,INE692A16MN2,Other,ICRA A1+,ICRA A1+,,5000.0,24912.93,,INF209K01VA3_Aditya Birla Sun Life Liquid Fund.xlsx,CASH,192,True,Equity Candidate
Aditya Birla Sun Life Liquid Fund,INF209K01VA3,,HDFC Bank Ltd. (01/10/2026) #,INE040A16JS9,Other,ICRA A1+,ICRA A1+,,5000.0,24871.23,,INF209K01VA3_Aditya Birla Sun Life Liquid Fund.xlsx,CASH,193,True,Equity Candidate
Aditya Birla Sun Life Liquid Fund,INF209K01VA3,,The Federal Bank Ltd. (15/10/2026) **#,INE171A16OA0,Other,CRISIL A1+,CRISIL A1+,,5000.0,24807.43,,INF209K01VA3_Aditya Birla Sun Life Liquid Fund.xlsx,CASH,194,True,Equity Candidate
Aditya Birla Sun Life Liquid Fund,INF209K01VA3,,Punjab National Bank (15/09/2026) #,INE160A16UT0,Other,ICRA A1+,ICRA A1+,,4500.0,22447.67,,INF209K01VA3_Aditya Birla Sun Life Liquid Fund.xlsx,CASH,195,True,Equity Candidate
Aditya Birla Sun Life Liquid Fund,INF209K01VA3,,DCB Bank Ltd. (02/09/2026) **#,INE503A16HZ5,Other,CRISIL A1+,CRISIL A1+,,4000.0,19996.62,,INF209K01VA3_Aditya Birla Sun Life Liquid Fund.xlsx,CASH,196,True,Equity Candidate
Aditya Birla Sun Life Liquid Fund,INF209K01VA3,,Karur Vysya Bank Ltd. (15/09/2026) **#,INE036D16KD1,Other,ICRA A1+,ICRA A1+,,4000.0,19952.52,,INF209K01VA3_Aditya Birla Sun Life Liquid Fund.xlsx,CASH,197,True,Equity Candidate
Aditya Birla Sun Life Liquid Fund,INF209K01VA3,,DCB Bank Ltd. (02/12/2026) **#,INE503A16IE8,Other,CRISIL A1+,CRISIL A1+,,4000.0,19665.14,,INF209K01VA3_Aditya Birla Sun Life Liquid Fund.xlsx,CASH,198,True,Equity Candidate
Aditya Birla Sun Life Liquid Fund,INF209K01VA3,,Small Industries Development Bank of India (06/11/2026) **#,INE556F16BQ4,Other,CRISIL A1+,CRISIL A1+,,3800.0,18781.14,,INF209K01VA3_Aditya Birla Sun Life Liquid Fund.xlsx,CASH,199,True,Equity Candidate
Aditya Birla Sun Life Liquid Fund,INF209K01VA3,,Bank of Baroda (05/11/2026) **#,INE028A16KH5,Other,CARE A1+,CARE A1+,,3500.0,17303.41,,INF209K01VA3_Aditya Birla Sun Life Liquid Fund.xlsx,CASH,200,True,Equity Candidate
Aditya Birla Sun Life Liquid Fund,INF209K01VA3,,AU Small Finance Bank Ltd. (06/11/2026) **#,INE949L16DZ6,Other,CRISIL A1+,CRISIL A1+,,3500.0,17291.93,,INF209K01VA3_Aditya Birla Sun Life Liquid Fund.xlsx,CASH,201,True,Equity Candidate
Aditya Birla Sun Life Liquid Fund,INF209K01VA3,,Bank of Baroda (25/11/2026) #,INE028A16KK9,Other,CARE A1+,CARE A1+,,3000.0,14780.4,,INF209K01VA3_Aditya Birla Sun Life Liquid Fund.xlsx,CASH,202,True,Equity Candidate
Aditya Birla Sun Life Liquid Fund,INF209K01VA3,,Indian Bank (06/11/2026) **#,INE562A16PT7,Other,CRISIL A1+,CRISIL A1+,,2500.0,12357.34,,INF209K01VA3_Aditya Birla Sun Life Liquid Fund.xlsx,CASH,203,True,Equity Candidate
Aditya Birla Sun Life Liquid Fund,INF209K01VA3,,Bank of Baroda (07/09/2026) #,INE028A16MP4,Other,CARE A1+,CARE A1+,,2000.0,9990.2,,INF209K01VA3_Aditya Birla Sun Life Liquid Fund.xlsx,CASH,204,True,Equity Candidate
Aditya Birla Sun Life Liquid Fund,INF209K01VA3,,Small Industries Development Bank of India (27/10/2026) **#,INE556F16BN1,Other,CRISIL A1+,CRISIL A1+,,2000.0,9903.9,,INF209K01VA3_Aditya Birla Sun Life Liquid Fund.xlsx,CASH,205,True,Equity Candidate
Aditya Birla Sun Life Liquid Fund,INF209K01VA3,,Axis Bank Ltd. (27/11/2026) #,INE238AD6BP3,Other,CRISIL A1+,CRISIL A1+,,2000.0,9849.74,,INF209K01VA3_Aditya Birla Sun Life Liquid Fund.xlsx,CASH,206,True,Equity Candidate
Aditya Birla Sun Life Liquid Fund,INF209K01VA3,,HDFC Bank Ltd. (09/09/2026) **#,INE040A16JP5,Other,CARE A1+,CARE A1+,,1000.0,4993.33,,INF209K01VA3_Aditya Birla Sun Life Liquid Fund.xlsx,CASH,207,True,Equity Candidate
Aditya Birla Sun Life Liquid Fund,INF209K01VA3,,Small Industries Development Bank of India (10/11/2026) **#,INE556F16BR2,Other,CRISIL A1+,CRISIL A1+,,1000.0,4938.96,,INF209K01VA3_Aditya Birla Sun Life Liquid Fund.xlsx,CASH,208,True,Equity Candidate
Aditya Birla Sun Life Liquid Fund,INF209K01VA3,,HDFC Bank Ltd. (19/11/2026) **#,INE040A16HY1,Other,ICRA A1+,ICRA A1+,,1000.0,4931.28,,INF209K01VA3_Aditya Birla Sun Life Liquid Fund.xlsx,CASH,209,True,Equity Candidate
Aditya Birla Sun Life Liquid Fund,INF209K01VA3,,AU Small Finance Bank Ltd. (25/11/2026) **#,INE949L16EB5,Other,CRISIL A1+,CRISIL A1+,,1000.0,4923.69,,INF209K01VA3_Aditya Birla Sun Life Liquid Fund.xlsx,CASH,210,True,Equity Candidate
Aditya Birla Sun Life Liquid Fund,INF209K01VA3,,Union Bank of India (04/09/2026) **#,INE692A16MJ0,Other,ICRA A1+,ICRA A1+,,500.0,2498.78,,INF209K01VA3_Aditya Birla Sun Life Liquid Fund.xlsx,CASH,211,True,Equity Candidate
Aditya Birla Sun Life Liquid Fund,INF209K01VA3,,Treasury Bills,,Government Security,,,,,,,INF209K01VA3_Aditya Birla Sun Life Liquid Fund.xlsx,CASH,213,False,Non-Equity
Aditya Birla Sun Life Liquid Fund,INF209K01VA3,,91 DAY T-BILL 05.11.26,IN002026X180,Government Security,Sovereign,Sovereign,,230000000.0,227871.35,,INF209K01VA3_Aditya Birla Sun Life Liquid Fund.xlsx,CASH,214,False,Non-Equity
Aditya Birla Sun Life Liquid Fund,INF209K01VA3,,182 DAY T-BILL 10.09.26,IN002025Y495,Government Security,Sovereign,Sovereign,,125000000.0,124840.63,,INF209K01VA3_Aditya Birla Sun Life Liquid Fund.xlsx,CASH,215,False,Non-Equity
Aditya Birla Sun Life Liquid Fund,INF209K01VA3,,91 DAY T-BILL 12.11.26,IN002026X198,Government Security,Sovereign,Sovereign,,117500000.0,116296.57,,INF209K01VA3_Aditya Birla Sun Life Liquid Fund.xlsx,CASH,216,False,Non-Equity
Aditya Birla Sun Life Liquid Fund,INF209K01VA3,,364 DAY T-BILL 08.10.26,IN002025Z286,Government Security,Sovereign,Sovereign,,100000000.0,99483.7,,INF209K01VA3_Aditya Birla Sun Life Liquid Fund.xlsx,CASH,217,False,Non-Equity
Aditya Birla Sun Life Liquid Fund,INF209K01VA3,,91 DAY T-BILL 19.11.26,IN002026X206,Government Security,Sovereign,Sovereign,,80000000.0,79099.44,,INF209K01VA3_Aditya Birla Sun Life Liquid Fund.xlsx,CASH,218,False,Non-Equity
Aditya Birla Sun Life Liquid Fund,INF209K01VA3,,91 DAY T-BILL 08.10.26,IN002026X149,Government Security,Sovereign,Sovereign,,76000000.0,75607.61,,INF209K01VA3_Aditya Birla Sun Life Liquid Fund.xlsx,CASH,219,False,Non-Equity
Aditya Birla Sun Life Liquid Fund,INF209K01VA3,,182 DAY T-BILL 08.10.26,IN002026Y014,Government Security,Sovereign,Sovereign,,71500000.0,71130.85,,INF209K01VA3_Aditya Birla Sun Life Liquid Fund.xlsx,CASH,220,False,Non-Equity
Aditya Birla Sun Life Liquid Fund,INF209K01VA3,,91 DAY T-BILL 10.09.26,IN002026X107,Government Security,Sovereign,Sovereign,,50000000.0,49936.25,,INF209K01VA3_Aditya Birla Sun Life Liquid Fund.xlsx,CASH,221,False,Non-Equity
Aditya Birla Sun Life Liquid Fund,INF209K01VA3,,91 DAY T-BILL 17.09.26,IN002026X115,Government Security,Sovereign,Sovereign,,50000000.0,49890.65,,INF209K01VA3_Aditya Birla Sun Life Liquid Fund.xlsx,CASH,222,False,Non-Equity
Aditya Birla Sun Life Liquid Fund,INF209K01VA3,,364 DAY T-BILL 12.11.26,IN002025Z336,Government Security,Sovereign,Sovereign,,50000000.0,49487.9,,INF209K01VA3_Aditya Birla Sun Life Liquid Fund.xlsx,CASH,223,False,Non-Equity
Aditya Birla Sun Life Liquid Fund,INF209K01VA3,,91 DAY T-BILL 03.09.26,IN002026X099,Government Security,Sovereign,Sovereign,,25000000.0,24992.88,,INF209K01VA3_Aditya Birla Sun Life Liquid Fund.xlsx,CASH,224,False,Non-Equity
Aditya Birla Sun Life Liquid Fund,INF209K01VA3,,91 DAY T-BILL 27.11.26,IN002026X214,Government Security,Sovereign,Sovereign,,20000000.0,19751.92,,INF209K01VA3_Aditya Birla Sun Life Liquid Fund.xlsx,CASH,225,False,Non-Equity
Aditya Birla Sun Life Liquid Fund,INF209K01VA3,,182 DAY T-BILL 19.11.26,IN002026Y071,Government Security,Sovereign,Sovereign,,13500000.0,13348.03,,INF209K01VA3_Aditya Birla Sun Life Liquid Fund.xlsx,CASH,226,False,Non-Equity
Aditya Birla Sun Life Liquid Fund,INF209K01VA3,,182 DAY T-BILL 03.09.26,IN002025Y487,Government Security,Sovereign,Sovereign,,10000000.0,9997.16,,INF209K01VA3_Aditya Birla Sun Life Liquid Fund.xlsx,CASH,227,False,Non-Equity
Aditya Birla Sun Life Liquid Fund,INF209K01VA3,,182 DAY T-BILL 05.11.26,IN002026Y055,Government Security,Sovereign,Sovereign,,9500000.0,9412.08,,INF209K01VA3_Aditya Birla Sun Life Liquid Fund.xlsx,CASH,228,False,Non-Equity
Aditya Birla Sun Life Liquid Fund,INF209K01VA3,,Others,,Other,,,,,,,INF209K01VA3_Aditya Birla Sun Life Liquid Fund.xlsx,CASH,230,False,Other
Aditya Birla Sun Life Liquid Fund,INF209K01VA3,,Alternative Investment Funds,,Other,,,,,,,INF209K01VA3_Aditya Birla Sun Life Liquid Fund.xlsx,CASH,231,False,Other
Aditya Birla Sun Life Liquid Fund,INF209K01VA3,,Corporate Debt Mkt Devp. Fund-A2,INF0RQ622028,Other,,,,145168.6838,17377.6,,INF209K01VA3_Aditya Birla Sun Life Liquid Fund.xlsx,CASH,232,False,Other
Aditya Birla Sun Life Liquid Fund,INF209K01VA3,,TREPS / Reverse Repo Investments,,Other,,,,,,,INF209K01VA3_Aditya Birla Sun Life Liquid Fund.xlsx,CASH,234,False,Non-Equity
Aditya Birla Sun Life Liquid Fund,INF209K01VA3,,Reverse Repo,GSECREPO1039,Government Security,Sovereign,Sovereign,,,35999.93,,INF209K01VA3_Aditya Birla Sun Life Liquid Fund.xlsx,CASH,235,False,Non-Equity
Aditya Birla Sun Life Liquid Fund,INF209K01VA3,,Reverse Repo,GSECREPO1020,Government Security,Sovereign,Sovereign,,,35002.3,,INF209K01VA3_Aditya Birla Sun Life Liquid Fund.xlsx,CASH,236,False,Non-Equity
Aditya Birla Sun Life Liquid Fund,INF209K01VA3,,Reverse Repo,GSECREPO1021,Government Security,Sovereign,Sovereign,,,35002.06,,INF209K01VA3_Aditya Birla Sun Life Liquid Fund.xlsx,CASH,237,False,Non-Equity
Aditya Birla Sun Life Liquid Fund,INF209K01VA3,,Reverse Repo,GSECREPO1024,Government Security,Sovereign,Sovereign,,,28401.26,,INF209K01VA3_Aditya Birla Sun Life Liquid Fund.xlsx,CASH,238,False,Non-Equity
Aditya Birla Sun Life Liquid Fund,INF209K01VA3,,Reverse Repo,GSECREPO1027,Government Security,Sovereign,Sovereign,,,25001.71,,INF209K01VA3_Aditya Birla Sun Life Liquid Fund.xlsx,CASH,239,False,Non-Equity
Aditya Birla Sun Life Liquid Fund,INF209K01VA3,,Reverse Repo,GSECREPO1031,Government Security,Sovereign,Sovereign,,,23001.25,,INF209K01VA3_Aditya Birla Sun Life Liquid Fund.xlsx,CASH,240,False,Non-Equity
Aditya Birla Sun Life Liquid Fund,INF209K01VA3,,Reverse Repo,GSECREPO1032,Government Security,Sovereign,Sovereign,,,23000.67,,INF209K01VA3_Aditya Birla Sun Life Liquid Fund.xlsx,CASH,241,False,Non-Equity
Aditya Birla Sun Life Liquid Fund,INF209K01VA3,,Reverse Repo,GSECREPO1016,Government Security,Sovereign,Sovereign,,,22001.17,,INF209K01VA3_Aditya Birla Sun Life Liquid Fund.xlsx,CASH,242,False,Non-Equity
Aditya Birla Sun Life Liquid Fund,INF209K01VA3,,Reverse Repo,GSECREPO1005,Government Security,Sovereign,Sovereign,,,17099.62,,INF209K01VA3_Aditya Birla Sun Life Liquid Fund.xlsx,CASH,243,False,Non-Equity
Aditya Birla Sun Life Liquid Fund,INF209K01VA3,,Reverse Repo,GSECREPO1037,Government Security,Sovereign,Sovereign,,,12500.63,,INF209K01VA3_Aditya Birla Sun Life Liquid Fund.xlsx,CASH,244,False,Non-Equity
Aditya Birla Sun Life Liquid Fund,INF209K01VA3,,Reverse Repo,GSECREPO1038,Government Security,Sovereign,Sovereign,,,12200.64,,INF209K01VA3_Aditya Birla Sun Life Liquid Fund.xlsx,CASH,245,False,Non-Equity
Aditya Birla Sun Life Liquid Fund,INF209K01VA3,,Reverse Repo,GSECREPO1044,Government Security,Sovereign,Sovereign,,,5999.51,,INF209K01VA3_Aditya Birla Sun Life Liquid Fund.xlsx,CASH,246,False,Non-Equity
Aditya Birla Sun Life Liquid Fund,INF209K01VA3,,Other Current Assets / (Liabilities),,Other,,,,,,,INF209K01VA3_Aditya Birla Sun Life Liquid Fund.xlsx,CASH,248,False,Other
Aditya Birla Sun Life Liquid Fund,INF209K01VA3,,Net Receivable / Payable,,Other,,,,,-221463.9,,INF209K01VA3_Aditya Birla Sun Life Liquid Fund.xlsx,CASH,249,False,Other
Aditya Birla Sun Life Liquid Fund,INF209K01VA3,,GRAND TOTAL (AUM),,Other,,,,,6983016.78,,INF209K01VA3_Aditya Birla Sun Life Liquid Fund.xlsx,CASH,251,False,Other
Aditya Birla Sun Life Liquid Fund,INF209K01VA3,,**  Thinly Traded / Non Traded Security,,Other,,,,,,,INF209K01VA3_Aditya Birla Sun Life Liquid Fund.xlsx,CASH,252,False,Other
Aditya Birla Sun Life Liquid Fund,INF209K01VA3,,#  Unlisted Security,,Other,,,,,,,INF209K01VA3_Aditya Birla Sun Life Liquid Fund.xlsx,CASH,253,False,Other
Aditya Birla Sun Life Liquid Fund,INF209K01VA3,,Net assets includes aggregate investments by other schemes of Aditya Birla Sun Life Mutual Fund amounting to Rs. 74701.28 lakhs as on 31-Aug-2026,,Other,,,,,,,INF209K01VA3_Aditya Birla Sun Life Liquid Fund.xlsx,CASH,254,False,Non-Equity
Aditya Birla Sun Life Liquid Fund,INF209K01VA3,,Notes:,,Other,,,,,,,INF209K01VA3_Aditya Birla Sun Life Liquid Fund.xlsx,CASH,255,False,Other
Aditya Birla Sun Life Liquid Fund,INF209K01VA3,,(1) Plan/Option wise Net Asset Values are as follows:,,Other,,,,,,,INF209K01VA3_Aditya Birla Sun Life Liquid Fund.xlsx,CASH,256,False,Non-Equity
Aditya Birla Sun Life Liquid Fund,INF209K01VA3,,Plan,"AUGUST 31, 2026",Other,"July 31, 2026","July 31, 2026",,,,,INF209K01VA3_Aditya Birla Sun Life Liquid Fund.xlsx,CASH,257,False,Other
Aditya Birla Sun Life Liquid Fund,INF209K01VA3,,Direct Plan - IDCW Option,RS. 137.7817,Other,Rs. 137.0349,Rs. 137.0349,,,,,INF209K01VA3_Aditya Birla Sun Life Liquid Fund.xlsx,CASH,258,False,Non-Equity
Aditya Birla Sun Life Liquid Fund,INF209K01VA3,,Direct Plan - Daily IDCW Option,RS. 100.195,Other,Rs. 100.195,Rs. 100.195,,,,,INF209K01VA3_Aditya Birla Sun Life Liquid Fund.xlsx,CASH,259,False,Non-Equity
Aditya Birla Sun Life Liquid Fund,INF209K01VA3,,Direct Plan - Growth Option,RS. 458.1371,Other,Rs. 455.6544,Rs. 455.6544,,,,,INF209K01VA3_Aditya Birla Sun Life Liquid Fund.xlsx,CASH,260,False,Non-Equity
Aditya Birla Sun Life Liquid Fund,INF209K01VA3,,Direct Plan - Weekly IDCW Option,RS. 100.2778,Other,Rs. 100.225,Rs. 100.225,,,,,INF209K01VA3_Aditya Birla Sun Life Liquid Fund.xlsx,CASH,261,False,Non-Equity
Aditya Birla Sun Life Liquid Fund,INF209K01VA3,,Regular Plan - IDCW Option,RS. 104.78,Other,Rs. 104.2245,Rs. 104.2245,,,,,INF209K01VA3_Aditya Birla Sun Life Liquid Fund.xlsx,CASH,262,False,Non-Equity
Aditya Birla Sun Life Liquid Fund,INF209K01VA3,,Regular Plan - Daily IDCW Option,RS. 100.195,Other,Rs. 100.195,Rs. 100.195,,,,,INF209K01VA3_Aditya Birla Sun Life Liquid Fund.xlsx,CASH,263,False,Non-Equity
Aditya Birla Sun Life Liquid Fund,INF209K01VA3,,Regular Plan - Growth Option,RS. 451.9629,Other,Rs. 449.5668,Rs. 449.5668,,,,,INF209K01VA3_Aditya Birla Sun Life Liquid Fund.xlsx,CASH,264,False,Non-Equity
Aditya Birla Sun Life Liquid Fund,INF209K01VA3,,Regular Plan - Weekly IDCW Option,RS. 100.2766,Other,Rs. 100.225,Rs. 100.225,,,,,INF209K01VA3_Aditya Birla Sun Life Liquid Fund.xlsx,CASH,265,False,Non-Equity
Aditya Birla Sun Life Liquid Fund,INF209K01VA3,,"(2) IDCW in the following plans was declared during the period ended Aug 31, 2026",,Other,,,,,,,INF209K01VA3_Aditya Birla Sun Life Liquid Fund.xlsx,CASH,266,False,Other
Aditya Birla Sun Life Liquid Fund,INF209K01VA3,,Direct Plan - Daily ICDW Option,,Other,,,,0.54455971,,,INF209K01VA3_Aditya Birla Sun Life Liquid Fund.xlsx,CASH,267,False,Non-Equity
Aditya Birla Sun Life Liquid Fund,INF209K01VA3,,Direct Plan - Weekly ICDW Option,,Other,,,,0.49350475,,,INF209K01VA3_Aditya Birla Sun Life Liquid Fund.xlsx,CASH,268,False,Non-Equity
Aditya Birla Sun Life Liquid Fund,INF209K01VA3,,Regular Plan - Daily IDCW Option,,Other,,,,0.5328096400000001,,,INF209K01VA3_Aditya Birla Sun Life Liquid Fund.xlsx,CASH,269,False,Non-Equity
Aditya Birla Sun Life Liquid Fund,INF209K01VA3,,Regular Plan - Weekly IDCW Option,,Other,,,,0.48145973,,,INF209K01VA3_Aditya Birla Sun Life Liquid Fund.xlsx,CASH,270,False,Non-Equity
Aditya Birla Sun Life Liquid Fund,INF209K01VA3,,(3) Details of derivatives exposure and transaction:,,Other,,,,,,,INF209K01VA3_Aditya Birla Sun Life Liquid Fund.xlsx,CASH,271,False,Other
Aditya Birla Sun Life Liquid Fund,INF209K01VA3,,"(a) Hedging Position through Futures as on August 31, 2026 is Nil and for the period ended August 31, 2026  there were no hedging transactions through Futures which have been squared off/expired.",,Other,,,,,,,INF209K01VA3_Aditya Birla Sun Life Liquid Fund.xlsx,CASH,272,False,Non-Equity
Aditya Birla Sun Life Liquid Fund,INF209K01VA3,,"(b) Other than Hedging Position through Futures as on August 31, 2026  is Nil and for the period ended August 31, 2026  there were no non-hedging transactions through Futures which have been squared off/expired.",,Other,,,,,,,INF209K01VA3_Aditya Birla Sun Life Liquid Fund.xlsx,CASH,273,False,Non-Equity
Aditya Birla Sun Life Liquid Fund,INF209K01VA3,,"(c) Hedging Position through Options as on August 31, 2026  is Nil and for the period ended August 31, 2026  there were no hedging transactions through Option which have exercised/expired",,Other,,,,,,,INF209K01VA3_Aditya Birla Sun Life Liquid Fund.xlsx,CASH,274,False,Non-Equity
Aditya Birla Sun Life Liquid Fund,INF209K01VA3,,"(d) Other than Hedging Positions through Options as on August 31, 2026  is Nil and for the period ended August 31, 2026  there were no non-hedging transactions through options which have been exercised/expired.",,Other,,,,,,,INF209K01VA3_Aditya Birla Sun Life Liquid Fund.xlsx,CASH,275,False,Non-Equity
Aditya Birla Sun Life Liquid Fund,INF209K01VA3,,"(e) Hedging Positions through Swaps as on August 31, 2026  is Nil.",,Other,,,,,,,INF209K01VA3_Aditya Birla Sun Life Liquid Fund.xlsx,CASH,276,False,Non-Equity
Aditya Birla Sun Life Liquid Fund,INF209K01VA3,,(4) The Average Maturity Period of the Portfolio is 0.09 Years.,,Other,,,,,,,INF209K01VA3_Aditya Birla Sun Life Liquid Fund.xlsx,CASH,277,False,Other
Aditya Birla Sun Life Liquid Fund,INF209K01VA3,,"(5) There are nil Repo trades in Corporate Debt Securities for the period ended August 31, 2026",,Other,,,,,,,INF209K01VA3_Aditya Birla Sun Life Liquid Fund.xlsx,CASH,278,False,Non-Equity
Aditya Birla Sun Life Liquid Fund,INF209K01VA3,,"(6) There are nil trades in Credit Default Swaps for the period ended August 31, 2026",,Other,,,,,,,INF209K01VA3_Aditya Birla Sun Life Liquid Fund.xlsx,CASH,279,False,Non-Equity
Aditya Birla Sun Life Liquid Fund,INF209K01VA3,,Aditya Birla Sun Life Liquid Fund,NIFTY LIQUID INDEX A-I,Other,,,,,,,INF209K01VA3_Aditya Birla Sun Life Liquid Fund.xlsx,CASH,280,False,Non-Equity
HDFC Balanced Advantage Fund,INF179K01WA6,,ICICI Bank Ltd.,INE090A01021,Other,Banks,Banks,,39244463.0,570614.49,5.32,INF179K01WA6_HDFC Balanced Advantage Fund.xlsx,HDFCGR,9,True,Equity Candidate
HDFC Balanced Advantage Fund,INF179K01WA6,,HDFC Bank Ltd.£,INE040A01034,Other,Banks,Banks,,62464555.0,442873.69,4.13,INF179K01WA6_HDFC Balanced Advantage Fund.xlsx,HDFCGR,10,True,Equity Candidate
HDFC Balanced Advantage Fund,INF179K01WA6,,Reliance Industries Ltd.,INE002A01018,Other,Petroleum Products,Petroleum Products,,31400311.0,400981.97,3.74,INF179K01WA6_HDFC Balanced Advantage Fund.xlsx,HDFCGR,11,True,Equity Candidate
HDFC Balanced Advantage Fund,INF179K01WA6,,State Bank of India,INE062A01020,Other,Banks,Banks,,35000000.0,371000.0,3.46,INF179K01WA6_HDFC Balanced Advantage Fund.xlsx,HDFCGR,12,True,Equity Candidate
HDFC Balanced Advantage Fund,INF179K01WA6,,Bharti Airtel Ltd.,INE397D01024,Other,Telecom - Services,Telecom - Services,,17323283.0,313880.56,2.93,INF179K01WA6_HDFC Balanced Advantage Fund.xlsx,HDFCGR,13,True,Equity Candidate
HDFC Balanced Advantage Fund,INF179K01WA6,,Axis Bank Ltd.,INE238A01034,Other,Banks,Banks,,22125438.0,287630.69,2.68,INF179K01WA6_HDFC Balanced Advantage Fund.xlsx,HDFCGR,14,True,Equity Candidate
HDFC Balanced Advantage Fund,INF179K01WA6,,Larsen and Toubro Ltd.,INE018A01030,Other,Construction,Construction,,6879083.0,278252.03,2.59,INF179K01WA6_HDFC Balanced Advantage Fund.xlsx,HDFCGR,15,True,Equity Candidate
HDFC Balanced Advantage Fund,INF179K01WA6,,7.18% GOI MAT 140833,IN0020230085,Government Security,Sovereign,Sovereign,7.18,208533300.0,213022.81,1.99,INF179K01WA6_HDFC Balanced Advantage Fund.xlsx,HDFCGR,183,False,Other
HDFC Balanced Advantage Fund,INF179K01WA6,,NTPC Limited,INE733E01010,Other,Power,Power,,63500000.0,207899.0,1.94,INF179K01WA6_HDFC Balanced Advantage Fund.xlsx,HDFCGR,16,True,Equity Candidate
HDFC Balanced Advantage Fund,INF179K01WA6,,Eternal Limited,INE758T01015,Other,Retailing,Retailing,,53965593.0,177061.11,1.65,INF179K01WA6_HDFC Balanced Advantage Fund.xlsx,HDFCGR,17,True,Equity Candidate
HDFC Balanced Advantage Fund,INF179K01WA6,,Coal India Ltd.,INE522F01014,Other,Consumable Fuels,Consumable Fuels,,42800000.0,171949.0,1.6,INF179K01WA6_HDFC Balanced Advantage Fund.xlsx,HDFCGR,18,True,Equity Candidate
HDFC Balanced Advantage Fund,INF179K01WA6,,Infosys Limited,INE009A01021,Other,IT - Software,IT - Software,,15000000.0,170070.0,1.59,INF179K01WA6_HDFC Balanced Advantage Fund.xlsx,HDFCGR,19,True,Equity Candidate
HDFC Balanced Advantage Fund,INF179K01WA6,,Sun Pharmaceutical Industries Ltd.,INE044A01036,Other,Pharmaceuticals & Biotechnology,Pharmaceuticals & Biotechnology,,8346339.0,165658.14,1.54,INF179K01WA6_HDFC Balanced Advantage Fund.xlsx,HDFCGR,20,True,Equity Candidate
HDFC Balanced Advantage Fund,INF179K01WA6,,Kotak Mahindra Bank Limited,INE237A01036,Other,Banks,Banks,,38967751.0,163430.75,1.52,INF179K01WA6_HDFC Balanced Advantage Fund.xlsx,HDFCGR,21,True,Equity Candidate
HDFC Balanced Advantage Fund,INF179K01WA6,,Maruti Suzuki India Limited,INE585B01010,Other,Automobiles,Automobiles,,1155126.0,156484.92,1.46,INF179K01WA6_HDFC Balanced Advantage Fund.xlsx,HDFCGR,22,True,Equity Candidate
HDFC Balanced Advantage Fund,INF179K01WA6,,HCL Technologies Ltd.,INE860A01027,Other,IT - Software,IT - Software,,10104420.0,132590.2,1.24,INF179K01WA6_HDFC Balanced Advantage Fund.xlsx,HDFCGR,23,True,Equity Candidate
HDFC Balanced Advantage Fund,INF179K01WA6,,Tata Consultancy Services Ltd.,INE467B01029,Other,IT - Software,IT - Software,,5377541.0,129023.34,1.2,INF179K01WA6_HDFC Balanced Advantage Fund.xlsx,HDFCGR,24,True,Equity Candidate
HDFC Balanced Advantage Fund,INF179K01WA6,,InterGlobe Aviation Ltd.,INE646L01027,Other,Transport Services,Transport Services,,2422827.0,126810.77,1.18,INF179K01WA6_HDFC Balanced Advantage Fund.xlsx,HDFCGR,25,True,Equity Candidate
HDFC Balanced Advantage Fund,INF179K01WA6,,Life Insurance Corporation of India,INE0J1Y01017,Other,Insurance,Insurance,,30392970.0,127042.61,1.18,INF179K01WA6_HDFC Balanced Advantage Fund.xlsx,HDFCGR,26,True,Equity Candidate
HDFC Balanced Advantage Fund,INF179K01WA6,,Lupin Ltd.,INE326A01037,Other,Pharmaceuticals & Biotechnology,Pharmaceuticals & Biotechnology,,5686457.0,124442.42,1.16,INF179K01WA6_HDFC Balanced Advantage Fund.xlsx,HDFCGR,27,True,Equity Candidate
HDFC Balanced Advantage Fund,INF179K01WA6,,ITC LIMITED,INE154A01025,Other,Diversified FMCG,Diversified FMCG,,42854974.0,109494.46,1.02,INF179K01WA6_HDFC Balanced Advantage Fund.xlsx,HDFCGR,28,True,Equity Candidate
HDFC Balanced Advantage Fund,INF179K01WA6,,Mahindra & Mahindra Ltd.,INE101A01026,Other,Automobiles,Automobiles,,2858563.0,93818.04,0.87,INF179K01WA6_HDFC Balanced Advantage Fund.xlsx,HDFCGR,29,True,Equity Candidate
HDFC Balanced Advantage Fund,INF179K01WA6,,SBI Life Insurance Company Ltd.,INE123W01016,Other,Insurance,Insurance,,5333809.0,92834.95,0.87,INF179K01WA6_HDFC Balanced Advantage Fund.xlsx,HDFCGR,30,True,Equity Candidate
HDFC Balanced Advantage Fund,INF179K01WA6,,Hyundai Motor India Limited,INE0V6F01027,Other,Automobiles,Automobiles,,3973073.0,87606.26,0.82,INF179K01WA6_HDFC Balanced Advantage Fund.xlsx,HDFCGR,31,True,Equity Candidate
HDFC Balanced Advantage Fund,INF179K01WA6,,GAIL (India) Ltd.,INE129A01019,Other,Gas,Gas,,49063637.0,87087.96,0.81,INF179K01WA6_HDFC Balanced Advantage Fund.xlsx,HDFCGR,32,True,Equity Candidate
HDFC Balanced Advantage Fund,INF179K01WA6,,Embassy Office Parks REIT,INE041025011,REIT/InvIT,Realty,Realty,,19481031.0,85420.42,0.8,INF179K01WA6_HDFC Balanced Advantage Fund.xlsx,HDFCGR,176,True,Equity Candidate
HDFC Balanced Advantage Fund,INF179K01WA6,,Divis Laboratories Ltd.,INE361B01024,Other,Pharmaceuticals & Biotechnology,Pharmaceuticals & Biotechnology,,888857.0,84148.09,0.78,INF179K01WA6_HDFC Balanced Advantage Fund.xlsx,HDFCGR,33,True,Equity Candidate
HDFC Balanced Advantage Fund,INF179K01WA6,,7.18% GOI MAT 240737,IN0020230077,Government Security,Sovereign,Sovereign,7.18,79500000.0,80612.76,0.75,INF179K01WA6_HDFC Balanced Advantage Fund.xlsx,HDFCGR,184,False,Other
HDFC Balanced Advantage Fund,INF179K01WA6,,Net Current Assets,,Other,,,,,70122.32,0.75,INF179K01WA6_HDFC Balanced Advantage Fund.xlsx,HDFCGR,359,False,Other
HDFC Balanced Advantage Fund,INF179K01WA6,,7.34% GOI MAT 220464,IN0020240035,Government Security,Sovereign,Sovereign,7.34,79485100.0,76393.77,0.71,INF179K01WA6_HDFC Balanced Advantage Fund.xlsx,HDFCGR,185,False,Other
HDFC Balanced Advantage Fund,INF179K01WA6,,7.1% GOI MAT 080434,IN0020240019,Government Security,Sovereign,Sovereign,7.1,74085500.0,75097.95,0.7,INF179K01WA6_HDFC Balanced Advantage Fund.xlsx,HDFCGR,186,False,Other
HDFC Balanced Advantage Fund,INF179K01WA6,,Bank of Baroda,INE028A01039,Other,Banks,Banks,,30000000.0,71580.0,0.67,INF179K01WA6_HDFC Balanced Advantage Fund.xlsx,HDFCGR,34,True,Equity Candidate
HDFC Balanced Advantage Fund,INF179K01WA6,,Tata Steel Ltd.,INE081A01020,Other,Ferrous Metals,Ferrous Metals,,37885014.0,69841.02,0.65,INF179K01WA6_HDFC Balanced Advantage Fund.xlsx,HDFCGR,35,True,Equity Candidate
HDFC Balanced Advantage Fund,INF179K01WA6,,Apar Industries Limited,INE372A01015,Other,Electrical Equipment,Electrical Equipment,,380000.0,67267.6,0.63,INF179K01WA6_HDFC Balanced Advantage Fund.xlsx,HDFCGR,36,True,Equity Candidate
HDFC Balanced Advantage Fund,INF179K01WA6,,Bharat Petroleum Corporation Ltd.,INE029A01011,Other,Petroleum Products,Petroleum Products,,20733638.0,67187.35,0.63,INF179K01WA6_HDFC Balanced Advantage Fund.xlsx,HDFCGR,37,True,Equity Candidate
HDFC Balanced Advantage Fund,INF179K01WA6,,Indusind Bank Ltd.,INE095A01012,Other,Banks,Banks,,6500000.0,66079.0,0.62,INF179K01WA6_HDFC Balanced Advantage Fund.xlsx,HDFCGR,38,True,Equity Candidate
HDFC Balanced Advantage Fund,INF179K01WA6,,Hindustan Petroleum Corp. Ltd.,INE094A01015,Other,Petroleum Products,Petroleum Products,,17635176.0,64500.66,0.6,INF179K01WA6_HDFC Balanced Advantage Fund.xlsx,HDFCGR,39,True,Equity Candidate
HDFC Balanced Advantage Fund,INF179K01WA6,,LIC Housing Finance Ltd.^,INE115A07QY1,Other,CRISIL - AAA,CRISIL - AAA,7.57,65000.0,64542.92,0.6,INF179K01WA6_HDFC Balanced Advantage Fund.xlsx,HDFCGR,226,True,Equity Candidate
HDFC Balanced Advantage Fund,INF179K01WA6,,TREPS - Tri-party Repo,,Other,,,,,64226.3,0.6,INF179K01WA6_HDFC Balanced Advantage Fund.xlsx,HDFCGR,354,False,Non-Equity
HDFC Balanced Advantage Fund,INF179K01WA6,,Power Finance Corporation Ltd.,INE134E01011,Other,Finance,Finance,,18500000.0,62215.5,0.58,INF179K01WA6_HDFC Balanced Advantage Fund.xlsx,HDFCGR,40,True,Equity Candidate
HDFC Balanced Advantage Fund,INF179K01WA6,,State Bank of India (Tier 2 - Basel III)^,INE062A08454,Other,CRISIL - AAA,CRISIL - AAA,7.33,615.0,60550.13,0.56,INF179K01WA6_HDFC Balanced Advantage Fund.xlsx,HDFCGR,227,True,Equity Candidate
HDFC Balanced Advantage Fund,INF179K01WA6,,JSW Infrastructure Limited,INE880J01026,Other,Transport Infrastructure,Transport Infrastructure,,17275875.0,58737.98,0.55,INF179K01WA6_HDFC Balanced Advantage Fund.xlsx,HDFCGR,41,True,Equity Candidate
HDFC Balanced Advantage Fund,INF179K01WA6,,6.9% GOI MAT 150465,IN0020250018,Government Security,Sovereign,Sovereign,6.9,62500000.0,56737.81,0.53,INF179K01WA6_HDFC Balanced Advantage Fund.xlsx,HDFCGR,187,False,Other
HDFC Balanced Advantage Fund,INF179K01WA6,,REC Limited.,INE020B01018,Other,Finance,Finance,,17000000.0,54961.0,0.51,INF179K01WA6_HDFC Balanced Advantage Fund.xlsx,HDFCGR,42,True,Equity Candidate
HDFC Balanced Advantage Fund,INF179K01WA6,,State Bank of India (Tier 2 - Basel III)^,INE062A08447,Other,ICRA - AAA,ICRA - AAA,7.42,550.0,54243.04,0.51,INF179K01WA6_HDFC Balanced Advantage Fund.xlsx,HDFCGR,228,True,Equity Candidate
HDFC Balanced Advantage Fund,INF179K01WA6,,Au Small Finance Bank Ltd.,INE949L01017,Other,Banks,Banks,,4904394.0,53271.53,0.5,INF179K01WA6_HDFC Balanced Advantage Fund.xlsx,HDFCGR,43,True,Equity Candidate
HDFC Balanced Advantage Fund,INF179K01WA6,,BROOKFIELD INDIA REAL ESTATE TRUST,INE0FDU25010,Other,Realty,Realty,,15567000.0,53194.0,0.5,INF179K01WA6_HDFC Balanced Advantage Fund.xlsx,HDFCGR,177,True,Equity Candidate
HDFC Balanced Advantage Fund,INF179K01WA6,,Pipeline Infrastructure Pvt. Ltd.^,INE01XX07034,Other,CRISIL - AAA,CRISIL - AAA,7.96,51500.0,51857.56,0.48,INF179K01WA6_HDFC Balanced Advantage Fund.xlsx,HDFCGR,229,True,Equity Candidate
HDFC Balanced Advantage Fund,INF179K01WA6,,Cholamandalam Investment & Finance Co. Ltd.,INE121A01024,Other,Finance,Finance,,2692272.0,50006.26,0.47,INF179K01WA6_HDFC Balanced Advantage Fund.xlsx,HDFCGR,44,True,Equity Candidate
HDFC Balanced Advantage Fund,INF179K01WA6,,Jindal Steel Limited.,INE749A01030,Other,Ferrous Metals,Ferrous Metals,,4228806.0,50445.43,0.47,INF179K01WA6_HDFC Balanced Advantage Fund.xlsx,HDFCGR,45,True,Equity Candidate
HDFC Balanced Advantage Fund,INF179K01WA6,,Ipca Laboratories Ltd.,INE571A01038,Other,Pharmaceuticals & Biotechnology,Pharmaceuticals & Biotechnology,,2497123.0,49315.68,0.46,INF179K01WA6_HDFC Balanced Advantage Fund.xlsx,HDFCGR,46,True,Equity Candidate
HDFC Balanced Advantage Fund,INF179K01WA6,,UltraTech Cement Limited,INE481G01011,Other,Cement & Cement Products,Cement & Cement Products,,431592.0,49417.28,0.46,INF179K01WA6_HDFC Balanced Advantage Fund.xlsx,HDFCGR,47,True,Equity Candidate
HDFC Balanced Advantage Fund,INF179K01WA6,,Hindustan Aeronautics Limited,INE066F01020,Other,Aerospace & Defense,Aerospace & Defense,,983882.0,47242.08,0.44,INF179K01WA6_HDFC Balanced Advantage Fund.xlsx,HDFCGR,48,True,Equity Candidate
HDFC Balanced Advantage Fund,INF179K01WA6,,Aurobindo Pharma Ltd.,INE406A01037,Other,Pharmaceuticals & Biotechnology,Pharmaceuticals & Biotechnology,,2700437.0,46366.5,0.43,INF179K01WA6_HDFC Balanced Advantage Fund.xlsx,HDFCGR,49,True,Equity Candidate
HDFC Balanced Advantage Fund,INF179K01WA6,,Bajaj Auto Limited,INE917I01010,Other,Automobiles,Automobiles,,377629.0,45806.4,0.43,INF179K01WA6_HDFC Balanced Advantage Fund.xlsx,HDFCGR,50,True,Equity Candidate
HDFC Balanced Advantage Fund,INF179K01WA6,,CANARA HSBC LIFE INSURANCE COMPANY LIMITED,INE01TY01017,Other,Insurance,Insurance,,29777670.0,46494.85,0.43,INF179K01WA6_HDFC Balanced Advantage Fund.xlsx,HDFCGR,51,True,Equity Candidate
HDFC Balanced Advantage Fund,INF179K01WA6,,Torrent Power Ltd.^,INE813H07457,Other,CRISIL - AA+,CRISIL - AA+,8.2,43500.0,43622.54,0.41,INF179K01WA6_HDFC Balanced Advantage Fund.xlsx,HDFCGR,230,True,Equity Candidate
HDFC Balanced Advantage Fund,INF179K01WA6,,BEML Limited,INE258A01024,Other,"Agricultural, Commercial & Construction Vehicles","Agricultural, Commercial & Construction Vehicles",,2143066.0,41491.9,0.39,INF179K01WA6_HDFC Balanced Advantage Fund.xlsx,HDFCGR,52,True,Equity Candidate
HDFC Balanced Advantage Fund,INF179K01WA6,,Britannia Industries Ltd.,INE216A01030,Other,Food Products,Food Products,,800928.0,42048.72,0.39,INF179K01WA6_HDFC Balanced Advantage Fund.xlsx,HDFCGR,53,True,Equity Candidate
HDFC Balanced Advantage Fund,INF179K01WA6,,Dynamatic Technologies Ltd.,INE221B01012,Other,Industrial Manufacturing,Industrial Manufacturing,,347714.0,41607.46,0.39,INF179K01WA6_HDFC Balanced Advantage Fund.xlsx,HDFCGR,54,True,Equity Candidate
HDFC Balanced Advantage Fund,INF179K01WA6,,KAYNES TECHNOLOGY INDIA LIMITED,INE918Z01012,Other,Industrial Manufacturing,Industrial Manufacturing,,1148036.0,42305.13,0.39,INF179K01WA6_HDFC Balanced Advantage Fund.xlsx,HDFCGR,55,True,Equity Candidate
HDFC Balanced Advantage Fund,INF179K01WA6,,Techno Electric & Engin. Co. Ltd.,INE285K01026,Other,Construction,Construction,,4254456.0,41780.89,0.39,INF179K01WA6_HDFC Balanced Advantage Fund.xlsx,HDFCGR,56,True,Equity Candidate
HDFC Balanced Advantage Fund,INF179K01WA6,,Vishal Mega Mart Limited,INE01EA01019,Other,Retailing,Retailing,,37905983.0,41939.18,0.39,INF179K01WA6_HDFC Balanced Advantage Fund.xlsx,HDFCGR,57,True,Equity Candidate
HDFC Balanced Advantage Fund,INF179K01WA6,,WeWork India Management Limited,INE085001019,Other,Commercial Services & Supplies,Commercial Services & Supplies,,6053340.0,41444.19,0.39,INF179K01WA6_HDFC Balanced Advantage Fund.xlsx,HDFCGR,58,True,Equity Candidate
HDFC Balanced Advantage Fund,INF179K01WA6,,Bajaj Finserv Ltd.,INE918I01026,Other,Finance,Finance,,2000000.0,40420.0,0.38,INF179K01WA6_HDFC Balanced Advantage Fund.xlsx,HDFCGR,59,True,Equity Candidate
HDFC Balanced Advantage Fund,INF179K01WA6,,Apollo Tyres Ltd.,INE438A01022,Other,Auto Components,Auto Components,,9000000.0,39505.5,0.37,INF179K01WA6_HDFC Balanced Advantage Fund.xlsx,HDFCGR,60,True,Equity Candidate
HDFC Balanced Advantage Fund,INF179K01WA6,,Bharat Forge Ltd.,INE465A01025,Other,Auto Components,Auto Components,,1869073.0,39342.12,0.37,INF179K01WA6_HDFC Balanced Advantage Fund.xlsx,HDFCGR,61,True,Equity Candidate
HDFC Balanced Advantage Fund,INF179K01WA6,,Small Industries Development Bank^,INE556F08KW0,Other,CRISIL - AAA,CRISIL - AAA,7.42,40000.0,39762.88,0.37,INF179K01WA6_HDFC Balanced Advantage Fund.xlsx,HDFCGR,231,True,Equity Candidate
HDFC Balanced Advantage Fund,INF179K01WA6,,Gujarat Pipavav Port Ltd.,INE517F01014,Other,Transport Infrastructure,Transport Infrastructure,,23000000.0,38538.8,0.36,INF179K01WA6_HDFC Balanced Advantage Fund.xlsx,HDFCGR,62,True,Equity Candidate
HDFC Balanced Advantage Fund,INF179K01WA6,,REC Limited.^,INE020B08DA7,Other,CRISIL - AAA,CRISIL - AAA,6.9,4000.0,38851.16,0.36,INF179K01WA6_HDFC Balanced Advantage Fund.xlsx,HDFCGR,232,True,Equity Candidate
HDFC Balanced Advantage Fund,INF179K01WA6,,Small Industries Development Bank^,INE556F08KL3,Other,CRISIL - AAA,CRISIL - AAA,7.83,37500.0,37583.7,0.35,INF179K01WA6_HDFC Balanced Advantage Fund.xlsx,HDFCGR,233,True,Equity Candidate
HDFC Balanced Advantage Fund,INF179K01WA6,,Five-Star Business Finance Limited,INE128S01021,Other,Finance,Finance,,6682615.0,35755.33,0.33,INF179K01WA6_HDFC Balanced Advantage Fund.xlsx,HDFCGR,63,True,Equity Candidate
HDFC Balanced Advantage Fund,INF179K01WA6,,HDFC Bank Ltd.£,INE040A08773,Other,CRISIL - AAA,CRISIL - AAA,7.8,3500.0,34892.87,0.33,INF179K01WA6_HDFC Balanced Advantage Fund.xlsx,HDFCGR,234,True,Equity Candidate
HDFC Balanced Advantage Fund,INF179K01WA6,,Titagarh Wagons Limited,INE615H01020,Other,Industrial Manufacturing,Industrial Manufacturing,,4200000.0,34360.2,0.32,INF179K01WA6_HDFC Balanced Advantage Fund.xlsx,HDFCGR,64,True,Equity Candidate
HDFC Balanced Advantage Fund,INF179K01WA6,,7.27% Gujarat SDL ISD 171225 MAT 171234^,IN1520250227,Government Security,Sovereign,Sovereign,7.27,35000000.0,34568.07,0.32,INF179K01WA6_HDFC Balanced Advantage Fund.xlsx,HDFCGR,188,False,Other
HDFC Balanced Advantage Fund,INF179K01WA6,,Housing and Urban Development Corporation Ltd.^,INE031A08939,Other,CARE - AAA,CARE - AAA,7.29,35000.0,34307.53,0.32,INF179K01WA6_HDFC Balanced Advantage Fund.xlsx,HDFCGR,235,True,Equity Candidate
HDFC Balanced Advantage Fund,INF179K01WA6,,Indian Railways Finance Corp. Ltd.^,INE053F08395,Other,CRISIL - AAA,CRISIL - AAA,7.44,35000.0,34634.92,0.32,INF179K01WA6_HDFC Balanced Advantage Fund.xlsx,HDFCGR,236,True,Equity Candidate
HDFC Balanced Advantage Fund,INF179K01WA6,,Ambuja Cements Ltd.,INE079A01024,Other,Cement & Cement Products,Cement & Cement Products,,8174656.0,32792.63,0.31,INF179K01WA6_HDFC Balanced Advantage Fund.xlsx,HDFCGR,65,True,Equity Candidate
HDFC Balanced Advantage Fund,INF179K01WA6,,Bosch Limited,INE323A01026,Other,Auto Components,Auto Components,,65972.0,32986.0,0.31,INF179K01WA6_HDFC Balanced Advantage Fund.xlsx,HDFCGR,66,True,Equity Candidate
HDFC Balanced Advantage Fund,INF179K01WA6,,Hindustan Unilever Ltd.,INE030A01027,Other,Diversified FMCG,Diversified FMCG,,1717714.0,33794.31,0.31,INF179K01WA6_HDFC Balanced Advantage Fund.xlsx,HDFCGR,67,True,Equity Candidate
HDFC Balanced Advantage Fund,INF179K01WA6,,Bajaj Finance Ltd.^,INE296A07TH8,Other,CRISIL - AAA,CRISIL - AAA,7.55,35000.0,33754.46,0.31,INF179K01WA6_HDFC Balanced Advantage Fund.xlsx,HDFCGR,237,True,Equity Candidate
HDFC Balanced Advantage Fund,INF179K01WA6,,Rubicon Research Limited,INE506V01022,Other,Pharmaceuticals & Biotechnology,Pharmaceuticals & Biotechnology,,1777052.0,32335.24,0.3,INF179K01WA6_HDFC Balanced Advantage Fund.xlsx,HDFCGR,68,True,Equity Candidate
HDFC Balanced Advantage Fund,INF179K01WA6,,Savita Oil Technologies Ltd.,INE035D01020,Other,Petroleum Products,Petroleum Products,,4486192.0,30887.43,0.29,INF179K01WA6_HDFC Balanced Advantage Fund.xlsx,HDFCGR,69,True,Equity Candidate
HDFC Balanced Advantage Fund,INF179K01WA6,,United Spirits Limited,INE854D01024,Other,Beverages,Beverages,,2115857.0,31526.27,0.29,INF179K01WA6_HDFC Balanced Advantage Fund.xlsx,HDFCGR,70,True,Equity Candidate
HDFC Balanced Advantage Fund,INF179K01WA6,,POWERGRID Infrastructure Investment Trust,INE0GGX23010,Other,Power,Power,,31361789.0,31342.97,0.29,INF179K01WA6_HDFC Balanced Advantage Fund.xlsx,HDFCGR,344,True,Equity Candidate
HDFC Balanced Advantage Fund,INF179K01WA6,,Hexaware Technologies Ltd.,INE093A01041,Other,IT - Software,IT - Software,,5433175.0,30140.54,0.28,INF179K01WA6_HDFC Balanced Advantage Fund.xlsx,HDFCGR,71,True,Equity Candidate
HDFC Balanced Advantage Fund,INF179K01WA6,,MphasiS Limited.,INE356A01018,Other,IT - Software,IT - Software,,1257231.0,30518.03,0.28,INF179K01WA6_HDFC Balanced Advantage Fund.xlsx,HDFCGR,72,True,Equity Candidate
HDFC Balanced Advantage Fund,INF179K01WA6,,Oil & Natural Gas Corporation Ltd.,INE213A01029,Other,Oil,Oil,,13070826.0,30298.17,0.28,INF179K01WA6_HDFC Balanced Advantage Fund.xlsx,HDFCGR,73,True,Equity Candidate
HDFC Balanced Advantage Fund,INF179K01WA6,,Bajaj Finance Ltd.^,INE296A07SV1,Other,CRISIL - AAA,CRISIL - AAA,7.82,30000.0,29974.92,0.28,INF179K01WA6_HDFC Balanced Advantage Fund.xlsx,HDFCGR,238,True,Equity Candidate
HDFC Balanced Advantage Fund,INF179K01WA6,,Muthoot Finance Ltd.^,INE414G07KC4,Other,CRISIL - AA+,CRISIL - AA+,8.45,30000.0,29832.57,0.28,INF179K01WA6_HDFC Balanced Advantage Fund.xlsx,HDFCGR,239,True,Equity Candidate
HDFC Balanced Advantage Fund,INF179K01WA6,,UltraTech Cement Limited^,INE481G08156,Other,CRISIL - AAA,CRISIL - AAA,7.22,30000.0,29872.38,0.28,INF179K01WA6_HDFC Balanced Advantage Fund.xlsx,HDFCGR,240,True,Equity Candidate
HDFC Balanced Advantage Fund,INF179K01WA6,,HDFC Bank Ltd.£,INE040A08AF2,Other,CRISIL - AAA,CRISIL - AAA,7.75,29500.0,29252.14,0.27,INF179K01WA6_HDFC Balanced Advantage Fund.xlsx,HDFCGR,241,True,Equity Candidate
HDFC Balanced Advantage Fund,INF179K01WA6,,Jamnagar Utilities & Power Pvt. Limited^,INE936D07182,Other,CRISIL - AAA,CRISIL - AAA,7.9,28500.0,28564.75,0.27,INF179K01WA6_HDFC Balanced Advantage Fund.xlsx,HDFCGR,242,True,Equity Candidate
HDFC Balanced Advantage Fund,INF179K01WA6,,Bharat Dynamics Limited,INE171Z01026,Other,Aerospace & Defense,Aerospace & Defense,,2100000.0,26775.0,0.25,INF179K01WA6_HDFC Balanced Advantage Fund.xlsx,HDFCGR,74,True,Equity Candidate
HDFC Balanced Advantage Fund,INF179K01WA6,,Kalpataru Projects International Ltd,INE220B01022,Other,Construction,Construction,,1946606.0,27270.0,0.25,INF179K01WA6_HDFC Balanced Advantage Fund.xlsx,HDFCGR,75,True,Equity Candidate
HDFC Balanced Advantage Fund,INF179K01WA6,,Mishra Dhatu Nigam Ltd.,INE099Z01011,Other,Aerospace & Defense,Aerospace & Defense,,6450000.0,26712.68,0.25,INF179K01WA6_HDFC Balanced Advantage Fund.xlsx,HDFCGR,76,True,Equity Candidate
HDFC Balanced Advantage Fund,INF179K01WA6,,Aavas Financiers Ltd.,INE216P01012,Other,Finance,Finance,,2005198.0,25289.56,0.24,INF179K01WA6_HDFC Balanced Advantage Fund.xlsx,HDFCGR,77,True,Equity Candidate
HDFC Balanced Advantage Fund,INF179K01WA6,,LMW Limited,INE269B01029,Other,Industrial Manufacturing,Industrial Manufacturing,,137268.0,26046.6,0.24,INF179K01WA6_HDFC Balanced Advantage Fund.xlsx,HDFCGR,78,True,Equity Candidate
HDFC Balanced Advantage Fund,INF179K01WA6,,7.26% GOI MAT 220832,IN0020220060,Government Security,Sovereign,Sovereign,7.26,25000000.0,25642.25,0.24,INF179K01WA6_HDFC Balanced Advantage Fund.xlsx,HDFCGR,189,False,Other
HDFC Balanced Advantage Fund,INF179K01WA6,,Alkem Laboratories Ltd.,INE540L01014,Other,Pharmaceuticals & Biotechnology,Pharmaceuticals & Biotechnology,,458965.0,24460.54,0.23,INF179K01WA6_HDFC Balanced Advantage Fund.xlsx,HDFCGR,79,True,Equity Candidate
HDFC Balanced Advantage Fund,INF179K01WA6,,Godrej Properties Ltd.,INE484J01027,Other,Realty,Realty,,1250000.0,25183.75,0.23,INF179K01WA6_HDFC Balanced Advantage Fund.xlsx,HDFCGR,80,True,Equity Candidate
HDFC Balanced Advantage Fund,INF179K01WA6,,J.Kumar Infraprojects Ltd.,INE576I01022,Other,Construction,Construction,,4957308.0,24298.25,0.23,INF179K01WA6_HDFC Balanced Advantage Fund.xlsx,HDFCGR,81,True,Equity Candidate
HDFC Balanced Advantage Fund,INF179K01WA6,,Bajaj Finance Ltd.^,INE296A07TI6,Other,CRISIL - AAA,CRISIL - AAA,7.57,25000.0,24579.8,0.23,INF179K01WA6_HDFC Balanced Advantage Fund.xlsx,HDFCGR,243,True,Equity Candidate
HDFC Balanced Advantage Fund,INF179K01WA6,,Bajaj Housing Finance Ltd.^,INE377Y07532,Other,CRISIL - AAA,CRISIL - AAA,7.66,25000.0,24936.5,0.23,INF179K01WA6_HDFC Balanced Advantage Fund.xlsx,HDFCGR,244,True,Equity Candidate
HDFC Balanced Advantage Fund,INF179K01WA6,,Bajaj Housing Finance Ltd.^,INE377Y07508,Other,CRISIL - AAA,CRISIL - AAA,7.89,25000.0,24722.63,0.23,INF179K01WA6_HDFC Balanced Advantage Fund.xlsx,HDFCGR,245,True,Equity Candidate
HDFC Balanced Advantage Fund,INF179K01WA6,,Bank of Baroda (Tier 2 - Basel III)^,INE028A08315,Other,CRISIL - AAA,CRISIL - AAA,7.75,250.0,24644.55,0.23,INF179K01WA6_HDFC Balanced Advantage Fund.xlsx,HDFCGR,246,True,Equity Candidate
HDFC Balanced Advantage Fund,INF179K01WA6,,HDB Financial Services Ltd.^,INE756I07EU9,Other,CRISIL - AAA,CRISIL - AAA,7.988,25000.0,25064.93,0.23,INF179K01WA6_HDFC Balanced Advantage Fund.xlsx,HDFCGR,247,True,Equity Candidate
HDFC Balanced Advantage Fund,INF179K01WA6,,LIC Housing Finance Ltd.^,INE115A07QP9,Other,CRISIL - AAA,CRISIL - AAA,7.73,25000.0,25025.9,0.23,INF179K01WA6_HDFC Balanced Advantage Fund.xlsx,HDFCGR,248,True,Equity Candidate
HDFC Balanced Advantage Fund,INF179K01WA6,,National Bank for Agri & Rural Dev.,INE261F08EM1,Other,ICRA - AAA,ICRA - AAA,7.53,25000.0,24947.48,0.23,INF179K01WA6_HDFC Balanced Advantage Fund.xlsx,HDFCGR,249,True,Equity Candidate
HDFC Balanced Advantage Fund,INF179K01WA6,,Punjab National Bank^,INE160A08324,Other,CRISIL - AAA,CRISIL - AAA,7.34,25000.0,24464.78,0.23,INF179K01WA6_HDFC Balanced Advantage Fund.xlsx,HDFCGR,250,True,Equity Candidate
HDFC Balanced Advantage Fund,INF179K01WA6,,Bank of Baroda^,INE028A16KX2,Other,CARE - A1+,CARE - A1+,,5000.0,24427.58,0.23,INF179K01WA6_HDFC Balanced Advantage Fund.xlsx,HDFCGR,350,True,Equity Candidate
HDFC Balanced Advantage Fund,INF179K01WA6,,NHPC Ltd.,INE848E01016,Other,Power,Power,,29879361.0,22923.45,0.21,INF179K01WA6_HDFC Balanced Advantage Fund.xlsx,HDFCGR,82,True,Equity Candidate
HDFC Balanced Advantage Fund,INF179K01WA6,,Time Technoplast Limited,INE508G01029,Other,Industrial Products,Industrial Products,,12000000.0,22462.8,0.21,INF179K01WA6_HDFC Balanced Advantage Fund.xlsx,HDFCGR,83,True,Equity Candidate
HDFC Balanced Advantage Fund,INF179K01WA6,,Trent Ltd.,INE849A01020,Other,Retailing,Retailing,,789690.0,22742.28,0.21,INF179K01WA6_HDFC Balanced Advantage Fund.xlsx,HDFCGR,84,True,Equity Candidate
HDFC Balanced Advantage Fund,INF179K01WA6,,National Housing Bank^,INE557F08GD6,Other,CARE - AAA,CARE - AAA,7.35,22500.0,22379.94,0.21,INF179K01WA6_HDFC Balanced Advantage Fund.xlsx,HDFCGR,251,True,Equity Candidate
HDFC Balanced Advantage Fund,INF179K01WA6,,India Universal Trust AL2 (Originator - HDFC Bank Limited)£^,INE1CBK15037,Other,CRISIL - AAA(SO),CRISIL - AAA(SO),,250.0,22937.63,0.21,INF179K01WA6_HDFC Balanced Advantage Fund.xlsx,HDFCGR,337,True,Equity Candidate
HDFC Balanced Advantage Fund,INF179K01WA6,,Billionbrains Garage Ventures Limited (Groww),INE0HOQ01053,Other,Capital Markets,Capital Markets,,11028289.0,21180.93,0.2,INF179K01WA6_HDFC Balanced Advantage Fund.xlsx,HDFCGR,85,True,Equity Candidate
HDFC Balanced Advantage Fund,INF179K01WA6,,Glenmark Pharmaceuticals Ltd.,INE935A01035,Other,Pharmaceuticals & Biotechnology,Pharmaceuticals & Biotechnology,,885046.0,21949.14,0.2,INF179K01WA6_HDFC Balanced Advantage Fund.xlsx,HDFCGR,86,True,Equity Candidate
HDFC Balanced Advantage Fund,INF179K01WA6,,PCBL Chemical Limited,INE602A01031,Other,Chemicals & Petrochemicals,Chemicals & Petrochemicals,,6278237.0,19905.15,0.19,INF179K01WA6_HDFC Balanced Advantage Fund.xlsx,HDFCGR,87,True,Equity Candidate
HDFC Balanced Advantage Fund,INF179K01WA6,,Tech Mahindra Ltd.,INE669C01036,Other,IT - Software,IT - Software,,1238484.0,20162.52,0.19,INF179K01WA6_HDFC Balanced Advantage Fund.xlsx,HDFCGR,88,True,Equity Candidate
HDFC Balanced Advantage Fund,INF179K01WA6,,Cholamandalam Investment & Finance Co. Ltd.^,INE121A08PP7,Other,ICRA - AA+,ICRA - AA+,9.1,20000.0,20180.18,0.19,INF179K01WA6_HDFC Balanced Advantage Fund.xlsx,HDFCGR,252,True,Equity Candidate
HDFC Balanced Advantage Fund,INF179K01WA6,,Indian Railways Finance Corp. Ltd.^,INE053F08353,Other,CRISIL - AAA,CRISIL - AAA,7.57,20000.0,20055.08,0.19,INF179K01WA6_HDFC Balanced Advantage Fund.xlsx,HDFCGR,253,True,Equity Candidate
HDFC Balanced Advantage Fund,INF179K01WA6,,National Housing Bank^,INE557F08FZ1,Other,CRISIL - AAA,CRISIL - AAA,7.59,20000.0,20034.2,0.19,INF179K01WA6_HDFC Balanced Advantage Fund.xlsx,HDFCGR,254,True,Equity Candidate
HDFC Balanced Advantage Fund,INF179K01WA6,,State Bank of India (Tier 2 - Basel III)^,INE062A08405,Other,CRISIL - AAA,CRISIL - AAA,7.81,200.0,20133.42,0.19,INF179K01WA6_HDFC Balanced Advantage Fund.xlsx,HDFCGR,255,True,Equity Candidate
HDFC Balanced Advantage Fund,INF179K01WA6,,Ashoka Buildcon Ltd.,INE442H01029,Other,Construction,Construction,,15834080.0,19046.81,0.18,INF179K01WA6_HDFC Balanced Advantage Fund.xlsx,HDFCGR,89,True,Equity Candidate
HDFC Balanced Advantage Fund,INF179K01WA6,,Cohance Lifesciences Limited,INE03QK01018,Other,Pharmaceuticals & Biotechnology,Pharmaceuticals & Biotechnology,,4143548.0,18892.51,0.18,INF179K01WA6_HDFC Balanced Advantage Fund.xlsx,HDFCGR,90,True,Equity Candidate
HDFC Balanced Advantage Fund,INF179K01WA6,,TEGA INDUSTRIES LIMITED,INE011K01018,Other,Industrial Manufacturing,Industrial Manufacturing,,1230913.0,19525.97,0.18,INF179K01WA6_HDFC Balanced Advantage Fund.xlsx,HDFCGR,91,True,Equity Candidate
HDFC Balanced Advantage Fund,INF179K01WA6,,7.22% Madhya Pradesh SDL ISD 060825 Mat 060843^,IN2120250096,Government Security,Sovereign,Sovereign,7.22,20000000.0,19055.28,0.18,INF179K01WA6_HDFC Balanced Advantage Fund.xlsx,HDFCGR,190,False,Other
HDFC Balanced Advantage Fund,INF179K01WA6,,LIC Housing Finance Ltd.^,INE115A07QX3,Other,CRISIL - AAA,CRISIL - AAA,7.65,20000.0,19838.66,0.18,INF179K01WA6_HDFC Balanced Advantage Fund.xlsx,HDFCGR,256,True,Equity Candidate
HDFC Balanced Advantage Fund,INF179K01WA6,,Mahanagar Telephone Nigam  Ltd.^,INE153A08170,Other,CARE - AAA(CE),CARE - AAA(CE),7.8,20000.0,19675.88,0.18,INF179K01WA6_HDFC Balanced Advantage Fund.xlsx,HDFCGR,257,True,Equity Candidate
HDFC Balanced Advantage Fund,INF179K01WA6,,National Bank for Agri & Rural Dev.^,INE261F08EL3,Other,CRISIL - AAA,CRISIL - AAA,7.4,20000.0,19793.32,0.18,INF179K01WA6_HDFC Balanced Advantage Fund.xlsx,HDFCGR,258,True,Equity Candidate
HDFC Balanced Advantage Fund,INF179K01WA6,,Sundaram Finance Ltd.^,INE660A07SC8,Other,ICRA - AAA,ICRA - AAA,7.24,20000.0,19822.14,0.18,INF179K01WA6_HDFC Balanced Advantage Fund.xlsx,HDFCGR,259,True,Equity Candidate
HDFC Balanced Advantage Fund,INF179K01WA6,,Ashok Leyland  Ltd,INE208A01029,Other,"Agricultural, Commercial & Construction Vehicles","Agricultural, Commercial & Construction Vehicles",,10629062.0,18668.88,0.17,INF179K01WA6_HDFC Balanced Advantage Fund.xlsx,HDFCGR,92,True,Equity Candidate
HDFC Balanced Advantage Fund,INF179K01WA6,,CESC Ltd.,INE486A01021,Other,Power,Power,,12780789.0,18680.4,0.17,INF179K01WA6_HDFC Balanced Advantage Fund.xlsx,HDFCGR,93,True,Equity Candidate
HDFC Balanced Advantage Fund,INF179K01WA6,,Tata Motors Limited,INE1TAE01010,Other,"Agricultural, Commercial & Construction Vehicles","Agricultural, Commercial & Construction Vehicles",,3904156.0,18392.48,0.17,INF179K01WA6_HDFC Balanced Advantage Fund.xlsx,HDFCGR,94,True,Equity Candidate
HDFC Balanced Advantage Fund,INF179K01WA6,,Asian Paints Limited,INE021A01026,Other,Consumer Durables,Consumer Durables,,643542.0,17077.03,0.16,INF179K01WA6_HDFC Balanced Advantage Fund.xlsx,HDFCGR,95,True,Equity Candidate
HDFC Balanced Advantage Fund,INF179K01WA6,,Crompton Greaves Consumer Elec. Ltd.,INE299U01018,Other,Consumer Durables,Consumer Durables,,7400000.0,17456.6,0.16,INF179K01WA6_HDFC Balanced Advantage Fund.xlsx,HDFCGR,96,True,Equity Candidate
HDFC Balanced Advantage Fund,INF179K01WA6,,Cholamandalam Investment & Finance Co. Ltd.^,INE121A08PZ6,Other,CARE - AA+,CARE - AA+,8.88,17532.0,17452.69,0.16,INF179K01WA6_HDFC Balanced Advantage Fund.xlsx,HDFCGR,260,True,Equity Candidate
HDFC Balanced Advantage Fund,INF179K01WA6,,Indian Railways Finance Corp. Ltd.^,INE053F08403,Other,CRISIL - AAA,CRISIL - AAA,7.39,17500.0,17267.01,0.16,INF179K01WA6_HDFC Balanced Advantage Fund.xlsx,HDFCGR,261,True,Equity Candidate
HDFC Balanced Advantage Fund,INF179K01WA6,,Garden Reach Shipbuilders & Engineers Limited,INE382Z01011,Other,Aerospace & Defense,Aerospace & Defense,,636090.0,16318.89,0.15,INF179K01WA6_HDFC Balanced Advantage Fund.xlsx,HDFCGR,97,True,Equity Candidate
HDFC Balanced Advantage Fund,INF179K01WA6,,7.22% Madhya Pradesh ISD 060825 MAT 060848^,IN2120250112,Government Security,Sovereign,Sovereign,7.22,16900000.0,16005.75,0.15,INF179K01WA6_HDFC Balanced Advantage Fund.xlsx,HDFCGR,191,False,Other
HDFC Balanced Advantage Fund,INF179K01WA6,,National Bank for Agri & Rural Dev.,INE261F08EF5,Other,ICRA - AAA,ICRA - AAA,7.8,16250.0,16286.11,0.15,INF179K01WA6_HDFC Balanced Advantage Fund.xlsx,HDFCGR,262,True,Equity Candidate
HDFC Balanced Advantage Fund,INF179K01WA6,,REC Limited.^,INE020B08FE4,Other,CRISIL - AAA,CRISIL - AAA,7.35,16500.0,16357.95,0.15,INF179K01WA6_HDFC Balanced Advantage Fund.xlsx,HDFCGR,263,True,Equity Candidate
HDFC Balanced Advantage Fund,INF179K01WA6,,CG Power and Industrial Solutions Ltd.,INE067A01029,Other,Electrical Equipment,Electrical Equipment,,1691759.0,15496.51,0.14,INF179K01WA6_HDFC Balanced Advantage Fund.xlsx,HDFCGR,98,True,Equity Candidate
HDFC Balanced Advantage Fund,INF179K01WA6,,Cipla Ltd.,INE059A01026,Other,Pharmaceuticals & Biotechnology,Pharmaceuticals & Biotechnology,,1060783.0,14948.55,0.14,INF179K01WA6_HDFC Balanced Advantage Fund.xlsx,HDFCGR,99,True,Equity Candidate
HDFC Balanced Advantage Fund,INF179K01WA6,,Shriram Finance Ltd.,INE721A01047,Other,Finance,Finance,,1375000.0,15261.13,0.14,INF179K01WA6_HDFC Balanced Advantage Fund.xlsx,HDFCGR,100,True,Equity Candidate
HDFC Balanced Advantage Fund,INF179K01WA6,,LIC Housing Finance Ltd.^,INE115A07QO2,Other,CRISIL - AAA,CRISIL - AAA,7.835,15500.0,15521.33,0.14,INF179K01WA6_HDFC Balanced Advantage Fund.xlsx,HDFCGR,264,True,Equity Candidate
HDFC Balanced Advantage Fund,INF179K01WA6,,LIC Housing Finance Ltd.^,INE115A07RC5,Other,CRISIL - AAA,CRISIL - AAA,7.66,15000.0,14924.19,0.14,INF179K01WA6_HDFC Balanced Advantage Fund.xlsx,HDFCGR,265,True,Equity Candidate
HDFC Balanced Advantage Fund,INF179K01WA6,,Muthoot Finance Ltd.^,INE414G07JZ7,Other,CRISIL - AA+,CRISIL - AA+,8.42,15000.0,14909.79,0.14,INF179K01WA6_HDFC Balanced Advantage Fund.xlsx,HDFCGR,266,True,Equity Candidate
HDFC Balanced Advantage Fund,INF179K01WA6,,National Bank for Agri & Rural Dev.,INE261F08DV4,Other,CRISIL - AAA,CRISIL - AAA,7.62,15000.0,14986.53,0.14,INF179K01WA6_HDFC Balanced Advantage Fund.xlsx,HDFCGR,267,True,Equity Candidate
HDFC Balanced Advantage Fund,INF179K01WA6,,Power Grid Corporation of India Ltd.^,INE752E08775,Other,CRISIL - AAA,CRISIL - AAA,7.12,15000.0,14607.32,0.14,INF179K01WA6_HDFC Balanced Advantage Fund.xlsx,HDFCGR,268,True,Equity Candidate
HDFC Balanced Advantage Fund,INF179K01WA6,,Small Industries Development Bank^,INE556F08KM1,Other,CRISIL - AAA,CRISIL - AAA,7.79,15000.0,15033.06,0.14,INF179K01WA6_HDFC Balanced Advantage Fund.xlsx,HDFCGR,269,True,Equity Candidate
HDFC Balanced Advantage Fund,INF179K01WA6,,Indian Railways Finance Corp. Ltd.^,INE053F08536,Other,CRISIL - AAA,CRISIL - AAA,,27500.0,14644.63,0.14,INF179K01WA6_HDFC Balanced Advantage Fund.xlsx,HDFCGR,333,True,Equity Candidate
HDFC Balanced Advantage Fund,INF179K01WA6,,DLF LIMITED,INE271C01023,Other,Realty,Realty,,2000000.0,13821.0,0.13,INF179K01WA6_HDFC Balanced Advantage Fund.xlsx,HDFCGR,101,True,Equity Candidate
HDFC Balanced Advantage Fund,INF179K01WA6,,HDFC Life Insurance Company Limited,INE795G01014,Other,Insurance,Insurance,,2610766.0,14185.6,0.13,INF179K01WA6_HDFC Balanced Advantage Fund.xlsx,HDFCGR,102,True,Equity Candidate
HDFC Balanced Advantage Fund,INF179K01WA6,,Indian Railways Finance Corp. Ltd.^,INE053F08478,Other,CRISIL - AAA,CRISIL - AAA,7.28,14500.0,14087.17,0.13,INF179K01WA6_HDFC Balanced Advantage Fund.xlsx,HDFCGR,270,True,Equity Candidate
HDFC Balanced Advantage Fund,INF179K01WA6,,Sundaram Finance Ltd.^,INE660A07SD6,Other,ICRA - AAA,ICRA - AAA,7.45,13642.0,13465.94,0.13,INF179K01WA6_HDFC Balanced Advantage Fund.xlsx,HDFCGR,271,True,Equity Candidate
HDFC Balanced Advantage Fund,INF179K01WA6,,India Universal Trust AL2 (Originator - HDFC Bank Limited)£^,INE1CBK15029,Other,CRISIL - AAA(SO),CRISIL - AAA(SO),,250.0,14231.45,0.13,INF179K01WA6_HDFC Balanced Advantage Fund.xlsx,HDFCGR,338,True,Equity Candidate
HDFC Balanced Advantage Fund,INF179K01WA6,,Yes Bank Ltd.^,INE528G16X60,Other,CRISIL - A1+,CRISIL - A1+,,3000.0,14474.72,0.13,INF179K01WA6_HDFC Balanced Advantage Fund.xlsx,HDFCGR,351,True,Equity Candidate
HDFC Balanced Advantage Fund,INF179K01WA6,,Aditya Birla Sun Life AMC Limited,INE404A01024,Other,Capital Markets,Capital Markets,,1197585.0,12596.2,0.12,INF179K01WA6_HDFC Balanced Advantage Fund.xlsx,HDFCGR,103,True,Equity Candidate
HDFC Balanced Advantage Fund,INF179K01WA6,,Gujarat Industries Power Co. Ltd.,INE162A01010,Other,Power,Power,,6327000.0,12613.51,0.12,INF179K01WA6_HDFC Balanced Advantage Fund.xlsx,HDFCGR,104,True,Equity Candidate
HDFC Balanced Advantage Fund,INF179K01WA6,,TATA Capital Housing Finance Ltd.^,INE033L07HU0,Other,CRISIL - AAA,CRISIL - AAA,7.8,1300.0,13006.83,0.12,INF179K01WA6_HDFC Balanced Advantage Fund.xlsx,HDFCGR,272,True,Equity Candidate
HDFC Balanced Advantage Fund,INF179K01WA6,,Bandhan Bank Ltd.,INE545U01014,Other,Banks,Banks,,7407260.0,12110.87,0.11,INF179K01WA6_HDFC Balanced Advantage Fund.xlsx,HDFCGR,105,True,Equity Candidate
HDFC Balanced Advantage Fund,INF179K01WA6,,Dr Reddys Laboratories Ltd.,INE089A01031,Other,Pharmaceuticals & Biotechnology,Pharmaceuticals & Biotechnology,,1000000.0,11544.0,0.11,INF179K01WA6_HDFC Balanced Advantage Fund.xlsx,HDFCGR,106,True,Equity Candidate
HDFC Balanced Advantage Fund,INF179K01WA6,,INFO EDGE (INDIA) LIMITED,INE663F01032,Other,Retailing,Retailing,,936220.0,12292.57,0.11,INF179K01WA6_HDFC Balanced Advantage Fund.xlsx,HDFCGR,107,True,Equity Candidate
HDFC Balanced Advantage Fund,INF179K01WA6,,Jio Financial Services Limited,INE758E01017,Other,Finance,Finance,,4980933.0,12021.48,0.11,INF179K01WA6_HDFC Balanced Advantage Fund.xlsx,HDFCGR,108,True,Equity Candidate
HDFC Balanced Advantage Fund,INF179K01WA6,,LG Electronics India Limited,INE324D01010,Other,Consumer Durables,Consumer Durables,,667057.0,11325.29,0.11,INF179K01WA6_HDFC Balanced Advantage Fund.xlsx,HDFCGR,109,True,Equity Candidate
HDFC Balanced Advantage Fund,INF179K01WA6,,SBI CARDS AND PAYMENT SERVICES LIMITED,INE018E01016,Other,Finance,Finance,,1877975.0,12108.24,0.11,INF179K01WA6_HDFC Balanced Advantage Fund.xlsx,HDFCGR,110,True,Equity Candidate
HDFC Balanced Advantage Fund,INF179K01WA6,,Swiggy Limited,INE00H001014,Other,Retailing,Retailing,,4000000.0,11276.0,0.11,INF179K01WA6_HDFC Balanced Advantage Fund.xlsx,HDFCGR,111,True,Equity Candidate
HDFC Balanced Advantage Fund,INF179K01WA6,,Tata Motors Passenger Vehicles Limited,INE155A01022,Other,Automobiles,Automobiles,,3904156.0,12057.99,0.11,INF179K01WA6_HDFC Balanced Advantage Fund.xlsx,HDFCGR,112,True,Equity Candidate
HDFC Balanced Advantage Fund,INF179K01WA6,,Whirlpool of India Ltd.,INE716A01013,Other,Consumer Durables,Consumer Durables,,1430972.0,11492.85,0.11,INF179K01WA6_HDFC Balanced Advantage Fund.xlsx,HDFCGR,113,True,Equity Candidate
HDFC Balanced Advantage Fund,INF179K01WA6,,7.09% GOI MAT 050854,IN0020240118,Government Security,Sovereign,Sovereign,7.09,13000800.0,12277.77,0.11,INF179K01WA6_HDFC Balanced Advantage Fund.xlsx,HDFCGR,192,False,Other
HDFC Balanced Advantage Fund,INF179K01WA6,,Bajaj Housing Finance Ltd.^,INE377Y07540,Other,CRISIL - AAA,CRISIL - AAA,7.5,12500.0,12083.49,0.11,INF179K01WA6_HDFC Balanced Advantage Fund.xlsx,HDFCGR,273,True,Equity Candidate
HDFC Balanced Advantage Fund,INF179K01WA6,,Housing and Urban Development Corporation Ltd.^,INE031A08947,Other,CARE - AAA,CARE - AAA,7.37,12500.0,12312.1,0.11,INF179K01WA6_HDFC Balanced Advantage Fund.xlsx,HDFCGR,274,True,Equity Candidate
HDFC Balanced Advantage Fund,INF179K01WA6,,Jamnagar Utilities & Power Pvt. Limited^,INE936D07190,Other,CRISIL - AAA,CRISIL - AAA,7.43,12000.0,11697.36,0.11,INF179K01WA6_HDFC Balanced Advantage Fund.xlsx,HDFCGR,275,True,Equity Candidate
HDFC Balanced Advantage Fund,INF179K01WA6,,Pipeline Infrastructure Pvt. Ltd.^,INE01XX07042,Other,CRISIL - AAA,CRISIL - AAA,7.96,11500.0,11557.02,0.11,INF179K01WA6_HDFC Balanced Advantage Fund.xlsx,HDFCGR,276,True,Equity Candidate
HDFC Balanced Advantage Fund,INF179K01WA6,,Avenue Supermarts Ltd.,INE192R01011,Other,Retailing,Retailing,,287665.0,11218.94,0.1,INF179K01WA6_HDFC Balanced Advantage Fund.xlsx,HDFCGR,114,True,Equity Candidate
HDFC Balanced Advantage Fund,INF179K01WA6,,Blue Dart Express Ltd.,INE233B01017,Other,Transport Services,Transport Services,,227052.0,11180.04,0.1,INF179K01WA6_HDFC Balanced Advantage Fund.xlsx,HDFCGR,115,True,Equity Candidate
HDFC Balanced Advantage Fund,INF179K01WA6,,JSW Energy Ltd.,INE121E01018,Other,Power,Power,,1978533.0,10296.29,0.1,INF179K01WA6_HDFC Balanced Advantage Fund.xlsx,HDFCGR,116,True,Equity Candidate
HDFC Balanced Advantage Fund,INF179K01WA6,,7.3% GOI MAT 190653,IN0020230051,Government Security,Sovereign,Sovereign,7.3,11500000.0,11141.14,0.1,INF179K01WA6_HDFC Balanced Advantage Fund.xlsx,HDFCGR,193,False,Other
HDFC Balanced Advantage Fund,INF179K01WA6,,LIC Housing Finance Ltd.^,INE115A07NP6,Other,CRISIL - AAA,CRISIL - AAA,8.75,1000.0,10198.73,0.1,INF179K01WA6_HDFC Balanced Advantage Fund.xlsx,HDFCGR,277,True,Equity Candidate
HDFC Balanced Advantage Fund,INF179K01WA6,,Power Finance Corporation Ltd.^,INE134E08NM4,Other,CRISIL - AAA,CRISIL - AAA,7.38,11000.0,10848.71,0.1,INF179K01WA6_HDFC Balanced Advantage Fund.xlsx,HDFCGR,278,True,Equity Candidate
HDFC Balanced Advantage Fund,INF179K01WA6,,REC Limited.^,INE020B08CX1,Other,CRISIL - AAA,CRISIL - AAA,7.96,1099.0,11070.21,0.1,INF179K01WA6_HDFC Balanced Advantage Fund.xlsx,HDFCGR,279,True,Equity Candidate
HDFC Balanced Advantage Fund,INF179K01WA6,,Indraprastha Gas Ltd.,INE203G01027,Other,Gas,Gas,,6502880.0,9786.18,0.09,INF179K01WA6_HDFC Balanced Advantage Fund.xlsx,HDFCGR,117,True,Equity Candidate
HDFC Balanced Advantage Fund,INF179K01WA6,,Jubilant Foodworks Limited,INE797F01020,Other,Leisure Services,Leisure Services,,2009652.0,9967.87,0.09,INF179K01WA6_HDFC Balanced Advantage Fund.xlsx,HDFCGR,118,True,Equity Candidate
HDFC Balanced Advantage Fund,INF179K01WA6,,6.99% Madhya Pradesh SDL Mat 171141^,IN2120210041,Government Security,Sovereign,Sovereign,6.99,10000000.0,9354.09,0.09,INF179K01WA6_HDFC Balanced Advantage Fund.xlsx,HDFCGR,194,False,Other
HDFC Balanced Advantage Fund,INF179K01WA6,,7.48% Madhya Pradesh MAT 011045^,IN2120250187,Government Security,Sovereign,Sovereign,7.48,10000000.0,9763.97,0.09,INF179K01WA6_HDFC Balanced Advantage Fund.xlsx,HDFCGR,195,False,Other
HDFC Balanced Advantage Fund,INF179K01WA6,,7.63% Andhra Pradesh SDL ISD 030925 MAT 030937^,IN1020250313,Government Security,Sovereign,Sovereign,7.63,10000000.0,9946.0,0.09,INF179K01WA6_HDFC Balanced Advantage Fund.xlsx,HDFCGR,196,False,Other
HDFC Balanced Advantage Fund,INF179K01WA6,,7.71% GOI MAT 180566,IN0020260033,Government Security,Sovereign,Sovereign,7.71,10000000.0,10091.58,0.09,INF179K01WA6_HDFC Balanced Advantage Fund.xlsx,HDFCGR,197,False,Other
HDFC Balanced Advantage Fund,INF179K01WA6,,Bajaj Finance Ltd.^,INE296A07TY3,Other,CRISIL - AAA,CRISIL - AAA,8.08,10000.0,9990.32,0.09,INF179K01WA6_HDFC Balanced Advantage Fund.xlsx,HDFCGR,280,True,Equity Candidate
HDFC Balanced Advantage Fund,INF179K01WA6,,Bajaj Finance Ltd.^,INE296A07TE5,Other,CRISIL - AAA,CRISIL - AAA,7.7,10000.0,9752.48,0.09,INF179K01WA6_HDFC Balanced Advantage Fund.xlsx,HDFCGR,281,True,Equity Candidate
HDFC Balanced Advantage Fund,INF179K01WA6,,Cholamandalam Investment & Finance Co. Ltd.^,INE121A07SU3,Other,ICRA - AA+,ICRA - AA+,8.02,10000.0,9982.49,0.09,INF179K01WA6_HDFC Balanced Advantage Fund.xlsx,HDFCGR,282,True,Equity Candidate
HDFC Balanced Advantage Fund,INF179K01WA6,,Housing and Urban Development Corporation Ltd.^,INE031A08996,Other,CARE - AAA,CARE - AAA,6.64,10000.0,9869.2,0.09,INF179K01WA6_HDFC Balanced Advantage Fund.xlsx,HDFCGR,283,True,Equity Candidate
HDFC Balanced Advantage Fund,INF179K01WA6,,Indian Railways Finance Corp. Ltd.^,INE053F08411,Other,CRISIL - AAA,CRISIL - AAA,7.37,10000.0,9975.34,0.09,INF179K01WA6_HDFC Balanced Advantage Fund.xlsx,HDFCGR,284,True,Equity Candidate
HDFC Balanced Advantage Fund,INF179K01WA6,,Kotak Mahindra Investments Ltd.^,INE975F07IP2,Other,CRISIL - AAA,CRISIL - AAA,8.1929,10000.0,10025.65,0.09,INF179K01WA6_HDFC Balanced Advantage Fund.xlsx,HDFCGR,285,True,Equity Candidate
HDFC Balanced Advantage Fund,INF179K01WA6,,LIC Housing Finance Ltd.,INE115A07PN6,Other,CRISIL - AAA,CRISIL - AAA,6.4,1000.0,9986.47,0.09,INF179K01WA6_HDFC Balanced Advantage Fund.xlsx,HDFCGR,286,True,Equity Candidate
HDFC Balanced Advantage Fund,INF179K01WA6,,LIC Housing Finance Ltd.^,INE115A07QQ7,Other,CRISIL - AAA,CRISIL - AAA,7.87,10000.0,10006.73,0.09,INF179K01WA6_HDFC Balanced Advantage Fund.xlsx,HDFCGR,287,True,Equity Candidate
HDFC Balanced Advantage Fund,INF179K01WA6,,LIC Housing Finance Ltd.^,INE115A07QJ2,Other,CRISIL - AAA,CRISIL - AAA,7.7,1000.0,9990.22,0.09,INF179K01WA6_HDFC Balanced Advantage Fund.xlsx,HDFCGR,288,True,Equity Candidate
HDFC Balanced Advantage Fund,INF179K01WA6,,LIC Housing Finance Ltd.^,INE115A07MQ6,Other,CRISIL - AAA,CRISIL - AAA,7.75,1000.0,10001.14,0.09,INF179K01WA6_HDFC Balanced Advantage Fund.xlsx,HDFCGR,289,True,Equity Candidate
HDFC Balanced Advantage Fund,INF179K01WA6,,National Bank for Agri & Rural Dev.^,INE261F08EU4,Other,CRISIL - AAA,CRISIL - AAA,7.44,10000.0,9930.92,0.09,INF179K01WA6_HDFC Balanced Advantage Fund.xlsx,HDFCGR,290,True,Equity Candidate
HDFC Balanced Advantage Fund,INF179K01WA6,,National Bank for Agri & Rural Dev.^,INE261F08EN9,Other,CRISIL - AAA,CRISIL - AAA,7.37,10000.0,9793.43,0.09,INF179K01WA6_HDFC Balanced Advantage Fund.xlsx,HDFCGR,291,True,Equity Candidate
HDFC Balanced Advantage Fund,INF179K01WA6,,National Housing Bank^,INE557F08FY4,Other,CRISIL - AAA,CRISIL - AAA,7.59,10000.0,10013.79,0.09,INF179K01WA6_HDFC Balanced Advantage Fund.xlsx,HDFCGR,292,True,Equity Candidate
HDFC Balanced Advantage Fund,INF179K01WA6,,National Housing Bank^,INE557F08FX6,Other,CARE - AAA,CARE - AAA,7.51,10000.0,10013.83,0.09,INF179K01WA6_HDFC Balanced Advantage Fund.xlsx,HDFCGR,293,True,Equity Candidate
HDFC Balanced Advantage Fund,INF179K01WA6,,Power Finance Corporation Ltd.^,INE134E08NN2,Other,CRISIL - AAA,CRISIL - AAA,7.4,10000.0,9844.41,0.09,INF179K01WA6_HDFC Balanced Advantage Fund.xlsx,HDFCGR,294,True,Equity Candidate
HDFC Balanced Advantage Fund,INF179K01WA6,,Power Finance Corporation Ltd.^,INE134E08NO0,Other,CRISIL - AAA,CRISIL - AAA,7.44,10000.0,9931.92,0.09,INF179K01WA6_HDFC Balanced Advantage Fund.xlsx,HDFCGR,295,True,Equity Candidate
HDFC Balanced Advantage Fund,INF179K01WA6,,Power Finance Corporation Ltd.^,INE134E08OA7,Other,CRISIL - AAA,CRISIL - AAA,6.92,10000.0,9909.6,0.09,INF179K01WA6_HDFC Balanced Advantage Fund.xlsx,HDFCGR,296,True,Equity Candidate
HDFC Balanced Advantage Fund,INF179K01WA6,,Small Industries Development Bank^,INE556F08LD8,Other,CRISIL - AAA,CRISIL - AAA,7.61,10000.0,9978.07,0.09,INF179K01WA6_HDFC Balanced Advantage Fund.xlsx,HDFCGR,297,True,Equity Candidate
HDFC Balanced Advantage Fund,INF179K01WA6,,Small Industries Development Bank^,INE556F08KK5,Other,CRISIL - AAA,CRISIL - AAA,7.79,10000.0,10019.23,0.09,INF179K01WA6_HDFC Balanced Advantage Fund.xlsx,HDFCGR,298,True,Equity Candidate
HDFC Balanced Advantage Fund,INF179K01WA6,,Tata Capital Ltd.^,INE976I07DE9,Other,CRISIL - AAA,CRISIL - AAA,7.34,10000.0,9956.97,0.09,INF179K01WA6_HDFC Balanced Advantage Fund.xlsx,HDFCGR,299,True,Equity Candidate
HDFC Balanced Advantage Fund,INF179K01WA6,,Toyota Financial Services India Ltd.^,INE692Q07449,Other,ICRA - AAA,ICRA - AAA,8.15,10000.0,10001.47,0.09,INF179K01WA6_HDFC Balanced Advantage Fund.xlsx,HDFCGR,300,True,Equity Candidate
HDFC Balanced Advantage Fund,INF179K01WA6,,Union Bank of India^,INE692A16KU1,Other,ICRA - A1+,ICRA - A1+,,2000.0,9747.27,0.09,INF179K01WA6_HDFC Balanced Advantage Fund.xlsx,HDFCGR,352,True,Equity Candidate
HDFC Balanced Advantage Fund,INF179K01WA6,,TENNECO CLEAN AIR INDIA LIMITED,INE19RI01016,Other,Auto Components,Auto Components,,1590399.0,8419.57,0.08,INF179K01WA6_HDFC Balanced Advantage Fund.xlsx,HDFCGR,119,True,Equity Candidate
HDFC Balanced Advantage Fund,INF179K01WA6,,UTI Asset Management Company Ltd,INE094J01016,Other,Capital Markets,Capital Markets,,999852.0,8704.21,0.08,INF179K01WA6_HDFC Balanced Advantage Fund.xlsx,HDFCGR,120,True,Equity Candidate
HDFC Balanced Advantage Fund,INF179K01WA6,,7.07% Gujarat SDL ISD 240925 MAT 261133^,IN1520250193,Government Security,Sovereign,Sovereign,7.07,9052000.0,8879.32,0.08,INF179K01WA6_HDFC Balanced Advantage Fund.xlsx,HDFCGR,198,False,Other
HDFC Balanced Advantage Fund,INF179K01WA6,,Aegis Vopak Terminals Limited,INE0INX01018,Other,Oil,Oil,,2933343.0,7883.36,0.07,INF179K01WA6_HDFC Balanced Advantage Fund.xlsx,HDFCGR,121,True,Equity Candidate
HDFC Balanced Advantage Fund,INF179K01WA6,,Home First Finance Company India Ltd,INE481N01025,Other,Finance,Finance,,618556.0,7204.32,0.07,INF179K01WA6_HDFC Balanced Advantage Fund.xlsx,HDFCGR,122,True,Equity Candidate
HDFC Balanced Advantage Fund,INF179K01WA6,,Texmaco Rail & Engineering Ltd.,INE621L01012,Other,Industrial Manufacturing,Industrial Manufacturing,,7313200.0,7967.73,0.07,INF179K01WA6_HDFC Balanced Advantage Fund.xlsx,HDFCGR,123,True,Equity Candidate
HDFC Balanced Advantage Fund,INF179K01WA6,,Zee Entertainment Enterprises Ltd.,INE256A01028,Other,Entertainment,Entertainment,,8160030.0,7636.16,0.07,INF179K01WA6_HDFC Balanced Advantage Fund.xlsx,HDFCGR,124,True,Equity Candidate
HDFC Balanced Advantage Fund,INF179K01WA6,,7.24% GOI MAT 180855,IN0020250075,Government Security,Sovereign,Sovereign,7.24,7500000.0,7220.24,0.07,INF179K01WA6_HDFC Balanced Advantage Fund.xlsx,HDFCGR,199,False,Other
HDFC Balanced Advantage Fund,INF179K01WA6,,7.48% Andhra Pradesh SDL ISD 030925 MAT 030933^,IN1020250289,Government Security,Sovereign,Sovereign,7.48,7948800.0,7946.78,0.07,INF179K01WA6_HDFC Balanced Advantage Fund.xlsx,HDFCGR,200,False,Other
HDFC Balanced Advantage Fund,INF179K01WA6,,Indian Railways Finance Corp. Ltd.^,INE053F08387,Other,CRISIL - AAA,CRISIL - AAA,7.46,7500.0,7501.02,0.07,INF179K01WA6_HDFC Balanced Advantage Fund.xlsx,HDFCGR,301,True,Equity Candidate
HDFC Balanced Advantage Fund,INF179K01WA6,,Indian Railways Finance Corp. Ltd.^,INE053F07AA7,Other,CRISIL - AAA,CRISIL - AAA,7.49,750.0,7504.28,0.07,INF179K01WA6_HDFC Balanced Advantage Fund.xlsx,HDFCGR,302,True,Equity Candidate
HDFC Balanced Advantage Fund,INF179K01WA6,,L&T Metro Rail (Hyderabad) Ltd^,INE128M08094,Other,CRISIL - AAA(CE),CRISIL - AAA(CE),7.55,7500.0,7333.61,0.07,INF179K01WA6_HDFC Balanced Advantage Fund.xlsx,HDFCGR,303,True,Equity Candidate
HDFC Balanced Advantage Fund,INF179K01WA6,,REC Limited.^,INE020B08FB0,Other,CRISIL - AAA,CRISIL - AAA,7.53,8000.0,7948.05,0.07,INF179K01WA6_HDFC Balanced Advantage Fund.xlsx,HDFCGR,304,True,Equity Candidate
HDFC Balanced Advantage Fund,INF179K01WA6,,Small Industries Development Bank,INE556F08LC0,Other,CRISIL - AAA,CRISIL - AAA,7.22,7500.0,7417.96,0.07,INF179K01WA6_HDFC Balanced Advantage Fund.xlsx,HDFCGR,305,True,Equity Candidate
HDFC Balanced Advantage Fund,INF179K01WA6,,360 ONE WAM LIMITED,INE466L01038,Other,Capital Markets,Capital Markets,,509588.0,5987.66,0.06,INF179K01WA6_HDFC Balanced Advantage Fund.xlsx,HDFCGR,125,True,Equity Candidate
HDFC Balanced Advantage Fund,INF179K01WA6,,Housing and Urban Development Corporation Ltd.,INE031A01017,Other,Finance,Finance,,3300000.0,6007.65,0.06,INF179K01WA6_HDFC Balanced Advantage Fund.xlsx,HDFCGR,126,True,Equity Candidate
HDFC Balanced Advantage Fund,INF179K01WA6,,ITC Hotels Limited,INE379A01028,Other,Leisure Services,Leisure Services,,4147692.0,6640.04,0.06,INF179K01WA6_HDFC Balanced Advantage Fund.xlsx,HDFCGR,127,True,Equity Candidate
HDFC Balanced Advantage Fund,INF179K01WA6,,Milky Mist Dairy Food Limited,INE00IT01020,Other,Food Products,Food Products,,3023499.0,6377.77,0.06,INF179K01WA6_HDFC Balanced Advantage Fund.xlsx,HDFCGR,128,True,Equity Candidate
HDFC Balanced Advantage Fund,INF179K01WA6,,Nuvoco Vistas Corporation Ltd.,INE118D01016,Other,Cement & Cement Products,Cement & Cement Products,,2112854.0,6737.89,0.06,INF179K01WA6_HDFC Balanced Advantage Fund.xlsx,HDFCGR,129,True,Equity Candidate
HDFC Balanced Advantage Fund,INF179K01WA6,,PB Fintech Limited,INE417T01026,Other,Financial Technology (Fintech),Financial Technology (Fintech),,359723.0,6744.81,0.06,INF179K01WA6_HDFC Balanced Advantage Fund.xlsx,HDFCGR,130,True,Equity Candidate
HDFC Balanced Advantage Fund,INF179K01WA6,,VODAFONE IDEA LIMITED,INE669E01016,Other,Telecom - Services,Telecom - Services,,44528169.0,6380.89,0.06,INF179K01WA6_HDFC Balanced Advantage Fund.xlsx,HDFCGR,131,True,Equity Candidate
HDFC Balanced Advantage Fund,INF179K01WA6,,7.29% Rajasthan SDL ISD 191125 Mat 191137^,IN2920250296,Government Security,Sovereign,Sovereign,7.29,7054200.0,6846.13,0.06,INF179K01WA6_HDFC Balanced Advantage Fund.xlsx,HDFCGR,201,False,Other
HDFC Balanced Advantage Fund,INF179K01WA6,,7.48% Andhra Pradesh SDL ISD 030925 MAT 030934^,IN1020250297,Government Security,Sovereign,Sovereign,7.48,6031200.0,6005.63,0.06,INF179K01WA6_HDFC Balanced Advantage Fund.xlsx,HDFCGR,202,False,Other
HDFC Balanced Advantage Fund,INF179K01WA6,,7.62% Andhra Pradesh SDL ISD 030925 MAT 030936^,IN1020250305,Government Security,Sovereign,Sovereign,7.62,6736600.0,6694.81,0.06,INF179K01WA6_HDFC Balanced Advantage Fund.xlsx,HDFCGR,203,False,Other
HDFC Balanced Advantage Fund,INF179K01WA6,,Bharti Hexacom Limited,INE343G01021,Other,Telecom - Services,Telecom - Services,,345102.0,5333.55,0.05,INF179K01WA6_HDFC Balanced Advantage Fund.xlsx,HDFCGR,132,True,Equity Candidate
HDFC Balanced Advantage Fund,INF179K01WA6,,Persistent Systems Limited,INE262H01021,Other,IT - Software,IT - Software,,100000.0,5594.5,0.05,INF179K01WA6_HDFC Balanced Advantage Fund.xlsx,HDFCGR,133,True,Equity Candidate
HDFC Balanced Advantage Fund,INF179K01WA6,,Torrent Power Ltd.,INE813H01021,Other,Power,Power,,484632.0,5888.76,0.05,INF179K01WA6_HDFC Balanced Advantage Fund.xlsx,HDFCGR,134,True,Equity Candidate
HDFC Balanced Advantage Fund,INF179K01WA6,,Westlife Foodworld Limited,INE274F01020,Other,Leisure Services,Leisure Services,,937597.0,5355.55,0.05,INF179K01WA6_HDFC Balanced Advantage Fund.xlsx,HDFCGR,135,True,Equity Candidate
HDFC Balanced Advantage Fund,INF179K01WA6,,7.20% Maharashtra SDL MAT 231036^,IN2220250343,Government Security,Sovereign,Sovereign,7.2,5000000.0,4846.71,0.05,INF179K01WA6_HDFC Balanced Advantage Fund.xlsx,HDFCGR,204,False,Other
HDFC Balanced Advantage Fund,INF179K01WA6,,7.39% TAMIL NADU SDL - Mat 150734^,IN3120260077,Government Security,Sovereign,Sovereign,7.39,5168400.0,5143.57,0.05,INF179K01WA6_HDFC Balanced Advantage Fund.xlsx,HDFCGR,205,False,Other
HDFC Balanced Advantage Fund,INF179K01WA6,,7.64% Gujarat SDL ISD 170124 MAT 170133^,IN1520230203,Government Security,Sovereign,Sovereign,7.64,5000000.0,5059.96,0.05,INF179K01WA6_HDFC Balanced Advantage Fund.xlsx,HDFCGR,206,False,Other
HDFC Balanced Advantage Fund,INF179K01WA6,,7.72% Bihar SDL - MAT 250241^,IN1320250294,Government Security,Sovereign,Sovereign,7.72,5000000.0,4993.87,0.05,INF179K01WA6_HDFC Balanced Advantage Fund.xlsx,HDFCGR,207,False,Other
HDFC Balanced Advantage Fund,INF179K01WA6,,Bharti Telecom Limited,INE403D08314,Other,CRISIL - AAA,CRISIL - AAA,7.75,5778.0,5737.38,0.05,INF179K01WA6_HDFC Balanced Advantage Fund.xlsx,HDFCGR,306,True,Equity Candidate
HDFC Balanced Advantage Fund,INF179K01WA6,,Bharti Telecom Limited^,INE403D08322,Other,CRISIL - AAA,CRISIL - AAA,7.85,5000.0,4952.01,0.05,INF179K01WA6_HDFC Balanced Advantage Fund.xlsx,HDFCGR,307,True,Equity Candidate
HDFC Balanced Advantage Fund,INF179K01WA6,,Grasim Industries Ltd.^,INE047A08190,Other,CRISIL - AAA,CRISIL - AAA,7.5,500.0,5004.44,0.05,INF179K01WA6_HDFC Balanced Advantage Fund.xlsx,HDFCGR,308,True,Equity Candidate
HDFC Balanced Advantage Fund,INF179K01WA6,,Grasim Industries Ltd.^,INE047A08208,Other,CRISIL - AAA,CRISIL - AAA,7.63,500.0,5012.16,0.05,INF179K01WA6_HDFC Balanced Advantage Fund.xlsx,HDFCGR,309,True,Equity Candidate
HDFC Balanced Advantage Fund,INF179K01WA6,,HDFC Bank Ltd.£^,INE040A08666,Other,CRISIL - AAA,CRISIL - AAA,7.8,5000.0,4970.31,0.05,INF179K01WA6_HDFC Balanced Advantage Fund.xlsx,HDFCGR,310,True,Equity Candidate
HDFC Balanced Advantage Fund,INF179K01WA6,,HDFC Bank Ltd.£^,INE040A08955,Other,CRISIL - AAA,CRISIL - AAA,7.7,5000.0,5006.55,0.05,INF179K01WA6_HDFC Balanced Advantage Fund.xlsx,HDFCGR,311,True,Equity Candidate
HDFC Balanced Advantage Fund,INF179K01WA6,,HDFC Bank Ltd.£^,INE040A08864,Other,CRISIL - AAA,CRISIL - AAA,6.83,600.0,5781.03,0.05,INF179K01WA6_HDFC Balanced Advantage Fund.xlsx,HDFCGR,312,True,Equity Candidate
HDFC Balanced Advantage Fund,INF179K01WA6,,Housing and Urban Development Corporation Ltd.^,INE031A08970,Other,ICRA - AAA,ICRA - AAA,6.9,5000.0,4892.36,0.05,INF179K01WA6_HDFC Balanced Advantage Fund.xlsx,HDFCGR,313,True,Equity Candidate
HDFC Balanced Advantage Fund,INF179K01WA6,,Indian Oil Corporation Ltd.^,INE242A08569,Other,CRISIL - AAA,CRISIL - AAA,7.25,5000.0,4990.65,0.05,INF179K01WA6_HDFC Balanced Advantage Fund.xlsx,HDFCGR,314,True,Equity Candidate
HDFC Balanced Advantage Fund,INF179K01WA6,,Indian Railways Finance Corp. Ltd.^,INE053F08320,Other,CRISIL - AAA,CRISIL - AAA,7.45,5000.0,4999.02,0.05,INF179K01WA6_HDFC Balanced Advantage Fund.xlsx,HDFCGR,315,True,Equity Candidate
HDFC Balanced Advantage Fund,INF179K01WA6,,LIC Housing Finance Ltd.^,INE115A07PV9,Other,CRISIL - AAA,CRISIL - AAA,7.9,500.0,5010.14,0.05,INF179K01WA6_HDFC Balanced Advantage Fund.xlsx,HDFCGR,316,True,Equity Candidate
HDFC Balanced Advantage Fund,INF179K01WA6,,National Bank for Agri & Rural Dev.^,INE261F08ED0,Other,CRISIL - AAA,CRISIL - AAA,7.83,5000.0,5011.07,0.05,INF179K01WA6_HDFC Balanced Advantage Fund.xlsx,HDFCGR,317,True,Equity Candidate
HDFC Balanced Advantage Fund,INF179K01WA6,,National Housing Bank^,INE557F08GE4,Other,CARE - AAA,CARE - AAA,6.8,5000.0,4850.26,0.05,INF179K01WA6_HDFC Balanced Advantage Fund.xlsx,HDFCGR,318,True,Equity Candidate
HDFC Balanced Advantage Fund,INF179K01WA6,,Power Grid Corporation of India Ltd.^,INE752E07OF7,Other,CRISIL - AAA,CRISIL - AAA,7.3,500.0,4999.57,0.05,INF179K01WA6_HDFC Balanced Advantage Fund.xlsx,HDFCGR,319,True,Equity Candidate
HDFC Balanced Advantage Fund,INF179K01WA6,,Small Industries Development Bank^,INE556F08KV2,Other,CRISIL - AAA,CRISIL - AAA,7.48,5000.0,4974.52,0.05,INF179K01WA6_HDFC Balanced Advantage Fund.xlsx,HDFCGR,320,True,Equity Candidate
HDFC Balanced Advantage Fund,INF179K01WA6,,Small Industries Development Bank^,INE556F08KS8,Other,CRISIL - AAA,CRISIL - AAA,7.34,5000.0,4958.21,0.05,INF179K01WA6_HDFC Balanced Advantage Fund.xlsx,HDFCGR,321,True,Equity Candidate
HDFC Balanced Advantage Fund,INF179K01WA6,,Small Industries Development Bank^,INE556F08KJ7,Other,CRISIL - AAA,CRISIL - AAA,7.55,5000.0,5001.86,0.05,INF179K01WA6_HDFC Balanced Advantage Fund.xlsx,HDFCGR,322,True,Equity Candidate
HDFC Balanced Advantage Fund,INF179K01WA6,,Union Bank of India (Perpetual) (AT1) (Basel III)^,INE692A08029,Other,CARE - AA+,CARE - AA+,9.5,500.0,5002.07,0.05,INF179K01WA6_HDFC Balanced Advantage Fund.xlsx,HDFCGR,323,True,Equity Candidate
HDFC Balanced Advantage Fund,INF179K01WA6,,Ceigall India Limited,INE0AG901020,Other,Construction,Construction,,1313506.0,4483.65,0.04,INF179K01WA6_HDFC Balanced Advantage Fund.xlsx,HDFCGR,136,True,Equity Candidate
HDFC Balanced Advantage Fund,INF179K01WA6,,Colgate-Palmolive ( I ) Ltd.,INE259A01022,Other,Personal Products,Personal Products,,200000.0,3795.2,0.04,INF179K01WA6_HDFC Balanced Advantage Fund.xlsx,HDFCGR,137,True,Equity Candidate
HDFC Balanced Advantage Fund,INF179K01WA6,,Devyani International Ltd,INE872J01023,Other,Leisure Services,Leisure Services,,2967752.0,4118.35,0.04,INF179K01WA6_HDFC Balanced Advantage Fund.xlsx,HDFCGR,138,True,Equity Candidate
HDFC Balanced Advantage Fund,INF179K01WA6,,Fortis Healthcare Limited,INE061F01013,Other,Healthcare Services,Healthcare Services,,500000.0,4534.5,0.04,INF179K01WA6_HDFC Balanced Advantage Fund.xlsx,HDFCGR,139,True,Equity Candidate
HDFC Balanced Advantage Fund,INF179K01WA6,,ICICI PRUDENTIAL ASSET MANAGEMENT COMPANY LIMITED,INE346A01027,Other,Capital Markets,Capital Markets,,134574.0,4124.83,0.04,INF179K01WA6_HDFC Balanced Advantage Fund.xlsx,HDFCGR,140,True,Equity Candidate
HDFC Balanced Advantage Fund,INF179K01WA6,,7.63% Gujarat SDL ISD 240124 Mat 240133^,IN1520230229,Government Security,Sovereign,Sovereign,7.63,4317000.0,4366.79,0.04,INF179K01WA6_HDFC Balanced Advantage Fund.xlsx,HDFCGR,208,False,Other
HDFC Balanced Advantage Fund,INF179K01WA6,,7.64% % Gujarat SDL ISD 170124 Mat 170134^,IN1520230211,Government Security,Sovereign,Sovereign,7.64,3844400.0,3880.54,0.04,INF179K01WA6_HDFC Balanced Advantage Fund.xlsx,HDFCGR,209,False,Other
HDFC Balanced Advantage Fund,INF179K01WA6,,7.67% Haryana SDL MAT 250241^,IN1620250366,Government Security,Sovereign,Sovereign,7.67,4135600.0,4120.16,0.04,INF179K01WA6_HDFC Balanced Advantage Fund.xlsx,HDFCGR,210,False,Other
HDFC Balanced Advantage Fund,INF179K01WA6,,Adani Ports & Special Economic Zone,INE742F01042,Other,Transport Infrastructure,Transport Infrastructure,,215231.0,3428.85,0.03,INF179K01WA6_HDFC Balanced Advantage Fund.xlsx,HDFCGR,141,True,Equity Candidate
HDFC Balanced Advantage Fund,INF179K01WA6,,Medi Assist Healthcare Services Limited,INE456Z01021,Other,Insurance,Insurance,,952417.0,3135.36,0.03,INF179K01WA6_HDFC Balanced Advantage Fund.xlsx,HDFCGR,142,True,Equity Candidate
HDFC Balanced Advantage Fund,INF179K01WA6,,Ramco Systems Ltd.,INE246B01019,Other,IT - Software,IT - Software,,569833.0,3277.96,0.03,INF179K01WA6_HDFC Balanced Advantage Fund.xlsx,HDFCGR,143,True,Equity Candidate
HDFC Balanced Advantage Fund,INF179K01WA6,,RHI MAGNESITA INDIA Limited,INE743M01012,Other,Industrial Products,Industrial Products,,969882.0,3604.08,0.03,INF179K01WA6_HDFC Balanced Advantage Fund.xlsx,HDFCGR,144,True,Equity Candidate
HDFC Balanced Advantage Fund,INF179K01WA6,,SBI Funds Management Limited,INE640G01020,Other,Capital Markets,Capital Markets,,607230.0,3506.75,0.03,INF179K01WA6_HDFC Balanced Advantage Fund.xlsx,HDFCGR,145,True,Equity Candidate
HDFC Balanced Advantage Fund,INF179K01WA6,,6.79% GOI MAT 071034,IN0020240126,Government Security,Sovereign,Sovereign,6.79,3500000.0,3480.0,0.03,INF179K01WA6_HDFC Balanced Advantage Fund.xlsx,HDFCGR,211,False,Other
HDFC Balanced Advantage Fund,INF179K01WA6,,7.25% GOI MAT 120663,IN0020230044,Government Security,Sovereign,Sovereign,7.25,3175900.0,3024.43,0.03,INF179K01WA6_HDFC Balanced Advantage Fund.xlsx,HDFCGR,212,False,Other
HDFC Balanced Advantage Fund,INF179K01WA6,,7.48% Uttar Pradesh SDL ISD 200324 Mat 200336^,IN3320230318,Government Security,Sovereign,Sovereign,7.48,3500000.0,3454.07,0.03,INF179K01WA6_HDFC Balanced Advantage Fund.xlsx,HDFCGR,213,False,Other
HDFC Balanced Advantage Fund,INF179K01WA6,,7.63% Gujarat SDL - MAT 100637,IN1520260051,Government Security,Sovereign,Sovereign,7.63,3593900.0,3592.09,0.03,INF179K01WA6_HDFC Balanced Advantage Fund.xlsx,HDFCGR,214,False,Other
HDFC Balanced Advantage Fund,INF179K01WA6,,7.63% Gujarat SDL ISD 240124 Mat 240134^,IN1520230237,Government Security,Sovereign,Sovereign,7.63,3000000.0,3026.63,0.03,INF179K01WA6_HDFC Balanced Advantage Fund.xlsx,HDFCGR,215,False,Other
HDFC Balanced Advantage Fund,INF179K01WA6,,HDFC Bank Ltd.£^,INE040A08690,Other,CRISIL - AAA,CRISIL - AAA,7.4,350.0,3454.09,0.03,INF179K01WA6_HDFC Balanced Advantage Fund.xlsx,HDFCGR,324,True,Equity Candidate
HDFC Balanced Advantage Fund,INF179K01WA6,,HDFC Bank Ltd.£^,INE040A08831,Other,CRISIL - AAA,CRISIL - AAA,7.1,300.0,2907.45,0.03,INF179K01WA6_HDFC Balanced Advantage Fund.xlsx,HDFCGR,325,True,Equity Candidate
HDFC Balanced Advantage Fund,INF179K01WA6,,LIC Housing Finance Ltd.^,INE115A07RF8,Other,CRISIL - AAA,CRISIL - AAA,7.58,3750.0,3744.34,0.03,INF179K01WA6_HDFC Balanced Advantage Fund.xlsx,HDFCGR,326,True,Equity Candidate
HDFC Balanced Advantage Fund,INF179K01WA6,,National Bank for Agri & Rural Dev.^,INE261F08EI9,Other,ICRA - AAA,ICRA - AAA,7.7,3750.0,3754.48,0.03,INF179K01WA6_HDFC Balanced Advantage Fund.xlsx,HDFCGR,327,True,Equity Candidate
HDFC Balanced Advantage Fund,INF179K01WA6,,REC Limited.^,INE020B08BC7,Other,CRISIL - AAA,CRISIL - AAA,8.7,350.0,3583.19,0.03,INF179K01WA6_HDFC Balanced Advantage Fund.xlsx,HDFCGR,328,True,Equity Candidate
HDFC Balanced Advantage Fund,INF179K01WA6,,Aditya Infotech Limited,INE819V01029,Other,Industrial Manufacturing,Industrial Manufacturing,,60161.0,2145.34,0.02,INF179K01WA6_HDFC Balanced Advantage Fund.xlsx,HDFCGR,146,True,Equity Candidate
HDFC Balanced Advantage Fund,INF179K01WA6,,Bajaj Housing Finance Ltd.,INE377Y01014,Other,Finance,Finance,,1950124.0,1638.49,0.02,INF179K01WA6_HDFC Balanced Advantage Fund.xlsx,HDFCGR,147,True,Equity Candidate
HDFC Balanced Advantage Fund,INF179K01WA6,,BEML Land Assets Limited,INE0N7W01012,Other,Finance,Finance,,1113681.0,1848.49,0.02,INF179K01WA6_HDFC Balanced Advantage Fund.xlsx,HDFCGR,148,True,Equity Candidate
HDFC Balanced Advantage Fund,INF179K01WA6,,Chambal Fertilizers & Chemicals Ltd.,INE085A01013,Other,Fertilizers & Agrochemicals,Fertilizers & Agrochemicals,,620921.0,2542.98,0.02,INF179K01WA6_HDFC Balanced Advantage Fund.xlsx,HDFCGR,149,True,Equity Candidate
HDFC Balanced Advantage Fund,INF179K01WA6,,Coromandel International Limited,INE169A01031,Other,Fertilizers & Agrochemicals,Fertilizers & Agrochemicals,,133734.0,2548.84,0.02,INF179K01WA6_HDFC Balanced Advantage Fund.xlsx,HDFCGR,150,True,Equity Candidate
HDFC Balanced Advantage Fund,INF179K01WA6,,Fusion Finance Limited,INE139R01012,Other,Finance,Finance,,912850.0,1828.62,0.02,INF179K01WA6_HDFC Balanced Advantage Fund.xlsx,HDFCGR,151,True,Equity Candidate
HDFC Balanced Advantage Fund,INF179K01WA6,,L&T Finance Ltd.,INE498L01015,Other,Finance,Finance,,611641.0,1963.37,0.02,INF179K01WA6_HDFC Balanced Advantage Fund.xlsx,HDFCGR,152,True,Equity Candidate
HDFC Balanced Advantage Fund,INF179K01WA6,,TruAlt Bioenergy Limited,INE0MWH01014,Other,Agricultural Food & Other Products,Agricultural Food & Other Products,,504030.0,2165.31,0.02,INF179K01WA6_HDFC Balanced Advantage Fund.xlsx,HDFCGR,153,True,Equity Candidate
HDFC Balanced Advantage Fund,INF179K01WA6,,7.23% GOI MAT 150439^,IN0020240027,Government Security,Sovereign,Sovereign,7.23,2302500.0,2336.76,0.02,INF179K01WA6_HDFC Balanced Advantage Fund.xlsx,HDFCGR,216,False,Other
HDFC Balanced Advantage Fund,INF179K01WA6,,7.45% Maharashtra ISD 220324 Mat 220339^,IN2220230345,Government Security,Sovereign,Sovereign,7.45,2009000.0,1976.68,0.02,INF179K01WA6_HDFC Balanced Advantage Fund.xlsx,HDFCGR,217,False,Other
HDFC Balanced Advantage Fund,INF179K01WA6,,GOI STRIPS - Mat 170628^,IN000628C031,Government Security,Sovereign,Sovereign,,1897500.0,1694.46,0.02,INF179K01WA6_HDFC Balanced Advantage Fund.xlsx,HDFCGR,218,False,Other
HDFC Balanced Advantage Fund,INF179K01WA6,,Axis Finance Ltd.^,INE891K07AM5,Other,CRISIL - AAA,CRISIL - AAA,7.699999999999999,2500.0,2500.96,0.02,INF179K01WA6_HDFC Balanced Advantage Fund.xlsx,HDFCGR,329,True,Equity Candidate
HDFC Balanced Advantage Fund,INF179K01WA6,,Indian Railways Finance Corp. Ltd.^,INE053F08270,Other,CRISIL - AAA,CRISIL - AAA,7.75,2500.0,2516.75,0.02,INF179K01WA6_HDFC Balanced Advantage Fund.xlsx,HDFCGR,330,True,Equity Candidate
HDFC Balanced Advantage Fund,INF179K01WA6,,National Bank for Agri & Rural Dev.^,INE261F08EJ7,Other,ICRA - AAA,ICRA - AAA,7.64,2500.0,2493.73,0.02,INF179K01WA6_HDFC Balanced Advantage Fund.xlsx,HDFCGR,331,True,Equity Candidate
HDFC Balanced Advantage Fund,INF179K01WA6,,Sansar Trust July 2023 II (Originator - Shriram Finance Limited)^,INE0QTL15013,Other,CRISIL - AAA(SO),CRISIL - AAA(SO),,2500.0,2177.19,0.02,INF179K01WA6_HDFC Balanced Advantage Fund.xlsx,HDFCGR,339,True,Equity Candidate
HDFC Balanced Advantage Fund,INF179K01WA6,,Aster DM Quality Care Limited,INE914M01019,Other,Healthcare Services,Healthcare Services,,92791.0,701.5,0.01,INF179K01WA6_HDFC Balanced Advantage Fund.xlsx,HDFCGR,154,True,Equity Candidate
HDFC Balanced Advantage Fund,INF179K01WA6,,Campus Activewear Limited,INE278Y01022,Other,Consumer Durables,Consumer Durables,,458949.0,1038.1,0.01,INF179K01WA6_HDFC Balanced Advantage Fund.xlsx,HDFCGR,155,True,Equity Candidate
HDFC Balanced Advantage Fund,INF179K01WA6,,Emcure Pharmaceuticals Limited,INE168P01015,Other,Pharmaceuticals & Biotechnology,Pharmaceuticals & Biotechnology,,81119.0,1505.0,0.01,INF179K01WA6_HDFC Balanced Advantage Fund.xlsx,HDFCGR,156,True,Equity Candidate
HDFC Balanced Advantage Fund,INF179K01WA6,,JNK India Limited,INE0OAF01028,Other,Industrial Manufacturing,Industrial Manufacturing,,220323.0,955.65,0.01,INF179K01WA6_HDFC Balanced Advantage Fund.xlsx,HDFCGR,157,True,Equity Candidate
HDFC Balanced Advantage Fund,INF179K01WA6,,Paradeep Phosphates Limited,INE088F01024,Other,Fertilizers & Agrochemicals,Fertilizers & Agrochemicals,,900000.0,1440.36,0.01,INF179K01WA6_HDFC Balanced Advantage Fund.xlsx,HDFCGR,158,True,Equity Candidate
HDFC Balanced Advantage Fund,INF179K01WA6,,RITES Limited,INE320J01015,Other,Construction,Construction,,600000.0,1310.64,0.01,INF179K01WA6_HDFC Balanced Advantage Fund.xlsx,HDFCGR,159,True,Equity Candidate
HDFC Balanced Advantage Fund,INF179K01WA6,,Shiprocket Limited,INE0FOO01011,Other,Transport Services,Transport Services,,1033648.0,1435.63,0.01,INF179K01WA6_HDFC Balanced Advantage Fund.xlsx,HDFCGR,160,True,Equity Candidate
HDFC Balanced Advantage Fund,INF179K01WA6,,Star Health and Allied Insurance Company Ltd,INE575P01011,Other,Insurance,Insurance,,225476.0,1280.14,0.01,INF179K01WA6_HDFC Balanced Advantage Fund.xlsx,HDFCGR,161,True,Equity Candidate
HDFC Balanced Advantage Fund,INF179K01WA6,,Tamilnadu Newsprint & Papers Ltd.,INE107A01015,Other,"Paper, Forest & Jute Products","Paper, Forest & Jute Products",,564812.0,795.71,0.01,INF179K01WA6_HDFC Balanced Advantage Fund.xlsx,HDFCGR,162,True,Equity Candidate
HDFC Balanced Advantage Fund,INF179K01WA6,,Tata Chemicals Ltd.,INE092A01019,Other,Chemicals & Petrochemicals,Chemicals & Petrochemicals,,220000.0,1414.6,0.01,INF179K01WA6_HDFC Balanced Advantage Fund.xlsx,HDFCGR,163,True,Equity Candidate
HDFC Balanced Advantage Fund,INF179K01WA6,,Union Bank of India,INE692A01016,Other,Banks,Banks,,704503.0,1328.9,0.01,INF179K01WA6_HDFC Balanced Advantage Fund.xlsx,HDFCGR,164,True,Equity Candidate
HDFC Balanced Advantage Fund,INF179K01WA6,,UPL Ltd.,INE628A01036,Other,Fertilizers & Agrochemicals,Fertilizers & Agrochemicals,,170402.0,958.09,0.01,INF179K01WA6_HDFC Balanced Advantage Fund.xlsx,HDFCGR,165,True,Equity Candidate
HDFC Balanced Advantage Fund,INF179K01WA6,,Varun Beverages Ltd,INE200M01039,Other,Beverages,Beverages,,389122.0,1558.24,0.01,INF179K01WA6_HDFC Balanced Advantage Fund.xlsx,HDFCGR,166,True,Equity Candidate
HDFC Balanced Advantage Fund,INF179K01WA6,,7.63% Maharashtra SDL Mat 310135^,IN2220230196,Government Security,Sovereign,Sovereign,7.63,953500.0,956.31,0.01,INF179K01WA6_HDFC Balanced Advantage Fund.xlsx,HDFCGR,219,False,Other
HDFC Balanced Advantage Fund,INF179K01WA6,,RAAJMARG INFRA INVESTMENT TRUST,INE2PB023011,Other,Transport Infrastructure,Transport Infrastructure,,465815.0,565.92,0.01,INF179K01WA6_HDFC Balanced Advantage Fund.xlsx,HDFCGR,345,True,Equity Candidate
HDFC Balanced Advantage Fund,INF179K01WA6,,,EQUITY & EQUITY RELATED,Other,,,,,,,INF179K01WA6_HDFC Balanced Advantage Fund.xlsx,HDFCGR,6,False,Other
HDFC Balanced Advantage Fund,INF179K01WA6,,,(A) LISTED / AWAITING LISTING ON STOCK EXCHANGES,Other,,,,,,,INF179K01WA6_HDFC Balanced Advantage Fund.xlsx,HDFCGR,7,False,Other
HDFC Balanced Advantage Fund,INF179K01WA6,,,EQUITY,Other,,,,,,,INF179K01WA6_HDFC Balanced Advantage Fund.xlsx,HDFCGR,8,False,Other
HDFC Balanced Advantage Fund,INF179K01WA6,,AGS Transact Technologies Limited,INE583L01014,Other,Financial Technology (Fintech),Financial Technology (Fintech),,4587241.0,0.46,,INF179K01WA6_HDFC Balanced Advantage Fund.xlsx,HDFCGR,167,True,Equity Candidate
HDFC Balanced Advantage Fund,INF179K01WA6,,CMR Green Technologies Limited,INE00WV01027,Other,Industrial Products,Industrial Products,,32201.0,74.31,,INF179K01WA6_HDFC Balanced Advantage Fund.xlsx,HDFCGR,168,True,Equity Candidate
HDFC Balanced Advantage Fund,INF179K01WA6,,Indus Towers Limited,INE121J01017,Other,Telecom - Services,Telecom - Services,,5342.0,20.77,,INF179K01WA6_HDFC Balanced Advantage Fund.xlsx,HDFCGR,169,True,Equity Candidate
HDFC Balanced Advantage Fund,INF179K01WA6,,Kwality Wall’s (India) Limited,INE2KCE01013,Other,Food Products,Food Products,,1120219.0,508.36,,INF179K01WA6_HDFC Balanced Advantage Fund.xlsx,HDFCGR,170,True,Equity Candidate
HDFC Balanced Advantage Fund,INF179K01WA6,,MEP Infrastructure Developers Ltd.,INE776I01010,Other,Transport Infrastructure,Transport Infrastructure,,8083148.0,0.81,,INF179K01WA6_HDFC Balanced Advantage Fund.xlsx,HDFCGR,171,True,Equity Candidate
HDFC Balanced Advantage Fund,INF179K01WA6,,S Chand and Company Ltd.,INE807K01035,Other,Printing & Publication,Printing & Publication,,102953.0,141.83,,INF179K01WA6_HDFC Balanced Advantage Fund.xlsx,HDFCGR,172,True,Equity Candidate
HDFC Balanced Advantage Fund,INF179K01WA6,,Tata Consumer Products Limited,INE192A01025,Other,Agricultural Food & Other Products,Agricultural Food & Other Products,,4556.0,47.27,,INF179K01WA6_HDFC Balanced Advantage Fund.xlsx,HDFCGR,173,True,Equity Candidate
HDFC Balanced Advantage Fund,INF179K01WA6,,,(B) UNITS ISSUED BY REIT,Other,,,,,,,INF179K01WA6_HDFC Balanced Advantage Fund.xlsx,HDFCGR,175,False,Other
HDFC Balanced Advantage Fund,INF179K01WA6,,,DEBT INSTRUMENTS,Other,,,,,,,INF179K01WA6_HDFC Balanced Advantage Fund.xlsx,HDFCGR,180,False,Other
HDFC Balanced Advantage Fund,INF179K01WA6,,,(A) LISTED / AWAITING LISTING ON STOCK EXCHANGES,Other,,,,,,,INF179K01WA6_HDFC Balanced Advantage Fund.xlsx,HDFCGR,181,False,Other
HDFC Balanced Advantage Fund,INF179K01WA6,,,GOVERNMENT SECURITIES (CENTRAL/STATE),Other,,,,,,,INF179K01WA6_HDFC Balanced Advantage Fund.xlsx,HDFCGR,182,False,Other
HDFC Balanced Advantage Fund,INF179K01WA6,,6.67% GOI MAT 171250,IN0020200252,Government Security,Sovereign,Sovereign,6.67,500000.0,453.4,,INF179K01WA6_HDFC Balanced Advantage Fund.xlsx,HDFCGR,220,False,Other
HDFC Balanced Advantage Fund,INF179K01WA6,,6.99% GOI MAT 151251,IN0020210194,Government Security,Sovereign,Sovereign,6.99,500000.0,469.85,,INF179K01WA6_HDFC Balanced Advantage Fund.xlsx,HDFCGR,221,False,Other
HDFC Balanced Advantage Fund,INF179K01WA6,,7.17% GOI MAT 170430,IN0020230036,Government Security,Sovereign,Sovereign,7.17,457200.0,466.77,,INF179K01WA6_HDFC Balanced Advantage Fund.xlsx,HDFCGR,222,False,Other
HDFC Balanced Advantage Fund,INF179K01WA6,,7.26% GOI MAT 060233,IN0020220151,Government Security,Sovereign,Sovereign,7.26,58900.0,60.56,,INF179K01WA6_HDFC Balanced Advantage Fund.xlsx,HDFCGR,223,False,Other
HDFC Balanced Advantage Fund,INF179K01WA6,,7.47% Chhattisgarh SDL ISD 200324 MAT 200334^,IN3520230282,Government Security,Sovereign,Sovereign,7.47,164800.0,163.97,,INF179K01WA6_HDFC Balanced Advantage Fund.xlsx,HDFCGR,224,False,Other
HDFC Balanced Advantage Fund,INF179K01WA6,,,NON-CONVERTIBLE DEBENTURES / BONDS,Other,,,,,,,INF179K01WA6_HDFC Balanced Advantage Fund.xlsx,HDFCGR,225,False,Other
HDFC Balanced Advantage Fund,INF179K01WA6,,,ZERO COUPON BONDS / DEEP DISCOUNT BONDS,Other,,,,,,,INF179K01WA6_HDFC Balanced Advantage Fund.xlsx,HDFCGR,332,False,Other
HDFC Balanced Advantage Fund,INF179K01WA6,,,(C) SECURITIZED DEBT INSTRUMENTS,Other,,,,,,,INF179K01WA6_HDFC Balanced Advantage Fund.xlsx,HDFCGR,335,False,Other
HDFC Balanced Advantage Fund,INF179K01WA6,,,SECURITIZED DEBT INSTRUMENTS,Other,,,,,,,INF179K01WA6_HDFC Balanced Advantage Fund.xlsx,HDFCGR,336,False,Other
HDFC Balanced Advantage Fund,INF179K01WA6,,,UNITS ISSUED BY INVIT,Other,,,,,,,INF179K01WA6_HDFC Balanced Advantage Fund.xlsx,HDFCGR,342,False,Other
HDFC Balanced Advantage Fund,INF179K01WA6,,,UNITS ISSUED BY INVIT,Other,,,,,,,INF179K01WA6_HDFC Balanced Advantage Fund.xlsx,HDFCGR,343,False,Other
HDFC Balanced Advantage Fund,INF179K01WA6,,,MONEY MARKET INSTRUMENTS,Other,,,,,,,INF179K01WA6_HDFC Balanced Advantage Fund.xlsx,HDFCGR,348,False,Other
HDFC Balanced Advantage Fund,INF179K01WA6,,,CERTIFICATE OF DEPOSIT (CD),Other,,,,,,,INF179K01WA6_HDFC Balanced Advantage Fund.xlsx,HDFCGR,349,False,Other
HDFC Balanced Advantage Fund,INF179K01WA6,,,TREPS - TRI-PARTY REPO,Other,,,,,,,INF179K01WA6_HDFC Balanced Advantage Fund.xlsx,HDFCGR,353,False,Other
HDFC Balanced Advantage Fund,INF179K01WA6,,,OTHERS,Other,,,,,,,INF179K01WA6_HDFC Balanced Advantage Fund.xlsx,HDFCGR,357,False,Other
HDFC Balanced Advantage Fund,INF179K01WA6,,,NET CURRENT ASSETS,Other,,,,,,,INF179K01WA6_HDFC Balanced Advantage Fund.xlsx,HDFCGR,358,False,Other
HDFC Balanced Advantage Fund,INF179K01WA6,,Top Ten Holdings,TOP TEN HOLDINGS,Other,Top Ten Holdings,Top Ten Holdings,,,,,INF179K01WA6_HDFC Balanced Advantage Fund.xlsx,HDFCGR,363,False,Other
HDFC Balanced Advantage Fund,INF179K01WA6,,+ Industry Classification as recommended by AMFI,+ INDUSTRY CLASSIFICATION AS RECOMMENDED BY AMFI,Other,+ Industry Classification as recommended by AMFI,+ Industry Classification as recommended by AMFI,,,,,INF179K01WA6_HDFC Balanced Advantage Fund.xlsx,HDFCGR,364,False,Other
HDFC Balanced Advantage Fund,INF179K01WA6,,£ - Sponsor Company,£ - SPONSOR COMPANY,Other,£ - Sponsor Company,£ - Sponsor Company,,,,,INF179K01WA6_HDFC Balanced Advantage Fund.xlsx,HDFCGR,365,False,Other
HDFC Balanced Advantage Fund,INF179K01WA6,,"** Thinly Traded/ Non-Traded Securities (Equity) as on August 31, 2026","** THINLY TRADED/ NON-TRADED SECURITIES (EQUITY) AS ON AUGUST 31, 2026",Equity,"** Thinly Traded/ Non-Traded Securities (Equity) as on August 31, 2026","** Thinly Traded/ Non-Traded Securities (Equity) as on August 31, 2026",31.0,31.0,,,INF179K01WA6_HDFC Balanced Advantage Fund.xlsx,HDFCGR,366,False,Other
HDFC Balanced Advantage Fund,INF179K01WA6,,"^ Non-Traded Securities (Debt) as on August 31, 2026","^ NON-TRADED SECURITIES (DEBT) AS ON AUGUST 31, 2026",Other,"^ Non-Traded Securities (Debt) as on August 31, 2026","^ Non-Traded Securities (Debt) as on August 31, 2026",31.0,31.0,,,INF179K01WA6_HDFC Balanced Advantage Fund.xlsx,HDFCGR,367,False,Other
HDFC Balanced Advantage Fund,INF179K01WA6,,# Non Sensex Scrips,# NON SENSEX SCRIPS,Other,# Non Sensex Scrips,# Non Sensex Scrips,,,,,INF179K01WA6_HDFC Balanced Advantage Fund.xlsx,HDFCGR,368,False,Other
HDFC Balanced Advantage Fund,INF179K01WA6,,@ Less than 0.01%.,@ LESS THAN 0.01%.,Other,@ Less than 0.01%.,@ Less than 0.01%.,0.01,0.01,,,INF179K01WA6_HDFC Balanced Advantage Fund.xlsx,HDFCGR,369,False,Other
HDFC Balanced Advantage Fund,INF179K01WA6,,~ YTC i.e. Yield to Call is disclosed at security level only for Additional Tier 1 Bonds and Tier 2 Bonds issued by Banks as per AMFI Best Practices Notification 135/BP/91/2020-21 read with SEBI circular SEBI/HO/IMD/DF4/CIR/P/2021/034,~ YTC I.E. YIELD TO CALL IS DISCLOSED AT SECURITY LEVEL ONLY FOR ADDITIONAL TIER 1 BONDS AND TIER 2 BONDS ISSUED BY BANKS AS PER AMFI BEST PRACTICES NOTIFICATION 135/BP/91/2020-21 READ WITH SEBI CIRCULAR SEBI/HO/IMD/DF4/CIR/P/2021/034,Debt,~ YTC i.e. Yield to Call is disclosed at security level only for Additional Tier 1 Bonds and Tier 2 Bonds issued by Banks as per AMFI Best Practices Notification 135/BP/91/2020-21 read with SEBI circular SEBI/HO/IMD/DF4/CIR/P/2021/034,~ YTC i.e. Yield to Call is disclosed at security level only for Additional Tier 1 Bonds and Tier 2 Bonds issued by Banks as per AMFI Best Practices Notification 135/BP/91/2020-21 read with SEBI circular SEBI/HO/IMD/DF4/CIR/P/2021/034,1.0,1.0,,,INF179K01WA6_HDFC Balanced Advantage Fund.xlsx,HDFCGR,370,False,Non-Equity
HDFC Balanced Advantage Fund,INF179K01WA6,,This scheme has exposure to floating rate instruments and / or interest rate derivatives. The duration of these instruments is linked to the interest rate reset period. The interest rate risk in a floating rate instrument or in a fixed rate instrument hedged with derivatives is likely to be lesser than that in an equivalent maturity fixed rate instrument. Under some market circumstances the volatility may be of an order greater than what may ordinarily be expected considering only its duration. Hence investors are recommended to consider the unadjusted portfolio maturity of the scheme as well and exercise adequate due diligence when deciding to make their investments,THIS SCHEME HAS EXPOSURE TO FLOATING RATE INSTRUMENTS AND / OR INTEREST RATE DERIVATIVES. THE DURATION OF THESE INSTRUMENTS IS LINKED TO THE INTEREST RATE RESET PERIOD. THE INTEREST RATE RISK IN A FLOATING RATE INSTRUMENT OR IN A FIXED RATE INSTRUMENT HEDGED WITH DERIVATIVES IS LIKELY TO BE LESSER THAN THAT IN AN EQUIVALENT MATURITY FIXED RATE INSTRUMENT. UNDER SOME MARKET CIRCUMSTANCES THE VOLATILITY MAY BE OF AN ORDER GREATER THAN WHAT MAY ORDINARILY BE EXPECTED CONSIDERING ONLY ITS DURATION. HENCE INVESTORS ARE RECOMMENDED TO CONSIDER THE UNADJUSTED PORTFOLIO MATURITY OF THE SCHEME AS WELL AND EXERCISE ADEQUATE DUE DILIGENCE WHEN DECIDING TO MAKE THEIR INVESTMENTS,Other,This scheme has exposure to floating rate instruments and / or interest rate derivatives. The duration of these instruments is linked to the interest rate reset period. The interest rate risk in a floating rate instrument or in a fixed rate instrument hedged with derivatives is likely to be lesser than that in an equivalent maturity fixed rate instrument. Under some market circumstances the volatility may be of an order greater than what may ordinarily be expected considering only its duration. Hence investors are recommended to consider the unadjusted portfolio maturity of the scheme as well and exercise adequate due diligence when deciding to make their investments,This scheme has exposure to floating rate instruments and / or interest rate derivatives. The duration of these instruments is linked to the interest rate reset period. The interest rate risk in a floating rate instrument or in a fixed rate instrument hedged with derivatives is likely to be lesser than that in an equivalent maturity fixed rate instrument. Under some market circumstances the volatility may be of an order greater than what may ordinarily be expected considering only its duration. Hence investors are recommended to consider the unadjusted portfolio maturity of the scheme as well and exercise adequate due diligence when deciding to make their investments,,,,,INF179K01WA6_HDFC Balanced Advantage Fund.xlsx,HDFCGR,371,False,Other
HDFC Balanced Advantage Fund,INF179K01WA6,,,PORTFOLIO CLASSIFICATION BY ASSET CLASS(%),Other,,,,,,,INF179K01WA6_HDFC Balanced Advantage Fund.xlsx,HDFCGR,372,False,Other
HDFC Balanced Advantage Fund,INF179K01WA6,,73.25999999999998,EQUITY,Other,,,,,,,INF179K01WA6_HDFC Balanced Advantage Fund.xlsx,HDFCGR,373,False,Other
HDFC Balanced Advantage Fund,INF179K01WA6,,0.3,UNITS ISSUED BY INVIT,Other,,,,,,,INF179K01WA6_HDFC Balanced Advantage Fund.xlsx,HDFCGR,374,False,Other
HDFC Balanced Advantage Fund,INF179K01WA6,,1.3,UNITS ISSUED BY REIT,Other,,,,,,,INF179K01WA6_HDFC Balanced Advantage Fund.xlsx,HDFCGR,375,False,Other
HDFC Balanced Advantage Fund,INF179K01WA6,,7.079999999999998,"G-SEC, G-SEC STRIPS, SDL",Other,,,,,,,INF179K01WA6_HDFC Balanced Advantage Fund.xlsx,HDFCGR,376,False,Other
HDFC Balanced Advantage Fund,INF179K01WA6,,0.36,SECURITIZED DEBT INSTRUMENTS,Other,,,,,,,INF179K01WA6_HDFC Balanced Advantage Fund.xlsx,HDFCGR,377,False,Other
HDFC Balanced Advantage Fund,INF179K01WA6,,0.45,CD,Other,,,,,,,INF179K01WA6_HDFC Balanced Advantage Fund.xlsx,HDFCGR,378,False,Other
HDFC Balanced Advantage Fund,INF179K01WA6,,15.899999999999999,CREDIT EXPOSURE,Other,,,,,,,INF179K01WA6_HDFC Balanced Advantage Fund.xlsx,HDFCGR,379,False,Other
HDFC Balanced Advantage Fund,INF179K01WA6,,1.35,"CASH, CASH EQUIVALENTS AND NET CURRENT ASSETS",Other,,,,,,,INF179K01WA6_HDFC Balanced Advantage Fund.xlsx,HDFCGR,380,False,Other
HDFC Balanced Advantage Fund,INF179K01WA6,,,PORTFOLIO CLASSIFICATION BY RATING CLASS(%),Other,,,,,,,INF179K01WA6_HDFC Balanced Advantage Fund.xlsx,HDFCGR,381,False,Other
HDFC Balanced Advantage Fund,INF179K01WA6,,73.25999999999999,EQUITY,Other,,,,,,,INF179K01WA6_HDFC Balanced Advantage Fund.xlsx,HDFCGR,382,False,Other
HDFC Balanced Advantage Fund,INF179K01WA6,,0.3,UNITS ISSUED BY INVIT,Other,,,,,,,INF179K01WA6_HDFC Balanced Advantage Fund.xlsx,HDFCGR,383,False,Other
HDFC Balanced Advantage Fund,INF179K01WA6,,1.3,UNITS ISSUED BY REIT,Other,,,,,,,INF179K01WA6_HDFC Balanced Advantage Fund.xlsx,HDFCGR,384,False,Other
HDFC Balanced Advantage Fund,INF179K01WA6,,7.079999999999998,SOVEREIGN,Other,,,,,,,INF179K01WA6_HDFC Balanced Advantage Fund.xlsx,HDFCGR,385,False,Other
HDFC Balanced Advantage Fund,INF179K01WA6,,15.389999999999999,AAA/AAA(SO)/A1+/A1+(SO) & EQUIVALENT,Other,,,,,,,INF179K01WA6_HDFC Balanced Advantage Fund.xlsx,HDFCGR,386,False,Other
HDFC Balanced Advantage Fund,INF179K01WA6,,1.32,AA+,Other,,,,,,,INF179K01WA6_HDFC Balanced Advantage Fund.xlsx,HDFCGR,387,False,Other
HDFC Balanced Advantage Fund,INF179K01WA6,,1.35,"CASH, CASH EQUIVALENTS AND NET CURRENT ASSETS",Other,,,,,,,INF179K01WA6_HDFC Balanced Advantage Fund.xlsx,HDFCGR,388,False,Other
HDFC Balanced Advantage Fund,INF179K01WA6,,,PORTFOLIO CLASSIFICATION BY INDUSTRY(%),Other,,,,,,,INF179K01WA6_HDFC Balanced Advantage Fund.xlsx,HDFCGR,389,False,Other
HDFC Balanced Advantage Fund,INF179K01WA6,,19.02,BANKS,Other,,,,,,,INF179K01WA6_HDFC Balanced Advantage Fund.xlsx,HDFCGR,390,False,Other
HDFC Balanced Advantage Fund,INF179K01WA6,,5.54,PHARMACEUTICALS & BIOTECHNOLOGY,Other,,,,,,,INF179K01WA6_HDFC Balanced Advantage Fund.xlsx,HDFCGR,391,False,Other
HDFC Balanced Advantage Fund,INF179K01WA6,,5.260000000000001,PETROLEUM PRODUCTS,Other,,,,,,,INF179K01WA6_HDFC Balanced Advantage Fund.xlsx,HDFCGR,392,False,Other
HDFC Balanced Advantage Fund,INF179K01WA6,,4.86,IT - SOFTWARE,Other,,,,,,,INF179K01WA6_HDFC Balanced Advantage Fund.xlsx,HDFCGR,393,False,Other
HDFC Balanced Advantage Fund,INF179K01WA6,,3.69,AUTOMOBILES,Other,,,,,,,INF179K01WA6_HDFC Balanced Advantage Fund.xlsx,HDFCGR,394,False,Other
HDFC Balanced Advantage Fund,INF179K01WA6,,3.69,CONSTRUCTION,Other,,,,,,,INF179K01WA6_HDFC Balanced Advantage Fund.xlsx,HDFCGR,395,False,Other
HDFC Balanced Advantage Fund,INF179K01WA6,,3.08,FINANCE,Other,,,,,,,INF179K01WA6_HDFC Balanced Advantage Fund.xlsx,HDFCGR,396,False,Other
HDFC Balanced Advantage Fund,INF179K01WA6,,3.04,TELECOM - SERVICES,Other,,,,,,,INF179K01WA6_HDFC Balanced Advantage Fund.xlsx,HDFCGR,397,False,Other
HDFC Balanced Advantage Fund,INF179K01WA6,,2.65,INSURANCE,Other,,,,,,,INF179K01WA6_HDFC Balanced Advantage Fund.xlsx,HDFCGR,398,False,Other
HDFC Balanced Advantage Fund,INF179K01WA6,,2.88,POWER,Other,,,,,,,INF179K01WA6_HDFC Balanced Advantage Fund.xlsx,HDFCGR,399,False,Other
HDFC Balanced Advantage Fund,INF179K01WA6,,2.57,RETAILING,Other,,,,,,,INF179K01WA6_HDFC Balanced Advantage Fund.xlsx,HDFCGR,400,False,Other
HDFC Balanced Advantage Fund,INF179K01WA6,,1.62,INDUSTRIAL MANUFACTURING,Other,,,,,,,INF179K01WA6_HDFC Balanced Advantage Fund.xlsx,HDFCGR,401,False,Other
HDFC Balanced Advantage Fund,INF179K01WA6,,1.6,CONSUMABLE FUELS,Other,,,,,,,INF179K01WA6_HDFC Balanced Advantage Fund.xlsx,HDFCGR,402,False,Other
HDFC Balanced Advantage Fund,INF179K01WA6,,1.33,DIVERSIFIED FMCG,Other,,,,,,,INF179K01WA6_HDFC Balanced Advantage Fund.xlsx,HDFCGR,403,False,Other
HDFC Balanced Advantage Fund,INF179K01WA6,,1.29,TRANSPORT SERVICES,Other,,,,,,,INF179K01WA6_HDFC Balanced Advantage Fund.xlsx,HDFCGR,404,False,Other
HDFC Balanced Advantage Fund,INF179K01WA6,,1.1300000000000001,AUTO COMPONENTS,Other,,,,,,,INF179K01WA6_HDFC Balanced Advantage Fund.xlsx,HDFCGR,405,False,Other
HDFC Balanced Advantage Fund,INF179K01WA6,,1.12,FERROUS METALS,Other,,,,,,,INF179K01WA6_HDFC Balanced Advantage Fund.xlsx,HDFCGR,406,False,Other
HDFC Balanced Advantage Fund,INF179K01WA6,,1.09,AEROSPACE & DEFENSE,Other,,,,,,,INF179K01WA6_HDFC Balanced Advantage Fund.xlsx,HDFCGR,407,False,Other
HDFC Balanced Advantage Fund,INF179K01WA6,,0.9500000000000001,TRANSPORT INFRASTRUCTURE,Other,,,,,,,INF179K01WA6_HDFC Balanced Advantage Fund.xlsx,HDFCGR,408,False,Other
HDFC Balanced Advantage Fund,INF179K01WA6,,0.9,GAS,Other,,,,,,,INF179K01WA6_HDFC Balanced Advantage Fund.xlsx,HDFCGR,409,False,Other
HDFC Balanced Advantage Fund,INF179K01WA6,,0.8300000000000001,CEMENT & CEMENT PRODUCTS,Other,,,,,,,INF179K01WA6_HDFC Balanced Advantage Fund.xlsx,HDFCGR,410,False,Other
HDFC Balanced Advantage Fund,INF179K01WA6,,0.77,ELECTRICAL EQUIPMENT,Other,,,,,,,INF179K01WA6_HDFC Balanced Advantage Fund.xlsx,HDFCGR,411,False,Other
HDFC Balanced Advantage Fund,INF179K01WA6,,0.7300000000000001,"AGRICULTURAL, COMMERCIAL & CONSTRUCTION VEHICLES",Other,,,,,,,INF179K01WA6_HDFC Balanced Advantage Fund.xlsx,HDFCGR,412,False,Other
HDFC Balanced Advantage Fund,INF179K01WA6,,0.55,CONSUMER DURABLES,Other,,,,,,,INF179K01WA6_HDFC Balanced Advantage Fund.xlsx,HDFCGR,413,False,Other
HDFC Balanced Advantage Fund,INF179K01WA6,,0.5299999999999999,CAPITAL MARKETS,Other,,,,,,,INF179K01WA6_HDFC Balanced Advantage Fund.xlsx,HDFCGR,414,False,Other
HDFC Balanced Advantage Fund,INF179K01WA6,,0.45,FOOD PRODUCTS,Other,,,,,,,INF179K01WA6_HDFC Balanced Advantage Fund.xlsx,HDFCGR,415,False,Other
HDFC Balanced Advantage Fund,INF179K01WA6,,0.39,COMMERCIAL SERVICES & SUPPLIES,Other,,,,,,,INF179K01WA6_HDFC Balanced Advantage Fund.xlsx,HDFCGR,416,False,Other
HDFC Balanced Advantage Fund,INF179K01WA6,,1.6600000000000001,REALTY,Other,,,,,,,INF179K01WA6_HDFC Balanced Advantage Fund.xlsx,HDFCGR,417,False,Other
HDFC Balanced Advantage Fund,INF179K01WA6,,0.35000000000000003,OIL,Other,,,,,,,INF179K01WA6_HDFC Balanced Advantage Fund.xlsx,HDFCGR,418,False,Other
HDFC Balanced Advantage Fund,INF179K01WA6,,0.3,BEVERAGES,Other,,,,,,,INF179K01WA6_HDFC Balanced Advantage Fund.xlsx,HDFCGR,419,False,Other
HDFC Balanced Advantage Fund,INF179K01WA6,,0.24,INDUSTRIAL PRODUCTS,Other,,,,,,,INF179K01WA6_HDFC Balanced Advantage Fund.xlsx,HDFCGR,420,False,Other
HDFC Balanced Advantage Fund,INF179K01WA6,,0.24,LEISURE SERVICES,Other,,,,,,,INF179K01WA6_HDFC Balanced Advantage Fund.xlsx,HDFCGR,421,False,Other
HDFC Balanced Advantage Fund,INF179K01WA6,,0.2,CHEMICALS & PETROCHEMICALS,Other,,,,,,,INF179K01WA6_HDFC Balanced Advantage Fund.xlsx,HDFCGR,422,False,Other
HDFC Balanced Advantage Fund,INF179K01WA6,,0.07,ENTERTAINMENT,Other,,,,,,,INF179K01WA6_HDFC Balanced Advantage Fund.xlsx,HDFCGR,423,False,Other
HDFC Balanced Advantage Fund,INF179K01WA6,,0.060000000000000005,FERTILIZERS & AGROCHEMICALS,Other,,,,,,,INF179K01WA6_HDFC Balanced Advantage Fund.xlsx,HDFCGR,424,False,Other
HDFC Balanced Advantage Fund,INF179K01WA6,,0.06,FINANCIAL TECHNOLOGY (FINTECH),Other,,,,,,,INF179K01WA6_HDFC Balanced Advantage Fund.xlsx,HDFCGR,425,False,Other
HDFC Balanced Advantage Fund,INF179K01WA6,,0.05,HEALTHCARE SERVICES,Other,,,,,,,INF179K01WA6_HDFC Balanced Advantage Fund.xlsx,HDFCGR,426,False,Other
HDFC Balanced Advantage Fund,INF179K01WA6,,0.04,PERSONAL PRODUCTS,Other,,,,,,,INF179K01WA6_HDFC Balanced Advantage Fund.xlsx,HDFCGR,427,False,Other
HDFC Balanced Advantage Fund,INF179K01WA6,,0.02,AGRICULTURAL FOOD & OTHER PRODUCTS,Other,,,,,,,INF179K01WA6_HDFC Balanced Advantage Fund.xlsx,HDFCGR,428,False,Other
HDFC Balanced Advantage Fund,INF179K01WA6,,0.01,"PAPER, FOREST & JUTE PRODUCTS",Other,,,,,,,INF179K01WA6_HDFC Balanced Advantage Fund.xlsx,HDFCGR,429,False,Other
HDFC Balanced Advantage Fund,INF179K01WA6,,0,PRINTING & PUBLICATION,Other,,,,,,,INF179K01WA6_HDFC Balanced Advantage Fund.xlsx,HDFCGR,430,False,Other
HDFC Balanced Advantage Fund,INF179K01WA6,,7.079999999999998,"G-SEC, G-SEC STRIPS, SDL",Other,,,,,,,INF179K01WA6_HDFC Balanced Advantage Fund.xlsx,HDFCGR,431,False,Other
HDFC Balanced Advantage Fund,INF179K01WA6,,0.36,SECURITIZED DEBT INSTRUMENTS,Other,,,,,,,INF179K01WA6_HDFC Balanced Advantage Fund.xlsx,HDFCGR,432,False,Other
HDFC Balanced Advantage Fund,INF179K01WA6,,0.45,CD,Other,,,,,,,INF179K01WA6_HDFC Balanced Advantage Fund.xlsx,HDFCGR,433,False,Other
HDFC Balanced Advantage Fund,INF179K01WA6,,15.899999999999999,CREDIT EXPOSURE,Other,,,,,,,INF179K01WA6_HDFC Balanced Advantage Fund.xlsx,HDFCGR,434,False,Other
HDFC Balanced Advantage Fund,INF179K01WA6,,1.35,"CASH, CASH EQUIVALENTS AND NET CURRENT ASSETS",Other,,,,,,,INF179K01WA6_HDFC Balanced Advantage Fund.xlsx,HDFCGR,435,False,Other
HDFC Balanced Advantage Fund,INF179K01WA6,,,NOTES :,Other,,,,,,,INF179K01WA6_HDFC Balanced Advantage Fund.xlsx,HDFCGR,436,False,Other
HDFC Balanced Advantage Fund,INF179K01WA6,,,1) NAV HISTORY,Other,,,,,,,INF179K01WA6_HDFC Balanced Advantage Fund.xlsx,HDFCGR,437,False,Other
HDFC Balanced Advantage Fund,INF179K01WA6,,"July 31, 2026",NAVS PER UNIT (RS.),Other,,,31.0,,,,INF179K01WA6_HDFC Balanced Advantage Fund.xlsx,HDFCGR,438,False,Other
HDFC Balanced Advantage Fund,INF179K01WA6,,36.507,IDCW OPTION,Other,,,36.219,,,,INF179K01WA6_HDFC Balanced Advantage Fund.xlsx,HDFCGR,439,False,Other
HDFC Balanced Advantage Fund,INF179K01WA6,,43.436,DIRECT PLAN - IDCW OPTION,Other,,,43.16,,,,INF179K01WA6_HDFC Balanced Advantage Fund.xlsx,HDFCGR,440,False,Other
HDFC Balanced Advantage Fund,INF179K01WA6,,526.398,GROWTH OPTION,Other,,,525.843,,,,INF179K01WA6_HDFC Balanced Advantage Fund.xlsx,HDFCGR,441,False,Other
HDFC Balanced Advantage Fund,INF179K01WA6,,572.345,DIRECT PLAN - GROWTH OPTION,Other,,,571.997,,,,INF179K01WA6_HDFC Balanced Advantage Fund.xlsx,HDFCGR,442,False,Other
HDFC Balanced Advantage Fund,INF179K01WA6,,,"DIVIDEND HISTORY - DIVIDEND DECLARED DURING THE MONTH ENDED AUGUST 31, 2026 :",Other,,,,,,,INF179K01WA6_HDFC Balanced Advantage Fund.xlsx,HDFCGR,443,False,Other
HDFC Balanced Advantage Fund,INF179K01WA6,,Nav as on Record Date,PLAN NAME,Other,Individuals and HUF,Individuals and HUF,,,,,INF179K01WA6_HDFC Balanced Advantage Fund.xlsx,HDFCGR,445,False,Other
HDFC Balanced Advantage Fund,INF179K01WA6,,43.574,DIRECT PLAN - IDCW OPTION,Other,0.25,0.25,25.0,0.25,,,INF179K01WA6_HDFC Balanced Advantage Fund.xlsx,HDFCGR,446,False,Other
HDFC Balanced Advantage Fund,INF179K01WA6,,36.61,IDCW OPTION,Other,0.25,0.25,25.0,0.25,,,INF179K01WA6_HDFC Balanced Advantage Fund.xlsx,HDFCGR,447,False,Other
HDFC Balanced Advantage Fund,INF179K01WA6,,,"BONUS HISTORY - BONUS DECLARED DURING THE MONTH ENDED AUGUST 31, 2026: NIL",Other,,,,,,,INF179K01WA6_HDFC Balanced Advantage Fund.xlsx,HDFCGR,448,False,Other
HDFC Balanced Advantage Fund,INF179K01WA6,,,2) TOTAL BELOW INVESTMENT GRADE OR DEFAULT PROVIDED FOR AND ITS PERCENTAGE TO NAV : NIL,Other,,,,,,,INF179K01WA6_HDFC Balanced Advantage Fund.xlsx,HDFCGR,449,False,Other
HDFC Balanced Advantage Fund,INF179K01WA6,,,3) TOTAL INVESTMENTS IN FOREIGN SECURITIES / OVERSEAS ETFS / ADRS / GDRS : NIL,Other,,,,,,,INF179K01WA6_HDFC Balanced Advantage Fund.xlsx,HDFCGR,450,False,Other
HDFC Balanced Advantage Fund,INF179K01WA6,,,4) REPO IN CORPORATE DEBT : NIL,Other,,,,,,,INF179K01WA6_HDFC Balanced Advantage Fund.xlsx,HDFCGR,451,False,Other
HDFC Balanced Advantage Fund,INF179K01WA6,,,"5) TOTAL OUTSTANDING EXPOSURE IN DERIVATIVE INSTRUMENTS AS ON AUG 31, 2026 : RS. 50000 LACS",Other,,,,,,,INF179K01WA6_HDFC Balanced Advantage Fund.xlsx,HDFCGR,452,False,Other
HDFC Balanced Advantage Fund,INF179K01WA6,,,6) PORTFOLIO TURNOVER RATIO : 11.07%,Other,,,,,,,INF179K01WA6_HDFC Balanced Advantage Fund.xlsx,HDFCGR,453,False,Other
HDFC Balanced Advantage Fund,INF179K01WA6,,,7) ANNUALISED PORTFOLIO YTM : 7.59%,Other,,,,,,,INF179K01WA6_HDFC Balanced Advantage Fund.xlsx,HDFCGR,454,False,Other
HDFC Balanced Advantage Fund,INF179K01WA6,,,8) MACAULAY DURATION : 1760.6 DAYS,Other,,,,,,,INF179K01WA6_HDFC Balanced Advantage Fund.xlsx,HDFCGR,455,False,Other
HDFC Balanced Advantage Fund,INF179K01WA6,,,9) RESIDUAL MATURITY (AVERAGE PORTFOLIO MATURITY-OTHER THAN EQUITY INVESTMENTS) : 2861.2 DAYS,Other,,,,,,,INF179K01WA6_HDFC Balanced Advantage Fund.xlsx,HDFCGR,456,False,Other
HDFC Balanced Advantage Fund,INF179K01WA6,,,10) DEBT INSTRUMENTS HAVING STRUCTURED OBLIGATIONS OR CREDIT ENHANCEMENT FEATURES HAVE BEEN DENOTED WITH SUFFIX AS (SO) OR (CE) RESPECTIVELY AGAINST THE RATINGS OF THE INSTRUMENT,Other,,,,,,,INF179K01WA6_HDFC Balanced Advantage Fund.xlsx,HDFCGR,457,False,Other
HDFC Balanced Advantage Fund,INF179K01WA6,,,11) IDCW STANDS FOR INCOME DISTRIBUTION CUM CAPITAL WITHDRAWAL,Other,,,,,,,INF179K01WA6_HDFC Balanced Advantage Fund.xlsx,HDFCGR,458,False,Other
HDFC Balanced Advantage Fund,INF179K01WA6,,,"12) RISKOMETER BASED ON SCHEME PORTFOLIO AND PORTFOLIO BENCHMARK ""NIFTY 50 HYBRID COMPOSITE DEBT 50:50 INDEX"" AS ON AUG 31, 2026",Other,,,,,,,INF179K01WA6_HDFC Balanced Advantage Fund.xlsx,HDFCGR,459,False,Other
HDFC Balanced Advantage Fund,INF179K01WA6,,,13) PLEASE FOLLOW THIS LINK FOR SCHEME PERFORMANCES: HTTPS://WWW.HDFCFUND.COM/STATUTORY-DISCLOSURE/SCHEME-PERFORMANCE,Other,,,,,,,INF179K01WA6_HDFC Balanced Advantage Fund.xlsx,HDFCGR,460,False,Other
HDFC Balanced Advantage Fund,INF179K01WA6,,,SCHEME RISKOMETER:,Other,,,,,,,INF179K01WA6_HDFC Balanced Advantage Fund.xlsx,HDFCGR,461,False,Other
HDFC Balanced Advantage Fund,INF179K01WA6,,,BENCHMARK RISKOMETER:,Other,,,,,,,INF179K01WA6_HDFC Balanced Advantage Fund.xlsx,HDFCGR,462,False,Other
HDFC Corporate Bond Fund,INF179K01XD8,,6.9% GOI MAT 150465,IN0020250018,Government Security,Sovereign,Sovereign,6.9,136000000.0,123461.48,4.08,INF179K01XD8_HDFC Corporate Bond Fund.xlsx,HDFCMO,9,False,Other
HDFC Corporate Bond Fund,INF179K01XD8,,Bajaj Finance Ltd.^,INE296A07TH8,Other,CRISIL - AAA,CRISIL - AAA,7.55,110000.0,106085.43,3.5,INF179K01XD8_HDFC Corporate Bond Fund.xlsx,HDFCMO,65,True,Equity Candidate
HDFC Corporate Bond Fund,INF179K01XD8,,Net Current Assets,,Other,,,,,90790.32,3.05,INF179K01XD8_HDFC Corporate Bond Fund.xlsx,HDFCMO,262,False,Other
HDFC Corporate Bond Fund,INF179K01XD8,,State Bank of India (Tier 2 - Basel III)^,INE062A08454,Other,CRISIL - AAA,CRISIL - AAA,7.33,775.0,76303.01,2.52,INF179K01XD8_HDFC Corporate Bond Fund.xlsx,HDFCMO,66,True,Equity Candidate
HDFC Corporate Bond Fund,INF179K01XD8,,LIC Housing Finance Ltd.^,INE115A07QJ2,Other,CRISIL - AAA,CRISIL - AAA,7.7,5000.0,49951.1,1.65,INF179K01XD8_HDFC Corporate Bond Fund.xlsx,HDFCMO,67,True,Equity Candidate
HDFC Corporate Bond Fund,INF179K01XD8,,Small Industries Development Bank^,INE556F08KU4,Other,CRISIL - AAA,CRISIL - AAA,7.51,50000.0,49854.05,1.65,INF179K01XD8_HDFC Corporate Bond Fund.xlsx,HDFCMO,68,True,Equity Candidate
HDFC Corporate Bond Fund,INF179K01XD8,,HDFC Bank Ltd.£^,INE040A08666,Other,CRISIL - AAA,CRISIL - AAA,7.8,50000.0,49703.05,1.64,INF179K01XD8_HDFC Corporate Bond Fund.xlsx,HDFCMO,69,True,Equity Candidate
HDFC Corporate Bond Fund,INF179K01XD8,,Floating Rate GOI 2033^,IN0020200120,Government Security,Sovereign,Sovereign,6.75,44500000.0,46410.56,1.53,INF179K01XD8_HDFC Corporate Bond Fund.xlsx,HDFCMO,10,False,Other
HDFC Corporate Bond Fund,INF179K01XD8,,Bajaj Housing Finance Ltd.^,INE377Y07623,Other,CRISIL - AAA,CRISIL - AAA,7.25,46542.0,45845.41,1.51,INF179K01XD8_HDFC Corporate Bond Fund.xlsx,HDFCMO,70,True,Equity Candidate
HDFC Corporate Bond Fund,INF179K01XD8,,REC Limited.^,INE020B08BH6,Other,CRISIL - AAA,CRISIL - AAA,8.37,4500.0,45843.44,1.51,INF179K01XD8_HDFC Corporate Bond Fund.xlsx,HDFCMO,71,True,Equity Candidate
HDFC Corporate Bond Fund,INF179K01XD8,,7.24% GOI MAT 180855,IN0020250075,Government Security,Sovereign,Sovereign,7.24,45000000.0,43321.41,1.43,INF179K01XD8_HDFC Corporate Bond Fund.xlsx,HDFCMO,11,False,Other
HDFC Corporate Bond Fund,INF179K01XD8,,Siddhivinayak Securitisation Trust (Originator - Sikka Ports & Terminals Limited)^,INE2I7F15012,Other,CRISIL - AAA(SO),CRISIL - AAA(SO),,425.0,42108.68,1.39,INF179K01XD8_HDFC Corporate Bond Fund.xlsx,HDFCMO,247,True,Equity Candidate
HDFC Corporate Bond Fund,INF179K01XD8,,National Highways Authority of India^,INE906B07GP0,Other,CRISIL - AAA,CRISIL - AAA,8.27,4100.0,41832.79,1.38,INF179K01XD8_HDFC Corporate Bond Fund.xlsx,HDFCMO,72,True,Equity Candidate
HDFC Corporate Bond Fund,INF179K01XD8,,Small Industries Development Bank^,INE556F08KL3,Other,CRISIL - AAA,CRISIL - AAA,7.83,40000.0,40089.28,1.32,INF179K01XD8_HDFC Corporate Bond Fund.xlsx,HDFCMO,73,True,Equity Candidate
HDFC Corporate Bond Fund,INF179K01XD8,,Pipeline Infrastructure Pvt. Ltd.^,INE01XX07034,Other,CRISIL - AAA,CRISIL - AAA,7.96,39000.0,39270.78,1.3,INF179K01XD8_HDFC Corporate Bond Fund.xlsx,HDFCMO,74,True,Equity Candidate
HDFC Corporate Bond Fund,INF179K01XD8,,Indian Oil Corporation Ltd.^,INE242A08569,Other,CRISIL - AAA,CRISIL - AAA,7.25,37500.0,37429.84,1.24,INF179K01XD8_HDFC Corporate Bond Fund.xlsx,HDFCMO,75,True,Equity Candidate
HDFC Corporate Bond Fund,INF179K01XD8,,TREPS - Tri-party Repo,,Other,,,,,35494.56,1.17,INF179K01XD8_HDFC Corporate Bond Fund.xlsx,HDFCMO,255,False,Non-Equity
HDFC Corporate Bond Fund,INF179K01XD8,,HDFC Bank Ltd.£^,INE040A08914,Other,CRISIL - AAA,CRISIL - AAA,7.97,35000.0,35085.44,1.16,INF179K01XD8_HDFC Corporate Bond Fund.xlsx,HDFCMO,76,True,Equity Candidate
HDFC Corporate Bond Fund,INF179K01XD8,,Small Industries Development Bank^,INE556F08KR0,Other,CRISIL - AAA,CRISIL - AAA,7.47,35000.0,34798.75,1.15,INF179K01XD8_HDFC Corporate Bond Fund.xlsx,HDFCMO,77,True,Equity Candidate
HDFC Corporate Bond Fund,INF179K01XD8,,6.64% GOI MAT 071231,IN0020180041,Government Security,Sovereign,Sovereign,6.64,32500000.0,33507.5,1.11,INF179K01XD8_HDFC Corporate Bond Fund.xlsx,HDFCMO,12,False,Other
HDFC Corporate Bond Fund,INF179K01XD8,,National Bank for Agri & Rural Dev.^,INE261F08EG3,Other,CRISIL - AAA,CRISIL - AAA,7.68,32500.0,32460.42,1.07,INF179K01XD8_HDFC Corporate Bond Fund.xlsx,HDFCMO,78,True,Equity Candidate
HDFC Corporate Bond Fund,INF179K01XD8,,National Housing Bank^,INE557F08GE4,Other,CARE - AAA,CARE - AAA,6.8,32500.0,31526.69,1.04,INF179K01XD8_HDFC Corporate Bond Fund.xlsx,HDFCMO,79,True,Equity Candidate
HDFC Corporate Bond Fund,INF179K01XD8,,National Housing Bank^,INE557F08GD6,Other,CARE - AAA,CARE - AAA,7.35,30000.0,29839.92,0.99,INF179K01XD8_HDFC Corporate Bond Fund.xlsx,HDFCMO,80,True,Equity Candidate
HDFC Corporate Bond Fund,INF179K01XD8,,REC Limited.^,INE020B08EA5,Other,CRISIL - AAA,CRISIL - AAA,7.55,3000.0,30010.32,0.99,INF179K01XD8_HDFC Corporate Bond Fund.xlsx,HDFCMO,81,True,Equity Candidate
HDFC Corporate Bond Fund,INF179K01XD8,,Housing and Urban Development Corporation Ltd.^,INE031A08939,Other,CARE - AAA,CARE - AAA,7.29,30000.0,29406.45,0.97,INF179K01XD8_HDFC Corporate Bond Fund.xlsx,HDFCMO,82,True,Equity Candidate
HDFC Corporate Bond Fund,INF179K01XD8,,State Bank of India^,INE062A08470,Other,CARE - AAA,CARE - AAA,7.23,30000.0,29046.78,0.96,INF179K01XD8_HDFC Corporate Bond Fund.xlsx,HDFCMO,83,True,Equity Candidate
HDFC Corporate Bond Fund,INF179K01XD8,,Bajaj Finance Ltd.^,INE296A07TI6,Other,CRISIL - AAA,CRISIL - AAA,7.57,29000.0,28512.57,0.94,INF179K01XD8_HDFC Corporate Bond Fund.xlsx,HDFCMO,84,True,Equity Candidate
HDFC Corporate Bond Fund,INF179K01XD8,,National Bank for Agri & Rural Dev.^,INE261F08EL3,Other,CRISIL - AAA,CRISIL - AAA,7.4,27500.0,27215.82,0.9,INF179K01XD8_HDFC Corporate Bond Fund.xlsx,HDFCMO,85,True,Equity Candidate
HDFC Corporate Bond Fund,INF179K01XD8,,Shivshakti Securitisation Trust (Originator - Sikka Ports & Terminals Limited)^,INE2I7G15010,Other,CRISIL - AAA(SO),CRISIL - AAA(SO),,275.0,27098.81,0.89,INF179K01XD8_HDFC Corporate Bond Fund.xlsx,HDFCMO,248,True,Equity Candidate
HDFC Corporate Bond Fund,INF179K01XD8,,India Universal Trust AL2 (Originator - HDFC Bank Limited)£^,INE1CBK15037,Other,CRISIL - AAA(SO),CRISIL - AAA(SO),,276.0,25323.15,0.84,INF179K01XD8_HDFC Corporate Bond Fund.xlsx,HDFCMO,249,True,Equity Candidate
HDFC Corporate Bond Fund,INF179K01XD8,,Bajaj Housing Finance Ltd.^,INE377Y07474,Other,CRISIL - AAA,CRISIL - AAA,8.05,25000.0,25044.68,0.83,INF179K01XD8_HDFC Corporate Bond Fund.xlsx,HDFCMO,86,True,Equity Candidate
HDFC Corporate Bond Fund,INF179K01XD8,,LIC Housing Finance Ltd.^,INE115A07QU9,Other,CRISIL - AAA,CRISIL - AAA,7.75,25050.0,25006.49,0.83,INF179K01XD8_HDFC Corporate Bond Fund.xlsx,HDFCMO,87,True,Equity Candidate
HDFC Corporate Bond Fund,INF179K01XD8,,LIC Housing Finance Ltd.^,INE115A07QP9,Other,CRISIL - AAA,CRISIL - AAA,7.73,25000.0,25025.9,0.83,INF179K01XD8_HDFC Corporate Bond Fund.xlsx,HDFCMO,88,True,Equity Candidate
HDFC Corporate Bond Fund,INF179K01XD8,,SMFG India Credit Company Ltd^,INE535H07CH0,Other,ICRA - AAA,ICRA - AAA,8.277,25000.0,25033.45,0.83,INF179K01XD8_HDFC Corporate Bond Fund.xlsx,HDFCMO,89,True,Equity Candidate
HDFC Corporate Bond Fund,INF179K01XD8,,LIC Housing Finance Ltd.^,INE115A07QX3,Other,CRISIL - AAA,CRISIL - AAA,7.65,25000.0,24798.33,0.82,INF179K01XD8_HDFC Corporate Bond Fund.xlsx,HDFCMO,90,True,Equity Candidate
HDFC Corporate Bond Fund,INF179K01XD8,,MANGALORE REFINERY AND PETROCHEMICA^,INE103A08035,Other,CRISIL - AAA,CRISIL - AAA,7.75,2450.0,24493.51,0.81,INF179K01XD8_HDFC Corporate Bond Fund.xlsx,HDFCMO,91,True,Equity Candidate
HDFC Corporate Bond Fund,INF179K01XD8,,National Bank for Financing Infrastructure and Development^,INE0KUG08019,Other,CRISIL - AAA,CRISIL - AAA,7.43,25000.0,24622.68,0.81,INF179K01XD8_HDFC Corporate Bond Fund.xlsx,HDFCMO,92,True,Equity Candidate
HDFC Corporate Bond Fund,INF179K01XD8,,Housing and Urban Development Corporation Ltd.^,INE031A08962,Other,CARE - AAA,CARE - AAA,6.9,25000.0,24200.68,0.8,INF179K01XD8_HDFC Corporate Bond Fund.xlsx,HDFCMO,93,True,Equity Candidate
HDFC Corporate Bond Fund,INF179K01XD8,,Indian Railways Finance Corp. Ltd.^,INE053F07AY7,Other,CRISIL - AAA,CRISIL - AAA,8.45,2350.0,23968.21,0.79,INF179K01XD8_HDFC Corporate Bond Fund.xlsx,HDFCMO,94,True,Equity Candidate
HDFC Corporate Bond Fund,INF179K01XD8,,John Deere Financial India Pvt. Ltd.^,INE00V208124,Other,CRISIL - AAA,CRISIL - AAA,8.23,24000.0,23983.15,0.79,INF179K01XD8_HDFC Corporate Bond Fund.xlsx,HDFCMO,95,True,Equity Candidate
HDFC Corporate Bond Fund,INF179K01XD8,,Kotak Mahindra Investments Ltd.^,INE975F07IR8,Other,CRISIL - AAA,CRISIL - AAA,8.3774,23500.0,23579.67,0.78,INF179K01XD8_HDFC Corporate Bond Fund.xlsx,HDFCMO,96,True,Equity Candidate
HDFC Corporate Bond Fund,INF179K01XD8,,LIC Housing Finance Ltd.^,INE115A07QW5,Other,CRISIL - AAA,CRISIL - AAA,7.74,22500.0,22495.93,0.74,INF179K01XD8_HDFC Corporate Bond Fund.xlsx,HDFCMO,97,True,Equity Candidate
HDFC Corporate Bond Fund,INF179K01XD8,,HDB Financial Services Ltd.^,INE756I07EJ2,Other,CRISIL - AAA,CRISIL - AAA,7.65,2200.0,21967.11,0.73,INF179K01XD8_HDFC Corporate Bond Fund.xlsx,HDFCMO,98,True,Equity Candidate
HDFC Corporate Bond Fund,INF179K01XD8,,TATA Capital Housing Finance Ltd.^,INE033L07HU0,Other,CRISIL - AAA,CRISIL - AAA,7.8,2200.0,22011.55,0.73,INF179K01XD8_HDFC Corporate Bond Fund.xlsx,HDFCMO,99,True,Equity Candidate
HDFC Corporate Bond Fund,INF179K01XD8,,Pipeline Infrastructure Pvt. Ltd.^,INE01XX07042,Other,CRISIL - AAA,CRISIL - AAA,7.96,20500.0,20601.64,0.68,INF179K01XD8_HDFC Corporate Bond Fund.xlsx,HDFCMO,100,True,Equity Candidate
HDFC Corporate Bond Fund,INF179K01XD8,,Power Finance Corporation Ltd.^,INE134E08MX3,Other,CRISIL - AAA,CRISIL - AAA,7.6,20000.0,19961.66,0.66,INF179K01XD8_HDFC Corporate Bond Fund.xlsx,HDFCMO,101,True,Equity Candidate
HDFC Corporate Bond Fund,INF179K01XD8,,Small Industries Development Bank^,INE556F08KW0,Other,CRISIL - AAA,CRISIL - AAA,7.42,20000.0,19881.44,0.66,INF179K01XD8_HDFC Corporate Bond Fund.xlsx,HDFCMO,102,True,Equity Candidate
HDFC Corporate Bond Fund,INF179K01XD8,,ASCENDAS IT PARK PUNE PRIVATE LIMITED^,INE0OJ808028,Other,CRISIL - AAA,CRISIL - AAA,7.25,20001.0,19616.54,0.65,INF179K01XD8_HDFC Corporate Bond Fund.xlsx,HDFCMO,103,True,Equity Candidate
HDFC Corporate Bond Fund,INF179K01XD8,,Power Grid Corporation of India Ltd.^,INE752E08676,Other,CRISIL - AAA,CRISIL - AAA,7.4,30000.0,19548.21,0.65,INF179K01XD8_HDFC Corporate Bond Fund.xlsx,HDFCMO,104,True,Equity Candidate
HDFC Corporate Bond Fund,INF179K01XD8,,Indian Railways Finance Corp. Ltd.^,INE053F08486,Other,CRISIL - AAA,CRISIL - AAA,7.17,20000.0,19445.94,0.64,INF179K01XD8_HDFC Corporate Bond Fund.xlsx,HDFCMO,105,True,Equity Candidate
HDFC Corporate Bond Fund,INF179K01XD8,,REC Limited.^,INE020B08DA7,Other,CRISIL - AAA,CRISIL - AAA,6.9,2000.0,19425.58,0.64,INF179K01XD8_HDFC Corporate Bond Fund.xlsx,HDFCMO,106,True,Equity Candidate
HDFC Corporate Bond Fund,INF179K01XD8,,National Bank for Financing Infrastructure and Development^,INE0KUG08050,Other,CRISIL - AAA,CRISIL - AAA,7.25,20000.0,19220.34,0.63,INF179K01XD8_HDFC Corporate Bond Fund.xlsx,HDFCMO,107,True,Equity Candidate
HDFC Corporate Bond Fund,INF179K01XD8,,Power Finance Corporation Ltd.^,INE134E08MJ2,Other,CRISIL - AAA,CRISIL - AAA,7.77,18000.0,18042.34,0.6,INF179K01XD8_HDFC Corporate Bond Fund.xlsx,HDFCMO,108,True,Equity Candidate
HDFC Corporate Bond Fund,INF179K01XD8,,UltraTech Cement Limited^,INE481G08149,Other,CRISIL - AAA,CRISIL - AAA,7.23,17953.0,17838.05,0.59,INF179K01XD8_HDFC Corporate Bond Fund.xlsx,HDFCMO,109,True,Equity Candidate
HDFC Corporate Bond Fund,INF179K01XD8,,National Bank for Agri & Rural Dev.,INE261F08DV4,Other,CRISIL - AAA,CRISIL - AAA,7.62,17500.0,17484.29,0.58,INF179K01XD8_HDFC Corporate Bond Fund.xlsx,HDFCMO,110,True,Equity Candidate
HDFC Corporate Bond Fund,INF179K01XD8,,7.34% GOI MAT 220464,IN0020240035,Government Security,Sovereign,Sovereign,7.34,18000000.0,17299.94,0.57,INF179K01XD8_HDFC Corporate Bond Fund.xlsx,HDFCMO,13,False,Other
HDFC Corporate Bond Fund,INF179K01XD8,,Bajaj Housing Finance Ltd.^,INE377Y07508,Other,CRISIL - AAA,CRISIL - AAA,7.89,17500.0,17305.84,0.57,INF179K01XD8_HDFC Corporate Bond Fund.xlsx,HDFCMO,111,True,Equity Candidate
HDFC Corporate Bond Fund,INF179K01XD8,,HDB Financial Services Ltd.^,INE756I07FG5,Other,CRISIL - AAA,CRISIL - AAA,7.4091,15500.0,15347.93,0.51,INF179K01XD8_HDFC Corporate Bond Fund.xlsx,HDFCMO,112,True,Equity Candidate
HDFC Corporate Bond Fund,INF179K01XD8,,Indian Railways Finance Corp. Ltd.^,INE053F07BA5,Other,CRISIL - AAA,CRISIL - AAA,8.55,1500.0,15363.18,0.51,INF179K01XD8_HDFC Corporate Bond Fund.xlsx,HDFCMO,113,True,Equity Candidate
HDFC Corporate Bond Fund,INF179K01XD8,,Hindustan Petroleum Corp. Ltd.^,INE094A08135,Other,CRISIL - AAA,CRISIL - AAA,7.64,1500.0,15066.12,0.5,INF179K01XD8_HDFC Corporate Bond Fund.xlsx,HDFCMO,114,True,Equity Candidate
HDFC Corporate Bond Fund,INF179K01XD8,,Housing and Urban Development Corporation Ltd.^,INE031A08970,Other,ICRA - AAA,ICRA - AAA,6.9,15050.0,14725.99,0.49,INF179K01XD8_HDFC Corporate Bond Fund.xlsx,HDFCMO,115,True,Equity Candidate
HDFC Corporate Bond Fund,INF179K01XD8,,Power Finance Corporation Ltd.^,INE134E08NM4,Other,CRISIL - AAA,CRISIL - AAA,7.38,15000.0,14793.69,0.49,INF179K01XD8_HDFC Corporate Bond Fund.xlsx,HDFCMO,116,True,Equity Candidate
HDFC Corporate Bond Fund,INF179K01XD8,,Indian Railways Finance Corp. Ltd.^,INE053F08478,Other,CRISIL - AAA,CRISIL - AAA,7.28,15000.0,14572.94,0.48,INF179K01XD8_HDFC Corporate Bond Fund.xlsx,HDFCMO,117,True,Equity Candidate
HDFC Corporate Bond Fund,INF179K01XD8,,REC Limited.^,INE020B08FO3,Other,CRISIL - AAA,CRISIL - AAA,7.28,15000.0,14545.76,0.48,INF179K01XD8_HDFC Corporate Bond Fund.xlsx,HDFCMO,118,True,Equity Candidate
HDFC Corporate Bond Fund,INF179K01XD8,,REC Limited.^,INE020B08BO2,Other,CRISIL - AAA,CRISIL - AAA,8.3,1400.0,14262.47,0.47,INF179K01XD8_HDFC Corporate Bond Fund.xlsx,HDFCMO,119,True,Equity Candidate
HDFC Corporate Bond Fund,INF179K01XD8,,REC Limited.^,INE020B08BG8,Other,IND - AAA,IND - AAA,8.56,1300.0,13291.54,0.44,INF179K01XD8_HDFC Corporate Bond Fund.xlsx,HDFCMO,120,True,Equity Candidate
HDFC Corporate Bond Fund,INF179K01XD8,,Reliance Industries Ltd.^,INE002A08542,Other,CRISIL - AAA,CRISIL - AAA,8.95,1300.0,13382.32,0.44,INF179K01XD8_HDFC Corporate Bond Fund.xlsx,HDFCMO,121,True,Equity Candidate
HDFC Corporate Bond Fund,INF179K01XD8,,Indian Railways Finance Corp. Ltd.^,INE053F08536,Other,CRISIL - AAA,CRISIL - AAA,,25000.0,13313.3,0.44,INF179K01XD8_HDFC Corporate Bond Fund.xlsx,HDFCMO,243,True,Equity Candidate
HDFC Corporate Bond Fund,INF179K01XD8,,7.45% Madhya Pradesh SDL ISD 121125 Mat 121141^,IN2120250229,Government Security,Sovereign,Sovereign,7.45,13000000.0,12679.02,0.42,INF179K01XD8_HDFC Corporate Bond Fund.xlsx,HDFCMO,14,False,Other
HDFC Corporate Bond Fund,INF179K01XD8,,7.71% GOI MAT 180566,IN0020260033,Government Security,Sovereign,Sovereign,7.71,12500000.0,12614.48,0.42,INF179K01XD8_HDFC Corporate Bond Fund.xlsx,HDFCMO,15,False,Other
HDFC Corporate Bond Fund,INF179K01XD8,,National Bank for Agri & Rural Dev.,INE261F08EM1,Other,ICRA - AAA,ICRA - AAA,7.53,12500.0,12473.74,0.41,INF179K01XD8_HDFC Corporate Bond Fund.xlsx,HDFCMO,122,True,Equity Candidate
HDFC Corporate Bond Fund,INF179K01XD8,,National Bank for Agri & Rural Dev.^,INE261F08EH1,Other,CRISIL - AAA,CRISIL - AAA,7.62,12500.0,12467.51,0.41,INF179K01XD8_HDFC Corporate Bond Fund.xlsx,HDFCMO,123,True,Equity Candidate
HDFC Corporate Bond Fund,INF179K01XD8,,Power Finance Corporation Ltd.^,INE134E08NO0,Other,CRISIL - AAA,CRISIL - AAA,7.44,12500.0,12414.9,0.41,INF179K01XD8_HDFC Corporate Bond Fund.xlsx,HDFCMO,124,True,Equity Candidate
HDFC Corporate Bond Fund,INF179K01XD8,,Small Industries Development Bank^,INE556F08KV2,Other,CRISIL - AAA,CRISIL - AAA,7.48,12500.0,12436.3,0.41,INF179K01XD8_HDFC Corporate Bond Fund.xlsx,HDFCMO,125,True,Equity Candidate
HDFC Corporate Bond Fund,INF179K01XD8,,Small Industries Development Bank^,INE556F08KS8,Other,CRISIL - AAA,CRISIL - AAA,7.34,12500.0,12395.53,0.41,INF179K01XD8_HDFC Corporate Bond Fund.xlsx,HDFCMO,126,True,Equity Candidate
HDFC Corporate Bond Fund,INF179K01XD8,,SMFG India Credit Company Ltd^,INE535H07CJ6,Other,CARE - AAA,CARE - AAA,8.3,12500.0,12547.38,0.41,INF179K01XD8_HDFC Corporate Bond Fund.xlsx,HDFCMO,127,True,Equity Candidate
HDFC Corporate Bond Fund,INF179K01XD8,,Toyota Financial Services India Ltd.^,INE692Q07480,Other,ICRA - AAA,ICRA - AAA,8.3645,12500.0,12529.16,0.41,INF179K01XD8_HDFC Corporate Bond Fund.xlsx,HDFCMO,128,True,Equity Candidate
HDFC Corporate Bond Fund,INF179K01XD8,,Power Grid Corporation of India Ltd.^,INE752E08726,Other,CRISIL - AAA,CRISIL - AAA,7.65,15000.0,12020.18,0.4,INF179K01XD8_HDFC Corporate Bond Fund.xlsx,HDFCMO,129,True,Equity Candidate
HDFC Corporate Bond Fund,INF179K01XD8,,Corporate Debt Market Development Fund,INF0RQ622028,Other,,,,87457.788,10469.25,0.35,INF179K01XD8_HDFC Corporate Bond Fund.xlsx,HDFCMO,260,False,Other
HDFC Corporate Bond Fund,INF179K01XD8,,7.99% Rajasthan SDL MAT 300341^,IN2920250452,Government Security,Sovereign,Sovereign,7.99,10000000.0,10225.78,0.34,INF179K01XD8_HDFC Corporate Bond Fund.xlsx,HDFCMO,16,False,Other
HDFC Corporate Bond Fund,INF179K01XD8,,Power Grid Corporation of India Ltd.^,INE752E08692,Other,CRISIL - AAA,CRISIL - AAA,7.56,15000.0,10198.17,0.34,INF179K01XD8_HDFC Corporate Bond Fund.xlsx,HDFCMO,130,True,Equity Candidate
HDFC Corporate Bond Fund,INF179K01XD8,,REC Limited.^,INE020B08BU9,Other,CRISIL - AAA,CRISIL - AAA,8.3,1000.0,10152.57,0.34,INF179K01XD8_HDFC Corporate Bond Fund.xlsx,HDFCMO,131,True,Equity Candidate
HDFC Corporate Bond Fund,INF179K01XD8,,REC Limited.^,INE020B08BE3,Other,CRISIL - AAA,CRISIL - AAA,8.54,1000.0,10216.77,0.34,INF179K01XD8_HDFC Corporate Bond Fund.xlsx,HDFCMO,132,True,Equity Candidate
HDFC Corporate Bond Fund,INF179K01XD8,,7.52% Kerala SDL ISD 280825 MAT 280833^,IN2020250139,Government Security,Sovereign,Sovereign,7.52,10000000.0,10025.37,0.33,INF179K01XD8_HDFC Corporate Bond Fund.xlsx,HDFCMO,17,False,Other
HDFC Corporate Bond Fund,INF179K01XD8,,7.65% BIHAR SDL ISD 241225 Mat 241233^,IN1320250211,Government Security,Sovereign,Sovereign,7.65,10000000.0,10100.73,0.33,INF179K01XD8_HDFC Corporate Bond Fund.xlsx,HDFCMO,18,False,Other
HDFC Corporate Bond Fund,INF179K01XD8,,HDFC Bank Ltd. (Tier 2 - Basel III)£^,INE040A08435,Other,CRISIL - AAA,CRISIL - AAA,7.84,100.0,9958.31,0.33,INF179K01XD8_HDFC Corporate Bond Fund.xlsx,HDFCMO,133,True,Equity Candidate
HDFC Corporate Bond Fund,INF179K01XD8,,Hindustan Petroleum Corp. Ltd.^,INE094A08150,Other,CRISIL - AAA,CRISIL - AAA,7.74,10000.0,10059.14,0.33,INF179K01XD8_HDFC Corporate Bond Fund.xlsx,HDFCMO,134,True,Equity Candidate
HDFC Corporate Bond Fund,INF179K01XD8,,Housing and Urban Development Corporation Ltd.^,INE031A08947,Other,CARE - AAA,CARE - AAA,7.37,10000.0,9849.68,0.33,INF179K01XD8_HDFC Corporate Bond Fund.xlsx,HDFCMO,135,True,Equity Candidate
HDFC Corporate Bond Fund,INF179K01XD8,,Indian Oil Corporation Ltd.^,INE242A08544,Other,CRISIL - AAA,CRISIL - AAA,7.44,1000.0,10025.6,0.33,INF179K01XD8_HDFC Corporate Bond Fund.xlsx,HDFCMO,136,True,Equity Candidate
HDFC Corporate Bond Fund,INF179K01XD8,,Indian Railways Finance Corp. Ltd.^,INE053F07BW9,Other,CRISIL - AAA,CRISIL - AAA,7.5,1000.0,10009.25,0.33,INF179K01XD8_HDFC Corporate Bond Fund.xlsx,HDFCMO,137,True,Equity Candidate
HDFC Corporate Bond Fund,INF179K01XD8,,Jio Credit Ltd,INE282H07067,Other,CRISIL - AAA,CRISIL - AAA,8.15,10000.0,10008.2,0.33,INF179K01XD8_HDFC Corporate Bond Fund.xlsx,HDFCMO,138,True,Equity Candidate
HDFC Corporate Bond Fund,INF179K01XD8,,Kotak Mahindra Prime Ltd.^,INE916DA7SE8,Other,CRISIL - AAA,CRISIL - AAA,8.05,10000.0,10006.57,0.33,INF179K01XD8_HDFC Corporate Bond Fund.xlsx,HDFCMO,139,True,Equity Candidate
HDFC Corporate Bond Fund,INF179K01XD8,,LIC Housing Finance Ltd.^,INE115A07RD3,Other,CRISIL - AAA,CRISIL - AAA,7.645,10000.0,9936.91,0.33,INF179K01XD8_HDFC Corporate Bond Fund.xlsx,HDFCMO,140,True,Equity Candidate
HDFC Corporate Bond Fund,INF179K01XD8,,National Bank for Agri & Rural Dev.^,INE261F08EU4,Other,CRISIL - AAA,CRISIL - AAA,7.44,10000.0,9930.92,0.33,INF179K01XD8_HDFC Corporate Bond Fund.xlsx,HDFCMO,141,True,Equity Candidate
HDFC Corporate Bond Fund,INF179K01XD8,,National Highways Authority of India^,INE906B07HG7,Other,CRISIL - AAA,CRISIL - AAA,7.49,1000.0,10030.35,0.33,INF179K01XD8_HDFC Corporate Bond Fund.xlsx,HDFCMO,142,True,Equity Candidate
HDFC Corporate Bond Fund,INF179K01XD8,,Nomura Capital India Pvt. Ltd.^,INE357L07473,Other,IND - AAA,IND - AAA,8.9,10000.0,10066.94,0.33,INF179K01XD8_HDFC Corporate Bond Fund.xlsx,HDFCMO,143,True,Equity Candidate
HDFC Corporate Bond Fund,INF179K01XD8,,Power Finance Corporation Ltd.,INE134E08MA1,Other,CRISIL - AAA,CRISIL - AAA,7.64,10000.0,9968.16,0.33,INF179K01XD8_HDFC Corporate Bond Fund.xlsx,HDFCMO,144,True,Equity Candidate
HDFC Corporate Bond Fund,INF179K01XD8,,Power Grid Corporation of India Ltd.^,INE752E08718,Other,CRISIL - AAA,CRISIL - AAA,7.7,12500.0,10051.28,0.33,INF179K01XD8_HDFC Corporate Bond Fund.xlsx,HDFCMO,145,True,Equity Candidate
HDFC Corporate Bond Fund,INF179K01XD8,,India Universal Trust AL2 (Originator - HDFC Bank Limited)£^,INE1CBK15029,Other,CRISIL - AAA(SO),CRISIL - AAA(SO),,175.0,9962.01,0.33,INF179K01XD8_HDFC Corporate Bond Fund.xlsx,HDFCMO,250,True,Equity Candidate
HDFC Corporate Bond Fund,INF179K01XD8,,Bajaj Housing Finance Ltd.^,INE377Y07516,Other,CRISIL - AAA,CRISIL - AAA,7.56,10000.0,9697.22,0.32,INF179K01XD8_HDFC Corporate Bond Fund.xlsx,HDFCMO,146,True,Equity Candidate
HDFC Corporate Bond Fund,INF179K01XD8,,Bajaj Housing Finance Ltd.^,INE377Y07540,Other,CRISIL - AAA,CRISIL - AAA,7.5,10000.0,9666.79,0.32,INF179K01XD8_HDFC Corporate Bond Fund.xlsx,HDFCMO,147,True,Equity Candidate
HDFC Corporate Bond Fund,INF179K01XD8,,HDFC Bank Ltd.£^,INE040A08864,Other,CRISIL - AAA,CRISIL - AAA,6.83,1000.0,9635.05,0.32,INF179K01XD8_HDFC Corporate Bond Fund.xlsx,HDFCMO,148,True,Equity Candidate
HDFC Corporate Bond Fund,INF179K01XD8,,Indian Railways Finance Corp. Ltd.^,INE053F08528,Other,CRISIL - AAA,CRISIL - AAA,6.58,10000.0,9710.14,0.32,INF179K01XD8_HDFC Corporate Bond Fund.xlsx,HDFCMO,149,True,Equity Candidate
HDFC Corporate Bond Fund,INF179K01XD8,,National Bank for Agri & Rural Dev.^,INE261F08AX6,Other,CRISIL - AAA,CRISIL - AAA,8.18,950.0,9626.81,0.32,INF179K01XD8_HDFC Corporate Bond Fund.xlsx,HDFCMO,150,True,Equity Candidate
HDFC Corporate Bond Fund,INF179K01XD8,,National Bank for Agri & Rural Dev.^,INE261F08EQ2,Other,ICRA - AAA,ICRA - AAA,6.85,10000.0,9818.21,0.32,INF179K01XD8_HDFC Corporate Bond Fund.xlsx,HDFCMO,151,True,Equity Candidate
HDFC Corporate Bond Fund,INF179K01XD8,,Power Finance Corporation Ltd.^,INE134E08NR3,Other,CRISIL - AAA,CRISIL - AAA,6.64,10000.0,9666.26,0.32,INF179K01XD8_HDFC Corporate Bond Fund.xlsx,HDFCMO,152,True,Equity Candidate
HDFC Corporate Bond Fund,INF179K01XD8,,Small Industries Development Bank^,INE556F08KZ3,Other,CRISIL - AAA,CRISIL - AAA,6.66,10000.0,9793.73,0.32,INF179K01XD8_HDFC Corporate Bond Fund.xlsx,HDFCMO,153,True,Equity Candidate
HDFC Corporate Bond Fund,INF179K01XD8,,7.08% Maharashtra SDL ISD 250625 MAT 250639^,IN2220250111,Government Security,Sovereign,Sovereign,7.08,10000000.0,9537.5,0.31,INF179K01XD8_HDFC Corporate Bond Fund.xlsx,HDFCMO,19,False,Other
HDFC Corporate Bond Fund,INF179K01XD8,,Bajaj Housing Finance Ltd.^,INE377Y07300,Other,CRISIL - AAA,CRISIL - AAA,7.7,950.0,9496.99,0.31,INF179K01XD8_HDFC Corporate Bond Fund.xlsx,HDFCMO,154,True,Equity Candidate
HDFC Corporate Bond Fund,INF179K01XD8,,Indian Railways Finance Corp. Ltd.^,INE053F08106,Other,CRISIL - AAA,CRISIL - AAA,6.89,940.0,9164.91,0.3,INF179K01XD8_HDFC Corporate Bond Fund.xlsx,HDFCMO,155,True,Equity Candidate
HDFC Corporate Bond Fund,INF179K01XD8,,Pipeline Infrastructure Pvt. Ltd.^,INE01XX07059,Other,CRISIL - AAA,CRISIL - AAA,7.96,9000.0,9025.52,0.3,INF179K01XD8_HDFC Corporate Bond Fund.xlsx,HDFCMO,156,True,Equity Candidate
HDFC Corporate Bond Fund,INF179K01XD8,,Indian Railways Finance Corp. Ltd.^,INE053F07AZ4,Other,CRISIL - AAA,CRISIL - AAA,8.4,850.0,8668.99,0.29,INF179K01XD8_HDFC Corporate Bond Fund.xlsx,HDFCMO,157,True,Equity Candidate
HDFC Corporate Bond Fund,INF179K01XD8,,7.64% Gujarat SDL ISD 170124 MAT 170133^,IN1520230203,Government Security,Sovereign,Sovereign,7.64,8500000.0,8601.93,0.28,INF179K01XD8_HDFC Corporate Bond Fund.xlsx,HDFCMO,20,False,Other
HDFC Corporate Bond Fund,INF179K01XD8,,7.68% Jharkhand SDL ISD 240124 Mat 240132^,IN3720230017,Government Security,Sovereign,Sovereign,7.68,7500000.0,7583.65,0.25,INF179K01XD8_HDFC Corporate Bond Fund.xlsx,HDFCMO,21,False,Other
HDFC Corporate Bond Fund,INF179K01XD8,,Bajaj Finance Ltd.,INE296A07TJ4,Other,CRISIL - AAA,CRISIL - AAA,7.3763,7500.0,7421.77,0.25,INF179K01XD8_HDFC Corporate Bond Fund.xlsx,HDFCMO,158,True,Equity Candidate
HDFC Corporate Bond Fund,INF179K01XD8,,Bajaj Housing Finance Ltd.^,INE377Y07532,Other,CRISIL - AAA,CRISIL - AAA,7.66,7500.0,7480.95,0.25,INF179K01XD8_HDFC Corporate Bond Fund.xlsx,HDFCMO,159,True,Equity Candidate
HDFC Corporate Bond Fund,INF179K01XD8,,HDB Financial Services Ltd.^,INE756I07FQ4,Other,CRISIL - AAA,CRISIL - AAA,8.2301,7500.0,7523.04,0.25,INF179K01XD8_HDFC Corporate Bond Fund.xlsx,HDFCMO,160,True,Equity Candidate
HDFC Corporate Bond Fund,INF179K01XD8,,Hindustan Petroleum Corp. Ltd.^,INE094A08143,Other,CRISIL - AAA,CRISIL - AAA,7.54,750.0,7555.93,0.25,INF179K01XD8_HDFC Corporate Bond Fund.xlsx,HDFCMO,161,True,Equity Candidate
HDFC Corporate Bond Fund,INF179K01XD8,,National Bank for Agri & Rural Dev.,INE261F08EO7,Other,CRISIL - AAA,CRISIL - AAA,7.48,7500.0,7478.71,0.25,INF179K01XD8_HDFC Corporate Bond Fund.xlsx,HDFCMO,162,True,Equity Candidate
HDFC Corporate Bond Fund,INF179K01XD8,,National Bank for Agri & Rural Dev.^,INE261F08DU6,Other,CRISIL - AAA,CRISIL - AAA,7.54,750.0,7432.73,0.25,INF179K01XD8_HDFC Corporate Bond Fund.xlsx,HDFCMO,163,True,Equity Candidate
HDFC Corporate Bond Fund,INF179K01XD8,,National Bank for Agri & Rural Dev.^,INE261F08DY8,Other,CRISIL - AAA,CRISIL - AAA,7.7,7700.0,7697.46,0.25,INF179K01XD8_HDFC Corporate Bond Fund.xlsx,HDFCMO,164,True,Equity Candidate
HDFC Corporate Bond Fund,INF179K01XD8,,Nuclear Power Corporation of India Ltd.^,INE206D08493,Other,ICRA - AAA,ICRA - AAA,7.55,750.0,7486.51,0.25,INF179K01XD8_HDFC Corporate Bond Fund.xlsx,HDFCMO,165,True,Equity Candidate
HDFC Corporate Bond Fund,INF179K01XD8,,REC Limited.^,INE020B08BQ7,Other,CRISIL - AAA,CRISIL - AAA,8.85,750.0,7699.61,0.25,INF179K01XD8_HDFC Corporate Bond Fund.xlsx,HDFCMO,166,True,Equity Candidate
HDFC Corporate Bond Fund,INF179K01XD8,,7.43% Haryana SDL MAT 170939^,IN1620250168,Government Security,Sovereign,Sovereign,7.43,7500000.0,7332.11,0.24,INF179K01XD8_HDFC Corporate Bond Fund.xlsx,HDFCMO,22,False,Other
HDFC Corporate Bond Fund,INF179K01XD8,,7.64% % Gujarat SDL ISD 170124 Mat 170134^,IN1520230211,Government Security,Sovereign,Sovereign,7.64,7000000.0,7065.81,0.23,INF179K01XD8_HDFC Corporate Bond Fund.xlsx,HDFCMO,23,False,Other
HDFC Corporate Bond Fund,INF179K01XD8,,National Highways Authority of India^,INE906B07HH5,Other,CRISIL - AAA,CRISIL - AAA,7.7,700.0,7061.58,0.23,INF179K01XD8_HDFC Corporate Bond Fund.xlsx,HDFCMO,167,True,Equity Candidate
HDFC Corporate Bond Fund,INF179K01XD8,,Kotak Mahindra Investments Ltd.^,INE975F07IP2,Other,CRISIL - AAA,CRISIL - AAA,8.1929,6500.0,6516.67,0.22,INF179K01XD8_HDFC Corporate Bond Fund.xlsx,HDFCMO,168,True,Equity Candidate
HDFC Corporate Bond Fund,INF179K01XD8,,Bajaj Finance Ltd.^,INE296A07TE5,Other,CRISIL - AAA,CRISIL - AAA,7.7,5500.0,5363.86,0.18,INF179K01XD8_HDFC Corporate Bond Fund.xlsx,HDFCMO,169,True,Equity Candidate
HDFC Corporate Bond Fund,INF179K01XD8,,Nomura Capital India Pvt. Ltd.^,INE357L07481,Other,IND - AAA,IND - AAA,8.85,5500.0,5534.74,0.18,INF179K01XD8_HDFC Corporate Bond Fund.xlsx,HDFCMO,170,True,Equity Candidate
HDFC Corporate Bond Fund,INF179K01XD8,,7.39% Andhra Pradesh SDL ISD 030424 MAT 030430^,IN1020240017,Government Security,Sovereign,Sovereign,7.39,4997900.0,5032.45,0.17,INF179K01XD8_HDFC Corporate Bond Fund.xlsx,HDFCMO,24,False,Other
HDFC Corporate Bond Fund,INF179K01XD8,,7.54% BIHAR SDL ISD 030925 Mat 030933^,IN1320250088,Government Security,Sovereign,Sovereign,7.54,5000000.0,5019.91,0.17,INF179K01XD8_HDFC Corporate Bond Fund.xlsx,HDFCMO,25,False,Other
HDFC Corporate Bond Fund,INF179K01XD8,,7.63% Gujarat SDL ISD 240124 Mat 240134^,IN1520230237,Government Security,Sovereign,Sovereign,7.63,5000000.0,5044.38,0.17,INF179K01XD8_HDFC Corporate Bond Fund.xlsx,HDFCMO,26,False,Other
HDFC Corporate Bond Fund,INF179K01XD8,,7.67% Chhattisgarh SDL ISD 240124 Mat 240131^,IN3520230118,Government Security,Sovereign,Sovereign,7.67,5000000.0,5076.94,0.17,INF179K01XD8_HDFC Corporate Bond Fund.xlsx,HDFCMO,27,False,Other
HDFC Corporate Bond Fund,INF179K01XD8,,7.68% Chattisgarh SDL ISD 170124 MAT 170132^,IN3520230092,Government Security,Sovereign,Sovereign,7.68,5000000.0,5053.79,0.17,INF179K01XD8_HDFC Corporate Bond Fund.xlsx,HDFCMO,28,False,Other
HDFC Corporate Bond Fund,INF179K01XD8,,7.69% BIHAR SDL Mat 290435^,IN1320260020,Government Security,Sovereign,Sovereign,7.69,5128400.0,5145.62,0.17,INF179K01XD8_HDFC Corporate Bond Fund.xlsx,HDFCMO,29,False,Other
HDFC Corporate Bond Fund,INF179K01XD8,,7.73% Haryana SDL MAT 180245^,IN1620250358,Government Security,Sovereign,Sovereign,7.73,5000000.0,5011.36,0.17,INF179K01XD8_HDFC Corporate Bond Fund.xlsx,HDFCMO,30,False,Other
HDFC Corporate Bond Fund,INF179K01XD8,,Housing and Urban Development Corporation Ltd.^,INE031A08616,Other,CARE - AAA,CARE - AAA,8.6,500.0,5131.35,0.17,INF179K01XD8_HDFC Corporate Bond Fund.xlsx,HDFCMO,171,True,Equity Candidate
HDFC Corporate Bond Fund,INF179K01XD8,,Indian Oil Corporation Ltd.^,INE242A08551,Other,CRISIL - AAA,CRISIL - AAA,7.36,5000.0,5010.49,0.17,INF179K01XD8_HDFC Corporate Bond Fund.xlsx,HDFCMO,172,True,Equity Candidate
HDFC Corporate Bond Fund,INF179K01XD8,,Indian Railways Finance Corp. Ltd.^,INE053F08247,Other,CRISIL - AAA,CRISIL - AAA,7.65,5000.0,5008.25,0.17,INF179K01XD8_HDFC Corporate Bond Fund.xlsx,HDFCMO,173,True,Equity Candidate
HDFC Corporate Bond Fund,INF179K01XD8,,L&T Finance Ltd.^,INE498L07046,Other,CRISIL - AAA,CRISIL - AAA,8.1629,5000.0,5013.58,0.17,INF179K01XD8_HDFC Corporate Bond Fund.xlsx,HDFCMO,174,True,Equity Candidate
HDFC Corporate Bond Fund,INF179K01XD8,,L&T Finance Ltd.^,INE498L07038,Other,ICRA - AAA,ICRA - AAA,8.24,5000.0,5016.4,0.17,INF179K01XD8_HDFC Corporate Bond Fund.xlsx,HDFCMO,175,True,Equity Candidate
HDFC Corporate Bond Fund,INF179K01XD8,,National Bank for Agri & Rural Dev.^,INE261F08AP2,Other,CRISIL - AAA,CRISIL - AAA,8.77,500.0,5117.07,0.17,INF179K01XD8_HDFC Corporate Bond Fund.xlsx,HDFCMO,176,True,Equity Candidate
HDFC Corporate Bond Fund,INF179K01XD8,,National Bank for Agri & Rural Dev.^,INE261F08BH7,Other,CRISIL - AAA,CRISIL - AAA,8.15,500.0,5069.29,0.17,INF179K01XD8_HDFC Corporate Bond Fund.xlsx,HDFCMO,177,True,Equity Candidate
HDFC Corporate Bond Fund,INF179K01XD8,,Nomura Fixed Income Securities Pvt.^,INE127K08017,Other,IND - AAA,IND - AAA,8.25,5000.0,5008.9,0.17,INF179K01XD8_HDFC Corporate Bond Fund.xlsx,HDFCMO,178,True,Equity Candidate
HDFC Corporate Bond Fund,INF179K01XD8,,Nuclear Power Corporation of India Ltd.^,INE206D08501,Other,ICRA - AAA,ICRA - AAA,7.7,5000.0,5015.61,0.17,INF179K01XD8_HDFC Corporate Bond Fund.xlsx,HDFCMO,179,True,Equity Candidate
HDFC Corporate Bond Fund,INF179K01XD8,,Reliance Industries Ltd.^,INE002A08534,Other,CRISIL - AAA,CRISIL - AAA,9.05,500.0,5153.25,0.17,INF179K01XD8_HDFC Corporate Bond Fund.xlsx,HDFCMO,180,True,Equity Candidate
HDFC Corporate Bond Fund,INF179K01XD8,,Small Industries Development Bank^,INE556F08KQ2,Other,CRISIL - AAA,CRISIL - AAA,7.68,5000.0,5002.76,0.17,INF179K01XD8_HDFC Corporate Bond Fund.xlsx,HDFCMO,181,True,Equity Candidate
HDFC Corporate Bond Fund,INF179K01XD8,,7.09% Andhra Pradesh SDL ISD 260325 MAT 260335^,IN1020240785,Government Security,Sovereign,Sovereign,7.09,5000000.0,4822.26,0.16,INF179K01XD8_HDFC Corporate Bond Fund.xlsx,HDFCMO,31,False,Other
HDFC Corporate Bond Fund,INF179K01XD8,,7.22% Bihar SDL ISD 060825 Mat 060840^,IN1320250047,Government Security,Sovereign,Sovereign,7.22,5000000.0,4787.87,0.16,INF179K01XD8_HDFC Corporate Bond Fund.xlsx,HDFCMO,32,False,Other
HDFC Corporate Bond Fund,INF179K01XD8,,7.45% Himachal Pradesh SDL ISD 191125 Mat 191140^,IN1720250100,Government Security,Sovereign,Sovereign,7.45,5000000.0,4877.7,0.16,INF179K01XD8_HDFC Corporate Bond Fund.xlsx,HDFCMO,33,False,Other
HDFC Corporate Bond Fund,INF179K01XD8,,7.48% Puducherry SDL Mat 170936^,IN3820250030,Government Security,Sovereign,Sovereign,7.48,5000000.0,4914.25,0.16,INF179K01XD8_HDFC Corporate Bond Fund.xlsx,HDFCMO,34,False,Other
HDFC Corporate Bond Fund,INF179K01XD8,,7.63% Andhra Pradesh SDL ISD 030925 MAT 030937^,IN1020250313,Government Security,Sovereign,Sovereign,7.63,5000000.0,4973.0,0.16,INF179K01XD8_HDFC Corporate Bond Fund.xlsx,HDFCMO,35,False,Other
HDFC Corporate Bond Fund,INF179K01XD8,,7.72% Bihar SDL - MAT 250241^,IN1320250294,Government Security,Sovereign,Sovereign,7.72,5000000.0,4993.87,0.16,INF179K01XD8_HDFC Corporate Bond Fund.xlsx,HDFCMO,36,False,Other
HDFC Corporate Bond Fund,INF179K01XD8,,Export - Import Bank of India^,INE514E08GE8,Other,CRISIL - AAA,CRISIL - AAA,7.35,5000.0,4996.7,0.16,INF179K01XD8_HDFC Corporate Bond Fund.xlsx,HDFCMO,182,True,Equity Candidate
HDFC Corporate Bond Fund,INF179K01XD8,,Hindustan Petroleum Corp. Ltd.^,INE094A08176,Other,CRISIL - AAA,CRISIL - AAA,6.73,5000.0,4905.57,0.16,INF179K01XD8_HDFC Corporate Bond Fund.xlsx,HDFCMO,183,True,Equity Candidate
HDFC Corporate Bond Fund,INF179K01XD8,,Indian Railways Finance Corp. Ltd.^,INE053F08502,Other,CRISIL - AAA,CRISIL - AAA,6.65,5000.0,4866.77,0.16,INF179K01XD8_HDFC Corporate Bond Fund.xlsx,HDFCMO,184,True,Equity Candidate
HDFC Corporate Bond Fund,INF179K01XD8,,National Bank for Agri & Rural Dev.,INE261F08EK5,Other,CRISIL - AAA,CRISIL - AAA,7.44,5000.0,4983.73,0.16,INF179K01XD8_HDFC Corporate Bond Fund.xlsx,HDFCMO,185,True,Equity Candidate
HDFC Corporate Bond Fund,INF179K01XD8,,National Bank for Agri & Rural Dev.^,INE261F08ES8,Other,CRISIL - AAA,CRISIL - AAA,7.01,5000.0,4921.57,0.16,INF179K01XD8_HDFC Corporate Bond Fund.xlsx,HDFCMO,186,True,Equity Candidate
HDFC Corporate Bond Fund,INF179K01XD8,,National Housing Bank^,INE557F08GC8,Other,CARE - AAA,CARE - AAA,7.29,5000.0,4963.65,0.16,INF179K01XD8_HDFC Corporate Bond Fund.xlsx,HDFCMO,187,True,Equity Candidate
HDFC Corporate Bond Fund,INF179K01XD8,,Power Finance Corporation Ltd.^,INE134E08NN2,Other,CRISIL - AAA,CRISIL - AAA,7.4,5000.0,4922.21,0.16,INF179K01XD8_HDFC Corporate Bond Fund.xlsx,HDFCMO,188,True,Equity Candidate
HDFC Corporate Bond Fund,INF179K01XD8,,REC Limited.^,INE020B08FU0,Other,CARE - AAA,CARE - AAA,6.87,5000.0,4872.3,0.16,INF179K01XD8_HDFC Corporate Bond Fund.xlsx,HDFCMO,189,True,Equity Candidate
HDFC Corporate Bond Fund,INF179K01XD8,,Small Industries Development Bank^,INE556F08LB2,Other,CRISIL - AAA,CRISIL - AAA,7.04,5000.0,4930.47,0.16,INF179K01XD8_HDFC Corporate Bond Fund.xlsx,HDFCMO,190,True,Equity Candidate
HDFC Corporate Bond Fund,INF179K01XD8,,State Bank of India^,INE062A08389,Other,ICRA - AAA,ICRA - AAA,7.54,5000.0,4971.0,0.16,INF179K01XD8_HDFC Corporate Bond Fund.xlsx,HDFCMO,191,True,Equity Candidate
HDFC Corporate Bond Fund,INF179K01XD8,,State Bank of India^,INE062A08330,Other,ICRA - AAA,ICRA - AAA,7.51,500.0,4962.31,0.16,INF179K01XD8_HDFC Corporate Bond Fund.xlsx,HDFCMO,192,True,Equity Candidate
HDFC Corporate Bond Fund,INF179K01XD8,,Tata Communications Limited^,INE151A08356,Other,CRISIL - AAA,CRISIL - AAA,6.77,5000.0,4918.6,0.16,INF179K01XD8_HDFC Corporate Bond Fund.xlsx,HDFCMO,193,True,Equity Candidate
HDFC Corporate Bond Fund,INF179K01XD8,,6.88% Andhra Pradesh SDL ISD 040425 MAT 040440^,IN1020250040,Government Security,Sovereign,Sovereign,6.88,5000000.0,4655.73,0.15,INF179K01XD8_HDFC Corporate Bond Fund.xlsx,HDFCMO,37,False,Other
HDFC Corporate Bond Fund,INF179K01XD8,,Toyota Financial Services India Ltd.^,INE692Q07514,Other,CRISIL - AAA,CRISIL - AAA,8.2,4500.0,4496.3,0.15,INF179K01XD8_HDFC Corporate Bond Fund.xlsx,HDFCMO,194,True,Equity Candidate
HDFC Corporate Bond Fund,INF179K01XD8,,GOI STRIPS - Mat 250535^,IN000535C020,Government Security,Sovereign,Sovereign,,7728100.0,4151.41,0.14,INF179K01XD8_HDFC Corporate Bond Fund.xlsx,HDFCMO,38,False,Other
HDFC Corporate Bond Fund,INF179K01XD8,,National Highways Authority of India^,INE906B07GO3,Other,CRISIL - AAA,CRISIL - AAA,8.49,400.0,4095.93,0.14,INF179K01XD8_HDFC Corporate Bond Fund.xlsx,HDFCMO,195,True,Equity Candidate
HDFC Corporate Bond Fund,INF179K01XD8,,REC Limited.^,INE020B08FB0,Other,CRISIL - AAA,CRISIL - AAA,7.53,4380.0,4351.56,0.14,INF179K01XD8_HDFC Corporate Bond Fund.xlsx,HDFCMO,196,True,Equity Candidate
HDFC Corporate Bond Fund,INF179K01XD8,,6.82% Bihar SDL - ISD 140721 Mat 140728^,IN1320210041,Government Security,Sovereign,Sovereign,6.82,4000000.0,3990.06,0.13,INF179K01XD8_HDFC Corporate Bond Fund.xlsx,HDFCMO,39,False,Other
HDFC Corporate Bond Fund,INF179K01XD8,,7.67% Haryana SDL MAT 250241^,IN1620250366,Government Security,Sovereign,Sovereign,7.67,4000000.0,3985.06,0.13,INF179K01XD8_HDFC Corporate Bond Fund.xlsx,HDFCMO,40,False,Other
HDFC Corporate Bond Fund,INF179K01XD8,,GOI STRIPS - Mat 251135^,IN001135C028,Government Security,Sovereign,Sovereign,,7728100.0,4002.15,0.13,INF179K01XD8_HDFC Corporate Bond Fund.xlsx,HDFCMO,41,False,Other
HDFC Corporate Bond Fund,INF179K01XD8,,Indian Railways Finance Corp. Ltd.^,INE053F08395,Other,CRISIL - AAA,CRISIL - AAA,7.44,4000.0,3958.28,0.13,INF179K01XD8_HDFC Corporate Bond Fund.xlsx,HDFCMO,197,True,Equity Candidate
HDFC Corporate Bond Fund,INF179K01XD8,,Nomura Capital India Pvt. Ltd.^,INE357L07507,Other,IND - AAA,IND - AAA,8.45,4000.0,4010.61,0.13,INF179K01XD8_HDFC Corporate Bond Fund.xlsx,HDFCMO,198,True,Equity Candidate
HDFC Corporate Bond Fund,INF179K01XD8,,Power Finance Corporation Ltd.^,INE134E08JP5,Other,CRISIL - AAA,CRISIL - AAA,7.85,400.0,4023.8,0.13,INF179K01XD8_HDFC Corporate Bond Fund.xlsx,HDFCMO,199,True,Equity Candidate
HDFC Corporate Bond Fund,INF179K01XD8,,7.03% Maharashtra SDL ISD 250625 MAT 250638^,IN2220250103,Government Security,Sovereign,Sovereign,7.03,3500000.0,3330.01,0.11,INF179K01XD8_HDFC Corporate Bond Fund.xlsx,HDFCMO,42,False,Other
HDFC Corporate Bond Fund,INF179K01XD8,,7.62% Andhra Pradesh SDL ISD 030925 MAT 030936^,IN1020250305,Government Security,Sovereign,Sovereign,7.62,3370000.0,3349.09,0.11,INF179K01XD8_HDFC Corporate Bond Fund.xlsx,HDFCMO,43,False,Other
HDFC Corporate Bond Fund,INF179K01XD8,,7.24% GOI MAT 111233^,IN0020230150,Government Security,Sovereign,Sovereign,7.24,2972300.0,3045.83,0.1,INF179K01XD8_HDFC Corporate Bond Fund.xlsx,HDFCMO,44,False,Other
HDFC Corporate Bond Fund,INF179K01XD8,,Power Finance Corporation Ltd.^,INE134E08ME3,Other,CRISIL - AAA,CRISIL - AAA,7.82,3000.0,3014.89,0.1,INF179K01XD8_HDFC Corporate Bond Fund.xlsx,HDFCMO,200,True,Equity Candidate
HDFC Corporate Bond Fund,INF179K01XD8,,Power Finance Corporation Ltd.^,INE134E08MD5,Other,CRISIL - AAA,CRISIL - AAA,7.82,3000.0,3017.3,0.1,INF179K01XD8_HDFC Corporate Bond Fund.xlsx,HDFCMO,201,True,Equity Candidate
HDFC Corporate Bond Fund,INF179K01XD8,,Power Finance Corporation Ltd.^,INE134E08MF0,Other,CRISIL - AAA,CRISIL - AAA,7.82,3000.0,3012.1,0.1,INF179K01XD8_HDFC Corporate Bond Fund.xlsx,HDFCMO,202,True,Equity Candidate
HDFC Corporate Bond Fund,INF179K01XD8,,Power Finance Corporation Ltd.^,INE134E08MG8,Other,CRISIL - AAA,CRISIL - AAA,7.82,3000.0,3015.65,0.1,INF179K01XD8_HDFC Corporate Bond Fund.xlsx,HDFCMO,203,True,Equity Candidate
HDFC Corporate Bond Fund,INF179K01XD8,,REC Limited.^,INE020B08BS3,Other,CRISIL - AAA,CRISIL - AAA,8.8,300.0,3078.74,0.1,INF179K01XD8_HDFC Corporate Bond Fund.xlsx,HDFCMO,204,True,Equity Candidate
HDFC Corporate Bond Fund,INF179K01XD8,,7.11% Maharashtra SDL ISD 080125 MAT 080138^,IN2220240369,Government Security,Sovereign,Sovereign,7.11,2500000.0,2396.61,0.08,INF179K01XD8_HDFC Corporate Bond Fund.xlsx,HDFCMO,45,False,Other
HDFC Corporate Bond Fund,INF179K01XD8,,7.14% Andhra Pradesh SDL ISD 081025 MAT 081033^,IN1020250347,Government Security,Sovereign,Sovereign,7.14,2500000.0,2452.93,0.08,INF179K01XD8_HDFC Corporate Bond Fund.xlsx,HDFCMO,46,False,Other
HDFC Corporate Bond Fund,INF179K01XD8,,7.66% RAJASTHAN SDL ISD 240124 Mat 240131^,IN2920230389,Government Security,Sovereign,Sovereign,7.66,2500000.0,2540.3,0.08,INF179K01XD8_HDFC Corporate Bond Fund.xlsx,HDFCMO,47,False,Other
HDFC Corporate Bond Fund,INF179K01XD8,,Export - Import Bank of India^,INE514E08GF5,Other,CRISIL - AAA,CRISIL - AAA,7.12,2500.0,2471.97,0.08,INF179K01XD8_HDFC Corporate Bond Fund.xlsx,HDFCMO,205,True,Equity Candidate
HDFC Corporate Bond Fund,INF179K01XD8,,HDFC Bank Ltd.£^,INE040A08AB1,Other,CRISIL - AAA,CRISIL - AAA,9.0,250.0,2561.13,0.08,INF179K01XD8_HDFC Corporate Bond Fund.xlsx,HDFCMO,206,True,Equity Candidate
HDFC Corporate Bond Fund,INF179K01XD8,,Indian Railways Finance Corp. Ltd.^,INE053F08452,Other,CRISIL - AAA,CRISIL - AAA,7.15,2500.0,2429.45,0.08,INF179K01XD8_HDFC Corporate Bond Fund.xlsx,HDFCMO,207,True,Equity Candidate
HDFC Corporate Bond Fund,INF179K01XD8,,Indian Railways Finance Corp. Ltd.^,INE053F08296,Other,CRISIL - AAA,CRISIL - AAA,7.74,2500.0,2521.66,0.08,INF179K01XD8_HDFC Corporate Bond Fund.xlsx,HDFCMO,208,True,Equity Candidate
HDFC Corporate Bond Fund,INF179K01XD8,,Jamnagar Utilities & Power Pvt. Limited^,INE936D07182,Other,CRISIL - AAA,CRISIL - AAA,7.9,2500.0,2505.68,0.08,INF179K01XD8_HDFC Corporate Bond Fund.xlsx,HDFCMO,209,True,Equity Candidate
HDFC Corporate Bond Fund,INF179K01XD8,,L&T Finance Ltd.^,INE498L07145,Other,CRISIL - AAA,CRISIL - AAA,7.23,2500.0,2469.03,0.08,INF179K01XD8_HDFC Corporate Bond Fund.xlsx,HDFCMO,210,True,Equity Candidate
HDFC Corporate Bond Fund,INF179K01XD8,,LIC Housing Finance Ltd.^,INE115A07QM6,Other,CRISIL - AAA,CRISIL - AAA,7.77,250.0,2501.58,0.08,INF179K01XD8_HDFC Corporate Bond Fund.xlsx,HDFCMO,211,True,Equity Candidate
HDFC Corporate Bond Fund,INF179K01XD8,,LIC Housing Finance Ltd.^,INE115A07NP6,Other,CRISIL - AAA,CRISIL - AAA,8.75,250.0,2549.68,0.08,INF179K01XD8_HDFC Corporate Bond Fund.xlsx,HDFCMO,212,True,Equity Candidate
HDFC Corporate Bond Fund,INF179K01XD8,,LIC Housing Finance Ltd.^,INE115A07OB4,Other,CRISIL - AAA,CRISIL - AAA,8.7,250.0,2547.56,0.08,INF179K01XD8_HDFC Corporate Bond Fund.xlsx,HDFCMO,213,True,Equity Candidate
HDFC Corporate Bond Fund,INF179K01XD8,,National Bank for Agri & Rural Dev.^,INE261F08BA2,Other,CRISIL - AAA,CRISIL - AAA,8.42,250.0,2548.06,0.08,INF179K01XD8_HDFC Corporate Bond Fund.xlsx,HDFCMO,214,True,Equity Candidate
HDFC Corporate Bond Fund,INF179K01XD8,,National Highways Authority of India^,INE906B07HD4,Other,CRISIL - AAA,CRISIL - AAA,8.36,250.0,2557.91,0.08,INF179K01XD8_HDFC Corporate Bond Fund.xlsx,HDFCMO,215,True,Equity Candidate
HDFC Corporate Bond Fund,INF179K01XD8,,National Highways Authority of India^,INE906B07HF9,Other,CRISIL - AAA,CRISIL - AAA,7.8,250.0,2525.91,0.08,INF179K01XD8_HDFC Corporate Bond Fund.xlsx,HDFCMO,216,True,Equity Candidate
HDFC Corporate Bond Fund,INF179K01XD8,,NTPC Limited^,INE733E07KJ7,Other,CRISIL - AAA,CRISIL - AAA,8.3,250.0,2554.5,0.08,INF179K01XD8_HDFC Corporate Bond Fund.xlsx,HDFCMO,217,True,Equity Candidate
HDFC Corporate Bond Fund,INF179K01XD8,,NTPC Limited^,INE733E08239,Other,CRISIL - AAA,CRISIL - AAA,7.44,250.0,2491.92,0.08,INF179K01XD8_HDFC Corporate Bond Fund.xlsx,HDFCMO,218,True,Equity Candidate
HDFC Corporate Bond Fund,INF179K01XD8,,Power Finance Corporation Ltd.^,INE134E08KC1,Other,CRISIL - AAA,CRISIL - AAA,8.85,250.0,2569.0,0.08,INF179K01XD8_HDFC Corporate Bond Fund.xlsx,HDFCMO,219,True,Equity Candidate
HDFC Corporate Bond Fund,INF179K01XD8,,Power Finance Corporation Ltd.^,INE134E08KV1,Other,CRISIL - AAA,CRISIL - AAA,7.75,250.0,2505.81,0.08,INF179K01XD8_HDFC Corporate Bond Fund.xlsx,HDFCMO,220,True,Equity Candidate
HDFC Corporate Bond Fund,INF179K01XD8,,REC Limited.^,INE020B08GE2,Other,CRISIL - AAA,CRISIL - AAA,7.46,2500.0,2468.32,0.08,INF179K01XD8_HDFC Corporate Bond Fund.xlsx,HDFCMO,221,True,Equity Candidate
HDFC Corporate Bond Fund,INF179K01XD8,,REC Limited.^,INE020B08EC1,Other,CRISIL - AAA,CRISIL - AAA,7.53,250.0,2479.49,0.08,INF179K01XD8_HDFC Corporate Bond Fund.xlsx,HDFCMO,222,True,Equity Candidate
HDFC Corporate Bond Fund,INF179K01XD8,,Reliance Industries Ltd.^,INE002A08690,Other,CRISIL - AAA,CRISIL - AAA,8.7,250.0,2563.29,0.08,INF179K01XD8_HDFC Corporate Bond Fund.xlsx,HDFCMO,223,True,Equity Candidate
HDFC Corporate Bond Fund,INF179K01XD8,,Small Industries Development Bank^,INE556F08KT6,Other,CRISIL - AAA,CRISIL - AAA,7.44,2500.0,2491.25,0.08,INF179K01XD8_HDFC Corporate Bond Fund.xlsx,HDFCMO,224,True,Equity Candidate
HDFC Corporate Bond Fund,INF179K01XD8,,Small Industries Development Bank^,INE556F08KN9,Other,CRISIL - AAA,CRISIL - AAA,7.75,2500.0,2504.71,0.08,INF179K01XD8_HDFC Corporate Bond Fund.xlsx,HDFCMO,225,True,Equity Candidate
HDFC Corporate Bond Fund,INF179K01XD8,,SMFG India Home Finance Company Ltd^,INE213W07293,Other,CARE - AAA,CARE - AAA,8.07,2500.0,2501.0,0.08,INF179K01XD8_HDFC Corporate Bond Fund.xlsx,HDFCMO,226,True,Equity Candidate
HDFC Corporate Bond Fund,INF179K01XD8,,State Bank of India^,INE062A08348,Other,ICRA - AAA,ICRA - AAA,7.7,2500.0,2514.28,0.08,INF179K01XD8_HDFC Corporate Bond Fund.xlsx,HDFCMO,227,True,Equity Candidate
HDFC Corporate Bond Fund,INF179K01XD8,,Tata Capital Ltd.^,INE976I07DF6,Other,CRISIL - AAA,CRISIL - AAA,8.15,2500.0,2504.64,0.08,INF179K01XD8_HDFC Corporate Bond Fund.xlsx,HDFCMO,228,True,Equity Candidate
HDFC Corporate Bond Fund,INF179K01XD8,,7.48% Andhra Pradesh SDL ISD 030925 MAT 030933^,IN1020250289,Government Security,Sovereign,Sovereign,7.48,1980000.0,1979.5,0.07,INF179K01XD8_HDFC Corporate Bond Fund.xlsx,HDFCMO,48,False,Other
HDFC Corporate Bond Fund,INF179K01XD8,,NHPC Ltd.^,INE848E07AN6,Other,CARE - AAA,CARE - AAA,8.65,500.0,2174.72,0.07,INF179K01XD8_HDFC Corporate Bond Fund.xlsx,HDFCMO,229,True,Equity Candidate
HDFC Corporate Bond Fund,INF179K01XD8,,7.63% Gujarat SDL - MAT 100637,IN1520260051,Government Security,Sovereign,Sovereign,7.63,1796900.0,1796.0,0.06,INF179K01XD8_HDFC Corporate Bond Fund.xlsx,HDFCMO,49,False,Other
HDFC Corporate Bond Fund,INF179K01XD8,,LIC Housing Finance Ltd.^,INE115A07RF8,Other,CRISIL - AAA,CRISIL - AAA,7.58,1880.0,1877.16,0.06,INF179K01XD8_HDFC Corporate Bond Fund.xlsx,HDFCMO,230,True,Equity Candidate
HDFC Corporate Bond Fund,INF179K01XD8,,7.05% Haryana SDL ISD 250625 Mat 250638^,IN1620250085,Government Security,Sovereign,Sovereign,7.05,1500000.0,1424.8,0.05,INF179K01XD8_HDFC Corporate Bond Fund.xlsx,HDFCMO,50,False,Other
HDFC Corporate Bond Fund,INF179K01XD8,,7.48% Andhra Pradesh SDL ISD 030925 MAT 030934^,IN1020250297,Government Security,Sovereign,Sovereign,7.48,1500000.0,1493.64,0.05,INF179K01XD8_HDFC Corporate Bond Fund.xlsx,HDFCMO,51,False,Other
HDFC Corporate Bond Fund,INF179K01XD8,,7.72% Madhya Pradesh SDL ISD 180226 Mat 180245^,IN2120250427,Government Security,Sovereign,Sovereign,7.72,1500000.0,1500.32,0.05,INF179K01XD8_HDFC Corporate Bond Fund.xlsx,HDFCMO,52,False,Other
HDFC Corporate Bond Fund,INF179K01XD8,,Nomura Capital India Pvt. Ltd.^,INE357L07499,Other,IND - AAA,IND - AAA,8.45,1500.0,1504.83,0.05,INF179K01XD8_HDFC Corporate Bond Fund.xlsx,HDFCMO,231,True,Equity Candidate
HDFC Corporate Bond Fund,INF179K01XD8,,REC Limited.^,INE020B08BJ2,Other,CRISIL - AAA,CRISIL - AAA,8.8,150.0,1542.51,0.05,INF179K01XD8_HDFC Corporate Bond Fund.xlsx,HDFCMO,232,True,Equity Candidate
HDFC Corporate Bond Fund,INF179K01XD8,,GOI STRIPS - Mat 120635^,IN000635C044,Government Security,Sovereign,Sovereign,,2537500.0,1358.36,0.04,INF179K01XD8_HDFC Corporate Bond Fund.xlsx,HDFCMO,53,False,Other
HDFC Corporate Bond Fund,INF179K01XD8,,GOI STRIPS - Mat 121235^,IN001235C042,Government Security,Sovereign,Sovereign,,2537500.0,1309.56,0.04,INF179K01XD8_HDFC Corporate Bond Fund.xlsx,HDFCMO,54,False,Other
HDFC Corporate Bond Fund,INF179K01XD8,,7.1% GOI MAT 270128^,IN0020220136,Government Security,Sovereign,Sovereign,7.1,1000000.0,1013.86,0.03,INF179K01XD8_HDFC Corporate Bond Fund.xlsx,HDFCMO,55,False,Other
HDFC Corporate Bond Fund,INF179K01XD8,,7.27% Andhra Pradesh SDL ISD 081025 MAT 081036^,IN1020250354,Government Security,Sovereign,Sovereign,7.27,1071400.0,1038.61,0.03,INF179K01XD8_HDFC Corporate Bond Fund.xlsx,HDFCMO,56,False,Other
HDFC Corporate Bond Fund,INF179K01XD8,,7.63% Gujarat SDL ISD 240124 Mat 240133^,IN1520230229,Government Security,Sovereign,Sovereign,7.63,1000000.0,1011.53,0.03,INF179K01XD8_HDFC Corporate Bond Fund.xlsx,HDFCMO,57,False,Other
HDFC Corporate Bond Fund,INF179K01XD8,,GOI STRIPS - Mat 220435^,IN000435C031,Government Security,Sovereign,Sovereign,,1532300.0,828.62,0.03,INF179K01XD8_HDFC Corporate Bond Fund.xlsx,HDFCMO,58,False,Other
HDFC Corporate Bond Fund,INF179K01XD8,,GOI STRIPS - Mat 221035^,IN001035C038,Government Security,Sovereign,Sovereign,,2018500.0,1052.36,0.03,INF179K01XD8_HDFC Corporate Bond Fund.xlsx,HDFCMO,59,False,Other
HDFC Corporate Bond Fund,INF179K01XD8,,NHPC Ltd.^,INE848E08243,Other,CARE - AAA,CARE - AAA,7.59,1000.0,1002.21,0.03,INF179K01XD8_HDFC Corporate Bond Fund.xlsx,HDFCMO,233,True,Equity Candidate
HDFC Corporate Bond Fund,INF179K01XD8,,NHPC Ltd.^,INE848E08235,Other,CARE - AAA,CARE - AAA,7.59,1000.0,1002.49,0.03,INF179K01XD8_HDFC Corporate Bond Fund.xlsx,HDFCMO,234,True,Equity Candidate
HDFC Corporate Bond Fund,INF179K01XD8,,NHPC Ltd.^,INE848E08227,Other,CARE - AAA,CARE - AAA,7.59,1000.0,1003.17,0.03,INF179K01XD8_HDFC Corporate Bond Fund.xlsx,HDFCMO,235,True,Equity Candidate
HDFC Corporate Bond Fund,INF179K01XD8,,NHPC Ltd.^,INE848E08219,Other,CARE - AAA,CARE - AAA,7.59,1000.0,1004.11,0.03,INF179K01XD8_HDFC Corporate Bond Fund.xlsx,HDFCMO,236,True,Equity Candidate
HDFC Corporate Bond Fund,INF179K01XD8,,NHPC Ltd.^,INE848E08193,Other,CARE - AAA,CARE - AAA,7.59,1000.0,1001.25,0.03,INF179K01XD8_HDFC Corporate Bond Fund.xlsx,HDFCMO,237,True,Equity Candidate
HDFC Corporate Bond Fund,INF179K01XD8,,7.64% Tamil Nadu SDL MAT 270729^,IN3120220089,Government Security,Sovereign,Sovereign,7.64,467700.0,475.03,0.02,INF179K01XD8_HDFC Corporate Bond Fund.xlsx,HDFCMO,60,False,Other
HDFC Corporate Bond Fund,INF179K01XD8,,Indian Railways Finance Corp. Ltd.^,INE053F08411,Other,CRISIL - AAA,CRISIL - AAA,7.37,500.0,498.77,0.02,INF179K01XD8_HDFC Corporate Bond Fund.xlsx,HDFCMO,238,True,Equity Candidate
HDFC Corporate Bond Fund,INF179K01XD8,,Kotak Mahindra Prime Ltd.^,INE916DA7SJ7,Other,CRISIL - AAA,CRISIL - AAA,7.83,500.0,498.61,0.02,INF179K01XD8_HDFC Corporate Bond Fund.xlsx,HDFCMO,239,True,Equity Candidate
HDFC Corporate Bond Fund,INF179K01XD8,,Sikka Port and Terminal Ltd.^,INE941D07158,Other,CRISIL - AAA,CRISIL - AAA,7.95,50.0,500.71,0.02,INF179K01XD8_HDFC Corporate Bond Fund.xlsx,HDFCMO,240,True,Equity Candidate
HDFC Corporate Bond Fund,INF179K01XD8,,7.17% Tamilnadu SDL MAT 271129^,IN3120190217,Government Security,Sovereign,Sovereign,7.17,300000.0,301.11,0.01,INF179K01XD8_HDFC Corporate Bond Fund.xlsx,HDFCMO,61,False,Other
HDFC Corporate Bond Fund,INF179K01XD8,,,DEBT INSTRUMENTS,Other,,,,,,,INF179K01XD8_HDFC Corporate Bond Fund.xlsx,HDFCMO,6,False,Other
HDFC Corporate Bond Fund,INF179K01XD8,,,(A) LISTED / AWAITING LISTING ON STOCK EXCHANGES,Other,,,,,,,INF179K01XD8_HDFC Corporate Bond Fund.xlsx,HDFCMO,7,False,Other
HDFC Corporate Bond Fund,INF179K01XD8,,,GOVERNMENT SECURITIES (CENTRAL/STATE),Other,,,,,,,INF179K01XD8_HDFC Corporate Bond Fund.xlsx,HDFCMO,8,False,Other
HDFC Corporate Bond Fund,INF179K01XD8,,7.36% Maharashtra SDL ISD 120423 Mat 120428^,IN2220230014,Government Security,Sovereign,Sovereign,7.36,64000.0,64.61,,INF179K01XD8_HDFC Corporate Bond Fund.xlsx,HDFCMO,62,False,Other
HDFC Corporate Bond Fund,INF179K01XD8,,8.32% Uttar Pradesh SDL - Mat 130229^,IN3320180158,Government Security,Sovereign,Sovereign,8.32,100000.0,102.8,,INF179K01XD8_HDFC Corporate Bond Fund.xlsx,HDFCMO,63,False,Other
HDFC Corporate Bond Fund,INF179K01XD8,,,NON-CONVERTIBLE DEBENTURES / BONDS,Other,,,,,,,INF179K01XD8_HDFC Corporate Bond Fund.xlsx,HDFCMO,64,False,Other
HDFC Corporate Bond Fund,INF179K01XD8,,Power Grid Corporation of India Ltd.^,INE752E08783,Other,CRISIL - AAA,CRISIL - AAA,6.94,50.0,48.08,,INF179K01XD8_HDFC Corporate Bond Fund.xlsx,HDFCMO,241,True,Equity Candidate
HDFC Corporate Bond Fund,INF179K01XD8,,,ZERO COUPON BONDS / DEEP DISCOUNT BONDS,Other,,,,,,,INF179K01XD8_HDFC Corporate Bond Fund.xlsx,HDFCMO,242,False,Other
HDFC Corporate Bond Fund,INF179K01XD8,,,(C) SECURITIZED DEBT INSTRUMENTS,Other,,,,,,,INF179K01XD8_HDFC Corporate Bond Fund.xlsx,HDFCMO,245,False,Other
HDFC Corporate Bond Fund,INF179K01XD8,,,SECURITIZED DEBT INSTRUMENTS,Other,,,,,,,INF179K01XD8_HDFC Corporate Bond Fund.xlsx,HDFCMO,246,False,Other
HDFC Corporate Bond Fund,INF179K01XD8,,,MONEY MARKET INSTRUMENTS,Other,,,,,,,INF179K01XD8_HDFC Corporate Bond Fund.xlsx,HDFCMO,253,False,Other
HDFC Corporate Bond Fund,INF179K01XD8,,,TREPS - TRI-PARTY REPO,Other,,,,,,,INF179K01XD8_HDFC Corporate Bond Fund.xlsx,HDFCMO,254,False,Other
HDFC Corporate Bond Fund,INF179K01XD8,,,OTHERS,Other,,,,,,,INF179K01XD8_HDFC Corporate Bond Fund.xlsx,HDFCMO,258,False,Other
HDFC Corporate Bond Fund,INF179K01XD8,,,ALTERNATIVE INVESTMENT FUND UNITS,Other,,,,,,,INF179K01XD8_HDFC Corporate Bond Fund.xlsx,HDFCMO,259,False,Other
HDFC Corporate Bond Fund,INF179K01XD8,,,NET CURRENT ASSETS,Other,,,,,,,INF179K01XD8_HDFC Corporate Bond Fund.xlsx,HDFCMO,261,False,Other
HDFC Corporate Bond Fund,INF179K01XD8,,Top Ten Holdings,TOP TEN HOLDINGS,Other,Top Ten Holdings,Top Ten Holdings,,,,,INF179K01XD8_HDFC Corporate Bond Fund.xlsx,HDFCMO,266,False,Other
HDFC Corporate Bond Fund,INF179K01XD8,,+ Industry Classification as recommended by AMFI,+ INDUSTRY CLASSIFICATION AS RECOMMENDED BY AMFI,Other,+ Industry Classification as recommended by AMFI,+ Industry Classification as recommended by AMFI,,,,,INF179K01XD8_HDFC Corporate Bond Fund.xlsx,HDFCMO,267,False,Other
HDFC Corporate Bond Fund,INF179K01XD8,,£ - Sponsor Company,£ - SPONSOR COMPANY,Other,£ - Sponsor Company,£ - Sponsor Company,,,,,INF179K01XD8_HDFC Corporate Bond Fund.xlsx,HDFCMO,268,False,Other
HDFC Corporate Bond Fund,INF179K01XD8,,"** Thinly Traded/ Non-Traded Securities (Equity) as on August 31, 2026","** THINLY TRADED/ NON-TRADED SECURITIES (EQUITY) AS ON AUGUST 31, 2026",Equity,"** Thinly Traded/ Non-Traded Securities (Equity) as on August 31, 2026","** Thinly Traded/ Non-Traded Securities (Equity) as on August 31, 2026",31.0,31.0,,,INF179K01XD8_HDFC Corporate Bond Fund.xlsx,HDFCMO,269,False,Other
HDFC Corporate Bond Fund,INF179K01XD8,,"^ Non-Traded Securities (Debt) as on August 31, 2026","^ NON-TRADED SECURITIES (DEBT) AS ON AUGUST 31, 2026",Other,"^ Non-Traded Securities (Debt) as on August 31, 2026","^ Non-Traded Securities (Debt) as on August 31, 2026",31.0,31.0,,,INF179K01XD8_HDFC Corporate Bond Fund.xlsx,HDFCMO,270,False,Other
HDFC Corporate Bond Fund,INF179K01XD8,,# Non Sensex Scrips,# NON SENSEX SCRIPS,Other,# Non Sensex Scrips,# Non Sensex Scrips,,,,,INF179K01XD8_HDFC Corporate Bond Fund.xlsx,HDFCMO,271,False,Other
HDFC Corporate Bond Fund,INF179K01XD8,,@ Less than 0.01%.,@ LESS THAN 0.01%.,Other,@ Less than 0.01%.,@ Less than 0.01%.,0.01,0.01,,,INF179K01XD8_HDFC Corporate Bond Fund.xlsx,HDFCMO,272,False,Other
HDFC Corporate Bond Fund,INF179K01XD8,,~ YTC i.e. Yield to Call is disclosed at security level only for Additional Tier 1 Bonds and Tier 2 Bonds issued by Banks as per AMFI Best Practices Notification 135/BP/91/2020-21 read with SEBI circular SEBI/HO/IMD/DF4/CIR/P/2021/034,~ YTC I.E. YIELD TO CALL IS DISCLOSED AT SECURITY LEVEL ONLY FOR ADDITIONAL TIER 1 BONDS AND TIER 2 BONDS ISSUED BY BANKS AS PER AMFI BEST PRACTICES NOTIFICATION 135/BP/91/2020-21 READ WITH SEBI CIRCULAR SEBI/HO/IMD/DF4/CIR/P/2021/034,Debt,~ YTC i.e. Yield to Call is disclosed at security level only for Additional Tier 1 Bonds and Tier 2 Bonds issued by Banks as per AMFI Best Practices Notification 135/BP/91/2020-21 read with SEBI circular SEBI/HO/IMD/DF4/CIR/P/2021/034,~ YTC i.e. Yield to Call is disclosed at security level only for Additional Tier 1 Bonds and Tier 2 Bonds issued by Banks as per AMFI Best Practices Notification 135/BP/91/2020-21 read with SEBI circular SEBI/HO/IMD/DF4/CIR/P/2021/034,1.0,1.0,,,INF179K01XD8_HDFC Corporate Bond Fund.xlsx,HDFCMO,273,False,Non-Equity
HDFC Corporate Bond Fund,INF179K01XD8,,This scheme has exposure to floating rate instruments and / or interest rate derivatives. The duration of these instruments is linked to the interest rate reset period. The interest rate risk in a floating rate instrument or in a fixed rate instrument hedged with derivatives is likely to be lesser than that in an equivalent maturity fixed rate instrument. Under some market circumstances the volatility may be of an order greater than what may ordinarily be expected considering only its duration. Hence investors are recommended to consider the unadjusted portfolio maturity of the scheme as well and exercise adequate due diligence when deciding to make their investments,THIS SCHEME HAS EXPOSURE TO FLOATING RATE INSTRUMENTS AND / OR INTEREST RATE DERIVATIVES. THE DURATION OF THESE INSTRUMENTS IS LINKED TO THE INTEREST RATE RESET PERIOD. THE INTEREST RATE RISK IN A FLOATING RATE INSTRUMENT OR IN A FIXED RATE INSTRUMENT HEDGED WITH DERIVATIVES IS LIKELY TO BE LESSER THAN THAT IN AN EQUIVALENT MATURITY FIXED RATE INSTRUMENT. UNDER SOME MARKET CIRCUMSTANCES THE VOLATILITY MAY BE OF AN ORDER GREATER THAN WHAT MAY ORDINARILY BE EXPECTED CONSIDERING ONLY ITS DURATION. HENCE INVESTORS ARE RECOMMENDED TO CONSIDER THE UNADJUSTED PORTFOLIO MATURITY OF THE SCHEME AS WELL AND EXERCISE ADEQUATE DUE DILIGENCE WHEN DECIDING TO MAKE THEIR INVESTMENTS,Other,This scheme has exposure to floating rate instruments and / or interest rate derivatives. The duration of these instruments is linked to the interest rate reset period. The interest rate risk in a floating rate instrument or in a fixed rate instrument hedged with derivatives is likely to be lesser than that in an equivalent maturity fixed rate instrument. Under some market circumstances the volatility may be of an order greater than what may ordinarily be expected considering only its duration. Hence investors are recommended to consider the unadjusted portfolio maturity of the scheme as well and exercise adequate due diligence when deciding to make their investments,This scheme has exposure to floating rate instruments and / or interest rate derivatives. The duration of these instruments is linked to the interest rate reset period. The interest rate risk in a floating rate instrument or in a fixed rate instrument hedged with derivatives is likely to be lesser than that in an equivalent maturity fixed rate instrument. Under some market circumstances the volatility may be of an order greater than what may ordinarily be expected considering only its duration. Hence investors are recommended to consider the unadjusted portfolio maturity of the scheme as well and exercise adequate due diligence when deciding to make their investments,,,,,INF179K01XD8_HDFC Corporate Bond Fund.xlsx,HDFCMO,274,False,Other
HDFC Corporate Bond Fund,INF179K01XD8,,,PORTFOLIO CLASSIFICATION BY ASSET CLASS(%),Other,,,,,,,INF179K01XD8_HDFC Corporate Bond Fund.xlsx,HDFCMO,275,False,Other
HDFC Corporate Bond Fund,INF179K01XD8,,0.35,ALTERNATIVE INVESTMENT FUND UNITS,Other,,,,,,,INF179K01XD8_HDFC Corporate Bond Fund.xlsx,HDFCMO,276,False,Other
HDFC Corporate Bond Fund,INF179K01XD8,,15.799999999999997,"G-SEC, G-SEC STRIPS, SDL",Other,,,,,,,INF179K01XD8_HDFC Corporate Bond Fund.xlsx,HDFCMO,277,False,Other
HDFC Corporate Bond Fund,INF179K01XD8,,3.4499999999999997,SECURITIZED DEBT INSTRUMENTS,Other,,,,,,,INF179K01XD8_HDFC Corporate Bond Fund.xlsx,HDFCMO,278,False,Other
HDFC Corporate Bond Fund,INF179K01XD8,,76.17999999999992,CREDIT EXPOSURE,Other,,,,,,,INF179K01XD8_HDFC Corporate Bond Fund.xlsx,HDFCMO,279,False,Other
HDFC Corporate Bond Fund,INF179K01XD8,,4.22,"CASH, CASH EQUIVALENTS AND NET CURRENT ASSETS",Other,,,,,,,INF179K01XD8_HDFC Corporate Bond Fund.xlsx,HDFCMO,280,False,Other
HDFC Corporate Bond Fund,INF179K01XD8,,,PORTFOLIO CLASSIFICATION BY RATING CLASS(%),Other,,,,,,,INF179K01XD8_HDFC Corporate Bond Fund.xlsx,HDFCMO,281,False,Other
HDFC Corporate Bond Fund,INF179K01XD8,,0.35,ALTERNATIVE INVESTMENT FUND UNITS,Other,,,,,,,INF179K01XD8_HDFC Corporate Bond Fund.xlsx,HDFCMO,282,False,Other
HDFC Corporate Bond Fund,INF179K01XD8,,15.799999999999997,SOVEREIGN,Other,,,,,,,INF179K01XD8_HDFC Corporate Bond Fund.xlsx,HDFCMO,283,False,Other
HDFC Corporate Bond Fund,INF179K01XD8,,79.62999999999991,AAA/AAA(SO)/A1+/A1+(SO) & EQUIVALENT,Other,,,,,,,INF179K01XD8_HDFC Corporate Bond Fund.xlsx,HDFCMO,284,False,Other
HDFC Corporate Bond Fund,INF179K01XD8,,4.22,"CASH, CASH EQUIVALENTS AND NET CURRENT ASSETS",Other,,,,,,,INF179K01XD8_HDFC Corporate Bond Fund.xlsx,HDFCMO,285,False,Other
HDFC Corporate Bond Fund,INF179K01XD8,,,NOTES :,Other,,,,,,,INF179K01XD8_HDFC Corporate Bond Fund.xlsx,HDFCMO,286,False,Other
HDFC Corporate Bond Fund,INF179K01XD8,,,1) NAV HISTORY,Other,,,,,,,INF179K01XD8_HDFC Corporate Bond Fund.xlsx,HDFCMO,287,False,Other
HDFC Corporate Bond Fund,INF179K01XD8,,"July 31, 2026",NAVS PER UNIT (RS.),Other,,,31.0,,,,INF179K01XD8_HDFC Corporate Bond Fund.xlsx,HDFCMO,288,False,Other
HDFC Corporate Bond Fund,INF179K01XD8,,10.5894,QUARTERLY IDCW OPTION,Other,,,10.5698,,,,INF179K01XD8_HDFC Corporate Bond Fund.xlsx,HDFCMO,289,False,Other
HDFC Corporate Bond Fund,INF179K01XD8,,10.4843,DIRECT PLAN - QUARTERLY IDCW OPTION,Other,,,10.4671,,,,INF179K01XD8_HDFC Corporate Bond Fund.xlsx,HDFCMO,290,False,Other
HDFC Corporate Bond Fund,INF179K01XD8,,34.4107,GROWTH OPTION,Other,,,34.3469,,,,INF179K01XD8_HDFC Corporate Bond Fund.xlsx,HDFCMO,291,False,Other
HDFC Corporate Bond Fund,INF179K01XD8,,35.2582,DIRECT PLAN - GROWTH OPTION,Other,,,35.2002,,,,INF179K01XD8_HDFC Corporate Bond Fund.xlsx,HDFCMO,292,False,Other
HDFC Corporate Bond Fund,INF179K01XD8,,20.8311,NORMAL IDCW OPTION,Other,,,20.7925,,,,INF179K01XD8_HDFC Corporate Bond Fund.xlsx,HDFCMO,293,False,Other
HDFC Corporate Bond Fund,INF179K01XD8,,21.6037,DIRECT PLAN - IDCW OPTION,Other,,,21.5682,,,,INF179K01XD8_HDFC Corporate Bond Fund.xlsx,HDFCMO,294,False,Other
HDFC Corporate Bond Fund,INF179K01XD8,,,"DIVIDEND HISTORY - DIVIDEND DECLARED DURING THE MONTH ENDED AUGUST 31, 2026 : NIL",Other,,,,,,,INF179K01XD8_HDFC Corporate Bond Fund.xlsx,HDFCMO,295,False,Other
HDFC Corporate Bond Fund,INF179K01XD8,,,"BONUS HISTORY - BONUS DECLARED DURING THE MONTH ENDED AUGUST 31, 2026: NIL",Other,,,,,,,INF179K01XD8_HDFC Corporate Bond Fund.xlsx,HDFCMO,296,False,Other
HDFC Corporate Bond Fund,INF179K01XD8,,,2) TOTAL BELOW INVESTMENT GRADE OR DEFAULT PROVIDED FOR AND ITS PERCENTAGE TO NAV : NIL,Other,,,,,,,INF179K01XD8_HDFC Corporate Bond Fund.xlsx,HDFCMO,297,False,Other
HDFC Corporate Bond Fund,INF179K01XD8,,,3) TOTAL INVESTMENTS IN FOREIGN SECURITIES / OVERSEAS ETFS / ADRS / GDRS : NIL,Other,,,,,,,INF179K01XD8_HDFC Corporate Bond Fund.xlsx,HDFCMO,298,False,Other
HDFC Corporate Bond Fund,INF179K01XD8,,,4) REPO IN CORPORATE DEBT : NIL,Other,,,,,,,INF179K01XD8_HDFC Corporate Bond Fund.xlsx,HDFCMO,299,False,Other
HDFC Corporate Bond Fund,INF179K01XD8,,,"5) TOTAL OUTSTANDING EXPOSURE IN DERIVATIVE INSTRUMENTS AS ON AUG 31, 2026 : RS. 195000 LACS",Other,,,,,,,INF179K01XD8_HDFC Corporate Bond Fund.xlsx,HDFCMO,300,False,Other
HDFC Corporate Bond Fund,INF179K01XD8,,,6) ANNUALISED PORTFOLIO YTM : 7.61%,Other,,,,,,,INF179K01XD8_HDFC Corporate Bond Fund.xlsx,HDFCMO,301,False,Other
HDFC Corporate Bond Fund,INF179K01XD8,,,7) MACAULAY DURATION : 1477.36 DAYS,Other,,,,,,,INF179K01XD8_HDFC Corporate Bond Fund.xlsx,HDFCMO,302,False,Other
HDFC Corporate Bond Fund,INF179K01XD8,,,8) RESIDUAL MATURITY (AVERAGE PORTFOLIO MATURITY-OTHER THAN EQUITY INVESTMENTS) : 2460.17 DAYS,Other,,,,,,,INF179K01XD8_HDFC Corporate Bond Fund.xlsx,HDFCMO,303,False,Other
HDFC Corporate Bond Fund,INF179K01XD8,,,9) DEBT INSTRUMENTS HAVING STRUCTURED OBLIGATIONS OR CREDIT ENHANCEMENT FEATURES HAVE BEEN DENOTED WITH SUFFIX AS (SO) OR (CE) RESPECTIVELY AGAINST THE RATINGS OF THE INSTRUMENT,Other,,,,,,,INF179K01XD8_HDFC Corporate Bond Fund.xlsx,HDFCMO,304,False,Other
HDFC Corporate Bond Fund,INF179K01XD8,,,10) IDCW STANDS FOR INCOME DISTRIBUTION CUM CAPITAL WITHDRAWAL,Other,,,,,,,INF179K01XD8_HDFC Corporate Bond Fund.xlsx,HDFCMO,305,False,Other
HDFC Corporate Bond Fund,INF179K01XD8,,,"11) RISKOMETER BASED ON SCHEME PORTFOLIO AND PORTFOLIO BENCHMARK ""NIFTY CORPORATE BOND INDEX A-II"" AS ON AUG 31, 2026",Other,,,,,,,INF179K01XD8_HDFC Corporate Bond Fund.xlsx,HDFCMO,306,False,Other
HDFC Corporate Bond Fund,INF179K01XD8,,,12) PLEASE FOLLOW THIS LINK FOR SCHEME PERFORMANCES: HTTPS://WWW.HDFCFUND.COM/STATUTORY-DISCLOSURE/SCHEME-PERFORMANCE,Other,,,,,,,INF179K01XD8_HDFC Corporate Bond Fund.xlsx,HDFCMO,307,False,Other
HDFC Corporate Bond Fund,INF179K01XD8,,,SCHEME RISKOMETER:,Other,,,,,,,INF179K01XD8_HDFC Corporate Bond Fund.xlsx,HDFCMO,308,False,Other
HDFC Corporate Bond Fund,INF179K01XD8,,,BENCHMARK RISKOMETER:,Other,,,,,,,INF179K01XD8_HDFC Corporate Bond Fund.xlsx,HDFCMO,309,False,Other
HDFC Flexi Cap Fund,INF179K01UT0,,ICICI Bank Ltd.,INE090A01021,Other,Banks,Banks,,71835082.0,1044482.09,9.19,INF179K01UT0_HDFC Flexi Cap Fund.xlsx,HDFCEQ,9,True,Equity Candidate
HDFC Flexi Cap Fund,INF179K01UT0,,Axis Bank Ltd.,INE238A01034,Other,Banks,Banks,,54105435.0,703370.66,6.19,INF179K01UT0_HDFC Flexi Cap Fund.xlsx,HDFCEQ,10,True,Equity Candidate
HDFC Flexi Cap Fund,INF179K01UT0,,HDFC Bank Ltd.£,INE040A01034,Other,Banks,Banks,,91545446.0,649057.21,5.71,INF179K01UT0_HDFC Flexi Cap Fund.xlsx,HDFCEQ,11,True,Equity Candidate
HDFC Flexi Cap Fund,INF179K01UT0,,State Bank of India,INE062A01020,Other,Banks,Banks,,44579608.0,472543.84,4.16,INF179K01UT0_HDFC Flexi Cap Fund.xlsx,HDFCEQ,12,True,Equity Candidate
HDFC Flexi Cap Fund,INF179K01UT0,,Eternal Limited,INE758T01015,Other,Retailing,Retailing,,117248952.0,384693.81,3.39,INF179K01UT0_HDFC Flexi Cap Fund.xlsx,HDFCEQ,13,True,Equity Candidate
HDFC Flexi Cap Fund,INF179K01UT0,,Kotak Mahindra Bank Limited,INE237A01036,Other,Banks,Banks,,88448215.0,370951.81,3.27,INF179K01UT0_HDFC Flexi Cap Fund.xlsx,HDFCEQ,14,True,Equity Candidate
HDFC Flexi Cap Fund,INF179K01UT0,,SBI Life Insurance Company Ltd.,INE123W01016,Other,Insurance,Insurance,,20812184.0,362236.06,3.19,INF179K01UT0_HDFC Flexi Cap Fund.xlsx,HDFCEQ,15,True,Equity Candidate
HDFC Flexi Cap Fund,INF179K01UT0,,Larsen and Toubro Ltd.,INE018A01030,Other,Construction,Construction,,8878007.0,359106.51,3.16,INF179K01UT0_HDFC Flexi Cap Fund.xlsx,HDFCEQ,16,True,Equity Candidate
HDFC Flexi Cap Fund,INF179K01UT0,,InterGlobe Aviation Ltd.,INE646L01027,Other,Transport Services,Transport Services,,6463717.0,338310.95,2.98,INF179K01UT0_HDFC Flexi Cap Fund.xlsx,HDFCEQ,17,True,Equity Candidate
HDFC Flexi Cap Fund,INF179K01UT0,,Maruti Suzuki India Limited,INE585B01010,Other,Automobiles,Automobiles,,2293697.0,310727.13,2.74,INF179K01UT0_HDFC Flexi Cap Fund.xlsx,HDFCEQ,18,True,Equity Candidate
HDFC Flexi Cap Fund,INF179K01UT0,,Bharti Airtel Ltd.,INE397D01024,Other,Telecom - Services,Telecom - Services,,16195885.0,293453.24,2.58,INF179K01UT0_HDFC Flexi Cap Fund.xlsx,HDFCEQ,19,True,Equity Candidate
HDFC Flexi Cap Fund,INF179K01UT0,,TREPS - Tri-party Repo,,Other,,,,,289726.67,2.55,INF179K01UT0_HDFC Flexi Cap Fund.xlsx,HDFCEQ,103,False,Non-Equity
HDFC Flexi Cap Fund,INF179K01UT0,,HCL Technologies Ltd.,INE860A01027,Other,IT - Software,IT - Software,,21511392.0,282272.49,2.48,INF179K01UT0_HDFC Flexi Cap Fund.xlsx,HDFCEQ,20,True,Equity Candidate
HDFC Flexi Cap Fund,INF179K01UT0,,Cipla Ltd.,INE059A01026,Other,Pharmaceuticals & Biotechnology,Pharmaceuticals & Biotechnology,,19902429.0,280465.03,2.47,INF179K01UT0_HDFC Flexi Cap Fund.xlsx,HDFCEQ,21,True,Equity Candidate
HDFC Flexi Cap Fund,INF179K01UT0,,Eicher Motors Ltd.,INE066A01021,Other,Automobiles,Automobiles,,3487584.0,277384.99,2.44,INF179K01UT0_HDFC Flexi Cap Fund.xlsx,HDFCEQ,22,True,Equity Candidate
HDFC Flexi Cap Fund,INF179K01UT0,,Power Grid Corporation of India Ltd.,INE752E01010,Other,Power,Power,,87862679.0,231562.09,2.04,INF179K01UT0_HDFC Flexi Cap Fund.xlsx,HDFCEQ,23,True,Equity Candidate
HDFC Flexi Cap Fund,INF179K01UT0,,Hyundai Motor India Limited,INE0V6F01027,Other,Automobiles,Automobiles,,9000000.0,198450.0,1.75,INF179K01UT0_HDFC Flexi Cap Fund.xlsx,HDFCEQ,24,True,Equity Candidate
HDFC Flexi Cap Fund,INF179K01UT0,,Nexus Select Trust REIT,INE0NDH25011,REIT/InvIT,Realty,Realty,,110000000.0,184569.0,1.62,INF179K01UT0_HDFC Flexi Cap Fund.xlsx,HDFCEQ,89,True,Equity Candidate
HDFC Flexi Cap Fund,INF179K01UT0,,Divis Laboratories Ltd.,INE361B01024,Other,Pharmaceuticals & Biotechnology,Pharmaceuticals & Biotechnology,,1893863.0,179292.01,1.58,INF179K01UT0_HDFC Flexi Cap Fund.xlsx,HDFCEQ,25,True,Equity Candidate
HDFC Flexi Cap Fund,INF179K01UT0,,PB Fintech Limited,INE417T01026,Other,Financial Technology (Fintech),Financial Technology (Fintech),,9184525.0,172209.84,1.52,INF179K01UT0_HDFC Flexi Cap Fund.xlsx,HDFCEQ,26,True,Equity Candidate
HDFC Flexi Cap Fund,INF179K01UT0,,Max Healthcare Institute Limited,INE027H01010,Other,Healthcare Services,Healthcare Services,,16259284.0,169438.0,1.49,INF179K01UT0_HDFC Flexi Cap Fund.xlsx,HDFCEQ,27,True,Equity Candidate
HDFC Flexi Cap Fund,INF179K01UT0,,JSW Steel Ltd.,INE019A01038,Other,Ferrous Metals,Ferrous Metals,,12567750.0,164348.47,1.45,INF179K01UT0_HDFC Flexi Cap Fund.xlsx,HDFCEQ,28,True,Equity Candidate
HDFC Flexi Cap Fund,INF179K01UT0,,Piramal Pharma Limited,INE0DK501011,Other,Pharmaceuticals & Biotechnology,Pharmaceuticals & Biotechnology,,76437245.0,163881.45,1.44,INF179K01UT0_HDFC Flexi Cap Fund.xlsx,HDFCEQ,29,True,Equity Candidate
HDFC Flexi Cap Fund,INF179K01UT0,,Reliance Industries Ltd.,INE002A01018,Other,Petroleum Products,Petroleum Products,,12786219.0,163280.02,1.44,INF179K01UT0_HDFC Flexi Cap Fund.xlsx,HDFCEQ,30,True,Equity Candidate
HDFC Flexi Cap Fund,INF179K01UT0,,Bosch Limited,INE323A01026,Other,Auto Components,Auto Components,,305000.0,152500.0,1.34,INF179K01UT0_HDFC Flexi Cap Fund.xlsx,HDFCEQ,31,True,Equity Candidate
HDFC Flexi Cap Fund,INF179K01UT0,,Persistent Systems Limited,INE262H01021,Other,IT - Software,IT - Software,,2721626.0,152261.37,1.34,INF179K01UT0_HDFC Flexi Cap Fund.xlsx,HDFCEQ,32,True,Equity Candidate
HDFC Flexi Cap Fund,INF179K01UT0,,Lupin Ltd.,INE326A01037,Other,Pharmaceuticals & Biotechnology,Pharmaceuticals & Biotechnology,,4888886.0,106988.38,0.94,INF179K01UT0_HDFC Flexi Cap Fund.xlsx,HDFCEQ,33,True,Equity Candidate
HDFC Flexi Cap Fund,INF179K01UT0,,Tata Steel Ltd.,INE081A01020,Other,Ferrous Metals,Ferrous Metals,,54088472.0,99712.1,0.88,INF179K01UT0_HDFC Flexi Cap Fund.xlsx,HDFCEQ,34,True,Equity Candidate
HDFC Flexi Cap Fund,INF179K01UT0,,Varroc Engineering Limited,INE665L01035,Other,Auto Components,Auto Components,,11621497.0,100177.3,0.88,INF179K01UT0_HDFC Flexi Cap Fund.xlsx,HDFCEQ,35,True,Equity Candidate
HDFC Flexi Cap Fund,INF179K01UT0,,UltraTech Cement Limited,INE481G01011,Other,Cement & Cement Products,Cement & Cement Products,,863185.0,98834.68,0.87,INF179K01UT0_HDFC Flexi Cap Fund.xlsx,HDFCEQ,36,True,Equity Candidate
HDFC Flexi Cap Fund,INF179K01UT0,,TVS Motor Company Ltd.,INE494B01023,Other,Automobiles,Automobiles,,2233516.0,96963.63,0.85,INF179K01UT0_HDFC Flexi Cap Fund.xlsx,HDFCEQ,37,True,Equity Candidate
HDFC Flexi Cap Fund,INF179K01UT0,,Aster DM Quality Care Limited,INE914M01019,Other,Healthcare Services,Healthcare Services,,12221356.0,92393.45,0.81,INF179K01UT0_HDFC Flexi Cap Fund.xlsx,HDFCEQ,38,True,Equity Candidate
HDFC Flexi Cap Fund,INF179K01UT0,,Fsn Ecommerce Ventures Limited (Nykaa),INE388Y01029,Other,Retailing,Retailing,,24300000.0,84940.65,0.75,INF179K01UT0_HDFC Flexi Cap Fund.xlsx,HDFCEQ,39,True,Equity Candidate
HDFC Flexi Cap Fund,INF179K01UT0,,United Spirits Limited,INE854D01024,Other,Beverages,Beverages,,5735000.0,85451.5,0.75,INF179K01UT0_HDFC Flexi Cap Fund.xlsx,HDFCEQ,40,True,Equity Candidate
HDFC Flexi Cap Fund,INF179K01UT0,,Dr. Lal Path Labs Ltd,INE600L01024,Other,Healthcare Services,Healthcare Services,,4178451.0,80836.31,0.71,INF179K01UT0_HDFC Flexi Cap Fund.xlsx,HDFCEQ,41,True,Equity Candidate
HDFC Flexi Cap Fund,INF179K01UT0,,Britannia Industries Ltd.,INE216A01030,Other,Food Products,Food Products,,1508522.0,79197.41,0.7,INF179K01UT0_HDFC Flexi Cap Fund.xlsx,HDFCEQ,42,True,Equity Candidate
HDFC Flexi Cap Fund,INF179K01UT0,,LENSKART SOLUTIONS LIMITED,INE956O01016,Other,Retailing,Retailing,,12071638.0,79962.53,0.7,INF179K01UT0_HDFC Flexi Cap Fund.xlsx,HDFCEQ,43,True,Equity Candidate
HDFC Flexi Cap Fund,INF179K01UT0,,Apollo Hospitals Enterprise Ltd.,INE437A01024,Other,Healthcare Services,Healthcare Services,,863297.0,76820.48,0.68,INF179K01UT0_HDFC Flexi Cap Fund.xlsx,HDFCEQ,44,True,Equity Candidate
HDFC Flexi Cap Fund,INF179K01UT0,,Bharat Electronics Ltd.,INE263A01024,Other,Aerospace & Defense,Aerospace & Defense,,17066662.0,70732.78,0.62,INF179K01UT0_HDFC Flexi Cap Fund.xlsx,HDFCEQ,45,True,Equity Candidate
HDFC Flexi Cap Fund,INF179K01UT0,,Anthem Biosciences Limited,INE0CZ201020,Other,Pharmaceuticals & Biotechnology,Pharmaceuticals & Biotechnology,,7765558.0,69350.32,0.61,INF179K01UT0_HDFC Flexi Cap Fund.xlsx,HDFCEQ,46,True,Equity Candidate
HDFC Flexi Cap Fund,INF179K01UT0,,ACME Solar Holdings Limited,INE622W01025,Other,Power,Power,,16108228.0,64747.02,0.57,INF179K01UT0_HDFC Flexi Cap Fund.xlsx,HDFCEQ,47,True,Equity Candidate
HDFC Flexi Cap Fund,INF179K01UT0,,Vishal Mega Mart Limited,INE01EA01019,Other,Retailing,Retailing,,58425988.0,64642.51,0.57,INF179K01UT0_HDFC Flexi Cap Fund.xlsx,HDFCEQ,48,True,Equity Candidate
HDFC Flexi Cap Fund,INF179K01UT0,,Embassy Office Parks REIT,INE041025011,REIT/InvIT,Realty,Realty,,14699999.0,64456.56,0.57,INF179K01UT0_HDFC Flexi Cap Fund.xlsx,HDFCEQ,90,True,Equity Candidate
HDFC Flexi Cap Fund,INF179K01UT0,,Craftsman Automation Ltd,INE00LO01017,Other,Auto Components,Auto Components,,563094.0,63058.08,0.56,INF179K01UT0_HDFC Flexi Cap Fund.xlsx,HDFCEQ,49,True,Equity Candidate
HDFC Flexi Cap Fund,INF179K01UT0,,Kalpataru Projects International Ltd,INE220B01022,Other,Construction,Construction,,4571171.0,64037.53,0.56,INF179K01UT0_HDFC Flexi Cap Fund.xlsx,HDFCEQ,50,True,Equity Candidate
HDFC Flexi Cap Fund,INF179K01UT0,,JSW Infrastructure Limited,INE880J01026,Other,Transport Infrastructure,Transport Infrastructure,,18427600.0,62653.84,0.55,INF179K01UT0_HDFC Flexi Cap Fund.xlsx,HDFCEQ,51,True,Equity Candidate
HDFC Flexi Cap Fund,INF179K01UT0,,Havells India Ltd.,INE176B01034,Other,Consumer Durables,Consumer Durables,,4906487.0,61041.6,0.54,INF179K01UT0_HDFC Flexi Cap Fund.xlsx,HDFCEQ,52,True,Equity Candidate
HDFC Flexi Cap Fund,INF179K01UT0,,Infosys Limited,INE009A01021,Other,IT - Software,IT - Software,,5376354.0,60957.1,0.54,INF179K01UT0_HDFC Flexi Cap Fund.xlsx,HDFCEQ,53,True,Equity Candidate
HDFC Flexi Cap Fund,INF179K01UT0,,Neuland Laboratories Limited,INE794A01010,Other,Pharmaceuticals & Biotechnology,Pharmaceuticals & Biotechnology,,254894.0,58651.11,0.52,INF179K01UT0_HDFC Flexi Cap Fund.xlsx,HDFCEQ,54,True,Equity Candidate
HDFC Flexi Cap Fund,INF179K01UT0,,ADANI ENTERPRISES LIMTIED,INE423A01024,Other,Metals & Minerals Trading,Metals & Minerals Trading,,2029136.0,58015.03,0.51,INF179K01UT0_HDFC Flexi Cap Fund.xlsx,HDFCEQ,55,True,Equity Candidate
HDFC Flexi Cap Fund,INF179K01UT0,,Nuvoco Vistas Corporation Ltd.,INE118D01016,Other,Cement & Cement Products,Cement & Cement Products,,17588172.0,56088.68,0.49,INF179K01UT0_HDFC Flexi Cap Fund.xlsx,HDFCEQ,56,True,Equity Candidate
HDFC Flexi Cap Fund,INF179K01UT0,,Hexaware Technologies Ltd.,INE093A01041,Other,IT - Software,IT - Software,,9807167.0,54405.26,0.48,INF179K01UT0_HDFC Flexi Cap Fund.xlsx,HDFCEQ,57,True,Equity Candidate
HDFC Flexi Cap Fund,INF179K01UT0,,Prestige Estates Projects Ltd.,INE811K01011,Other,Realty,Realty,,3360975.0,54884.72,0.48,INF179K01UT0_HDFC Flexi Cap Fund.xlsx,HDFCEQ,58,True,Equity Candidate
HDFC Flexi Cap Fund,INF179K01UT0,,Ashok Leyland  Ltd,INE208A01029,Other,"Agricultural, Commercial & Construction Vehicles","Agricultural, Commercial & Construction Vehicles",,29741264.0,52237.56,0.46,INF179K01UT0_HDFC Flexi Cap Fund.xlsx,HDFCEQ,59,True,Equity Candidate
HDFC Flexi Cap Fund,INF179K01UT0,,Bajaj Auto Limited,INE917I01010,Other,Automobiles,Automobiles,,431691.0,52364.12,0.46,INF179K01UT0_HDFC Flexi Cap Fund.xlsx,HDFCEQ,60,True,Equity Candidate
HDFC Flexi Cap Fund,INF179K01UT0,,ICICI PRUDENTIAL ASSET MANAGEMENT COMPANY LIMITED,INE346A01027,Other,Capital Markets,Capital Markets,,1700337.0,52117.03,0.46,INF179K01UT0_HDFC Flexi Cap Fund.xlsx,HDFCEQ,61,True,Equity Candidate
HDFC Flexi Cap Fund,INF179K01UT0,,Bombay Stock Exchange Limited (BSE),INE118H01025,Other,Capital Markets,Capital Markets,,1569111.0,51498.22,0.45,INF179K01UT0_HDFC Flexi Cap Fund.xlsx,HDFCEQ,62,True,Equity Candidate
HDFC Flexi Cap Fund,INF179K01UT0,,CORONA REMEDIES LIMITED,INE02ZQ01018,Other,Pharmaceuticals & Biotechnology,Pharmaceuticals & Biotechnology,,2333333.0,47840.33,0.42,INF179K01UT0_HDFC Flexi Cap Fund.xlsx,HDFCEQ,63,True,Equity Candidate
HDFC Flexi Cap Fund,INF179K01UT0,,SAPPHIRE FOODS INDIA LIMITED,INE806T01020,Other,Leisure Services,Leisure Services,,20000000.0,46882.0,0.41,INF179K01UT0_HDFC Flexi Cap Fund.xlsx,HDFCEQ,64,True,Equity Candidate
HDFC Flexi Cap Fund,INF179K01UT0,,Nippon Life India Asset Management Limited,INE298J01013,Other,Capital Markets,Capital Markets,,3728642.0,43710.87,0.38,INF179K01UT0_HDFC Flexi Cap Fund.xlsx,HDFCEQ,65,True,Equity Candidate
HDFC Flexi Cap Fund,INF179K01UT0,,SBI Funds Management Limited,INE640G01020,Other,Capital Markets,Capital Markets,,7521897.0,43438.96,0.38,INF179K01UT0_HDFC Flexi Cap Fund.xlsx,HDFCEQ,66,True,Equity Candidate
HDFC Flexi Cap Fund,INF179K01UT0,,CIE Automotive India Ltd,INE536H01010,Other,Auto Components,Auto Components,,10000000.0,39105.0,0.34,INF179K01UT0_HDFC Flexi Cap Fund.xlsx,HDFCEQ,67,True,Equity Candidate
HDFC Flexi Cap Fund,INF179K01UT0,,Metropolis Healthcare Ltd.,INE112L01020,Other,Healthcare Services,Healthcare Services,,6500000.0,37852.75,0.33,INF179K01UT0_HDFC Flexi Cap Fund.xlsx,HDFCEQ,68,True,Equity Candidate
HDFC Flexi Cap Fund,INF179K01UT0,,Dixon Technologies (India) Ltd.,INE935N01020,Other,Consumer Durables,Consumer Durables,,241238.0,35823.84,0.32,INF179K01UT0_HDFC Flexi Cap Fund.xlsx,HDFCEQ,69,True,Equity Candidate
HDFC Flexi Cap Fund,INF179K01UT0,,ESCORTS KUBOTA LIMITED,INE042A01014,Other,"Agricultural, Commercial & Construction Vehicles","Agricultural, Commercial & Construction Vehicles",,1200000.0,35940.0,0.32,INF179K01UT0_HDFC Flexi Cap Fund.xlsx,HDFCEQ,70,True,Equity Candidate
HDFC Flexi Cap Fund,INF179K01UT0,,The Ramco Cements Ltd.,INE331A01037,Other,Cement & Cement Products,Cement & Cement Products,,3964281.0,34867.83,0.31,INF179K01UT0_HDFC Flexi Cap Fund.xlsx,HDFCEQ,71,True,Equity Candidate
HDFC Flexi Cap Fund,INF179K01UT0,,Crompton Greaves Consumer Elec. Ltd.,INE299U01018,Other,Consumer Durables,Consumer Durables,,14500000.0,34205.5,0.3,INF179K01UT0_HDFC Flexi Cap Fund.xlsx,HDFCEQ,72,True,Equity Candidate
HDFC Flexi Cap Fund,INF179K01UT0,,Life Insurance Corporation of India,INE0J1Y01017,Other,Insurance,Insurance,,7750000.0,32395.0,0.29,INF179K01UT0_HDFC Flexi Cap Fund.xlsx,HDFCEQ,73,True,Equity Candidate
HDFC Flexi Cap Fund,INF179K01UT0,,Restaurant Brands Asia Limited,INE07T201019,Other,Leisure Services,Leisure Services,,33500000.0,32863.5,0.29,INF179K01UT0_HDFC Flexi Cap Fund.xlsx,HDFCEQ,74,True,Equity Candidate
HDFC Flexi Cap Fund,INF179K01UT0,,Swiggy Limited,INE00H001014,Other,Retailing,Retailing,,10853030.0,30594.69,0.27,INF179K01UT0_HDFC Flexi Cap Fund.xlsx,HDFCEQ,75,True,Equity Candidate
HDFC Flexi Cap Fund,INF179K01UT0,,Apar Industries Limited,INE372A01015,Other,Electrical Equipment,Electrical Equipment,,168864.0,29892.31,0.26,INF179K01UT0_HDFC Flexi Cap Fund.xlsx,HDFCEQ,76,True,Equity Candidate
HDFC Flexi Cap Fund,INF179K01UT0,,Biocon Ltd.,INE376G01013,Other,Pharmaceuticals & Biotechnology,Pharmaceuticals & Biotechnology,,7301958.0,30084.07,0.26,INF179K01UT0_HDFC Flexi Cap Fund.xlsx,HDFCEQ,77,True,Equity Candidate
HDFC Flexi Cap Fund,INF179K01UT0,,Oil & Natural Gas Corporation Ltd.,INE213A01029,Other,Oil,Oil,,12808217.0,29689.45,0.26,INF179K01UT0_HDFC Flexi Cap Fund.xlsx,HDFCEQ,78,True,Equity Candidate
HDFC Flexi Cap Fund,INF179K01UT0,,7.38% GOI MAT 200627,IN0020220037,Government Security,Sovereign,Sovereign,7.38,29000000.0,29355.25,0.26,INF179K01UT0_HDFC Flexi Cap Fund.xlsx,HDFCEQ,96,False,Other
HDFC Flexi Cap Fund,INF179K01UT0,,Ather Energy Limited,INE0LEZ01016,Other,Automobiles,Automobiles,,1539837.0,26449.78,0.23,INF179K01UT0_HDFC Flexi Cap Fund.xlsx,HDFCEQ,79,True,Equity Candidate
HDFC Flexi Cap Fund,INF179K01UT0,,Hindustan Petroleum Corp. Ltd.,INE094A01015,Other,Petroleum Products,Petroleum Products,,7015842.0,25660.44,0.23,INF179K01UT0_HDFC Flexi Cap Fund.xlsx,HDFCEQ,80,True,Equity Candidate
HDFC Flexi Cap Fund,INF179K01UT0,,JK Lakshmi Cement Ltd,INE786A01032,Other,Cement & Cement Products,Cement & Cement Products,,5000000.0,26545.0,0.23,INF179K01UT0_HDFC Flexi Cap Fund.xlsx,HDFCEQ,81,True,Equity Candidate
HDFC Flexi Cap Fund,INF179K01UT0,,Diamond Power Infrastructure Limited,INE989C01038,Other,Electrical Equipment,Electrical Equipment,,6955715.0,24157.2,0.21,INF179K01UT0_HDFC Flexi Cap Fund.xlsx,HDFCEQ,82,True,Equity Candidate
HDFC Flexi Cap Fund,INF179K01UT0,,Rubicon Research Limited,INE506V01022,Other,Pharmaceuticals & Biotechnology,Pharmaceuticals & Biotechnology,,1332789.0,24251.43,0.21,INF179K01UT0_HDFC Flexi Cap Fund.xlsx,HDFCEQ,83,True,Equity Candidate
HDFC Flexi Cap Fund,INF179K01UT0,,ABB India Ltd.,INE117A01022,Other,Electrical Equipment,Electrical Equipment,,178230.0,13614.1,0.12,INF179K01UT0_HDFC Flexi Cap Fund.xlsx,HDFCEQ,84,True,Equity Candidate
HDFC Flexi Cap Fund,INF179K01UT0,,TENNECO CLEAN AIR INDIA LIMITED,INE19RI01016,Other,Auto Components,Auto Components,,2163522.0,11453.69,0.1,INF179K01UT0_HDFC Flexi Cap Fund.xlsx,HDFCEQ,85,True,Equity Candidate
HDFC Flexi Cap Fund,INF179K01UT0,,7.32% GOI MAT 131130,IN0020230135,Government Security,Sovereign,Sovereign,7.32,11000000.0,11311.51,0.1,INF179K01UT0_HDFC Flexi Cap Fund.xlsx,HDFCEQ,97,False,Other
HDFC Flexi Cap Fund,INF179K01UT0,,7.37% GOI MAT 231028,IN0020230101,Government Security,Sovereign,Sovereign,7.37,10000000.0,10225.98,0.09,INF179K01UT0_HDFC Flexi Cap Fund.xlsx,HDFCEQ,98,False,Other
HDFC Flexi Cap Fund,INF179K01UT0,,Bank of Baroda,INE028A01039,Other,Banks,Banks,,3850325.0,9186.88,0.08,INF179K01UT0_HDFC Flexi Cap Fund.xlsx,HDFCEQ,86,True,Equity Candidate
HDFC Flexi Cap Fund,INF179K01UT0,,Net Current Assets,,Other,,,,,-5447.68,-0.03,INF179K01UT0_HDFC Flexi Cap Fund.xlsx,HDFCEQ,108,False,Other
HDFC Flexi Cap Fund,INF179K01UT0,,,EQUITY & EQUITY RELATED,Other,,,,,,,INF179K01UT0_HDFC Flexi Cap Fund.xlsx,HDFCEQ,6,False,Other
HDFC Flexi Cap Fund,INF179K01UT0,,,(A) LISTED / AWAITING LISTING ON STOCK EXCHANGES,Other,,,,,,,INF179K01UT0_HDFC Flexi Cap Fund.xlsx,HDFCEQ,7,False,Other
HDFC Flexi Cap Fund,INF179K01UT0,,,EQUITY,Other,,,,,,,INF179K01UT0_HDFC Flexi Cap Fund.xlsx,HDFCEQ,8,False,Other
HDFC Flexi Cap Fund,INF179K01UT0,,,(B) UNITS ISSUED BY REIT,Other,,,,,,,INF179K01UT0_HDFC Flexi Cap Fund.xlsx,HDFCEQ,88,False,Other
HDFC Flexi Cap Fund,INF179K01UT0,,,DEBT INSTRUMENTS,Other,,,,,,,INF179K01UT0_HDFC Flexi Cap Fund.xlsx,HDFCEQ,93,False,Other
HDFC Flexi Cap Fund,INF179K01UT0,,,(A) LISTED / AWAITING LISTING ON STOCK EXCHANGES,Other,,,,,,,INF179K01UT0_HDFC Flexi Cap Fund.xlsx,HDFCEQ,94,False,Other
HDFC Flexi Cap Fund,INF179K01UT0,,,GOVERNMENT SECURITIES (CENTRAL/STATE),Other,,,,,,,INF179K01UT0_HDFC Flexi Cap Fund.xlsx,HDFCEQ,95,False,Other
HDFC Flexi Cap Fund,INF179K01UT0,,,MONEY MARKET INSTRUMENTS,Other,,,,,,,INF179K01UT0_HDFC Flexi Cap Fund.xlsx,HDFCEQ,101,False,Other
HDFC Flexi Cap Fund,INF179K01UT0,,,TREPS - TRI-PARTY REPO,Other,,,,,,,INF179K01UT0_HDFC Flexi Cap Fund.xlsx,HDFCEQ,102,False,Other
HDFC Flexi Cap Fund,INF179K01UT0,,,OTHERS,Other,,,,,,,INF179K01UT0_HDFC Flexi Cap Fund.xlsx,HDFCEQ,106,False,Other
HDFC Flexi Cap Fund,INF179K01UT0,,,NET CURRENT ASSETS,Other,,,,,,,INF179K01UT0_HDFC Flexi Cap Fund.xlsx,HDFCEQ,107,False,Other
HDFC Flexi Cap Fund,INF179K01UT0,,,OPTIONS,Other,,,,,,,INF179K01UT0_HDFC Flexi Cap Fund.xlsx,HDFCEQ,109,False,Other
HDFC Flexi Cap Fund,INF179K01UT0,,Eternal Limited,,Other,,,,-3254350.0,-95.36,,INF179K01UT0_HDFC Flexi Cap Fund.xlsx,HDFCEQ,110,False,Other
HDFC Flexi Cap Fund,INF179K01UT0,,Top Ten Holdings,TOP TEN HOLDINGS,Other,Top Ten Holdings,Top Ten Holdings,,,,,INF179K01UT0_HDFC Flexi Cap Fund.xlsx,HDFCEQ,114,False,Other
HDFC Flexi Cap Fund,INF179K01UT0,,+ Industry Classification as recommended by AMFI,+ INDUSTRY CLASSIFICATION AS RECOMMENDED BY AMFI,Other,+ Industry Classification as recommended by AMFI,+ Industry Classification as recommended by AMFI,,,,,INF179K01UT0_HDFC Flexi Cap Fund.xlsx,HDFCEQ,115,False,Other
HDFC Flexi Cap Fund,INF179K01UT0,,£ - Sponsor Company,£ - SPONSOR COMPANY,Other,£ - Sponsor Company,£ - Sponsor Company,,,,,INF179K01UT0_HDFC Flexi Cap Fund.xlsx,HDFCEQ,116,False,Other
HDFC Flexi Cap Fund,INF179K01UT0,,"** Thinly Traded/ Non-Traded Securities (Equity) as on August 31, 2026","** THINLY TRADED/ NON-TRADED SECURITIES (EQUITY) AS ON AUGUST 31, 2026",Equity,"** Thinly Traded/ Non-Traded Securities (Equity) as on August 31, 2026","** Thinly Traded/ Non-Traded Securities (Equity) as on August 31, 2026",31.0,31.0,,,INF179K01UT0_HDFC Flexi Cap Fund.xlsx,HDFCEQ,117,False,Other
HDFC Flexi Cap Fund,INF179K01UT0,,"^ Non-Traded Securities (Debt) as on August 31, 2026","^ NON-TRADED SECURITIES (DEBT) AS ON AUGUST 31, 2026",Other,"^ Non-Traded Securities (Debt) as on August 31, 2026","^ Non-Traded Securities (Debt) as on August 31, 2026",31.0,31.0,,,INF179K01UT0_HDFC Flexi Cap Fund.xlsx,HDFCEQ,118,False,Other
HDFC Flexi Cap Fund,INF179K01UT0,,# Non Sensex Scrips,# NON SENSEX SCRIPS,Other,# Non Sensex Scrips,# Non Sensex Scrips,,,,,INF179K01UT0_HDFC Flexi Cap Fund.xlsx,HDFCEQ,119,False,Other
HDFC Flexi Cap Fund,INF179K01UT0,,@ Less than 0.01%.,@ LESS THAN 0.01%.,Other,@ Less than 0.01%.,@ Less than 0.01%.,0.01,0.01,,,INF179K01UT0_HDFC Flexi Cap Fund.xlsx,HDFCEQ,120,False,Other
HDFC Flexi Cap Fund,INF179K01UT0,,~ YTC i.e. Yield to Call is disclosed at security level only for Additional Tier 1 Bonds and Tier 2 Bonds issued by Banks as per AMFI Best Practices Notification 135/BP/91/2020-21 read with SEBI circular SEBI/HO/IMD/DF4/CIR/P/2021/034,~ YTC I.E. YIELD TO CALL IS DISCLOSED AT SECURITY LEVEL ONLY FOR ADDITIONAL TIER 1 BONDS AND TIER 2 BONDS ISSUED BY BANKS AS PER AMFI BEST PRACTICES NOTIFICATION 135/BP/91/2020-21 READ WITH SEBI CIRCULAR SEBI/HO/IMD/DF4/CIR/P/2021/034,Debt,~ YTC i.e. Yield to Call is disclosed at security level only for Additional Tier 1 Bonds and Tier 2 Bonds issued by Banks as per AMFI Best Practices Notification 135/BP/91/2020-21 read with SEBI circular SEBI/HO/IMD/DF4/CIR/P/2021/034,~ YTC i.e. Yield to Call is disclosed at security level only for Additional Tier 1 Bonds and Tier 2 Bonds issued by Banks as per AMFI Best Practices Notification 135/BP/91/2020-21 read with SEBI circular SEBI/HO/IMD/DF4/CIR/P/2021/034,1.0,1.0,,,INF179K01UT0_HDFC Flexi Cap Fund.xlsx,HDFCEQ,121,False,Non-Equity
HDFC Flexi Cap Fund,INF179K01UT0,,,PORTFOLIO CLASSIFICATION BY INDUSTRY(%),Other,,,,,,,INF179K01UT0_HDFC Flexi Cap Fund.xlsx,HDFCEQ,122,False,Other
HDFC Flexi Cap Fund,INF179K01UT0,,28.6,BANKS,Other,,,,,,,INF179K01UT0_HDFC Flexi Cap Fund.xlsx,HDFCEQ,123,False,Other
HDFC Flexi Cap Fund,INF179K01UT0,,8.47,AUTOMOBILES,Other,,,,,,,INF179K01UT0_HDFC Flexi Cap Fund.xlsx,HDFCEQ,124,False,Other
HDFC Flexi Cap Fund,INF179K01UT0,,8.45,PHARMACEUTICALS & BIOTECHNOLOGY,Other,,,,,,,INF179K01UT0_HDFC Flexi Cap Fund.xlsx,HDFCEQ,125,False,Other
HDFC Flexi Cap Fund,INF179K01UT0,,5.68,RETAILING,Other,,,,,,,INF179K01UT0_HDFC Flexi Cap Fund.xlsx,HDFCEQ,126,False,Other
HDFC Flexi Cap Fund,INF179K01UT0,,4.84,IT - SOFTWARE,Other,,,,,,,INF179K01UT0_HDFC Flexi Cap Fund.xlsx,HDFCEQ,127,False,Other
HDFC Flexi Cap Fund,INF179K01UT0,,4.0200000000000005,HEALTHCARE SERVICES,Other,,,,,,,INF179K01UT0_HDFC Flexi Cap Fund.xlsx,HDFCEQ,128,False,Other
HDFC Flexi Cap Fund,INF179K01UT0,,3.72,CONSTRUCTION,Other,,,,,,,INF179K01UT0_HDFC Flexi Cap Fund.xlsx,HDFCEQ,129,False,Other
HDFC Flexi Cap Fund,INF179K01UT0,,3.48,INSURANCE,Other,,,,,,,INF179K01UT0_HDFC Flexi Cap Fund.xlsx,HDFCEQ,130,False,Other
HDFC Flexi Cap Fund,INF179K01UT0,,3.22,AUTO COMPONENTS,Other,,,,,,,INF179K01UT0_HDFC Flexi Cap Fund.xlsx,HDFCEQ,131,False,Other
HDFC Flexi Cap Fund,INF179K01UT0,,2.98,TRANSPORT SERVICES,Other,,,,,,,INF179K01UT0_HDFC Flexi Cap Fund.xlsx,HDFCEQ,132,False,Other
HDFC Flexi Cap Fund,INF179K01UT0,,2.61,POWER,Other,,,,,,,INF179K01UT0_HDFC Flexi Cap Fund.xlsx,HDFCEQ,133,False,Other
HDFC Flexi Cap Fund,INF179K01UT0,,2.58,TELECOM - SERVICES,Other,,,,,,,INF179K01UT0_HDFC Flexi Cap Fund.xlsx,HDFCEQ,134,False,Other
HDFC Flexi Cap Fund,INF179K01UT0,,2.33,FERROUS METALS,Other,,,,,,,INF179K01UT0_HDFC Flexi Cap Fund.xlsx,HDFCEQ,135,False,Other
HDFC Flexi Cap Fund,INF179K01UT0,,1.9,CEMENT & CEMENT PRODUCTS,Other,,,,,,,INF179K01UT0_HDFC Flexi Cap Fund.xlsx,HDFCEQ,136,False,Other
HDFC Flexi Cap Fund,INF179K01UT0,,1.67,CAPITAL MARKETS,Other,,,,,,,INF179K01UT0_HDFC Flexi Cap Fund.xlsx,HDFCEQ,137,False,Other
HDFC Flexi Cap Fund,INF179K01UT0,,1.67,PETROLEUM PRODUCTS,Other,,,,,,,INF179K01UT0_HDFC Flexi Cap Fund.xlsx,HDFCEQ,138,False,Other
HDFC Flexi Cap Fund,INF179K01UT0,,1.52,FINANCIAL TECHNOLOGY (FINTECH),Other,,,,,,,INF179K01UT0_HDFC Flexi Cap Fund.xlsx,HDFCEQ,139,False,Other
HDFC Flexi Cap Fund,INF179K01UT0,,1.1300000000000001,CONSUMER DURABLES,Other,,,,,,,INF179K01UT0_HDFC Flexi Cap Fund.xlsx,HDFCEQ,140,False,Other
HDFC Flexi Cap Fund,INF179K01UT0,,0.78,"AGRICULTURAL, COMMERCIAL & CONSTRUCTION VEHICLES",Other,,,,,,,INF179K01UT0_HDFC Flexi Cap Fund.xlsx,HDFCEQ,141,False,Other
HDFC Flexi Cap Fund,INF179K01UT0,,0.75,BEVERAGES,Other,,,,,,,INF179K01UT0_HDFC Flexi Cap Fund.xlsx,HDFCEQ,142,False,Other
HDFC Flexi Cap Fund,INF179K01UT0,,0.7,FOOD PRODUCTS,Other,,,,,,,INF179K01UT0_HDFC Flexi Cap Fund.xlsx,HDFCEQ,143,False,Other
HDFC Flexi Cap Fund,INF179K01UT0,,0.7,LEISURE SERVICES,Other,,,,,,,INF179K01UT0_HDFC Flexi Cap Fund.xlsx,HDFCEQ,144,False,Other
HDFC Flexi Cap Fund,INF179K01UT0,,0.62,AEROSPACE & DEFENSE,Other,,,,,,,INF179K01UT0_HDFC Flexi Cap Fund.xlsx,HDFCEQ,145,False,Other
HDFC Flexi Cap Fund,INF179K01UT0,,0.59,ELECTRICAL EQUIPMENT,Other,,,,,,,INF179K01UT0_HDFC Flexi Cap Fund.xlsx,HDFCEQ,146,False,Other
HDFC Flexi Cap Fund,INF179K01UT0,,0.55,TRANSPORT INFRASTRUCTURE,Other,,,,,,,INF179K01UT0_HDFC Flexi Cap Fund.xlsx,HDFCEQ,147,False,Other
HDFC Flexi Cap Fund,INF179K01UT0,,0.51,METALS & MINERALS TRADING,Other,,,,,,,INF179K01UT0_HDFC Flexi Cap Fund.xlsx,HDFCEQ,148,False,Other
HDFC Flexi Cap Fund,INF179K01UT0,,2.67,REALTY,Other,,,,,,,INF179K01UT0_HDFC Flexi Cap Fund.xlsx,HDFCEQ,149,False,Other
HDFC Flexi Cap Fund,INF179K01UT0,,0.26,OIL,Other,,,,,,,INF179K01UT0_HDFC Flexi Cap Fund.xlsx,HDFCEQ,150,False,Other
HDFC Flexi Cap Fund,INF179K01UT0,,0.03,TOTAL HEDGED EXPOSURE,Other,,,,,,,INF179K01UT0_HDFC Flexi Cap Fund.xlsx,HDFCEQ,151,False,Other
HDFC Flexi Cap Fund,INF179K01UT0,,0.45,G-SEC,Other,,,,,,,INF179K01UT0_HDFC Flexi Cap Fund.xlsx,HDFCEQ,152,False,Other
HDFC Flexi Cap Fund,INF179K01UT0,,2.52,"CASH, CASH EQUIVALENTS AND NET CURRENT ASSETS",Other,,,,,,,INF179K01UT0_HDFC Flexi Cap Fund.xlsx,HDFCEQ,153,False,Other
HDFC Flexi Cap Fund,INF179K01UT0,,,NOTES :,Other,,,,,,,INF179K01UT0_HDFC Flexi Cap Fund.xlsx,HDFCEQ,154,False,Other
HDFC Flexi Cap Fund,INF179K01UT0,,,1) NAV HISTORY,Other,,,,,,,INF179K01UT0_HDFC Flexi Cap Fund.xlsx,HDFCEQ,155,False,Other
HDFC Flexi Cap Fund,INF179K01UT0,,"July 31, 2026",NAVS PER UNIT (RS.),Other,,,31.0,,,,INF179K01UT0_HDFC Flexi Cap Fund.xlsx,HDFCEQ,156,False,Other
HDFC Flexi Cap Fund,INF179K01UT0,,74.433,IDCW OPTION,Other,,,75.593,,,,INF179K01UT0_HDFC Flexi Cap Fund.xlsx,HDFCEQ,157,False,Other
HDFC Flexi Cap Fund,INF179K01UT0,,91.671,DIRECT PLAN - IDCW OPTION,Other,,,93.148,,,,INF179K01UT0_HDFC Flexi Cap Fund.xlsx,HDFCEQ,158,False,Other
HDFC Flexi Cap Fund,INF179K01UT0,,2059.826,GROWTH OPTION,Other,,,2091.928,,,,INF179K01UT0_HDFC Flexi Cap Fund.xlsx,HDFCEQ,159,False,Other
HDFC Flexi Cap Fund,INF179K01UT0,,2267.177,DIRECT PLAN - GROWTH OPTION,Other,,,2303.716,,,,INF179K01UT0_HDFC Flexi Cap Fund.xlsx,HDFCEQ,160,False,Other
HDFC Flexi Cap Fund,INF179K01UT0,,,"DIVIDEND HISTORY - DIVIDEND DECLARED DURING THE MONTH ENDED AUGUST 31, 2026 : NIL",Other,,,,,,,INF179K01UT0_HDFC Flexi Cap Fund.xlsx,HDFCEQ,161,False,Other
HDFC Flexi Cap Fund,INF179K01UT0,,,"BONUS HISTORY - BONUS DECLARED DURING THE MONTH ENDED AUGUST 31, 2026: NIL",Other,,,,,,,INF179K01UT0_HDFC Flexi Cap Fund.xlsx,HDFCEQ,162,False,Other
HDFC Flexi Cap Fund,INF179K01UT0,,,2) TOTAL BELOW INVESTMENT GRADE OR DEFAULT PROVIDED FOR AND ITS PERCENTAGE TO NAV : NIL,Other,,,,,,,INF179K01UT0_HDFC Flexi Cap Fund.xlsx,HDFCEQ,163,False,Other
HDFC Flexi Cap Fund,INF179K01UT0,,,3) TOTAL INVESTMENTS IN FOREIGN SECURITIES / OVERSEAS ETFS / ADRS / GDRS : NIL,Other,,,,,,,INF179K01UT0_HDFC Flexi Cap Fund.xlsx,HDFCEQ,164,False,Other
HDFC Flexi Cap Fund,INF179K01UT0,,,4) REPO IN CORPORATE DEBT : NIL,Other,,,,,,,INF179K01UT0_HDFC Flexi Cap Fund.xlsx,HDFCEQ,165,False,Other
HDFC Flexi Cap Fund,INF179K01UT0,,,"5) TOTAL OUTSTANDING EXPOSURE IN DERIVATIVE INSTRUMENTS AS ON AUG 31, 2026 : RS. 3605.25 LACS",Other,,,,,,,INF179K01UT0_HDFC Flexi Cap Fund.xlsx,HDFCEQ,166,False,Other
HDFC Flexi Cap Fund,INF179K01UT0,,,6) PORTFOLIO TURNOVER RATIO : 12.61%,Other,,,,,,,INF179K01UT0_HDFC Flexi Cap Fund.xlsx,HDFCEQ,167,False,Other
HDFC Flexi Cap Fund,INF179K01UT0,,,7) TOTAL VALUE AND PERCENTAGE OF ILLIQUID EQUITY SHARES : NIL,Other,,,,,,,INF179K01UT0_HDFC Flexi Cap Fund.xlsx,HDFCEQ,168,False,Other
HDFC Flexi Cap Fund,INF179K01UT0,,,8) IDCW STANDS FOR INCOME DISTRIBUTION CUM CAPITAL WITHDRAWAL,Other,,,,,,,INF179K01UT0_HDFC Flexi Cap Fund.xlsx,HDFCEQ,169,False,Other
HDFC Flexi Cap Fund,INF179K01UT0,,,"9) RISKOMETER BASED ON SCHEME PORTFOLIO AND PORTFOLIO BENCHMARK ""NIFTY 500 TRI"" AS ON AUG 31, 2026",Other,,,,,,,INF179K01UT0_HDFC Flexi Cap Fund.xlsx,HDFCEQ,170,False,Other
HDFC Flexi Cap Fund,INF179K01UT0,,,10) PLEASE FOLLOW THIS LINK FOR SCHEME PERFORMANCES: HTTPS://WWW.HDFCFUND.COM/STATUTORY-DISCLOSURE/SCHEME-PERFORMANCE,Other,,,,,,,INF179K01UT0_HDFC Flexi Cap Fund.xlsx,HDFCEQ,171,False,Other
HDFC Flexi Cap Fund,INF179K01UT0,,,SCHEME RISKOMETER:,Other,,,,,,,INF179K01UT0_HDFC Flexi Cap Fund.xlsx,HDFCEQ,172,False,Other
HDFC Flexi Cap Fund,INF179K01UT0,,,BENCHMARK RISKOMETER:,Other,,,,,,,INF179K01UT0_HDFC Flexi Cap Fund.xlsx,HDFCEQ,173,False,Other
HDFC Liquid Fund,INF179KB1HP9,,6.97% GOI MAT 060926^,IN0020160035,Government Security,Sovereign,Sovereign,6.97,385500000.0,385585.97,5.41,INF179KB1HP9_HDFC Liquid Fund.xlsx,HDFCLI,9,False,Other
HDFC Liquid Fund,INF179KB1HP9,,Reliance Retail ventures Ltd.^,INE929O14FF4,Other,CRISIL - A1+,CRISIL - A1+,,40000.0,199320.6,2.79,INF179KB1HP9_HDFC Liquid Fund.xlsx,HDFCLI,59,True,Equity Candidate
HDFC Liquid Fund,INF179KB1HP9,,182 Days TBILL MAT 100926^,IN002025Y495,Government Security,Sovereign,Sovereign,,180000000.0,179770.5,2.52,INF179KB1HP9_HDFC Liquid Fund.xlsx,HDFCLI,156,False,Non-Equity
HDFC Liquid Fund,INF179KB1HP9,,Small Industries Development Bank,INE556F14MJ1,Other,CRISIL - A1+,CRISIL - A1+,,34000.0,169798.04,2.38,INF179KB1HP9_HDFC Liquid Fund.xlsx,HDFCLI,60,True,Equity Candidate
HDFC Liquid Fund,INF179KB1HP9,,Reverse Repo,,Other,,,,,161058.52,2.26,INF179KB1HP9_HDFC Liquid Fund.xlsx,HDFCLI,169,False,Non-Equity
HDFC Liquid Fund,INF179KB1HP9,,Export - Import Bank of India^,INE514E14TO8,Other,CRISIL - A1+,CRISIL - A1+,,30000.0,149650.5,2.1,INF179KB1HP9_HDFC Liquid Fund.xlsx,HDFCLI,61,True,Equity Candidate
HDFC Liquid Fund,INF179KB1HP9,,91 Days TBILL MAT 030926,IN002026X099,Government Security,Sovereign,Sovereign,,149500000.0,149457.39,2.1,INF179KB1HP9_HDFC Liquid Fund.xlsx,HDFCLI,157,False,Non-Equity
HDFC Liquid Fund,INF179KB1HP9,,Union Bank of India^,INE692A16MX1,Other,ICRA - A1+,ICRA - A1+,,30000.0,148847.55,2.09,INF179KB1HP9_HDFC Liquid Fund.xlsx,HDFCLI,24,True,Equity Candidate
HDFC Liquid Fund,INF179KB1HP9,,91 Days TBill Mat 151026,IN002026X156,Government Security,Sovereign,Sovereign,,150000000.0,149081.25,2.09,INF179KB1HP9_HDFC Liquid Fund.xlsx,HDFCLI,158,False,Non-Equity
HDFC Liquid Fund,INF179KB1HP9,,Bank of Baroda^,INE028A16KI3,Other,CARE - A1+,CARE - A1+,,29600.0,146312.06,2.05,INF179KB1HP9_HDFC Liquid Fund.xlsx,HDFCLI,25,True,Equity Candidate
HDFC Liquid Fund,INF179KB1HP9,,Union Bank of India^,INE692A16MM4,Other,IND - A1+,IND - A1+,,25000.0,124585.38,1.75,INF179KB1HP9_HDFC Liquid Fund.xlsx,HDFCLI,26,True,Equity Candidate
HDFC Liquid Fund,INF179KB1HP9,,National Bank for Agri & Rural Dev.^,INE261F14QC4,Other,ICRA - A1+,ICRA - A1+,,25000.0,123198.63,1.73,INF179KB1HP9_HDFC Liquid Fund.xlsx,HDFCLI,62,True,Equity Candidate
HDFC Liquid Fund,INF179KB1HP9,,National Bank for Agri & Rural Dev.,INE261F14PR4,Other,ICRA - A1+,ICRA - A1+,,22500.0,112349.81,1.58,INF179KB1HP9_HDFC Liquid Fund.xlsx,HDFCLI,63,True,Equity Candidate
HDFC Liquid Fund,INF179KB1HP9,,Reliance Retail ventures Ltd.^,INE929O14FB3,Other,CRISIL - A1+,CRISIL - A1+,,20000.0,99882.7,1.4,INF179KB1HP9_HDFC Liquid Fund.xlsx,HDFCLI,64,True,Equity Candidate
HDFC Liquid Fund,INF179KB1HP9,,Punjab National Bank^,INE160A16VR2,Other,ICRA - A1+,ICRA - A1+,,20000.0,99491.0,1.39,INF179KB1HP9_HDFC Liquid Fund.xlsx,HDFCLI,27,True,Equity Candidate
HDFC Liquid Fund,INF179KB1HP9,,Union Bank of India^,INE692A16MS1,Other,IND - A1+,IND - A1+,,20000.0,99300.1,1.39,INF179KB1HP9_HDFC Liquid Fund.xlsx,HDFCLI,28,True,Equity Candidate
HDFC Liquid Fund,INF179KB1HP9,,Small Industries Development Bank^,INE556F14MO1,Other,CRISIL - A1+,CRISIL - A1+,,20000.0,99020.4,1.39,INF179KB1HP9_HDFC Liquid Fund.xlsx,HDFCLI,65,True,Equity Candidate
HDFC Liquid Fund,INF179KB1HP9,,91 Days TBill Mat 221026^,IN002026X164,Government Security,Sovereign,Sovereign,,100000000.0,99292.4,1.39,INF179KB1HP9_HDFC Liquid Fund.xlsx,HDFCLI,159,False,Non-Equity
HDFC Liquid Fund,INF179KB1HP9,,Bank of Baroda^,INE028A16MW0,Other,IND - A1+,IND - A1+,,20000.0,98774.2,1.38,INF179KB1HP9_HDFC Liquid Fund.xlsx,HDFCLI,29,True,Equity Candidate
HDFC Liquid Fund,INF179KB1HP9,,Yes Bank Ltd.^,INE528G16X94,Other,CARE - A1+,CARE - A1+,,20000.0,98650.5,1.38,INF179KB1HP9_HDFC Liquid Fund.xlsx,HDFCLI,30,True,Equity Candidate
HDFC Liquid Fund,INF179KB1HP9,,National Bank for Agri & Rural Dev.^,INE261F14QE0,Other,ICRA - A1+,ICRA - A1+,,20000.0,98439.3,1.38,INF179KB1HP9_HDFC Liquid Fund.xlsx,HDFCLI,66,True,Equity Candidate
HDFC Liquid Fund,INF179KB1HP9,,Reliance Retail ventures Ltd.^,INE929O14FA5,Other,CRISIL - A1+,CRISIL - A1+,,19000.0,94984.23,1.33,INF179KB1HP9_HDFC Liquid Fund.xlsx,HDFCLI,67,True,Equity Candidate
HDFC Liquid Fund,INF179KB1HP9,,91 Days TBill ISD 250626 Mat 240926^,IN002026X123,Government Security,Sovereign,Sovereign,,90000000.0,89717.31,1.26,INF179KB1HP9_HDFC Liquid Fund.xlsx,HDFCLI,160,False,Non-Equity
HDFC Liquid Fund,INF179KB1HP9,,Aditya Birla Capital ltd.^,INE674K14CZ9,Other,ICRA - A1+,ICRA - A1+,,18000.0,88581.96,1.24,INF179KB1HP9_HDFC Liquid Fund.xlsx,HDFCLI,68,True,Equity Candidate
HDFC Liquid Fund,INF179KB1HP9,,Reliance Retail ventures Ltd.^,INE929O14FC1,Other,CRISIL - A1+,CRISIL - A1+,,17000.0,84857.63,1.19,INF179KB1HP9_HDFC Liquid Fund.xlsx,HDFCLI,69,True,Equity Candidate
HDFC Liquid Fund,INF179KB1HP9,,Titan Company Ltd.^,INE280A14625,Other,CARE - A1+,CARE - A1+,,16500.0,81239.07,1.14,INF179KB1HP9_HDFC Liquid Fund.xlsx,HDFCLI,70,True,Equity Candidate
HDFC Liquid Fund,INF179KB1HP9,,Bank of India^,INE084A16GC7,Other,CRISIL - A1+,CRISIL - A1+,,16000.0,79732.64,1.12,INF179KB1HP9_HDFC Liquid Fund.xlsx,HDFCLI,31,True,Equity Candidate
HDFC Liquid Fund,INF179KB1HP9,,Godrej Consumer Products Ltd.^,INE102D14CI2,Other,CRISIL - A1+,CRISIL - A1+,,16000.0,79090.88,1.11,INF179KB1HP9_HDFC Liquid Fund.xlsx,HDFCLI,71,True,Equity Candidate
HDFC Liquid Fund,INF179KB1HP9,,ICICI Securities Ltd^,INE763G14M51,Other,CRISIL - A1+,CRISIL - A1+,,15500.0,76535.67,1.07,INF179KB1HP9_HDFC Liquid Fund.xlsx,HDFCLI,72,True,Equity Candidate
HDFC Liquid Fund,INF179KB1HP9,,ICICI Bank Ltd.^,INE090AD6378,Other,ICRA - A1+,ICRA - A1+,,15000.0,74825.48,1.05,INF179KB1HP9_HDFC Liquid Fund.xlsx,HDFCLI,32,True,Equity Candidate
HDFC Liquid Fund,INF179KB1HP9,,L&T Finance Ltd.^,INE498L14GG2,Other,CRISIL - A1+,CRISIL - A1+,,15000.0,74071.43,1.04,INF179KB1HP9_HDFC Liquid Fund.xlsx,HDFCLI,73,True,Equity Candidate
HDFC Liquid Fund,INF179KB1HP9,,L&T Finance Ltd.^,INE498L14GF4,Other,CRISIL - A1+,CRISIL - A1+,,15000.0,74187.3,1.04,INF179KB1HP9_HDFC Liquid Fund.xlsx,HDFCLI,74,True,Equity Candidate
HDFC Liquid Fund,INF179KB1HP9,,182 Days TBILL MAT 19112026^,IN002026Y071,Government Security,Sovereign,Sovereign,,72000000.0,71189.5,1.0,INF179KB1HP9_HDFC Liquid Fund.xlsx,HDFCLI,161,False,Non-Equity
HDFC Liquid Fund,INF179KB1HP9,,Bank of India^,INE084A16GG8,Other,CARE - A1+,CARE - A1+,,14000.0,69718.32,0.98,INF179KB1HP9_HDFC Liquid Fund.xlsx,HDFCLI,33,True,Equity Candidate
HDFC Liquid Fund,INF179KB1HP9,,Kotak Securities Ltd.^,INE028E14WX4,Other,CRISIL - A1+,CRISIL - A1+,,14000.0,69910.82,0.98,INF179KB1HP9_HDFC Liquid Fund.xlsx,HDFCLI,75,True,Equity Candidate
HDFC Liquid Fund,INF179KB1HP9,,REC Limited.^,INE020B08FH7,Other,CRISIL - AAA,CRISIL - AAA,7.55,65900.0,65957.79,0.92,INF179KB1HP9_HDFC Liquid Fund.xlsx,HDFCLI,12,True,Equity Candidate
HDFC Liquid Fund,INF179KB1HP9,,Hindustan Petroleum Corp. Ltd.^,INE094A14KF6,Other,CRISIL - A1+,CRISIL - A1+,,13000.0,64758.59,0.91,INF179KB1HP9_HDFC Liquid Fund.xlsx,HDFCLI,76,True,Equity Candidate
HDFC Liquid Fund,INF179KB1HP9,,REC Limited.^,INE020B14714,Other,CARE - A1+,CARE - A1+,,13000.0,64429.24,0.9,INF179KB1HP9_HDFC Liquid Fund.xlsx,HDFCLI,77,True,Equity Candidate
HDFC Liquid Fund,INF179KB1HP9,,HDFC Bank Ltd.£^,INE040A08369,Other,CRISIL - AAA,CRISIL - AAA,7.95,6363.0,63660.67,0.89,INF179KB1HP9_HDFC Liquid Fund.xlsx,HDFCLI,13,True,Equity Candidate
HDFC Liquid Fund,INF179KB1HP9,,National Bank for Agri & Rural Dev.,INE261F14PQ6,Other,ICRA - A1+,ICRA - A1+,,12000.0,59928.72,0.84,INF179KB1HP9_HDFC Liquid Fund.xlsx,HDFCLI,78,True,Equity Candidate
HDFC Liquid Fund,INF179KB1HP9,,Export - Import Bank of India,INE514E14TL4,Other,CRISIL - A1+,CRISIL - A1+,,11800.0,58980.29,0.83,INF179KB1HP9_HDFC Liquid Fund.xlsx,HDFCLI,79,True,Equity Candidate
HDFC Liquid Fund,INF179KB1HP9,,Kotak Securities Ltd.^,INE028E14XP8,Other,CRISIL - A1+,CRISIL - A1+,,12000.0,59185.5,0.83,INF179KB1HP9_HDFC Liquid Fund.xlsx,HDFCLI,80,True,Equity Candidate
HDFC Liquid Fund,INF179KB1HP9,,Poonawalla Fincorp Ltd^,INE511C14ZU2,Other,CRISIL - A1+,CRISIL - A1+,,12000.0,59476.8,0.83,INF179KB1HP9_HDFC Liquid Fund.xlsx,HDFCLI,81,True,Equity Candidate
HDFC Liquid Fund,INF179KB1HP9,,Titan Company Ltd.^,INE280A14617,Other,CARE - A1+,CARE - A1+,,11000.0,54294.46,0.76,INF179KB1HP9_HDFC Liquid Fund.xlsx,HDFCLI,82,True,Equity Candidate
HDFC Liquid Fund,INF179KB1HP9,,DBS BANK INDIA LIMITED^,INE01GA16319,Other,IND - A1+,IND - A1+,,10000.0,49770.8,0.7,INF179KB1HP9_HDFC Liquid Fund.xlsx,HDFCLI,34,True,Equity Candidate
HDFC Liquid Fund,INF179KB1HP9,,Karur Vysya Bank Ltd.^,INE036D16KJ8,Other,ICRA - A1+,ICRA - A1+,,10000.0,49863.65,0.7,INF179KB1HP9_HDFC Liquid Fund.xlsx,HDFCLI,35,True,Equity Candidate
HDFC Liquid Fund,INF179KB1HP9,,Aditya Birla Housing Finance Ltd^,INE831R14GF3,Other,CRISIL - A1+,CRISIL - A1+,,10000.0,49828.4,0.7,INF179KB1HP9_HDFC Liquid Fund.xlsx,HDFCLI,83,True,Equity Candidate
HDFC Liquid Fund,INF179KB1HP9,,Bajaj Finance Ltd.^,INE296A14H68,Other,CRISIL - A1+,CRISIL - A1+,,10000.0,49982.6,0.7,INF179KB1HP9_HDFC Liquid Fund.xlsx,HDFCLI,84,True,Equity Candidate
HDFC Liquid Fund,INF179KB1HP9,,Bajaj Financial Securities Limited^,INE01C314GC8,Other,CRISIL - A1+,CRISIL - A1+,,10000.0,49936.3,0.7,INF179KB1HP9_HDFC Liquid Fund.xlsx,HDFCLI,85,True,Equity Candidate
HDFC Liquid Fund,INF179KB1HP9,,ICICI Securities Ltd^,INE763G14K46,Other,CRISIL - A1+,CRISIL - A1+,,10000.0,49927.0,0.7,INF179KB1HP9_HDFC Liquid Fund.xlsx,HDFCLI,86,True,Equity Candidate
HDFC Liquid Fund,INF179KB1HP9,,ICICI SECURITIES PRIMARY DEALERSHIP^,INE849D14IB0,Other,CRISIL - A1+,CRISIL - A1+,,10000.0,49806.6,0.7,INF179KB1HP9_HDFC Liquid Fund.xlsx,HDFCLI,87,True,Equity Candidate
HDFC Liquid Fund,INF179KB1HP9,,National Bank for Agri & Rural Dev.^,INE261F14PV6,Other,ICRA - A1+,ICRA - A1+,,10000.0,49872.1,0.7,INF179KB1HP9_HDFC Liquid Fund.xlsx,HDFCLI,88,True,Equity Candidate
HDFC Liquid Fund,INF179KB1HP9,,National Bank for Agri & Rural Dev.^,INE261F14PW4,Other,ICRA - A1+,ICRA - A1+,,10000.0,49863.6,0.7,INF179KB1HP9_HDFC Liquid Fund.xlsx,HDFCLI,89,True,Equity Candidate
HDFC Liquid Fund,INF179KB1HP9,,The Tata Power Company Ltd.^,INE245A14LD7,Other,ICRA - A1+,ICRA - A1+,,10000.0,49868.45,0.7,INF179KB1HP9_HDFC Liquid Fund.xlsx,HDFCLI,90,True,Equity Candidate
HDFC Liquid Fund,INF179KB1HP9,,The Tata Power Company Ltd.^,INE245A14LE5,Other,CRISIL - A1+,CRISIL - A1+,,10000.0,49807.25,0.7,INF179KB1HP9_HDFC Liquid Fund.xlsx,HDFCLI,91,True,Equity Candidate
HDFC Liquid Fund,INF179KB1HP9,,Bank of Baroda^,INE028A16KH5,Other,CARE - A1+,CARE - A1+,,10000.0,49438.3,0.69,INF179KB1HP9_HDFC Liquid Fund.xlsx,HDFCLI,36,True,Equity Candidate
HDFC Liquid Fund,INF179KB1HP9,,National Bank for Agri & Rural Dev.^,INE261F16AC3,Other,ICRA - A1+,ICRA - A1+,,10000.0,49392.35,0.69,INF179KB1HP9_HDFC Liquid Fund.xlsx,HDFCLI,37,True,Equity Candidate
HDFC Liquid Fund,INF179KB1HP9,,Kotak Securities Ltd.^,INE028E14XQ6,Other,CRISIL - A1+,CRISIL - A1+,,10000.0,49311.8,0.69,INF179KB1HP9_HDFC Liquid Fund.xlsx,HDFCLI,92,True,Equity Candidate
HDFC Liquid Fund,INF179KB1HP9,,Poonawalla Fincorp Ltd^,INE511C14ZV0,Other,CRISIL - A1+,CRISIL - A1+,,10000.0,49360.95,0.69,INF179KB1HP9_HDFC Liquid Fund.xlsx,HDFCLI,93,True,Equity Candidate
HDFC Liquid Fund,INF179KB1HP9,,IDFC First Bank Limited^,INE092T16ZZ1,Other,CRISIL - A1+,CRISIL - A1+,,8000.0,39644.64,0.56,INF179KB1HP9_HDFC Liquid Fund.xlsx,HDFCLI,38,True,Equity Candidate
HDFC Liquid Fund,INF179KB1HP9,,Punjab National Bank^,INE160A16VK7,Other,ICRA - A1+,ICRA - A1+,,8000.0,39886.88,0.56,INF179KB1HP9_HDFC Liquid Fund.xlsx,HDFCLI,39,True,Equity Candidate
HDFC Liquid Fund,INF179KB1HP9,,Bajaj Auto Credit Limited^,INE18UV14075,Other,CRISIL - A1+,CRISIL - A1+,,8000.0,39941.16,0.56,INF179KB1HP9_HDFC Liquid Fund.xlsx,HDFCLI,94,True,Equity Candidate
HDFC Liquid Fund,INF179KB1HP9,,LIC Housing Finance Ltd.^,INE115A14FX2,Other,CRISIL - A1+,CRISIL - A1+,,8000.0,39890.28,0.56,INF179KB1HP9_HDFC Liquid Fund.xlsx,HDFCLI,95,True,Equity Candidate
HDFC Liquid Fund,INF179KB1HP9,,Tata Communications Limited^,INE151A14305,Other,CRISIL - A1+,CRISIL - A1+,,8000.0,39932.28,0.56,INF179KB1HP9_HDFC Liquid Fund.xlsx,HDFCLI,96,True,Equity Candidate
HDFC Liquid Fund,INF179KB1HP9,,Tata Steel Ltd.^,INE081A14HK9,Other,ICRA - A1+,ICRA - A1+,,8000.0,39833.68,0.56,INF179KB1HP9_HDFC Liquid Fund.xlsx,HDFCLI,97,True,Equity Candidate
HDFC Liquid Fund,INF179KB1HP9,,Aditya Birla Capital ltd.^,INE674K14CX4,Other,ICRA - A1+,ICRA - A1+,,8000.0,39444.64,0.55,INF179KB1HP9_HDFC Liquid Fund.xlsx,HDFCLI,98,True,Equity Candidate
HDFC Liquid Fund,INF179KB1HP9,,ICICI Home Finance Ltd^,INE071G14IG3,Other,CARE - A1+,CARE - A1+,,8000.0,39489.68,0.55,INF179KB1HP9_HDFC Liquid Fund.xlsx,HDFCLI,99,True,Equity Candidate
HDFC Liquid Fund,INF179KB1HP9,,Sharekhan Limited^,INE211H14AZ0,Other,CRISIL - A1+,CRISIL - A1+,,8000.0,39309.48,0.55,INF179KB1HP9_HDFC Liquid Fund.xlsx,HDFCLI,100,True,Equity Candidate
HDFC Liquid Fund,INF179KB1HP9,,Jamnagar Utilities & Power Pvt. Limited,INE936D07174,Other,CRISIL - AAA,CRISIL - AAA,6.4,3750.0,37477.05,0.53,INF179KB1HP9_HDFC Liquid Fund.xlsx,HDFCLI,14,True,Equity Candidate
HDFC Liquid Fund,INF179KB1HP9,,91 Days TBILL MAT 170926^,IN002026X115,Government Security,Sovereign,Sovereign,,37500000.0,37417.99,0.52,INF179KB1HP9_HDFC Liquid Fund.xlsx,HDFCLI,162,False,Non-Equity
HDFC Liquid Fund,INF179KB1HP9,,Karur Vysya Bank Ltd.^,INE036D16KK6,Other,ICRA - A1+,ICRA - A1+,,7000.0,34839.21,0.49,INF179KB1HP9_HDFC Liquid Fund.xlsx,HDFCLI,40,True,Equity Candidate
HDFC Liquid Fund,INF179KB1HP9,,Bajaj Financial Securities Limited^,INE01C314GE4,Other,CRISIL - A1+,CRISIL - A1+,,7000.0,34910.65,0.49,INF179KB1HP9_HDFC Liquid Fund.xlsx,HDFCLI,101,True,Equity Candidate
HDFC Liquid Fund,INF179KB1HP9,,Mindspace Business Parks REIT^,INE0CCU14153,REIT/InvIT,CRISIL - A1+,CRISIL - A1+,,6800.0,33867.84,0.47,INF179KB1HP9_HDFC Liquid Fund.xlsx,HDFCLI,102,True,Equity Candidate
HDFC Liquid Fund,INF179KB1HP9,,Punjab National Bank,INE160A16UT0,Other,CARE - A1+,CARE - A1+,,6500.0,32424.41,0.45,INF179KB1HP9_HDFC Liquid Fund.xlsx,HDFCLI,41,True,Equity Candidate
HDFC Liquid Fund,INF179KB1HP9,,Canara Bank,INE476A16K30,Other,CRISIL - A1+,CRISIL - A1+,,6000.0,29847.9,0.42,INF179KB1HP9_HDFC Liquid Fund.xlsx,HDFCLI,42,True,Equity Candidate
HDFC Liquid Fund,INF179KB1HP9,,Avenue Supermarts Ltd.^,INE192R14352,Other,ICRA - A1+,ICRA - A1+,,6000.0,29852.19,0.42,INF179KB1HP9_HDFC Liquid Fund.xlsx,HDFCLI,103,True,Equity Candidate
HDFC Liquid Fund,INF179KB1HP9,,Avenue Supermarts Ltd.^,INE192R14360,Other,ICRA - A1+,ICRA - A1+,,6000.0,29631.69,0.42,INF179KB1HP9_HDFC Liquid Fund.xlsx,HDFCLI,104,True,Equity Candidate
HDFC Liquid Fund,INF179KB1HP9,,Cholamandalam Investment & Finance Co. Ltd.,INE121A14YV5,Other,CRISIL - A1+,CRISIL - A1+,,6000.0,29883.93,0.42,INF179KB1HP9_HDFC Liquid Fund.xlsx,HDFCLI,105,True,Equity Candidate
HDFC Liquid Fund,INF179KB1HP9,,National Bank for Agri & Rural Dev.^,INE261F14PT0,Other,ICRA - A1+,ICRA - A1+,,6000.0,29949.21,0.42,INF179KB1HP9_HDFC Liquid Fund.xlsx,HDFCLI,106,True,Equity Candidate
HDFC Liquid Fund,INF179KB1HP9,,Nuvoco Vistas Corporation Ltd.^,INE118D14AN2,Other,CRISIL - A1+,CRISIL - A1+,,6000.0,29954.76,0.42,INF179KB1HP9_HDFC Liquid Fund.xlsx,HDFCLI,107,True,Equity Candidate
HDFC Liquid Fund,INF179KB1HP9,,Tata Teleservices (Maharashtra) Ltd.^,INE517B14AJ7,Other,CRISIL - A1+,CRISIL - A1+,,5500.0,27465.19,0.39,INF179KB1HP9_HDFC Liquid Fund.xlsx,HDFCLI,108,True,Equity Candidate
HDFC Liquid Fund,INF179KB1HP9,,Kotak Mahindra Bank Limited^,INE237AD6042,Other,CRISIL - A1+,CRISIL - A1+,,5500.0,27395.12,0.38,INF179KB1HP9_HDFC Liquid Fund.xlsx,HDFCLI,43,True,Equity Candidate
HDFC Liquid Fund,INF179KB1HP9,,LIC Housing Finance Ltd.^,INE115A14FY0,Other,CRISIL - A1+,CRISIL - A1+,,5500.0,27088.33,0.38,INF179KB1HP9_HDFC Liquid Fund.xlsx,HDFCLI,109,True,Equity Candidate
HDFC Liquid Fund,INF179KB1HP9,,Canara Bank^,INE476A16J82,Other,CRISIL - A1+,CRISIL - A1+,,5000.0,24967.2,0.35,INF179KB1HP9_HDFC Liquid Fund.xlsx,HDFCLI,44,True,Equity Candidate
HDFC Liquid Fund,INF179KB1HP9,,Indian Overseas Bank^,INE565A16BV6,Other,CARE - A1+,CARE - A1+,,5000.0,24870.7,0.35,INF179KB1HP9_HDFC Liquid Fund.xlsx,HDFCLI,45,True,Equity Candidate
HDFC Liquid Fund,INF179KB1HP9,,Aditya Birla Capital ltd.^,INE674K14CK1,Other,ICRA - A1+,ICRA - A1+,,5000.0,24790.38,0.35,INF179KB1HP9_HDFC Liquid Fund.xlsx,HDFCLI,110,True,Equity Candidate
HDFC Liquid Fund,INF179KB1HP9,,Bajaj Finance Ltd.^,INE296A14J66,Other,CRISIL - A1+,CRISIL - A1+,,5000.0,24632.08,0.35,INF179KB1HP9_HDFC Liquid Fund.xlsx,HDFCLI,111,True,Equity Candidate
HDFC Liquid Fund,INF179KB1HP9,,Export - Import Bank of India^,INE514E14TP5,Other,CRISIL - A1+,CRISIL - A1+,,5000.0,24912.23,0.35,INF179KB1HP9_HDFC Liquid Fund.xlsx,HDFCLI,112,True,Equity Candidate
HDFC Liquid Fund,INF179KB1HP9,,Hindustan Petroleum Corp. Ltd.^,INE094A14KM2,Other,CRISIL - A1+,CRISIL - A1+,,5000.0,24681.85,0.35,INF179KB1HP9_HDFC Liquid Fund.xlsx,HDFCLI,113,True,Equity Candidate
HDFC Liquid Fund,INF179KB1HP9,,ICICI Home Finance Ltd^,INE071G14IC2,Other,CARE - A1+,CARE - A1+,,5000.0,24899.2,0.35,INF179KB1HP9_HDFC Liquid Fund.xlsx,HDFCLI,114,True,Equity Candidate
HDFC Liquid Fund,INF179KB1HP9,,ICICI Securities Ltd^,INE763G14K61,Other,CRISIL - A1+,CRISIL - A1+,,5000.0,24954.38,0.35,INF179KB1HP9_HDFC Liquid Fund.xlsx,HDFCLI,115,True,Equity Candidate
HDFC Liquid Fund,INF179KB1HP9,,ICICI Securities Ltd^,INE763G14K79,Other,CRISIL - A1+,CRISIL - A1+,,5000.0,24931.25,0.35,INF179KB1HP9_HDFC Liquid Fund.xlsx,HDFCLI,116,True,Equity Candidate
HDFC Liquid Fund,INF179KB1HP9,,Julius Baer Capital (India) Pvt. Ltd.^,INE824H14UZ8,Other,CRISIL - A1+,CRISIL - A1+,,5000.0,24627.23,0.35,INF179KB1HP9_HDFC Liquid Fund.xlsx,HDFCLI,117,True,Equity Candidate
HDFC Liquid Fund,INF179KB1HP9,,Julius Baer Capital (India) Pvt. Ltd.^,INE824H14UU9,Other,CRISIL - A1+,CRISIL - A1+,,5000.0,24744.6,0.35,INF179KB1HP9_HDFC Liquid Fund.xlsx,HDFCLI,118,True,Equity Candidate
HDFC Liquid Fund,INF179KB1HP9,,NTPC Limited^,INE733E14CF8,Other,CRISIL - A1+,CRISIL - A1+,,5000.0,24836.85,0.35,INF179KB1HP9_HDFC Liquid Fund.xlsx,HDFCLI,119,True,Equity Candidate
HDFC Liquid Fund,INF179KB1HP9,,Small Industries Development Bank^,INE556F14MK9,Other,CRISIL - A1+,CRISIL - A1+,,5000.0,24957.6,0.35,INF179KB1HP9_HDFC Liquid Fund.xlsx,HDFCLI,120,True,Equity Candidate
HDFC Liquid Fund,INF179KB1HP9,,Bank of Baroda,INE028A16MR0,Other,CARE - A1+,CARE - A1+,,4000.0,19967.24,0.28,INF179KB1HP9_HDFC Liquid Fund.xlsx,HDFCLI,46,True,Equity Candidate
HDFC Liquid Fund,INF179KB1HP9,,IDBI Bank Limited^,INE008A169B5,Other,CRISIL - A1+,CRISIL - A1+,,4000.0,19908.12,0.28,INF179KB1HP9_HDFC Liquid Fund.xlsx,HDFCLI,47,True,Equity Candidate
HDFC Liquid Fund,INF179KB1HP9,,Small Industries Development Bank^,INE556F16BR2,Other,CARE - A1+,CARE - A1+,,4000.0,19755.82,0.28,INF179KB1HP9_HDFC Liquid Fund.xlsx,HDFCLI,48,True,Equity Candidate
HDFC Liquid Fund,INF179KB1HP9,,DSP Finance Private Limited^,INE422H14602,Other,ICRA - A1+,ICRA - A1+,,4000.0,19707.16,0.28,INF179KB1HP9_HDFC Liquid Fund.xlsx,HDFCLI,121,True,Equity Candidate
HDFC Liquid Fund,INF179KB1HP9,,Jamnagar Utilities & Power Pvt. Limited^,INE936D14436,Other,CRISIL - A1+,CRISIL - A1+,,4000.0,19904.8,0.28,INF179KB1HP9_HDFC Liquid Fund.xlsx,HDFCLI,122,True,Equity Candidate
HDFC Liquid Fund,INF179KB1HP9,,Kotak Securities Ltd.^,INE028E14XY0,Other,CRISIL - A1+,CRISIL - A1+,,4000.0,19657.08,0.28,INF179KB1HP9_HDFC Liquid Fund.xlsx,HDFCLI,123,True,Equity Candidate
HDFC Liquid Fund,INF179KB1HP9,,Mirae Asset Capital Markets (India) Pvt Ltd.^,INE0T2V14129,Other,CRISIL - A1+,CRISIL - A1+,,4000.0,19920.76,0.28,INF179KB1HP9_HDFC Liquid Fund.xlsx,HDFCLI,124,True,Equity Candidate
HDFC Liquid Fund,INF179KB1HP9,,SBICap Securities Limited^,INE212K14EK6,Other,CRISIL - A1+,CRISIL - A1+,,4000.0,19944.92,0.28,INF179KB1HP9_HDFC Liquid Fund.xlsx,HDFCLI,125,True,Equity Candidate
HDFC Liquid Fund,INF179KB1HP9,,Sharekhan Limited^,INE211H14AW7,Other,CARE - A1+,CARE - A1+,,4000.0,19918.44,0.28,INF179KB1HP9_HDFC Liquid Fund.xlsx,HDFCLI,126,True,Equity Candidate
HDFC Liquid Fund,INF179KB1HP9,,Corporate Debt Market Development Fund,INF0RQ622028,Other,,,,165673.309,19832.14,0.28,INF179KB1HP9_HDFC Liquid Fund.xlsx,HDFCLI,174,False,Other
HDFC Liquid Fund,INF179KB1HP9,,Bajaj Finance Ltd.^,INE296A14J25,Other,CRISIL - A1+,CRISIL - A1+,,3700.0,18251.82,0.26,INF179KB1HP9_HDFC Liquid Fund.xlsx,HDFCLI,127,True,Equity Candidate
HDFC Liquid Fund,INF179KB1HP9,,Small Industries Development Bank^,INE556F08KJ7,Other,CRISIL - AAA,CRISIL - AAA,7.55,17500.0,17506.49,0.25,INF179KB1HP9_HDFC Liquid Fund.xlsx,HDFCLI,15,True,Equity Candidate
HDFC Liquid Fund,INF179KB1HP9,,Aarti Industries Ltd.^,INE769A14AJ6,Other,CRISIL - A1+,CRISIL - A1+,,3000.0,14972.87,0.21,INF179KB1HP9_HDFC Liquid Fund.xlsx,HDFCLI,128,True,Equity Candidate
HDFC Liquid Fund,INF179KB1HP9,,Aarti Industries Ltd.^,INE769A14AK4,Other,CRISIL - A1+,CRISIL - A1+,,3000.0,14957.61,0.21,INF179KB1HP9_HDFC Liquid Fund.xlsx,HDFCLI,129,True,Equity Candidate
HDFC Liquid Fund,INF179KB1HP9,,Aditya Birla Money Limited^,INE865C14RC7,Other,CRISIL - A1+,CRISIL - A1+,,3000.0,14733.53,0.21,INF179KB1HP9_HDFC Liquid Fund.xlsx,HDFCLI,130,True,Equity Candidate
HDFC Liquid Fund,INF179KB1HP9,,Aditya Birla Money Limited^,INE865C14QX5,Other,CRISIL - A1+,CRISIL - A1+,,3000.0,14783.13,0.21,INF179KB1HP9_HDFC Liquid Fund.xlsx,HDFCLI,131,True,Equity Candidate
HDFC Liquid Fund,INF179KB1HP9,,Godrej Properties Ltd.^,INE484J14F97,Other,ICRA - A1+,ICRA - A1+,,3000.0,14792.25,0.21,INF179KB1HP9_HDFC Liquid Fund.xlsx,HDFCLI,132,True,Equity Candidate
HDFC Liquid Fund,INF179KB1HP9,,Godrej Properties Ltd.^,INE484J14G05,Other,ICRA - A1+,ICRA - A1+,,3000.0,14789.57,0.21,INF179KB1HP9_HDFC Liquid Fund.xlsx,HDFCLI,133,True,Equity Candidate
HDFC Liquid Fund,INF179KB1HP9,,Godrej Properties Ltd.^,INE484J14F89,Other,ICRA - A1+,ICRA - A1+,,3000.0,14786.87,0.21,INF179KB1HP9_HDFC Liquid Fund.xlsx,HDFCLI,134,True,Equity Candidate
HDFC Liquid Fund,INF179KB1HP9,,Godrej Properties Ltd.^,INE484J14G13,Other,ICRA - A1+,ICRA - A1+,,3000.0,14773.41,0.21,INF179KB1HP9_HDFC Liquid Fund.xlsx,HDFCLI,135,True,Equity Candidate
HDFC Liquid Fund,INF179KB1HP9,,National Bank for Agri & Rural Dev.^,INE261F14PX2,Other,ICRA - A1+,ICRA - A1+,,3000.0,14922.42,0.21,INF179KB1HP9_HDFC Liquid Fund.xlsx,HDFCLI,136,True,Equity Candidate
HDFC Liquid Fund,INF179KB1HP9,,REC Limited.^,INE020B14706,Other,CARE - A1+,CARE - A1+,,3000.0,14949.21,0.21,INF179KB1HP9_HDFC Liquid Fund.xlsx,HDFCLI,137,True,Equity Candidate
HDFC Liquid Fund,INF179KB1HP9,,Small Industries Development Bank^,INE556F14MN3,Other,CRISIL - A1+,CRISIL - A1+,,3000.0,14930.99,0.21,INF179KB1HP9_HDFC Liquid Fund.xlsx,HDFCLI,138,True,Equity Candidate
HDFC Liquid Fund,INF179KB1HP9,,91 Days TBILL MAT 081026,IN002026X149,Government Security,Sovereign,Sovereign,,13500000.0,13430.3,0.19,INF179KB1HP9_HDFC Liquid Fund.xlsx,HDFCLI,163,False,Non-Equity
HDFC Liquid Fund,INF179KB1HP9,,ICICI Home Finance Ltd^,INE071G07694,Other,CARE - AAA,CARE - AAA,8.07,12500.0,12504.73,0.18,INF179KB1HP9_HDFC Liquid Fund.xlsx,HDFCLI,16,True,Equity Candidate
HDFC Liquid Fund,INF179KB1HP9,,REC Limited.^,INE020B08EP3,Other,CRISIL - AAA,CRISIL - AAA,7.77,13000.0,13009.32,0.18,INF179KB1HP9_HDFC Liquid Fund.xlsx,HDFCLI,17,True,Equity Candidate
HDFC Liquid Fund,INF179KB1HP9,,Godrej Properties Ltd.^,INE484J14G21,Other,ICRA - A1+,ICRA - A1+,,2500.0,12304.46,0.17,INF179KB1HP9_HDFC Liquid Fund.xlsx,HDFCLI,139,True,Equity Candidate
HDFC Liquid Fund,INF179KB1HP9,,Axis Bank Ltd.^,INE238AD6CQ9,Other,CRISIL - A1+,CRISIL - A1+,,2000.0,9974.79,0.14,INF179KB1HP9_HDFC Liquid Fund.xlsx,HDFCLI,49,True,Equity Candidate
HDFC Liquid Fund,INF179KB1HP9,,Bank of Baroda,INE028A16MO7,Other,CARE - A1+,CARE - A1+,,2000.0,9995.19,0.14,INF179KB1HP9_HDFC Liquid Fund.xlsx,HDFCLI,50,True,Equity Candidate
HDFC Liquid Fund,INF179KB1HP9,,Small Industries Development Bank^,INE556F16BL5,Other,CARE - A1+,CARE - A1+,,2000.0,9927.8,0.14,INF179KB1HP9_HDFC Liquid Fund.xlsx,HDFCLI,51,True,Equity Candidate
HDFC Liquid Fund,INF179KB1HP9,,Goldman Sachs (India) Finance Pvt. Ltd.^,INE746L14036,Other,ICRA - A1+,ICRA - A1+,,2000.0,9952.75,0.14,INF179KB1HP9_HDFC Liquid Fund.xlsx,HDFCLI,140,True,Equity Candidate
HDFC Liquid Fund,INF179KB1HP9,,ICICI Securities Ltd^,INE763G14M69,Other,CRISIL - A1+,CRISIL - A1+,,2000.0,9873.68,0.14,INF179KB1HP9_HDFC Liquid Fund.xlsx,HDFCLI,141,True,Equity Candidate
HDFC Liquid Fund,INF179KB1HP9,,Infina Finance Pvt. Ltd.^,INE879F14ND8,Other,CRISIL - A1+,CRISIL - A1+,,2000.0,9989.04,0.14,INF179KB1HP9_HDFC Liquid Fund.xlsx,HDFCLI,142,True,Equity Candidate
HDFC Liquid Fund,INF179KB1HP9,,Jio Credit Ltd^,INE282H14154,Other,CRISIL - A1+,CRISIL - A1+,,2000.0,9868.62,0.14,INF179KB1HP9_HDFC Liquid Fund.xlsx,HDFCLI,143,True,Equity Candidate
HDFC Liquid Fund,INF179KB1HP9,,Network 18 Media & Investments Limited^,INE870H14XT8,Other,CARE - A1+,CARE - A1+,,2000.0,9843.57,0.14,INF179KB1HP9_HDFC Liquid Fund.xlsx,HDFCLI,144,True,Equity Candidate
HDFC Liquid Fund,INF179KB1HP9,,Nu Vista Limited^,INE973U14300,Other,CRISIL - A1+,CRISIL - A1+,,2000.0,9962.0,0.14,INF179KB1HP9_HDFC Liquid Fund.xlsx,HDFCLI,145,True,Equity Candidate
HDFC Liquid Fund,INF179KB1HP9,,Nuvoco Vistas Corporation Ltd.^,INE118D14AP7,Other,CRISIL - A1+,CRISIL - A1+,,2000.0,9983.03,0.14,INF179KB1HP9_HDFC Liquid Fund.xlsx,HDFCLI,146,True,Equity Candidate
HDFC Liquid Fund,INF179KB1HP9,,SBICap Securities Limited^,INE212K14EO8,Other,CRISIL - A1+,CRISIL - A1+,,2000.0,9874.79,0.14,INF179KB1HP9_HDFC Liquid Fund.xlsx,HDFCLI,147,True,Equity Candidate
HDFC Liquid Fund,INF179KB1HP9,,SBICap Securities Limited^,INE212K14EL4,Other,CRISIL - A1+,CRISIL - A1+,,2000.0,9968.8,0.14,INF179KB1HP9_HDFC Liquid Fund.xlsx,HDFCLI,148,True,Equity Candidate
HDFC Liquid Fund,INF179KB1HP9,,SBICap Securities Limited^,INE212K14EN0,Other,CRISIL - A1+,CRISIL - A1+,,2000.0,9950.54,0.14,INF179KB1HP9_HDFC Liquid Fund.xlsx,HDFCLI,149,True,Equity Candidate
HDFC Liquid Fund,INF179KB1HP9,,Sikka Port and Terminal Ltd.^,INE941D14774,Other,CRISIL - A1+,CRISIL - A1+,,2000.0,9921.77,0.14,INF179KB1HP9_HDFC Liquid Fund.xlsx,HDFCLI,150,True,Equity Candidate
HDFC Liquid Fund,INF179KB1HP9,,Canara Bank,INE476A16J41,Other,CRISIL - A1+,CRISIL - A1+,,1500.0,7500.0,0.11,INF179KB1HP9_HDFC Liquid Fund.xlsx,HDFCLI,52,True,Equity Candidate
HDFC Liquid Fund,INF179KB1HP9,,Small Industries Development Bank^,INE556F08KI9,Other,CRISIL - AAA,CRISIL - AAA,7.44,6000.0,6000.34,0.08,INF179KB1HP9_HDFC Liquid Fund.xlsx,HDFCLI,18,True,Equity Candidate
HDFC Liquid Fund,INF179KB1HP9,,91 Days TBILL MAT 051126^,IN002026X180,Government Security,Sovereign,Sovereign,,5777500.0,5724.03,0.08,INF179KB1HP9_HDFC Liquid Fund.xlsx,HDFCLI,164,False,Non-Equity
HDFC Liquid Fund,INF179KB1HP9,,Indian Railways Finance Corp. Ltd.^,INE053F08312,Other,CRISIL - AAA,CRISIL - AAA,7.41,5000.0,5004.35,0.07,INF179KB1HP9_HDFC Liquid Fund.xlsx,HDFCLI,19,True,Equity Candidate
HDFC Liquid Fund,INF179KB1HP9,,Punjab National Bank^,INE160A16UO1,Other,CRISIL - A1+,CRISIL - A1+,,1000.0,4999.19,0.07,INF179KB1HP9_HDFC Liquid Fund.xlsx,HDFCLI,53,True,Equity Candidate
HDFC Liquid Fund,INF179KB1HP9,,Small Industries Development Bank^,INE556F16BN1,Other,CRISIL - A1+,CRISIL - A1+,,1000.0,4951.95,0.07,INF179KB1HP9_HDFC Liquid Fund.xlsx,HDFCLI,54,True,Equity Candidate
HDFC Liquid Fund,INF179KB1HP9,,Aditya Birla Money Limited^,INE865C14QI6,Other,CRISIL - A1+,CRISIL - A1+,,1000.0,4998.19,0.07,INF179KB1HP9_HDFC Liquid Fund.xlsx,HDFCLI,151,True,Equity Candidate
HDFC Liquid Fund,INF179KB1HP9,,Grasim Industries Ltd.^,INE047A14BB2,Other,CRISIL - A1+,CRISIL - A1+,,1000.0,4985.54,0.07,INF179KB1HP9_HDFC Liquid Fund.xlsx,HDFCLI,152,True,Equity Candidate
HDFC Liquid Fund,INF179KB1HP9,,Tata Realty and Infrastructure Ltd.^,INE371K14DP1,Other,CRISIL - A1+,CRISIL - A1+,,1000.0,4997.43,0.07,INF179KB1HP9_HDFC Liquid Fund.xlsx,HDFCLI,153,True,Equity Candidate
HDFC Liquid Fund,INF179KB1HP9,,Axis Bank Ltd.^,INE238AD6CM8,Other,CRISIL - A1+,CRISIL - A1+,,500.0,2499.59,0.04,INF179KB1HP9_HDFC Liquid Fund.xlsx,HDFCLI,55,True,Equity Candidate
HDFC Liquid Fund,INF179KB1HP9,,Muthoot Finance Ltd.^,INE414G14UU1,Other,CRISIL - A1+,CRISIL - A1+,,600.0,2994.38,0.04,INF179KB1HP9_HDFC Liquid Fund.xlsx,HDFCLI,154,True,Equity Candidate
HDFC Liquid Fund,INF179KB1HP9,,Axis Bank Ltd.^,INE238AD6CD7,Other,CRISIL - A1+,CRISIL - A1+,,500.0,2496.26,0.03,INF179KB1HP9_HDFC Liquid Fund.xlsx,HDFCLI,56,True,Equity Candidate
HDFC Liquid Fund,INF179KB1HP9,,Small Industries Development Bank^,INE556F16BO9,Other,CARE - A1+,CARE - A1+,,500.0,2475.55,0.03,INF179KB1HP9_HDFC Liquid Fund.xlsx,HDFCLI,57,True,Equity Candidate
HDFC Liquid Fund,INF179KB1HP9,,364 Days TBILL MAT 170926^,IN002025Z252,Government Security,Sovereign,Sovereign,,2500000.0,2494.53,0.03,INF179KB1HP9_HDFC Liquid Fund.xlsx,HDFCLI,165,False,Non-Equity
HDFC Liquid Fund,INF179KB1HP9,,TREPS - Tri-party Repo,,Other,,,,,1537.48,0.02,INF179KB1HP9_HDFC Liquid Fund.xlsx,HDFCLI,167,False,Non-Equity
HDFC Liquid Fund,INF179KB1HP9,,7.49% Gujarat SDL Mat 280926^,IN1520220097,Government Security,Sovereign,Sovereign,7.49,500000.0,500.79,0.01,INF179KB1HP9_HDFC Liquid Fund.xlsx,HDFCLI,10,False,Other
HDFC Liquid Fund,INF179KB1HP9,,Net Current Assets,,Other,,,,,-69221.62,-1.04,INF179KB1HP9_HDFC Liquid Fund.xlsx,HDFCLI,176,False,Other
HDFC Liquid Fund,INF179KB1HP9,,,DEBT INSTRUMENTS,Other,,,,,,,INF179KB1HP9_HDFC Liquid Fund.xlsx,HDFCLI,6,False,Other
HDFC Liquid Fund,INF179KB1HP9,,,(A) LISTED / AWAITING LISTING ON STOCK EXCHANGES,Other,,,,,,,INF179KB1HP9_HDFC Liquid Fund.xlsx,HDFCLI,7,False,Other
HDFC Liquid Fund,INF179KB1HP9,,,GOVERNMENT SECURITIES (CENTRAL/STATE),Other,,,,,,,INF179KB1HP9_HDFC Liquid Fund.xlsx,HDFCLI,8,False,Other
HDFC Liquid Fund,INF179KB1HP9,,,NON-CONVERTIBLE DEBENTURES / BONDS,Other,,,,,,,INF179KB1HP9_HDFC Liquid Fund.xlsx,HDFCLI,11,False,Other
HDFC Liquid Fund,INF179KB1HP9,,,MONEY MARKET INSTRUMENTS,Other,,,,,,,INF179KB1HP9_HDFC Liquid Fund.xlsx,HDFCLI,22,False,Other
HDFC Liquid Fund,INF179KB1HP9,,,CERTIFICATE OF DEPOSIT (CD),Other,,,,,,,INF179KB1HP9_HDFC Liquid Fund.xlsx,HDFCLI,23,False,Other
HDFC Liquid Fund,INF179KB1HP9,,,COMMERCIAL PAPERS (CP),Other,,,,,,,INF179KB1HP9_HDFC Liquid Fund.xlsx,HDFCLI,58,False,Other
HDFC Liquid Fund,INF179KB1HP9,,,TREASURY BILLS,Other,,,,,,,INF179KB1HP9_HDFC Liquid Fund.xlsx,HDFCLI,155,False,Other
HDFC Liquid Fund,INF179KB1HP9,,,TREPS - TRI-PARTY REPO,Other,,,,,,,INF179KB1HP9_HDFC Liquid Fund.xlsx,HDFCLI,166,False,Other
HDFC Liquid Fund,INF179KB1HP9,,,REVERSE REPO,Other,,,,,,,INF179KB1HP9_HDFC Liquid Fund.xlsx,HDFCLI,168,False,Other
HDFC Liquid Fund,INF179KB1HP9,,,OTHERS,Other,,,,,,,INF179KB1HP9_HDFC Liquid Fund.xlsx,HDFCLI,172,False,Other
HDFC Liquid Fund,INF179KB1HP9,,,ALTERNATIVE INVESTMENT FUND UNITS,Other,,,,,,,INF179KB1HP9_HDFC Liquid Fund.xlsx,HDFCLI,173,False,Other
HDFC Liquid Fund,INF179KB1HP9,,,NET CURRENT ASSETS,Other,,,,,,,INF179KB1HP9_HDFC Liquid Fund.xlsx,HDFCLI,175,False,Other
HDFC Liquid Fund,INF179KB1HP9,,Top Ten Holdings,TOP TEN HOLDINGS,Other,Top Ten Holdings,Top Ten Holdings,,,,,INF179KB1HP9_HDFC Liquid Fund.xlsx,HDFCLI,180,False,Other
HDFC Liquid Fund,INF179KB1HP9,,+ Industry Classification as recommended by AMFI,+ INDUSTRY CLASSIFICATION AS RECOMMENDED BY AMFI,Other,+ Industry Classification as recommended by AMFI,+ Industry Classification as recommended by AMFI,,,,,INF179KB1HP9_HDFC Liquid Fund.xlsx,HDFCLI,181,False,Other
HDFC Liquid Fund,INF179KB1HP9,,£ - Sponsor Company,£ - SPONSOR COMPANY,Other,£ - Sponsor Company,£ - Sponsor Company,,,,,INF179KB1HP9_HDFC Liquid Fund.xlsx,HDFCLI,182,False,Other
HDFC Liquid Fund,INF179KB1HP9,,"** Thinly Traded/ Non-Traded Securities (Equity) as on August 31, 2026","** THINLY TRADED/ NON-TRADED SECURITIES (EQUITY) AS ON AUGUST 31, 2026",Equity,"** Thinly Traded/ Non-Traded Securities (Equity) as on August 31, 2026","** Thinly Traded/ Non-Traded Securities (Equity) as on August 31, 2026",31.0,31.0,,,INF179KB1HP9_HDFC Liquid Fund.xlsx,HDFCLI,183,False,Other
HDFC Liquid Fund,INF179KB1HP9,,"^ Non-Traded Securities (Debt) as on August 31, 2026","^ NON-TRADED SECURITIES (DEBT) AS ON AUGUST 31, 2026",Other,"^ Non-Traded Securities (Debt) as on August 31, 2026","^ Non-Traded Securities (Debt) as on August 31, 2026",31.0,31.0,,,INF179KB1HP9_HDFC Liquid Fund.xlsx,HDFCLI,184,False,Other
HDFC Liquid Fund,INF179KB1HP9,,# Non Sensex Scrips,# NON SENSEX SCRIPS,Other,# Non Sensex Scrips,# Non Sensex Scrips,,,,,INF179KB1HP9_HDFC Liquid Fund.xlsx,HDFCLI,185,False,Other
HDFC Liquid Fund,INF179KB1HP9,,@ Less than 0.01%.,@ LESS THAN 0.01%.,Other,@ Less than 0.01%.,@ Less than 0.01%.,0.01,0.01,,,INF179KB1HP9_HDFC Liquid Fund.xlsx,HDFCLI,186,False,Other
HDFC Liquid Fund,INF179KB1HP9,,~ YTC i.e. Yield to Call is disclosed at security level only for Additional Tier 1 Bonds and Tier 2 Bonds issued by Banks as per AMFI Best Practices Notification 135/BP/91/2020-21 read with SEBI circular SEBI/HO/IMD/DF4/CIR/P/2021/034,~ YTC I.E. YIELD TO CALL IS DISCLOSED AT SECURITY LEVEL ONLY FOR ADDITIONAL TIER 1 BONDS AND TIER 2 BONDS ISSUED BY BANKS AS PER AMFI BEST PRACTICES NOTIFICATION 135/BP/91/2020-21 READ WITH SEBI CIRCULAR SEBI/HO/IMD/DF4/CIR/P/2021/034,Debt,~ YTC i.e. Yield to Call is disclosed at security level only for Additional Tier 1 Bonds and Tier 2 Bonds issued by Banks as per AMFI Best Practices Notification 135/BP/91/2020-21 read with SEBI circular SEBI/HO/IMD/DF4/CIR/P/2021/034,~ YTC i.e. Yield to Call is disclosed at security level only for Additional Tier 1 Bonds and Tier 2 Bonds issued by Banks as per AMFI Best Practices Notification 135/BP/91/2020-21 read with SEBI circular SEBI/HO/IMD/DF4/CIR/P/2021/034,1.0,1.0,,,INF179KB1HP9_HDFC Liquid Fund.xlsx,HDFCLI,187,False,Non-Equity
HDFC Liquid Fund,INF179KB1HP9,,,PORTFOLIO CLASSIFICATION BY ASSET CLASS(%),Other,,,,,,,INF179KB1HP9_HDFC Liquid Fund.xlsx,HDFCLI,188,False,Other
HDFC Liquid Fund,INF179KB1HP9,,0.28,ALTERNATIVE INVESTMENT FUND UNITS,Other,,,,,,,INF179KB1HP9_HDFC Liquid Fund.xlsx,HDFCLI,189,False,Other
HDFC Liquid Fund,INF179KB1HP9,,16.599999999999998,"G-SEC, SDL, T-BILLS",Other,,,,,,,INF179KB1HP9_HDFC Liquid Fund.xlsx,HDFCLI,190,False,Other
HDFC Liquid Fund,INF179KB1HP9,,56.25000000000003,CP,Other,,,,,,,INF179KB1HP9_HDFC Liquid Fund.xlsx,HDFCLI,191,False,Other
HDFC Liquid Fund,INF179KB1HP9,,22.529999999999998,CD,Other,,,,,,,INF179KB1HP9_HDFC Liquid Fund.xlsx,HDFCLI,192,False,Other
HDFC Liquid Fund,INF179KB1HP9,,3.1000000000000005,CREDIT EXPOSURE,Other,,,,,,,INF179KB1HP9_HDFC Liquid Fund.xlsx,HDFCLI,193,False,Other
HDFC Liquid Fund,INF179KB1HP9,,1.2399999999999998,"CASH, CASH EQUIVALENTS AND NET CURRENT ASSETS",Other,,,,,,,INF179KB1HP9_HDFC Liquid Fund.xlsx,HDFCLI,194,False,Other
HDFC Liquid Fund,INF179KB1HP9,,,PORTFOLIO CLASSIFICATION BY RATING CLASS(%),Other,,,,,,,INF179KB1HP9_HDFC Liquid Fund.xlsx,HDFCLI,195,False,Other
HDFC Liquid Fund,INF179KB1HP9,,0.28,ALTERNATIVE INVESTMENT FUND UNITS,Other,,,,,,,INF179KB1HP9_HDFC Liquid Fund.xlsx,HDFCLI,196,False,Other
HDFC Liquid Fund,INF179KB1HP9,,16.599999999999998,SOVEREIGN,Other,,,,,,,INF179KB1HP9_HDFC Liquid Fund.xlsx,HDFCLI,197,False,Other
HDFC Liquid Fund,INF179KB1HP9,,81.88000000000001,AAA/AAA(SO)/A1+/A1+(SO) & EQUIVALENT,Other,,,,,,,INF179KB1HP9_HDFC Liquid Fund.xlsx,HDFCLI,198,False,Other
HDFC Liquid Fund,INF179KB1HP9,,1.2399999999999998,"CASH, CASH EQUIVALENTS AND NET CURRENT ASSETS",Other,,,,,,,INF179KB1HP9_HDFC Liquid Fund.xlsx,HDFCLI,199,False,Other
HDFC Liquid Fund,INF179KB1HP9,,,NOTES :,Other,,,,,,,INF179KB1HP9_HDFC Liquid Fund.xlsx,HDFCLI,200,False,Other
HDFC Liquid Fund,INF179KB1HP9,,,1) NAV HISTORY,Other,,,,,,,INF179KB1HP9_HDFC Liquid Fund.xlsx,HDFCLI,201,False,Other
HDFC Liquid Fund,INF179KB1HP9,,"July 31, 2026",NAVS PER UNIT (RS.),Other,,,31.0,,,,INF179KB1HP9_HDFC Liquid Fund.xlsx,HDFCLI,202,False,Other
HDFC Liquid Fund,INF179KB1HP9,,1019.82,DAILY IDCW OPTION,Other,,,1019.82,,,,INF179KB1HP9_HDFC Liquid Fund.xlsx,HDFCLI,203,False,Other
HDFC Liquid Fund,INF179KB1HP9,,1019.82,DIRECT PLAN - DAILY IDCW OPTION,Other,,,1019.82,,,,INF179KB1HP9_HDFC Liquid Fund.xlsx,HDFCLI,204,False,Other
HDFC Liquid Fund,INF179KB1HP9,,1031.7612,WEEKLY IDCW OPTION,Other,,,1032.3201,,,,INF179KB1HP9_HDFC Liquid Fund.xlsx,HDFCLI,205,False,Other
HDFC Liquid Fund,INF179KB1HP9,,1031.7746,DIRECT PLAN - WEEKLY IDCW OPTION,Other,,,1032.3389,,,,INF179KB1HP9_HDFC Liquid Fund.xlsx,HDFCLI,206,False,Other
HDFC Liquid Fund,INF179KB1HP9,,1027.0282,MONTHLY IDCW OPTION,Other,,,1032.5005,,,,INF179KB1HP9_HDFC Liquid Fund.xlsx,HDFCLI,207,False,Other
HDFC Liquid Fund,INF179KB1HP9,,1027.0416,DIRECT PLAN - MONTHLY IDCW OPTION,Other,,,1032.6082,,,,INF179KB1HP9_HDFC Liquid Fund.xlsx,HDFCLI,208,False,Other
HDFC Liquid Fund,INF179KB1HP9,,5471.7604,GROWTH OPTION,Other,,,5500.9166,,,,INF179KB1HP9_HDFC Liquid Fund.xlsx,HDFCLI,209,False,Other
HDFC Liquid Fund,INF179KB1HP9,,5536.3932,DIRECT PLAN - GROWTH OPTION,Other,,,5566.4001,,,,INF179KB1HP9_HDFC Liquid Fund.xlsx,HDFCLI,210,False,Other
HDFC Liquid Fund,INF179KB1HP9,,,"DIVIDEND HISTORY - DIVIDEND DECLARED DURING THE MONTH ENDED AUGUST 31, 2026 :",Other,,,,,,,INF179KB1HP9_HDFC Liquid Fund.xlsx,HDFCLI,211,False,Other
HDFC Liquid Fund,INF179KB1HP9,,Nav as on Record Date,PLAN NAME,Other,Individuals and HUF,Individuals and HUF,,,,,INF179KB1HP9_HDFC Liquid Fund.xlsx,HDFCLI,213,False,Other
HDFC Liquid Fund,INF179KB1HP9,,1019.82,DAILY IDCW OPTION,Other,5.343,5.343,-2026.0,5.343,,,INF179KB1HP9_HDFC Liquid Fund.xlsx,HDFCLI,214,False,Other
HDFC Liquid Fund,INF179KB1HP9,,1019.82,DIRECT PLAN - DAILY IDCW OPTION,Other,5.4318,5.4318,-2026.0,5.4318,,,INF179KB1HP9_HDFC Liquid Fund.xlsx,HDFCLI,215,False,Other
HDFC Liquid Fund,INF179KB1HP9,,1032.6082,DIRECT PLAN - MONTHLY IDCW OPTION,Other,6.3082,6.3082,31.0,6.3082,,,INF179KB1HP9_HDFC Liquid Fund.xlsx,HDFCLI,216,False,Other
HDFC Liquid Fund,INF179KB1HP9,,1032.3776,DIRECT PLAN - WEEKLY IDCW OPTION,Other,1.3476,1.3476,3.0,1.3476,,,INF179KB1HP9_HDFC Liquid Fund.xlsx,HDFCLI,217,False,Other
HDFC Liquid Fund,INF179KB1HP9,,1032.4173,DIRECT PLAN - WEEKLY IDCW OPTION,Other,1.3873,1.3873,10.0,1.3873,,,INF179KB1HP9_HDFC Liquid Fund.xlsx,HDFCLI,218,False,Other
HDFC Liquid Fund,INF179KB1HP9,,1032.2207,DIRECT PLAN - WEEKLY IDCW OPTION,Other,1.1907,1.1907,17.0,1.1907,,,INF179KB1HP9_HDFC Liquid Fund.xlsx,HDFCLI,219,False,Other
HDFC Liquid Fund,INF179KB1HP9,,1032.1176,DIRECT PLAN - WEEKLY IDCW OPTION,Other,1.0876,1.0876,24.0,1.0876,,,INF179KB1HP9_HDFC Liquid Fund.xlsx,HDFCLI,220,False,Other
HDFC Liquid Fund,INF179KB1HP9,,1032.3389,DIRECT PLAN - WEEKLY IDCW OPTION,Other,1.3089,1.3089,31.0,1.3089,,,INF179KB1HP9_HDFC Liquid Fund.xlsx,HDFCLI,221,False,Other
HDFC Liquid Fund,INF179KB1HP9,,1032.5005,MONTHLY IDCW OPTION,Other,6.2005,6.2005,31.0,6.2005,,,INF179KB1HP9_HDFC Liquid Fund.xlsx,HDFCLI,222,False,Other
HDFC Liquid Fund,INF179KB1HP9,,1032.3542,WEEKLY IDCW OPTION,Other,1.3243,1.3243,3.0,1.3243,,,INF179KB1HP9_HDFC Liquid Fund.xlsx,HDFCLI,223,False,Other
HDFC Liquid Fund,INF179KB1HP9,,1032.3937,WEEKLY IDCW OPTION,Other,1.3637,1.3637,10.0,1.3637,,,INF179KB1HP9_HDFC Liquid Fund.xlsx,HDFCLI,224,False,Other
HDFC Liquid Fund,INF179KB1HP9,,1032.1974,WEEKLY IDCW OPTION,Other,1.1674,1.1674,17.0,1.1674,,,INF179KB1HP9_HDFC Liquid Fund.xlsx,HDFCLI,225,False,Other
HDFC Liquid Fund,INF179KB1HP9,,1032.0988,WEEKLY IDCW OPTION,Other,1.0688,1.0688,24.0,1.0688,,,INF179KB1HP9_HDFC Liquid Fund.xlsx,HDFCLI,226,False,Other
HDFC Liquid Fund,INF179KB1HP9,,1032.3201,WEEKLY IDCW OPTION,Other,1.2901,1.2901,31.0,1.2901,,,INF179KB1HP9_HDFC Liquid Fund.xlsx,HDFCLI,227,False,Other
HDFC Liquid Fund,INF179KB1HP9,,,"BONUS HISTORY - BONUS DECLARED DURING THE MONTH ENDED AUGUST 31, 2026: NIL",Other,,,,,,,INF179KB1HP9_HDFC Liquid Fund.xlsx,HDFCLI,228,False,Other
HDFC Liquid Fund,INF179KB1HP9,,,2) TOTAL BELOW INVESTMENT GRADE OR DEFAULT PROVIDED FOR AND ITS PERCENTAGE TO NAV : NIL,Other,,,,,,,INF179KB1HP9_HDFC Liquid Fund.xlsx,HDFCLI,229,False,Other
HDFC Liquid Fund,INF179KB1HP9,,,3) TOTAL INVESTMENTS IN FOREIGN SECURITIES / OVERSEAS ETFS / ADRS / GDRS : NIL,Other,,,,,,,INF179KB1HP9_HDFC Liquid Fund.xlsx,HDFCLI,230,False,Other
HDFC Liquid Fund,INF179KB1HP9,,,4) REPO IN CORPORATE DEBT : NIL,Other,,,,,,,INF179KB1HP9_HDFC Liquid Fund.xlsx,HDFCLI,231,False,Other
HDFC Liquid Fund,INF179KB1HP9,,Trade date,COUNTERPARTY,Other,Maturity date,Maturity date,,,,,INF179KB1HP9_HDFC Liquid Fund.xlsx,HDFCLI,232,False,Other
HDFC Liquid Fund,INF179KB1HP9,,2026-08-13 00:00:00,AMC REPO CLEARING LIMITED,Other,2026-08-14 00:00:00,2026-08-14 00:00:00,39994.2,0.0051725708734494,,,INF179KB1HP9_HDFC Liquid Fund.xlsx,HDFCLI,233,False,Other
HDFC Liquid Fund,INF179KB1HP9,,,"5) TOTAL OUTSTANDING EXPOSURE IN DERIVATIVE INSTRUMENTS AS ON AUG 31, 2026 : NIL",Other,,,,,,,INF179KB1HP9_HDFC Liquid Fund.xlsx,HDFCLI,234,False,Other
HDFC Liquid Fund,INF179KB1HP9,,,6) ANNUALISED PORTFOLIO YTM : 6.23%,Other,,,,,,,INF179KB1HP9_HDFC Liquid Fund.xlsx,HDFCLI,235,False,Other
HDFC Liquid Fund,INF179KB1HP9,,,7) MACAULAY DURATION : 34.6 DAYS,Other,,,,,,,INF179KB1HP9_HDFC Liquid Fund.xlsx,HDFCLI,236,False,Other
HDFC Liquid Fund,INF179KB1HP9,,,8) RESIDUAL MATURITY (AVERAGE PORTFOLIO MATURITY-OTHER THAN EQUITY INVESTMENTS) : 35.61 DAYS,Other,,,,,,,INF179KB1HP9_HDFC Liquid Fund.xlsx,HDFCLI,237,False,Other
HDFC Liquid Fund,INF179KB1HP9,,,9) IDCW STANDS FOR INCOME DISTRIBUTION CUM CAPITAL WITHDRAWAL,Other,,,,,,,INF179KB1HP9_HDFC Liquid Fund.xlsx,HDFCLI,238,False,Other
HDFC Liquid Fund,INF179KB1HP9,,,"10) RISKOMETER BASED ON SCHEME PORTFOLIO AND PORTFOLIO BENCHMARK ""CRISIL LIQUID DEBT A-I INDEX"" AS ON AUG 31, 2026",Other,,,,,,,INF179KB1HP9_HDFC Liquid Fund.xlsx,HDFCLI,239,False,Other
HDFC Liquid Fund,INF179KB1HP9,,,11) PLEASE FOLLOW THIS LINK FOR SCHEME PERFORMANCES: HTTPS://WWW.HDFCFUND.COM/STATUTORY-DISCLOSURE/SCHEME-PERFORMANCE,Other,,,,,,,INF179KB1HP9_HDFC Liquid Fund.xlsx,HDFCLI,240,False,Other
HDFC Liquid Fund,INF179KB1HP9,,,SCHEME RISKOMETER:,Other,,,,,,,INF179KB1HP9_HDFC Liquid Fund.xlsx,HDFCLI,241,False,Other
HDFC Liquid Fund,INF179KB1HP9,,,BENCHMARK RISKOMETER:,Other,,,,,,,INF179KB1HP9_HDFC Liquid Fund.xlsx,HDFCLI,242,False,Other
HDFC Retirement Fund - Equity Plan,INF179KB1MF0,,ICICI Bank Ltd.,INE090A01021,Other,Banks,Banks,,3700000.0,53798.0,7.69,INF179KB1MF0_HDFC Retirement Fund - Equity Plan.xlsx,HDFCRETEQP,9,True,Equity Candidate
HDFC Retirement Fund - Equity Plan,INF179KB1MF0,,HDFC Bank Ltd.£,INE040A01034,Other,Banks,Banks,,6500000.0,46085.0,6.59,INF179KB1MF0_HDFC Retirement Fund - Equity Plan.xlsx,HDFCRETEQP,10,True,Equity Candidate
HDFC Retirement Fund - Equity Plan,INF179KB1MF0,,TREPS - Tri-party Repo,,Other,,,,,34394.12,4.92,INF179KB1MF0_HDFC Retirement Fund - Equity Plan.xlsx,HDFCRETEQP,86,False,Non-Equity
HDFC Retirement Fund - Equity Plan,INF179KB1MF0,,Reliance Industries Ltd.,INE002A01018,Other,Petroleum Products,Petroleum Products,,2600000.0,33202.0,4.74,INF179KB1MF0_HDFC Retirement Fund - Equity Plan.xlsx,HDFCRETEQP,11,True,Equity Candidate
HDFC Retirement Fund - Equity Plan,INF179KB1MF0,,Axis Bank Ltd.,INE238A01034,Other,Banks,Banks,,2400000.0,31200.0,4.46,INF179KB1MF0_HDFC Retirement Fund - Equity Plan.xlsx,HDFCRETEQP,12,True,Equity Candidate
HDFC Retirement Fund - Equity Plan,INF179KB1MF0,,Kotak Mahindra Bank Limited,INE237A01036,Other,Banks,Banks,,7000000.0,29358.0,4.2,INF179KB1MF0_HDFC Retirement Fund - Equity Plan.xlsx,HDFCRETEQP,13,True,Equity Candidate
HDFC Retirement Fund - Equity Plan,INF179KB1MF0,,Maruti Suzuki India Limited,INE585B01010,Other,Automobiles,Automobiles,,158387.0,21456.69,3.07,INF179KB1MF0_HDFC Retirement Fund - Equity Plan.xlsx,HDFCRETEQP,14,True,Equity Candidate
HDFC Retirement Fund - Equity Plan,INF179KB1MF0,,State Bank of India,INE062A01020,Other,Banks,Banks,,2000000.0,21200.0,3.03,INF179KB1MF0_HDFC Retirement Fund - Equity Plan.xlsx,HDFCRETEQP,15,True,Equity Candidate
HDFC Retirement Fund - Equity Plan,INF179KB1MF0,,Bharti Airtel Ltd.,INE397D01024,Other,Telecom - Services,Telecom - Services,,1000000.0,18119.0,2.59,INF179KB1MF0_HDFC Retirement Fund - Equity Plan.xlsx,HDFCRETEQP,16,True,Equity Candidate
HDFC Retirement Fund - Equity Plan,INF179KB1MF0,,Infosys Limited,INE009A01021,Other,IT - Software,IT - Software,,1500000.0,17007.0,2.43,INF179KB1MF0_HDFC Retirement Fund - Equity Plan.xlsx,HDFCRETEQP,17,True,Equity Candidate
HDFC Retirement Fund - Equity Plan,INF179KB1MF0,,Tata Consultancy Services Ltd.,INE467B01029,Other,IT - Software,IT - Software,,700000.0,16795.1,2.4,INF179KB1MF0_HDFC Retirement Fund - Equity Plan.xlsx,HDFCRETEQP,18,True,Equity Candidate
HDFC Retirement Fund - Equity Plan,INF179KB1MF0,,Larsen and Toubro Ltd.,INE018A01030,Other,Construction,Construction,,400000.0,16179.6,2.31,INF179KB1MF0_HDFC Retirement Fund - Equity Plan.xlsx,HDFCRETEQP,19,True,Equity Candidate
HDFC Retirement Fund - Equity Plan,INF179KB1MF0,,Dr. Lal Path Labs Ltd,INE600L01024,Other,Healthcare Services,Healthcare Services,,700000.0,13542.2,1.94,INF179KB1MF0_HDFC Retirement Fund - Equity Plan.xlsx,HDFCRETEQP,20,True,Equity Candidate
HDFC Retirement Fund - Equity Plan,INF179KB1MF0,,HCL Technologies Ltd.,INE860A01027,Other,IT - Software,IT - Software,,1000000.0,13122.0,1.88,INF179KB1MF0_HDFC Retirement Fund - Equity Plan.xlsx,HDFCRETEQP,21,True,Equity Candidate
HDFC Retirement Fund - Equity Plan,INF179KB1MF0,,InterGlobe Aviation Ltd.,INE646L01027,Other,Transport Services,Transport Services,,250000.0,13085.0,1.87,INF179KB1MF0_HDFC Retirement Fund - Equity Plan.xlsx,HDFCRETEQP,22,True,Equity Candidate
HDFC Retirement Fund - Equity Plan,INF179KB1MF0,,Eicher Motors Ltd.,INE066A01021,Other,Automobiles,Automobiles,,150000.0,11930.25,1.7,INF179KB1MF0_HDFC Retirement Fund - Equity Plan.xlsx,HDFCRETEQP,23,True,Equity Candidate
HDFC Retirement Fund - Equity Plan,INF179KB1MF0,,Power Grid Corporation of India Ltd.,INE752E01010,Other,Power,Power,,4500000.0,11859.75,1.69,INF179KB1MF0_HDFC Retirement Fund - Equity Plan.xlsx,HDFCRETEQP,24,True,Equity Candidate
HDFC Retirement Fund - Equity Plan,INF179KB1MF0,,ICICI Lombard General Insurance Co,INE765G01017,Other,Insurance,Insurance,,700000.0,10968.3,1.57,INF179KB1MF0_HDFC Retirement Fund - Equity Plan.xlsx,HDFCRETEQP,25,True,Equity Candidate
HDFC Retirement Fund - Equity Plan,INF179KB1MF0,,Eternal Limited,INE758T01015,Other,Retailing,Retailing,,3000000.0,9843.0,1.41,INF179KB1MF0_HDFC Retirement Fund - Equity Plan.xlsx,HDFCRETEQP,26,True,Equity Candidate
HDFC Retirement Fund - Equity Plan,INF179KB1MF0,,Max Financial Services Ltd.,INE180A01020,Other,Insurance,Insurance,,600000.0,9438.6,1.35,INF179KB1MF0_HDFC Retirement Fund - Equity Plan.xlsx,HDFCRETEQP,27,True,Equity Candidate
HDFC Retirement Fund - Equity Plan,INF179KB1MF0,,Havells India Ltd.,INE176B01034,Other,Consumer Durables,Consumer Durables,,700000.0,8708.7,1.24,INF179KB1MF0_HDFC Retirement Fund - Equity Plan.xlsx,HDFCRETEQP,28,True,Equity Candidate
HDFC Retirement Fund - Equity Plan,INF179KB1MF0,,Alkem Laboratories Ltd.,INE540L01014,Other,Pharmaceuticals & Biotechnology,Pharmaceuticals & Biotechnology,,160000.0,8527.2,1.22,INF179KB1MF0_HDFC Retirement Fund - Equity Plan.xlsx,HDFCRETEQP,29,True,Equity Candidate
HDFC Retirement Fund - Equity Plan,INF179KB1MF0,,ITC LIMITED,INE154A01025,Other,Diversified FMCG,Diversified FMCG,,3300000.0,8431.5,1.2,INF179KB1MF0_HDFC Retirement Fund - Equity Plan.xlsx,HDFCRETEQP,30,True,Equity Candidate
HDFC Retirement Fund - Equity Plan,INF179KB1MF0,,Jindal Steel Limited.,INE749A01030,Other,Ferrous Metals,Ferrous Metals,,700000.0,8350.3,1.19,INF179KB1MF0_HDFC Retirement Fund - Equity Plan.xlsx,HDFCRETEQP,31,True,Equity Candidate
HDFC Retirement Fund - Equity Plan,INF179KB1MF0,,NTPC Limited,INE733E01010,Other,Power,Power,,2500000.0,8185.0,1.17,INF179KB1MF0_HDFC Retirement Fund - Equity Plan.xlsx,HDFCRETEQP,32,True,Equity Candidate
HDFC Retirement Fund - Equity Plan,INF179KB1MF0,,HDFC Life Insurance Company Limited,INE795G01014,Other,Insurance,Insurance,,1500000.0,8150.25,1.16,INF179KB1MF0_HDFC Retirement Fund - Equity Plan.xlsx,HDFCRETEQP,33,True,Equity Candidate
HDFC Retirement Fund - Equity Plan,INF179KB1MF0,,Divis Laboratories Ltd.,INE361B01024,Other,Pharmaceuticals & Biotechnology,Pharmaceuticals & Biotechnology,,80000.0,7573.6,1.08,INF179KB1MF0_HDFC Retirement Fund - Equity Plan.xlsx,HDFCRETEQP,34,True,Equity Candidate
HDFC Retirement Fund - Equity Plan,INF179KB1MF0,,Creditaccess Grameen Limited,INE741K01010,Other,Finance,Finance,,550000.0,7499.25,1.07,INF179KB1MF0_HDFC Retirement Fund - Equity Plan.xlsx,HDFCRETEQP,35,True,Equity Candidate
HDFC Retirement Fund - Equity Plan,INF179KB1MF0,,United Spirits Limited,INE854D01024,Other,Beverages,Beverages,,500000.0,7450.0,1.06,INF179KB1MF0_HDFC Retirement Fund - Equity Plan.xlsx,HDFCRETEQP,36,True,Equity Candidate
HDFC Retirement Fund - Equity Plan,INF179KB1MF0,,Bajaj Auto Limited,INE917I01010,Other,Automobiles,Automobiles,,60000.0,7278.0,1.04,INF179KB1MF0_HDFC Retirement Fund - Equity Plan.xlsx,HDFCRETEQP,37,True,Equity Candidate
HDFC Retirement Fund - Equity Plan,INF179KB1MF0,,Delhivery Limited,INE148O01028,Other,Transport Services,Transport Services,,1600000.0,7299.2,1.04,INF179KB1MF0_HDFC Retirement Fund - Equity Plan.xlsx,HDFCRETEQP,38,True,Equity Candidate
HDFC Retirement Fund - Equity Plan,INF179KB1MF0,,Apollo Hospitals Enterprise Ltd.,INE437A01024,Other,Healthcare Services,Healthcare Services,,75000.0,6673.88,0.95,INF179KB1MF0_HDFC Retirement Fund - Equity Plan.xlsx,HDFCRETEQP,39,True,Equity Candidate
HDFC Retirement Fund - Equity Plan,INF179KB1MF0,,Hyundai Motor India Limited,INE0V6F01027,Other,Automobiles,Automobiles,,300000.0,6615.0,0.95,INF179KB1MF0_HDFC Retirement Fund - Equity Plan.xlsx,HDFCRETEQP,40,True,Equity Candidate
HDFC Retirement Fund - Equity Plan,INF179KB1MF0,,HDFC NIFTY 50 ETF,INF179KC1965,ETF,,,,2420000.0,6579.01,0.94,INF179KB1MF0_HDFC Retirement Fund - Equity Plan.xlsx,HDFCRETEQP,91,False,Other
HDFC Retirement Fund - Equity Plan,INF179KB1MF0,,Tata Steel Ltd.,INE081A01020,Other,Ferrous Metals,Ferrous Metals,,3500000.0,6452.25,0.92,INF179KB1MF0_HDFC Retirement Fund - Equity Plan.xlsx,HDFCRETEQP,41,True,Equity Candidate
HDFC Retirement Fund - Equity Plan,INF179KB1MF0,,Crisil Limited,INE007A01025,Other,Finance,Finance,,130000.0,6268.34,0.9,INF179KB1MF0_HDFC Retirement Fund - Equity Plan.xlsx,HDFCRETEQP,42,True,Equity Candidate
HDFC Retirement Fund - Equity Plan,INF179KB1MF0,,Hindustan Petroleum Corp. Ltd.,INE094A01015,Other,Petroleum Products,Petroleum Products,,1700000.0,6217.75,0.89,INF179KB1MF0_HDFC Retirement Fund - Equity Plan.xlsx,HDFCRETEQP,43,True,Equity Candidate
HDFC Retirement Fund - Equity Plan,INF179KB1MF0,,PVR LIMITED,INE191H01014,Other,Entertainment,Entertainment,,500000.0,6038.5,0.86,INF179KB1MF0_HDFC Retirement Fund - Equity Plan.xlsx,HDFCRETEQP,44,True,Equity Candidate
HDFC Retirement Fund - Equity Plan,INF179KB1MF0,,Transport Corporation of India Ltd.,INE688A01022,Other,Transport Services,Transport Services,,679460.0,5897.71,0.84,INF179KB1MF0_HDFC Retirement Fund - Equity Plan.xlsx,HDFCRETEQP,45,True,Equity Candidate
HDFC Retirement Fund - Equity Plan,INF179KB1MF0,,Balkrishna Industries Ltd.,INE787D01026,Other,Auto Components,Auto Components,,250000.0,5698.0,0.81,INF179KB1MF0_HDFC Retirement Fund - Equity Plan.xlsx,HDFCRETEQP,46,True,Equity Candidate
HDFC Retirement Fund - Equity Plan,INF179KB1MF0,,Kalpataru Projects International Ltd,INE220B01022,Other,Construction,Construction,,400000.0,5603.6,0.8,INF179KB1MF0_HDFC Retirement Fund - Equity Plan.xlsx,HDFCRETEQP,47,True,Equity Candidate
HDFC Retirement Fund - Equity Plan,INF179KB1MF0,,Chalet Hotels Ltd.,INE427F01016,Other,Leisure Services,Leisure Services,,600000.0,5423.7,0.78,INF179KB1MF0_HDFC Retirement Fund - Equity Plan.xlsx,HDFCRETEQP,48,True,Equity Candidate
HDFC Retirement Fund - Equity Plan,INF179KB1MF0,,Voltamp Transformers Ltd.,INE540H01012,Other,Electrical Equipment,Electrical Equipment,,50000.0,5454.25,0.78,INF179KB1MF0_HDFC Retirement Fund - Equity Plan.xlsx,HDFCRETEQP,49,True,Equity Candidate
HDFC Retirement Fund - Equity Plan,INF179KB1MF0,,Redington Ltd.,INE891D01026,Other,Commercial Services & Supplies,Commercial Services & Supplies,,1500000.0,5366.25,0.77,INF179KB1MF0_HDFC Retirement Fund - Equity Plan.xlsx,HDFCRETEQP,50,True,Equity Candidate
HDFC Retirement Fund - Equity Plan,INF179KB1MF0,,Cipla Ltd.,INE059A01026,Other,Pharmaceuticals & Biotechnology,Pharmaceuticals & Biotechnology,,375000.0,5284.5,0.76,INF179KB1MF0_HDFC Retirement Fund - Equity Plan.xlsx,HDFCRETEQP,51,True,Equity Candidate
HDFC Retirement Fund - Equity Plan,INF179KB1MF0,,Gland Pharma Ltd.,INE068V01023,Other,Pharmaceuticals & Biotechnology,Pharmaceuticals & Biotechnology,,175000.0,5050.15,0.72,INF179KB1MF0_HDFC Retirement Fund - Equity Plan.xlsx,HDFCRETEQP,52,True,Equity Candidate
HDFC Retirement Fund - Equity Plan,INF179KB1MF0,,Godrej Consumer Products Ltd.,INE102D01028,Other,Personal Products,Personal Products,,550000.0,4957.15,0.71,INF179KB1MF0_HDFC Retirement Fund - Equity Plan.xlsx,HDFCRETEQP,53,True,Equity Candidate
HDFC Retirement Fund - Equity Plan,INF179KB1MF0,,Blue Dart Express Ltd.,INE233B01017,Other,Transport Services,Transport Services,,100000.0,4924.0,0.7,INF179KB1MF0_HDFC Retirement Fund - Equity Plan.xlsx,HDFCRETEQP,54,True,Equity Candidate
HDFC Retirement Fund - Equity Plan,INF179KB1MF0,,Lupin Ltd.,INE326A01037,Other,Pharmaceuticals & Biotechnology,Pharmaceuticals & Biotechnology,,225000.0,4923.9,0.7,INF179KB1MF0_HDFC Retirement Fund - Equity Plan.xlsx,HDFCRETEQP,55,True,Equity Candidate
HDFC Retirement Fund - Equity Plan,INF179KB1MF0,,Prestige Estates Projects Ltd.,INE811K01011,Other,Realty,Realty,,300000.0,4899.0,0.7,INF179KB1MF0_HDFC Retirement Fund - Equity Plan.xlsx,HDFCRETEQP,56,True,Equity Candidate
HDFC Retirement Fund - Equity Plan,INF179KB1MF0,,The Ramco Cements Ltd.,INE331A01037,Other,Cement & Cement Products,Cement & Cement Products,,550000.0,4837.53,0.69,INF179KB1MF0_HDFC Retirement Fund - Equity Plan.xlsx,HDFCRETEQP,57,True,Equity Candidate
HDFC Retirement Fund - Equity Plan,INF179KB1MF0,,JSW Dulux Limited,INE133A01011,Other,Consumer Durables,Consumer Durables,,150000.0,4746.75,0.68,INF179KB1MF0_HDFC Retirement Fund - Equity Plan.xlsx,HDFCRETEQP,58,True,Equity Candidate
HDFC Retirement Fund - Equity Plan,INF179KB1MF0,,Star Health and Allied Insurance Company Ltd,INE575P01011,Other,Insurance,Insurance,,750000.0,4258.13,0.61,INF179KB1MF0_HDFC Retirement Fund - Equity Plan.xlsx,HDFCRETEQP,59,True,Equity Candidate
HDFC Retirement Fund - Equity Plan,INF179KB1MF0,,PB Fintech Limited,INE417T01026,Other,Financial Technology (Fintech),Financial Technology (Fintech),,225000.0,4218.75,0.6,INF179KB1MF0_HDFC Retirement Fund - Equity Plan.xlsx,HDFCRETEQP,60,True,Equity Candidate
HDFC Retirement Fund - Equity Plan,INF179KB1MF0,,Embassy Office Parks REIT,INE041025011,REIT/InvIT,Realty,Realty,,913116.0,4003.83,0.57,INF179KB1MF0_HDFC Retirement Fund - Equity Plan.xlsx,HDFCRETEQP,81,True,Equity Candidate
HDFC Retirement Fund - Equity Plan,INF179KB1MF0,,Timken India Ltd.,INE325A01013,Other,Industrial Products,Industrial Products,,121274.0,3819.65,0.55,INF179KB1MF0_HDFC Retirement Fund - Equity Plan.xlsx,HDFCRETEQP,61,True,Equity Candidate
HDFC Retirement Fund - Equity Plan,INF179KB1MF0,,Gateway Distriparks Limited,INE079J01017,Other,Transport Services,Transport Services,,7000000.0,3765.3,0.54,INF179KB1MF0_HDFC Retirement Fund - Equity Plan.xlsx,HDFCRETEQP,62,True,Equity Candidate
HDFC Retirement Fund - Equity Plan,INF179KB1MF0,,Zensar Technologies Ltd.,INE520A01027,Other,IT - Software,IT - Software,,800000.0,3682.8,0.53,INF179KB1MF0_HDFC Retirement Fund - Equity Plan.xlsx,HDFCRETEQP,63,True,Equity Candidate
HDFC Retirement Fund - Equity Plan,INF179KB1MF0,,GNA Axles Ltd.,INE934S01014,Other,Auto Components,Auto Components,,675000.0,3643.99,0.52,INF179KB1MF0_HDFC Retirement Fund - Equity Plan.xlsx,HDFCRETEQP,64,True,Equity Candidate
HDFC Retirement Fund - Equity Plan,INF179KB1MF0,,Chambal Fertilizers & Chemicals Ltd.,INE085A01013,Other,Fertilizers & Agrochemicals,Fertilizers & Agrochemicals,,850000.0,3481.18,0.5,INF179KB1MF0_HDFC Retirement Fund - Equity Plan.xlsx,HDFCRETEQP,65,True,Equity Candidate
HDFC Retirement Fund - Equity Plan,INF179KB1MF0,,VRL Logistics Ltd.,INE366I01010,Other,Transport Services,Transport Services,,1120000.0,3395.28,0.49,INF179KB1MF0_HDFC Retirement Fund - Equity Plan.xlsx,HDFCRETEQP,66,True,Equity Candidate
HDFC Retirement Fund - Equity Plan,INF179KB1MF0,,SKF India (Industrial) Limited,INE2J8701016,Other,Industrial Products,Industrial Products,,112000.0,3341.3,0.48,INF179KB1MF0_HDFC Retirement Fund - Equity Plan.xlsx,HDFCRETEQP,67,True,Equity Candidate
HDFC Retirement Fund - Equity Plan,INF179KB1MF0,,Equitas Small Finance Bank Ltd,INE063P01018,Other,Banks,Banks,,4000000.0,2958.8,0.42,INF179KB1MF0_HDFC Retirement Fund - Equity Plan.xlsx,HDFCRETEQP,68,True,Equity Candidate
HDFC Retirement Fund - Equity Plan,INF179KB1MF0,,Finolex Industries Ltd.,INE183A01024,Other,Industrial Products,Industrial Products,,1800000.0,2838.96,0.41,INF179KB1MF0_HDFC Retirement Fund - Equity Plan.xlsx,HDFCRETEQP,69,True,Equity Candidate
HDFC Retirement Fund - Equity Plan,INF179KB1MF0,,Greenply Industries Ltd.,INE461C01038,Other,Consumer Durables,Consumer Durables,,1000000.0,2902.0,0.41,INF179KB1MF0_HDFC Retirement Fund - Equity Plan.xlsx,HDFCRETEQP,70,True,Equity Candidate
HDFC Retirement Fund - Equity Plan,INF179KB1MF0,,Gujarat Energy Limited,INE844O01030,Other,Gas,Gas,,1153846.0,2858.08,0.41,INF179KB1MF0_HDFC Retirement Fund - Equity Plan.xlsx,HDFCRETEQP,71,True,Equity Candidate
HDFC Retirement Fund - Equity Plan,INF179KB1MF0,,The Anup Engineering Limited,INE294Z01018,Other,Industrial Manufacturing,Industrial Manufacturing,,158840.0,2848.8,0.41,INF179KB1MF0_HDFC Retirement Fund - Equity Plan.xlsx,HDFCRETEQP,72,True,Equity Candidate
HDFC Retirement Fund - Equity Plan,INF179KB1MF0,,Tamilnadu Newsprint & Papers Ltd.,INE107A01015,Other,"Paper, Forest & Jute Products","Paper, Forest & Jute Products",,1600000.0,2254.08,0.32,INF179KB1MF0_HDFC Retirement Fund - Equity Plan.xlsx,HDFCRETEQP,73,True,Equity Candidate
HDFC Retirement Fund - Equity Plan,INF179KB1MF0,,Bajaj Electricals Ltd.,INE193E01025,Other,Consumer Durables,Consumer Durables,,637907.0,2071.92,0.3,INF179KB1MF0_HDFC Retirement Fund - Equity Plan.xlsx,HDFCRETEQP,74,True,Equity Candidate
HDFC Retirement Fund - Equity Plan,INF179KB1MF0,,Great Eastern Shipping Company Ltd.,INE017A01032,Other,Transport Services,Transport Services,,137811.0,1794.02,0.26,INF179KB1MF0_HDFC Retirement Fund - Equity Plan.xlsx,HDFCRETEQP,75,True,Equity Candidate
HDFC Retirement Fund - Equity Plan,INF179KB1MF0,,Symphony Ltd.,INE225D01027,Other,Consumer Durables,Consumer Durables,,269155.0,1578.46,0.23,INF179KB1MF0_HDFC Retirement Fund - Equity Plan.xlsx,HDFCRETEQP,76,True,Equity Candidate
HDFC Retirement Fund - Equity Plan,INF179KB1MF0,,PNC Infratech Ltd.,INE195J01029,Other,Construction,Construction,,785382.0,1477.7,0.21,INF179KB1MF0_HDFC Retirement Fund - Equity Plan.xlsx,HDFCRETEQP,77,True,Equity Candidate
HDFC Retirement Fund - Equity Plan,INF179KB1MF0,,GSPL Transmission Limited**,INE1TUG01013,Other,Gas,Gas,,384615.0,576.92,0.08,INF179KB1MF0_HDFC Retirement Fund - Equity Plan.xlsx,HDFCRETEQP,78,True,Equity Candidate
HDFC Retirement Fund - Equity Plan,INF179KB1MF0,,Net Current Assets,,Other,,,,,56.36,-0.01,INF179KB1MF0_HDFC Retirement Fund - Equity Plan.xlsx,HDFCRETEQP,93,False,Other
HDFC Retirement Fund - Equity Plan,INF179KB1MF0,,,EQUITY & EQUITY RELATED,Other,,,,,,,INF179KB1MF0_HDFC Retirement Fund - Equity Plan.xlsx,HDFCRETEQP,6,False,Other
HDFC Retirement Fund - Equity Plan,INF179KB1MF0,,,(A) LISTED / AWAITING LISTING ON STOCK EXCHANGES,Other,,,,,,,INF179KB1MF0_HDFC Retirement Fund - Equity Plan.xlsx,HDFCRETEQP,7,False,Other
HDFC Retirement Fund - Equity Plan,INF179KB1MF0,,,EQUITY,Other,,,,,,,INF179KB1MF0_HDFC Retirement Fund - Equity Plan.xlsx,HDFCRETEQP,8,False,Other
HDFC Retirement Fund - Equity Plan,INF179KB1MF0,,,(B) UNITS ISSUED BY REIT,Other,,,,,,,INF179KB1MF0_HDFC Retirement Fund - Equity Plan.xlsx,HDFCRETEQP,80,False,Other
HDFC Retirement Fund - Equity Plan,INF179KB1MF0,,,MONEY MARKET INSTRUMENTS,Other,,,,,,,INF179KB1MF0_HDFC Retirement Fund - Equity Plan.xlsx,HDFCRETEQP,84,False,Other
HDFC Retirement Fund - Equity Plan,INF179KB1MF0,,,TREPS - TRI-PARTY REPO,Other,,,,,,,INF179KB1MF0_HDFC Retirement Fund - Equity Plan.xlsx,HDFCRETEQP,85,False,Other
HDFC Retirement Fund - Equity Plan,INF179KB1MF0,,,OTHERS,Other,,,,,,,INF179KB1MF0_HDFC Retirement Fund - Equity Plan.xlsx,HDFCRETEQP,89,False,Other
HDFC Retirement Fund - Equity Plan,INF179KB1MF0,,,MUTUAL FUND UNITS,Other,,,,,,,INF179KB1MF0_HDFC Retirement Fund - Equity Plan.xlsx,HDFCRETEQP,90,False,Other
HDFC Retirement Fund - Equity Plan,INF179KB1MF0,,,NET CURRENT ASSETS,Other,,,,,,,INF179KB1MF0_HDFC Retirement Fund - Equity Plan.xlsx,HDFCRETEQP,92,False,Other
HDFC Retirement Fund - Equity Plan,INF179KB1MF0,,Top Ten Holdings,TOP TEN HOLDINGS,Other,Top Ten Holdings,Top Ten Holdings,,,,,INF179KB1MF0_HDFC Retirement Fund - Equity Plan.xlsx,HDFCRETEQP,97,False,Other
HDFC Retirement Fund - Equity Plan,INF179KB1MF0,,+ Industry Classification as recommended by AMFI,+ INDUSTRY CLASSIFICATION AS RECOMMENDED BY AMFI,Other,+ Industry Classification as recommended by AMFI,+ Industry Classification as recommended by AMFI,,,,,INF179KB1MF0_HDFC Retirement Fund - Equity Plan.xlsx,HDFCRETEQP,98,False,Other
HDFC Retirement Fund - Equity Plan,INF179KB1MF0,,£ - Sponsor Company,£ - SPONSOR COMPANY,Other,£ - Sponsor Company,£ - Sponsor Company,,,,,INF179KB1MF0_HDFC Retirement Fund - Equity Plan.xlsx,HDFCRETEQP,99,False,Other
HDFC Retirement Fund - Equity Plan,INF179KB1MF0,,"** Thinly Traded/ Non-Traded Securities (Equity) as on August 31, 2026","** THINLY TRADED/ NON-TRADED SECURITIES (EQUITY) AS ON AUGUST 31, 2026",Equity,"** Thinly Traded/ Non-Traded Securities (Equity) as on August 31, 2026","** Thinly Traded/ Non-Traded Securities (Equity) as on August 31, 2026",31.0,31.0,,,INF179KB1MF0_HDFC Retirement Fund - Equity Plan.xlsx,HDFCRETEQP,100,False,Other
HDFC Retirement Fund - Equity Plan,INF179KB1MF0,,"^ Non-Traded Securities (Debt) as on August 31, 2026","^ NON-TRADED SECURITIES (DEBT) AS ON AUGUST 31, 2026",Other,"^ Non-Traded Securities (Debt) as on August 31, 2026","^ Non-Traded Securities (Debt) as on August 31, 2026",31.0,31.0,,,INF179KB1MF0_HDFC Retirement Fund - Equity Plan.xlsx,HDFCRETEQP,101,False,Other
HDFC Retirement Fund - Equity Plan,INF179KB1MF0,,# Non Sensex Scrips,# NON SENSEX SCRIPS,Other,# Non Sensex Scrips,# Non Sensex Scrips,,,,,INF179KB1MF0_HDFC Retirement Fund - Equity Plan.xlsx,HDFCRETEQP,102,False,Other
HDFC Retirement Fund - Equity Plan,INF179KB1MF0,,@ Less than 0.01%.,@ LESS THAN 0.01%.,Other,@ Less than 0.01%.,@ Less than 0.01%.,0.01,0.01,,,INF179KB1MF0_HDFC Retirement Fund - Equity Plan.xlsx,HDFCRETEQP,103,False,Other
HDFC Retirement Fund - Equity Plan,INF179KB1MF0,,~ YTC i.e. Yield to Call is disclosed at security level only for Additional Tier 1 Bonds and Tier 2 Bonds issued by Banks as per AMFI Best Practices Notification 135/BP/91/2020-21 read with SEBI circular SEBI/HO/IMD/DF4/CIR/P/2021/034,~ YTC I.E. YIELD TO CALL IS DISCLOSED AT SECURITY LEVEL ONLY FOR ADDITIONAL TIER 1 BONDS AND TIER 2 BONDS ISSUED BY BANKS AS PER AMFI BEST PRACTICES NOTIFICATION 135/BP/91/2020-21 READ WITH SEBI CIRCULAR SEBI/HO/IMD/DF4/CIR/P/2021/034,Debt,~ YTC i.e. Yield to Call is disclosed at security level only for Additional Tier 1 Bonds and Tier 2 Bonds issued by Banks as per AMFI Best Practices Notification 135/BP/91/2020-21 read with SEBI circular SEBI/HO/IMD/DF4/CIR/P/2021/034,~ YTC i.e. Yield to Call is disclosed at security level only for Additional Tier 1 Bonds and Tier 2 Bonds issued by Banks as per AMFI Best Practices Notification 135/BP/91/2020-21 read with SEBI circular SEBI/HO/IMD/DF4/CIR/P/2021/034,1.0,1.0,,,INF179KB1MF0_HDFC Retirement Fund - Equity Plan.xlsx,HDFCRETEQP,104,False,Non-Equity
HDFC Retirement Fund - Equity Plan,INF179KB1MF0,,,PORTFOLIO CLASSIFICATION BY INDUSTRY(%),Other,,,,,,,INF179KB1MF0_HDFC Retirement Fund - Equity Plan.xlsx,HDFCRETEQP,105,False,Other
HDFC Retirement Fund - Equity Plan,INF179KB1MF0,,26.39,BANKS,Other,,,,,,,INF179KB1MF0_HDFC Retirement Fund - Equity Plan.xlsx,HDFCRETEQP,106,False,Other
HDFC Retirement Fund - Equity Plan,INF179KB1MF0,,7.240000000000001,IT - SOFTWARE,Other,,,,,,,INF179KB1MF0_HDFC Retirement Fund - Equity Plan.xlsx,HDFCRETEQP,107,False,Other
HDFC Retirement Fund - Equity Plan,INF179KB1MF0,,6.76,AUTOMOBILES,Other,,,,,,,INF179KB1MF0_HDFC Retirement Fund - Equity Plan.xlsx,HDFCRETEQP,108,False,Other
HDFC Retirement Fund - Equity Plan,INF179KB1MF0,,5.74,TRANSPORT SERVICES,Other,,,,,,,INF179KB1MF0_HDFC Retirement Fund - Equity Plan.xlsx,HDFCRETEQP,109,False,Other
HDFC Retirement Fund - Equity Plan,INF179KB1MF0,,5.63,PETROLEUM PRODUCTS,Other,,,,,,,INF179KB1MF0_HDFC Retirement Fund - Equity Plan.xlsx,HDFCRETEQP,110,False,Other
HDFC Retirement Fund - Equity Plan,INF179KB1MF0,,4.69,INSURANCE,Other,,,,,,,INF179KB1MF0_HDFC Retirement Fund - Equity Plan.xlsx,HDFCRETEQP,111,False,Other
HDFC Retirement Fund - Equity Plan,INF179KB1MF0,,4.48,PHARMACEUTICALS & BIOTECHNOLOGY,Other,,,,,,,INF179KB1MF0_HDFC Retirement Fund - Equity Plan.xlsx,HDFCRETEQP,112,False,Other
HDFC Retirement Fund - Equity Plan,INF179KB1MF0,,3.3200000000000003,CONSTRUCTION,Other,,,,,,,INF179KB1MF0_HDFC Retirement Fund - Equity Plan.xlsx,HDFCRETEQP,113,False,Other
HDFC Retirement Fund - Equity Plan,INF179KB1MF0,,2.8899999999999997,HEALTHCARE SERVICES,Other,,,,,,,INF179KB1MF0_HDFC Retirement Fund - Equity Plan.xlsx,HDFCRETEQP,114,False,Other
HDFC Retirement Fund - Equity Plan,INF179KB1MF0,,2.86,CONSUMER DURABLES,Other,,,,,,,INF179KB1MF0_HDFC Retirement Fund - Equity Plan.xlsx,HDFCRETEQP,115,False,Other
HDFC Retirement Fund - Equity Plan,INF179KB1MF0,,2.86,POWER,Other,,,,,,,INF179KB1MF0_HDFC Retirement Fund - Equity Plan.xlsx,HDFCRETEQP,116,False,Other
HDFC Retirement Fund - Equity Plan,INF179KB1MF0,,2.59,TELECOM - SERVICES,Other,,,,,,,INF179KB1MF0_HDFC Retirement Fund - Equity Plan.xlsx,HDFCRETEQP,117,False,Other
HDFC Retirement Fund - Equity Plan,INF179KB1MF0,,2.11,FERROUS METALS,Other,,,,,,,INF179KB1MF0_HDFC Retirement Fund - Equity Plan.xlsx,HDFCRETEQP,118,False,Other
HDFC Retirement Fund - Equity Plan,INF179KB1MF0,,1.9700000000000002,FINANCE,Other,,,,,,,INF179KB1MF0_HDFC Retirement Fund - Equity Plan.xlsx,HDFCRETEQP,119,False,Other
HDFC Retirement Fund - Equity Plan,INF179KB1MF0,,1.44,INDUSTRIAL PRODUCTS,Other,,,,,,,INF179KB1MF0_HDFC Retirement Fund - Equity Plan.xlsx,HDFCRETEQP,120,False,Other
HDFC Retirement Fund - Equity Plan,INF179KB1MF0,,1.41,RETAILING,Other,,,,,,,INF179KB1MF0_HDFC Retirement Fund - Equity Plan.xlsx,HDFCRETEQP,121,False,Other
HDFC Retirement Fund - Equity Plan,INF179KB1MF0,,1.33,AUTO COMPONENTS,Other,,,,,,,INF179KB1MF0_HDFC Retirement Fund - Equity Plan.xlsx,HDFCRETEQP,122,False,Other
HDFC Retirement Fund - Equity Plan,INF179KB1MF0,,1.2,DIVERSIFIED FMCG,Other,,,,,,,INF179KB1MF0_HDFC Retirement Fund - Equity Plan.xlsx,HDFCRETEQP,123,False,Other
HDFC Retirement Fund - Equity Plan,INF179KB1MF0,,1.06,BEVERAGES,Other,,,,,,,INF179KB1MF0_HDFC Retirement Fund - Equity Plan.xlsx,HDFCRETEQP,124,False,Other
HDFC Retirement Fund - Equity Plan,INF179KB1MF0,,0.86,ENTERTAINMENT,Other,,,,,,,INF179KB1MF0_HDFC Retirement Fund - Equity Plan.xlsx,HDFCRETEQP,125,False,Other
HDFC Retirement Fund - Equity Plan,INF179KB1MF0,,0.78,ELECTRICAL EQUIPMENT,Other,,,,,,,INF179KB1MF0_HDFC Retirement Fund - Equity Plan.xlsx,HDFCRETEQP,126,False,Other
HDFC Retirement Fund - Equity Plan,INF179KB1MF0,,0.78,LEISURE SERVICES,Other,,,,,,,INF179KB1MF0_HDFC Retirement Fund - Equity Plan.xlsx,HDFCRETEQP,127,False,Other
HDFC Retirement Fund - Equity Plan,INF179KB1MF0,,0.77,COMMERCIAL SERVICES & SUPPLIES,Other,,,,,,,INF179KB1MF0_HDFC Retirement Fund - Equity Plan.xlsx,HDFCRETEQP,128,False,Other
HDFC Retirement Fund - Equity Plan,INF179KB1MF0,,0.71,PERSONAL PRODUCTS,Other,,,,,,,INF179KB1MF0_HDFC Retirement Fund - Equity Plan.xlsx,HDFCRETEQP,129,False,Other
HDFC Retirement Fund - Equity Plan,INF179KB1MF0,,1.27,REALTY,Other,,,,,,,INF179KB1MF0_HDFC Retirement Fund - Equity Plan.xlsx,HDFCRETEQP,130,False,Other
HDFC Retirement Fund - Equity Plan,INF179KB1MF0,,0.69,CEMENT & CEMENT PRODUCTS,Other,,,,,,,INF179KB1MF0_HDFC Retirement Fund - Equity Plan.xlsx,HDFCRETEQP,131,False,Other
HDFC Retirement Fund - Equity Plan,INF179KB1MF0,,0.6,FINANCIAL TECHNOLOGY (FINTECH),Other,,,,,,,INF179KB1MF0_HDFC Retirement Fund - Equity Plan.xlsx,HDFCRETEQP,132,False,Other
HDFC Retirement Fund - Equity Plan,INF179KB1MF0,,0.5,FERTILIZERS & AGROCHEMICALS,Other,,,,,,,INF179KB1MF0_HDFC Retirement Fund - Equity Plan.xlsx,HDFCRETEQP,133,False,Other
HDFC Retirement Fund - Equity Plan,INF179KB1MF0,,0.49,GAS,Other,,,,,,,INF179KB1MF0_HDFC Retirement Fund - Equity Plan.xlsx,HDFCRETEQP,134,False,Other
HDFC Retirement Fund - Equity Plan,INF179KB1MF0,,0.41,INDUSTRIAL MANUFACTURING,Other,,,,,,,INF179KB1MF0_HDFC Retirement Fund - Equity Plan.xlsx,HDFCRETEQP,135,False,Other
HDFC Retirement Fund - Equity Plan,INF179KB1MF0,,0.32,"PAPER, FOREST & JUTE PRODUCTS",Other,,,,,,,INF179KB1MF0_HDFC Retirement Fund - Equity Plan.xlsx,HDFCRETEQP,136,False,Other
HDFC Retirement Fund - Equity Plan,INF179KB1MF0,,0.94,MUTUAL FUND UNITS,Other,,,,,,,INF179KB1MF0_HDFC Retirement Fund - Equity Plan.xlsx,HDFCRETEQP,137,False,Other
HDFC Retirement Fund - Equity Plan,INF179KB1MF0,,4.91,"CASH, CASH EQUIVALENTS AND NET CURRENT ASSETS",Other,,,,,,,INF179KB1MF0_HDFC Retirement Fund - Equity Plan.xlsx,HDFCRETEQP,138,False,Other
HDFC Retirement Fund - Equity Plan,INF179KB1MF0,,,NOTES :,Other,,,,,,,INF179KB1MF0_HDFC Retirement Fund - Equity Plan.xlsx,HDFCRETEQP,139,False,Other
HDFC Retirement Fund - Equity Plan,INF179KB1MF0,,,1) NAV HISTORY,Other,,,,,,,INF179KB1MF0_HDFC Retirement Fund - Equity Plan.xlsx,HDFCRETEQP,140,False,Other
HDFC Retirement Fund - Equity Plan,INF179KB1MF0,,"July 31, 2026",NAVS PER UNIT (RS.),Other,,,31.0,,,,INF179KB1MF0_HDFC Retirement Fund - Equity Plan.xlsx,HDFCRETEQP,141,False,Other
HDFC Retirement Fund - Equity Plan,INF179KB1MF0,,49.299,GROWTH OPTION,Other,,,49.1,,,,INF179KB1MF0_HDFC Retirement Fund - Equity Plan.xlsx,HDFCRETEQP,142,False,Other
HDFC Retirement Fund - Equity Plan,INF179KB1MF0,,56.417,DIRECT PLAN - GROWTH OPTION,Other,,,56.235,,,,INF179KB1MF0_HDFC Retirement Fund - Equity Plan.xlsx,HDFCRETEQP,143,False,Other
HDFC Retirement Fund - Equity Plan,INF179KB1MF0,,,"DIVIDEND HISTORY - DIVIDEND DECLARED DURING THE MONTH ENDED AUGUST 31, 2026 : NIL",Other,,,,,,,INF179KB1MF0_HDFC Retirement Fund - Equity Plan.xlsx,HDFCRETEQP,144,False,Other
HDFC Retirement Fund - Equity Plan,INF179KB1MF0,,,"BONUS HISTORY - BONUS DECLARED DURING THE MONTH ENDED AUGUST 31, 2026: NIL",Other,,,,,,,INF179KB1MF0_HDFC Retirement Fund - Equity Plan.xlsx,HDFCRETEQP,145,False,Other
HDFC Retirement Fund - Equity Plan,INF179KB1MF0,,,2) TOTAL BELOW INVESTMENT GRADE OR DEFAULT PROVIDED FOR AND ITS PERCENTAGE TO NAV : NIL,Other,,,,,,,INF179KB1MF0_HDFC Retirement Fund - Equity Plan.xlsx,HDFCRETEQP,146,False,Other
HDFC Retirement Fund - Equity Plan,INF179KB1MF0,,,3) TOTAL INVESTMENTS IN FOREIGN SECURITIES / OVERSEAS ETFS / ADRS / GDRS : NIL,Other,,,,,,,INF179KB1MF0_HDFC Retirement Fund - Equity Plan.xlsx,HDFCRETEQP,147,False,Other
HDFC Retirement Fund - Equity Plan,INF179KB1MF0,,,4) REPO IN CORPORATE DEBT : NIL,Other,,,,,,,INF179KB1MF0_HDFC Retirement Fund - Equity Plan.xlsx,HDFCRETEQP,148,False,Other
HDFC Retirement Fund - Equity Plan,INF179KB1MF0,,,"5) TOTAL OUTSTANDING EXPOSURE IN DERIVATIVE INSTRUMENTS AS ON AUG 31, 2026 : NIL",Other,,,,,,,INF179KB1MF0_HDFC Retirement Fund - Equity Plan.xlsx,HDFCRETEQP,149,False,Other
HDFC Retirement Fund - Equity Plan,INF179KB1MF0,,,6) PORTFOLIO TURNOVER RATIO : 11.95%,Other,,,,,,,INF179KB1MF0_HDFC Retirement Fund - Equity Plan.xlsx,HDFCRETEQP,150,False,Other
HDFC Retirement Fund - Equity Plan,INF179KB1MF0,,,7) TOTAL VALUE AND PERCENTAGE OF ILLIQUID EQUITY SHARES : NIL,Other,,,,,,,INF179KB1MF0_HDFC Retirement Fund - Equity Plan.xlsx,HDFCRETEQP,151,False,Other
HDFC Retirement Fund - Equity Plan,INF179KB1MF0,,,8) IDCW STANDS FOR INCOME DISTRIBUTION CUM CAPITAL WITHDRAWAL,Other,,,,,,,INF179KB1MF0_HDFC Retirement Fund - Equity Plan.xlsx,HDFCRETEQP,152,False,Other
HDFC Retirement Fund - Equity Plan,INF179KB1MF0,,,"9) RISKOMETER BASED ON SCHEME PORTFOLIO AND PORTFOLIO BENCHMARK ""NIFTY 500 TRI"" AS ON AUG 31, 2026",Other,,,,,,,INF179KB1MF0_HDFC Retirement Fund - Equity Plan.xlsx,HDFCRETEQP,153,False,Other
HDFC Retirement Fund - Equity Plan,INF179KB1MF0,,,10) PLEASE FOLLOW THIS LINK FOR SCHEME PERFORMANCES: HTTPS://WWW.HDFCFUND.COM/STATUTORY-DISCLOSURE/SCHEME-PERFORMANCE,Other,,,,,,,INF179KB1MF0_HDFC Retirement Fund - Equity Plan.xlsx,HDFCRETEQP,154,False,Other
HDFC Retirement Fund - Equity Plan,INF179KB1MF0,,,SCHEME RISKOMETER:,Other,,,,,,,INF179KB1MF0_HDFC Retirement Fund - Equity Plan.xlsx,HDFCRETEQP,155,False,Other
HDFC Retirement Fund - Equity Plan,INF179KB1MF0,,,BENCHMARK RISKOMETER:,Other,,,,,,,INF179KB1MF0_HDFC Retirement Fund - Equity Plan.xlsx,HDFCRETEQP,156,False,Other
ICICI Prudential Balanced Advantage Fund,INF109K012B0,,Total Net Assets,,Other,,,,,7539917.03546778,0.9999999999903106,INF109K012B0_ICICI Prudential Balanced Advantage Fund.xlsx,BAF,276,False,Other
ICICI Prudential Balanced Advantage Fund,INF109K012B0,,Equity & Equity Related Instruments (Note -1),,Equity,,,,,5607300.23,0.7436819534742001,INF109K012B0_ICICI Prudential Balanced Advantage Fund.xlsx,BAF,5,False,Other
ICICI Prudential Balanced Advantage Fund,INF109K012B0,,Listed / Awaiting Listing On Stock Exchanges,,Other,,,,,5300461.180000001,0.7029866714764001,INF109K012B0_ICICI Prudential Balanced Advantage Fund.xlsx,BAF,6,False,Other
ICICI Prudential Balanced Advantage Fund,INF109K012B0,,Debt Instruments,,Other,,,,,1132312.2500000002,0.1501756908781,INF109K012B0_ICICI Prudential Balanced Advantage Fund.xlsx,BAF,151,False,Other
ICICI Prudential Balanced Advantage Fund,INF109K012B0,,Listed / Awaiting Listing On Stock Exchanges,,Other,,,,,1079009.0200000005,0.143106219192,INF109K012B0_ICICI Prudential Balanced Advantage Fund.xlsx,BAF,152,False,Other
ICICI Prudential Balanced Advantage Fund,INF109K012B0,,Non-Convertible debentures / Bonds,,Debt,,,,,578349.1499999999,0.0767049753018,INF109K012B0_ICICI Prudential Balanced Advantage Fund.xlsx,BAF,193,False,Non-Equity
ICICI Prudential Balanced Advantage Fund,INF109K012B0,,TREPS,,Other,,,,,558425.8,0.0740625921178,INF109K012B0_ICICI Prudential Balanced Advantage Fund.xlsx,BAF,272,False,Other
ICICI Prudential Balanced Advantage Fund,INF109K012B0,,Government Securities,,Government Security,,,,,500659.87,0.0664012438902,INF109K012B0_ICICI Prudential Balanced Advantage Fund.xlsx,BAF,153,False,Non-Equity
ICICI Prudential Balanced Advantage Fund,INF109K012B0,,TVS Motor Company Ltd.,INE494B01023,Other,Automobiles,Automobiles,,10710118.0,464958.35,0.0616662421897,INF109K012B0_ICICI Prudential Balanced Advantage Fund.xlsx,BAF,7,True,Equity Candidate
ICICI Prudential Balanced Advantage Fund,INF109K012B0,,ICICI Bank Ltd.,INE090A01021,Other,Banks,Banks,,21104705.0,306862.41,0.0406983801753,INF109K012B0_ICICI Prudential Balanced Advantage Fund.xlsx,BAF,8,True,Equity Candidate
ICICI Prudential Balanced Advantage Fund,INF109K012B0,,Units of Real Estate Investment Trust (REITs),,REIT/InvIT,,,,,281852.10000000003,0.0373813264354,INF109K012B0_ICICI Prudential Balanced Advantage Fund.xlsx,BAF,143,False,Other
ICICI Prudential Balanced Advantage Fund,INF109K012B0,,HDFC Bank Ltd.,INE040A01034,Other,Banks,Banks,,34591493.0,245253.69,0.0325273724957,INF109K012B0_ICICI Prudential Balanced Advantage Fund.xlsx,BAF,9,True,Equity Candidate
ICICI Prudential Balanced Advantage Fund,INF109K012B0,,Money Market Instruments,,Other,,,,,212392.45,0.0281690698976,INF109K012B0_ICICI Prudential Balanced Advantage Fund.xlsx,BAF,247,False,Non-Equity
ICICI Prudential Balanced Advantage Fund,INF109K012B0,,EMBASSY OFFICE PARKS REIT,INE041025011,REIT/InvIT,Units of Real Estate Investment Trust (REITs),Units of Real Estate Investment Trust (REITs),,48202903.0,211360.09,0.0280321506199,INF109K012B0_ICICI Prudential Balanced Advantage Fund.xlsx,BAF,144,True,Equity Candidate
ICICI Prudential Balanced Advantage Fund,INF109K012B0,,Reliance Industries Ltd.,INE002A01018,Other,Petroleum Products,Petroleum Products,,15358623.0,196129.62,0.0260121721601,INF109K012B0_ICICI Prudential Balanced Advantage Fund.xlsx,BAF,10,True,Equity Candidate
ICICI Prudential Balanced Advantage Fund,INF109K012B0,,Infosys Ltd.,INE009A01021,Other,It - Software,It - Software,,16393365.0,185867.97,0.0246511956465,INF109K012B0_ICICI Prudential Balanced Advantage Fund.xlsx,BAF,11,True,Equity Candidate
ICICI Prudential Balanced Advantage Fund,INF109K012B0,,Eternal Ltd.,INE758T01015,Other,Retailing,Retailing,,49072811.0,161007.89,0.0213540665291,INF109K012B0_ICICI Prudential Balanced Advantage Fund.xlsx,BAF,12,True,Equity Candidate
ICICI Prudential Balanced Advantage Fund,INF109K012B0,,State Bank Of India,INE062A01020,Other,Banks,Banks,,14232363.0,150863.05,0.0200085822284,INF109K012B0_ICICI Prudential Balanced Advantage Fund.xlsx,BAF,13,True,Equity Candidate
ICICI Prudential Balanced Advantage Fund,INF109K012B0,,Larsen & Toubro Ltd.,INE018A01030,Other,Construction,Construction,,3696223.0,149508.52,0.0198289343631,INF109K012B0_ICICI Prudential Balanced Advantage Fund.xlsx,BAF,14,True,Equity Candidate
ICICI Prudential Balanced Advantage Fund,INF109K012B0,,Axis Bank Ltd.,INE238A01034,Other,Banks,Banks,,11485704.0,149314.15,0.0198031555649,INF109K012B0_ICICI Prudential Balanced Advantage Fund.xlsx,BAF,15,True,Equity Candidate
ICICI Prudential Balanced Advantage Fund,INF109K012B0,,Maruti Suzuki India Ltd.,INE585B01010,Other,Automobiles,Automobiles,,1074569.0,145571.86,0.0193068251699,INF109K012B0_ICICI Prudential Balanced Advantage Fund.xlsx,BAF,16,True,Equity Candidate
ICICI Prudential Balanced Advantage Fund,INF109K012B0,,Certificate of Deposits,,Debt,,,,,130826.13999999998,0.0173511378682,INF109K012B0_ICICI Prudential Balanced Advantage Fund.xlsx,BAF,248,False,Non-Equity
ICICI Prudential Balanced Advantage Fund,INF109K012B0,,Avenue Supermarts Ltd.,INE192R01011,Other,Retailing,Retailing,,2997047.0,116884.83,0.0155021374174,INF109K012B0_ICICI Prudential Balanced Advantage Fund.xlsx,BAF,17,True,Equity Candidate
ICICI Prudential Balanced Advantage Fund,INF109K012B0,,Interglobe Aviation Ltd.,INE646L01027,Other,Transport Services,Transport Services,,2137528.0,111878.22,0.0148381234798,INF109K012B0_ICICI Prudential Balanced Advantage Fund.xlsx,BAF,18,True,Equity Candidate
ICICI Prudential Balanced Advantage Fund,INF109K012B0,,Kotak Mahindra Bank Ltd.,INE237A01036,Other,Banks,Banks,,25850420.0,108416.66,0.01437902559,INF109K012B0_ICICI Prudential Balanced Advantage Fund.xlsx,BAF,19,True,Equity Candidate
ICICI Prudential Balanced Advantage Fund,INF109K012B0,,Trent Ltd.,INE849A01020,Other,Retailing,Retailing,,3511186.0,101118.65,0.0134111091042,INF109K012B0_ICICI Prudential Balanced Advantage Fund.xlsx,BAF,20,True,Equity Candidate
ICICI Prudential Balanced Advantage Fund,INF109K012B0,,Bharti Airtel Ltd.,INE397D01024,Other,Telecom - Services,Telecom - Services,,5232072.0,94799.91,0.0125730707054,INF109K012B0_ICICI Prudential Balanced Advantage Fund.xlsx,BAF,21,True,Equity Candidate
ICICI Prudential Balanced Advantage Fund,INF109K012B0,,Britannia Industries Ltd.,INE216A01030,Other,Food Products,Food Products,,1615426.0,84809.87,0.0112481171345,INF109K012B0_ICICI Prudential Balanced Advantage Fund.xlsx,BAF,22,True,Equity Candidate
ICICI Prudential Balanced Advantage Fund,INF109K012B0,,HCL Technologies Ltd.,INE860A01027,Other,It - Software,It - Software,,6297776.0,82639.42,0.0109602558769,INF109K012B0_ICICI Prudential Balanced Advantage Fund.xlsx,BAF,23,True,Equity Candidate
ICICI Prudential Balanced Advantage Fund,INF109K012B0,,Titan Company Ltd.,INE280A01028,Other,Consumer Durables,Consumer Durables,,1600072.0,81642.07,0.0108279798857,INF109K012B0_ICICI Prudential Balanced Advantage Fund.xlsx,BAF,24,True,Equity Candidate
ICICI Prudential Balanced Advantage Fund,INF109K012B0,,Treasury Bills,,Government Security,,,,,81566.31,0.0108179320293999,INF109K012B0_ICICI Prudential Balanced Advantage Fund.xlsx,BAF,258,False,Non-Equity
ICICI Prudential Balanced Advantage Fund,INF109K012B0,,Mahindra & Mahindra Ltd.,INE101A01026,Other,Automobiles,Automobiles,,2425026.0,79589.35,0.0105557328582,INF109K012B0_ICICI Prudential Balanced Advantage Fund.xlsx,BAF,25,True,Equity Candidate
ICICI Prudential Balanced Advantage Fund,INF109K012B0,,Government Securities,IN0020250018,Government Security,SOV,SOV,6.9,87500000.0,79432.94,0.0105349885981,INF109K012B0_ICICI Prudential Balanced Advantage Fund.xlsx,BAF,154,False,Non-Equity
ICICI Prudential Balanced Advantage Fund,INF109K012B0,,Bajaj Finance Ltd.,INE296A01032,Other,Finance,Finance,,7404413.0,78264.65,0.0103800412699,INF109K012B0_ICICI Prudential Balanced Advantage Fund.xlsx,BAF,26,True,Equity Candidate
ICICI Prudential Balanced Advantage Fund,INF109K012B0,,Tata Motors Ltd.,INE1TAE01010,Other,"Agricultural, Commercial & Construction Vehicles","Agricultural, Commercial & Construction Vehicles",,16183660.0,76241.22,0.0101116789006,INF109K012B0_ICICI Prudential Balanced Advantage Fund.xlsx,BAF,27,True,Equity Candidate
ICICI Prudential Balanced Advantage Fund,INF109K012B0,,Cholamandalam Investment And Finance Company Ltd. **,INE121A07SU3,Other,ICRA AA+,ICRA AA+,8.02,70000.0,69877.43,0.0092676656349,INF109K012B0_ICICI Prudential Balanced Advantage Fund.xlsx,BAF,194,True,Equity Candidate
ICICI Prudential Balanced Advantage Fund,INF109K012B0,,HDFC Asset Management Company Ltd.,INE127D01025,Other,Capital Markets,Capital Markets,,2454901.0,64369.96,0.0085372239107,INF109K012B0_ICICI Prudential Balanced Advantage Fund.xlsx,BAF,28,True,Equity Candidate
ICICI Prudential Balanced Advantage Fund,INF109K012B0,,360 One Wam Ltd.,INE466L01038,Other,Capital Markets,Capital Markets,,5462486.0,64184.21,0.0085125883611,INF109K012B0_ICICI Prudential Balanced Advantage Fund.xlsx,BAF,29,True,Equity Candidate
ICICI Prudential Balanced Advantage Fund,INF109K012B0,,NTPC Ltd.,INE733E01010,Other,Power,Power,,19144081.0,62677.72,0.0083127864279,INF109K012B0_ICICI Prudential Balanced Advantage Fund.xlsx,BAF,30,True,Equity Candidate
ICICI Prudential Balanced Advantage Fund,INF109K012B0,,Samvardhana Motherson International Ltd.,INE775A01035,Other,Auto Components,Auto Components,,35854864.0,61197.08,0.0081164129143,INF109K012B0_ICICI Prudential Balanced Advantage Fund.xlsx,BAF,31,True,Equity Candidate
ICICI Prudential Balanced Advantage Fund,INF109K012B0,,PB Fintech Ltd.,INE417T01026,Other,Financial Technology (Fintech),Financial Technology (Fintech),,3228637.0,60536.94,0.0080288602268,INF109K012B0_ICICI Prudential Balanced Advantage Fund.xlsx,BAF,32,True,Equity Candidate
ICICI Prudential Balanced Advantage Fund,INF109K012B0,,Government Securities,IN0020210137,Government Security,SOV,SOV,6.45,56903230.0,58433.93,0.0077499433647,INF109K012B0_ICICI Prudential Balanced Advantage Fund.xlsx,BAF,155,False,Non-Equity
ICICI Prudential Balanced Advantage Fund,INF109K012B0,,HDFC Bank Ltd. **,INE040A16JC3,Other,CRISIL A1+,CRISIL A1+,,12000.0,58192.14,0.0077178753726,INF109K012B0_ICICI Prudential Balanced Advantage Fund.xlsx,BAF,249,True,Equity Candidate
ICICI Prudential Balanced Advantage Fund,INF109K012B0,,Tata Steel Ltd.,INE081A01020,Other,Ferrous Metals,Ferrous Metals,,30684308.0,56566.52,0.0075022735308,INF109K012B0_ICICI Prudential Balanced Advantage Fund.xlsx,BAF,33,True,Equity Candidate
ICICI Prudential Balanced Advantage Fund,INF109K012B0,,Government Securities,IN0020250075,Government Security,SOV,SOV,7.24,58562800.0,56378.29,0.0074773090651,INF109K012B0_ICICI Prudential Balanced Advantage Fund.xlsx,BAF,156,False,Non-Equity
ICICI Prudential Balanced Advantage Fund,INF109K012B0,,Apollo Hospitals Enterprise Ltd.,INE437A01024,Other,Healthcare Services,Healthcare Services,,617048.0,54908.02,0.0072823108983,INF109K012B0_ICICI Prudential Balanced Advantage Fund.xlsx,BAF,34,True,Equity Candidate
ICICI Prudential Balanced Advantage Fund,INF109K012B0,,Polycab India Ltd.,INE455K01017,Other,Industrial Products,Industrial Products,,574340.0,54246.41,0.0071945632484,INF109K012B0_ICICI Prudential Balanced Advantage Fund.xlsx,BAF,35,True,Equity Candidate
ICICI Prudential Balanced Advantage Fund,INF109K012B0,,Shriram Finance Ltd.,INE721A01047,Other,Finance,Finance,,4818919.0,53485.18,0.0070936032516,INF109K012B0_ICICI Prudential Balanced Advantage Fund.xlsx,BAF,36,True,Equity Candidate
ICICI Prudential Balanced Advantage Fund,INF109K012B0,,Securitized Debt Instruments,,Other,,,,,53303.23,0.0070694716861,INF109K012B0_ICICI Prudential Balanced Advantage Fund.xlsx,BAF,239,False,Other
ICICI Prudential Balanced Advantage Fund,INF109K012B0,,Cholamandalam Investment And Finance Company Ltd.,INE121A01024,Other,Finance,Finance,,2842701.0,52800.33,0.0070027733397,INF109K012B0_ICICI Prudential Balanced Advantage Fund.xlsx,BAF,37,True,Equity Candidate
ICICI Prudential Balanced Advantage Fund,INF109K012B0,,Hindalco Industries Ltd.,INE038A01020,Other,Non - Ferrous Metals,Non - Ferrous Metals,,5090682.0,51693.33,0.0068559547481,INF109K012B0_ICICI Prudential Balanced Advantage Fund.xlsx,BAF,38,True,Equity Candidate
ICICI Prudential Balanced Advantage Fund,INF109K012B0,,Ultratech Cement Ltd.,INE481G01011,Other,Cement & Cement Products,Cement & Cement Products,,448894.0,51398.36,0.006816833628,INF109K012B0_ICICI Prudential Balanced Advantage Fund.xlsx,BAF,39,True,Equity Candidate
ICICI Prudential Balanced Advantage Fund,INF109K012B0,,Muthoot Finance Ltd. **,INE414G07KC4,Other,CRISIL AA+,CRISIL AA+,8.45,50000.0,49720.95,0.0065943630103,INF109K012B0_ICICI Prudential Balanced Advantage Fund.xlsx,BAF,195,True,Equity Candidate
ICICI Prudential Balanced Advantage Fund,INF109K012B0,,SBI Life Insurance Company Ltd.,INE123W01016,Other,Insurance,Insurance,,2801896.0,48767.0,0.0064678430506,INF109K012B0_ICICI Prudential Balanced Advantage Fund.xlsx,BAF,40,True,Equity Candidate
ICICI Prudential Balanced Advantage Fund,INF109K012B0,,PI Industries Ltd.,INE603J01030,Other,Fertilizers & Agrochemicals,Fertilizers & Agrochemicals,,1946512.0,46132.33,0.0061184134763,INF109K012B0_ICICI Prudential Balanced Advantage Fund.xlsx,BAF,41,True,Equity Candidate
ICICI Prudential Balanced Advantage Fund,INF109K012B0,,Sun Pharmaceutical Industries Ltd.,INE044A01036,Other,Pharmaceuticals & Biotechnology,Pharmaceuticals & Biotechnology,,2293654.0,45524.44,0.0060377905732,INF109K012B0_ICICI Prudential Balanced Advantage Fund.xlsx,BAF,42,True,Equity Candidate
ICICI Prudential Balanced Advantage Fund,INF109K012B0,,Sona Blw Precision Forgings Ltd.,INE073K01018,Other,Auto Components,Auto Components,,5555358.0,45167.84,0.0059904956231,INF109K012B0_ICICI Prudential Balanced Advantage Fund.xlsx,BAF,43,True,Equity Candidate
ICICI Prudential Balanced Advantage Fund,INF109K012B0,,Multi Commodity Exchange Of India Ltd.,INE745G01043,Other,Capital Markets,Capital Markets,,1268530.0,43130.02,0.0057202247447,INF109K012B0_ICICI Prudential Balanced Advantage Fund.xlsx,BAF,44,True,Equity Candidate
ICICI Prudential Balanced Advantage Fund,INF109K012B0,,RR Kabel Ltd.,INE777K01022,Other,Industrial Products,Industrial Products,,1461394.0,42795.46,0.0056758529037,INF109K012B0_ICICI Prudential Balanced Advantage Fund.xlsx,BAF,45,True,Equity Candidate
ICICI Prudential Balanced Advantage Fund,INF109K012B0,,Hindustan Aeronautics Ltd.,INE066F01020,Other,Aerospace & Defense,Aerospace & Defense,,889172.0,42694.48,0.0056624601834,INF109K012B0_ICICI Prudential Balanced Advantage Fund.xlsx,BAF,46,True,Equity Candidate
ICICI Prudential Balanced Advantage Fund,INF109K012B0,,Life Insurance Corporation of India,INE0J1Y01017,Other,Insurance,Insurance,,10210277.0,42678.96,0.0056604018053,INF109K012B0_ICICI Prudential Balanced Advantage Fund.xlsx,BAF,47,True,Equity Candidate
ICICI Prudential Balanced Advantage Fund,INF109K012B0,,Bajaj Finserv Ltd.,INE918I01026,Other,Finance,Finance,,2069493.0,41824.45,0.0055470703196,INF109K012B0_ICICI Prudential Balanced Advantage Fund.xlsx,BAF,48,True,Equity Candidate
ICICI Prudential Balanced Advantage Fund,INF109K012B0,,Tech Mahindra Ltd.,INE669C01036,Other,It - Software,It - Software,,2555080.0,41596.7,0.0055168644169,INF109K012B0_ICICI Prudential Balanced Advantage Fund.xlsx,BAF,49,True,Equity Candidate
ICICI Prudential Balanced Advantage Fund,INF109K012B0,,Bharat Electronics Ltd.,INE263A01024,Other,Aerospace & Defense,Aerospace & Defense,,9764705.0,40469.82,0.0053674091915,INF109K012B0_ICICI Prudential Balanced Advantage Fund.xlsx,BAF,50,True,Equity Candidate
ICICI Prudential Balanced Advantage Fund,INF109K012B0,,MINDSPACE BUSINESS PARKS REIT,INE0CCU25019,REIT/InvIT,Units of Real Estate Investment Trust (REITs),Units of Real Estate Investment Trust (REITs),,7952110.0,39430.54,0.0052295721311,INF109K012B0_ICICI Prudential Balanced Advantage Fund.xlsx,BAF,145,True,Equity Candidate
ICICI Prudential Balanced Advantage Fund,INF109K012B0,,Tata Consultancy Services Ltd.,INE467B01029,Other,It - Software,It - Software,,1619770.0,38863.14,0.0051543193137,INF109K012B0_ICICI Prudential Balanced Advantage Fund.xlsx,BAF,51,True,Equity Candidate
ICICI Prudential Balanced Advantage Fund,INF109K012B0,,Adani Ports and Special Economic Zone Ltd.,INE742F01042,Other,Transport Infrastructure,Transport Infrastructure,,2375283.0,37840.63,0.0050187064157,INF109K012B0_ICICI Prudential Balanced Advantage Fund.xlsx,BAF,52,True,Equity Candidate
ICICI Prudential Balanced Advantage Fund,INF109K012B0,,Netweb Technologies India,INE0NT901020,Other,It - Services,It - Services,,718195.0,37264.27,0.0049422652563,INF109K012B0_ICICI Prudential Balanced Advantage Fund.xlsx,BAF,53,True,Equity Candidate
ICICI Prudential Balanced Advantage Fund,INF109K012B0,,CG Power and Industrial Solutions Ltd.,INE067A01029,Other,Electrical Equipment,Electrical Equipment,,4031877.0,36931.99,0.0048981958059,INF109K012B0_ICICI Prudential Balanced Advantage Fund.xlsx,BAF,54,True,Equity Candidate
ICICI Prudential Balanced Advantage Fund,INF109K012B0,,Cummins India Ltd.,INE298A01020,Other,Industrial Products,Industrial Products,,690276.0,35238.59,0.0046736044752,INF109K012B0_ICICI Prudential Balanced Advantage Fund.xlsx,BAF,55,True,Equity Candidate
ICICI Prudential Balanced Advantage Fund,INF109K012B0,,Tata Capital Ltd. **,INE976I07DE9,Other,CRISIL AAA,CRISIL AAA,7.34,34500.0,34351.55,0.0045559586184,INF109K012B0_ICICI Prudential Balanced Advantage Fund.xlsx,BAF,196,True,Equity Candidate
ICICI Prudential Balanced Advantage Fund,INF109K012B0,,The Phoenix Mills Ltd.,INE211B01039,Other,Realty,Realty,,1801266.0,34224.05,0.004539048618,INF109K012B0_ICICI Prudential Balanced Advantage Fund.xlsx,BAF,56,True,Equity Candidate
ICICI Prudential Balanced Advantage Fund,INF109K012B0,,Government Securities,IN0020260025,Government Security,SOV,SOV,6.94,32936800.0,32908.54,0.0043645758759,INF109K012B0_ICICI Prudential Balanced Advantage Fund.xlsx,BAF,157,False,Non-Equity
ICICI Prudential Balanced Advantage Fund,INF109K012B0,,Bharti Telecom Ltd. **,INE403D08207,Other,CRISIL AAA,CRISIL AAA,8.950000000000001,32000.0,32090.78,0.0042561184491,INF109K012B0_ICICI Prudential Balanced Advantage Fund.xlsx,BAF,197,True,Equity Candidate
ICICI Prudential Balanced Advantage Fund,INF109K012B0,,Muthoot Finance Ltd. **,INE414G07JX2,Other,CRISIL AA+,CRISIL AA+,8.45,30000.0,29777.25,0.0039492808554,INF109K012B0_ICICI Prudential Balanced Advantage Fund.xlsx,BAF,198,True,Equity Candidate
ICICI Prudential Balanced Advantage Fund,INF109K012B0,,Cipla Ltd.,INE059A01026,Other,Pharmaceuticals & Biotechnology,Pharmaceuticals & Biotechnology,,2052137.0,28918.71,0.003835414881,INF109K012B0_ICICI Prudential Balanced Advantage Fund.xlsx,BAF,57,True,Equity Candidate
ICICI Prudential Balanced Advantage Fund,INF109K012B0,,Divi's Laboratories Ltd.,INE361B01024,Other,Pharmaceuticals & Biotechnology,Pharmaceuticals & Biotechnology,,302929.0,28678.29,0.0038035285885,INF109K012B0_ICICI Prudential Balanced Advantage Fund.xlsx,BAF,58,True,Equity Candidate
ICICI Prudential Balanced Advantage Fund,INF109K012B0,,Pidilite Industries Ltd.,INE318A01026,Other,Chemicals & Petrochemicals,Chemicals & Petrochemicals,,1639885.0,27676.34,0.003670642511,INF109K012B0_ICICI Prudential Balanced Advantage Fund.xlsx,BAF,59,True,Equity Candidate
ICICI Prudential Balanced Advantage Fund,INF109K012B0,,Info Edge (India) Ltd.,INE663F01032,Other,Retailing,Retailing,,2056435.0,27000.99,0.0035810725599,INF109K012B0_ICICI Prudential Balanced Advantage Fund.xlsx,BAF,60,True,Equity Candidate
ICICI Prudential Balanced Advantage Fund,INF109K012B0,,Shadowfax Technologies Ltd,INE12UN01015,Other,Transport Services,Transport Services,,10424990.0,26946.51,0.0035738470162,INF109K012B0_ICICI Prudential Balanced Advantage Fund.xlsx,BAF,61,True,Equity Candidate
ICICI Prudential Balanced Advantage Fund,INF109K012B0,,Brookfield India Real Estate Trust REIT,INE0FDU25010,REIT/InvIT,Units of Real Estate Investment Trust (REITs),Units of Real Estate Investment Trust (REITs),,7660340.0,26176.15,0.0034716761307,INF109K012B0_ICICI Prudential Balanced Advantage Fund.xlsx,BAF,146,True,Equity Candidate
ICICI Prudential Balanced Advantage Fund,INF109K012B0,,Compulsory Convertible Debenture,,Debt,,,,,24986.95,0.0033139555624,INF109K012B0_ICICI Prudential Balanced Advantage Fund.xlsx,BAF,148,False,Non-Equity
ICICI Prudential Balanced Advantage Fund,INF109K012B0,,Samvardhana Motherson International Ltd. **,INE775A08105,Other,Auto Components,Auto Components,6.5,22308.0,24986.95,0.0033139555624,INF109K012B0_ICICI Prudential Balanced Advantage Fund.xlsx,BAF,149,True,Equity Candidate
ICICI Prudential Balanced Advantage Fund,INF109K012B0,,Bajaj Finance Ltd. **,INE296A07UB9,Other,CRISIL AAA,CRISIL AAA,7.7,25000.0,24724.35,0.003279127593,INF109K012B0_ICICI Prudential Balanced Advantage Fund.xlsx,BAF,199,True,Equity Candidate
ICICI Prudential Balanced Advantage Fund,INF109K012B0,,Vedanta Aluminium Metal Ltd.,INE1CDF01017,Other,Non - Ferrous Metals,Non - Ferrous Metals,,5642999.0,24555.51,0.0032567347736,INF109K012B0_ICICI Prudential Balanced Advantage Fund.xlsx,BAF,62,True,Equity Candidate
ICICI Prudential Balanced Advantage Fund,INF109K012B0,,Union Bank Of India,INE692A16LN4,Other,ICRA A1+,ICRA A1+,,5000.0,24089.85,0.0031949754734,INF109K012B0_ICICI Prudential Balanced Advantage Fund.xlsx,BAF,250,True,Equity Candidate
ICICI Prudential Balanced Advantage Fund,INF109K012B0,,Eicher Motors Ltd.,INE066A01021,Other,Automobiles,Automobiles,,301739.0,23998.81,0.00318290107,INF109K012B0_ICICI Prudential Balanced Advantage Fund.xlsx,BAF,63,True,Equity Candidate
ICICI Prudential Balanced Advantage Fund,INF109K012B0,,Travel Food Services Ltd,INE103V01028,Other,Leisure Services,Leisure Services,,1835818.0,23858.29,0.0031642642601,INF109K012B0_ICICI Prudential Balanced Advantage Fund.xlsx,BAF,64,True,Equity Candidate
ICICI Prudential Balanced Advantage Fund,INF109K012B0,,Lenskart Solutions Ltd.,INE956O01016,Other,Retailing,Retailing,,3464841.0,22951.11,0.0030439472864,INF109K012B0_ICICI Prudential Balanced Advantage Fund.xlsx,BAF,65,True,Equity Candidate
ICICI Prudential Balanced Advantage Fund,INF109K012B0,,HDFC Life Insurance Company Ltd.,INE795G01014,Other,Insurance,Insurance,,4207460.0,22861.23,0.0030320267308,INF109K012B0_ICICI Prudential Balanced Advantage Fund.xlsx,BAF,66,True,Equity Candidate
ICICI Prudential Balanced Advantage Fund,INF109K012B0,,The Indian Hotels Company Ltd.,INE053A01029,Other,Leisure Services,Leisure Services,,2981619.0,22001.37,0.0029179856882,INF109K012B0_ICICI Prudential Balanced Advantage Fund.xlsx,BAF,67,True,Equity Candidate
ICICI Prudential Balanced Advantage Fund,INF109K012B0,,India Universal Trust AL2 **,INE1CBK15037,Other,CRISIL AAA(SO),CRISIL AAA(SO),,235.0,21561.37,0.0028596296084,INF109K012B0_ICICI Prudential Balanced Advantage Fund.xlsx,BAF,240,True,Equity Candidate
ICICI Prudential Balanced Advantage Fund,INF109K012B0,,Pg Electroplast Ltd.,INE457L01029,Other,Consumer Durables,Consumer Durables,,3647276.0,21190.67,0.0028104646112,INF109K012B0_ICICI Prudential Balanced Advantage Fund.xlsx,BAF,68,True,Equity Candidate
ICICI Prudential Balanced Advantage Fund,INF109K012B0,,HDFC Life Insurance Company Ltd $$,,Other,Insurance,Insurance,,3788400.0,20646.78,0.0027383298652,INF109K012B0_ICICI Prudential Balanced Advantage Fund.xlsx,BAF,289,False,Other
ICICI Prudential Balanced Advantage Fund,INF109K012B0,,IndusInd Bank Ltd.,INE095A01012,Other,Banks,Banks,,2011800.0,20451.96,0.0027124913846,INF109K012B0_ICICI Prudential Balanced Advantage Fund.xlsx,BAF,69,True,Equity Candidate
ICICI Prudential Balanced Advantage Fund,INF109K012B0,,Others,,Other,,,,,20403.7443964,0.0027060966719,INF109K012B0_ICICI Prudential Balanced Advantage Fund.xlsx,BAF,273,False,Other
ICICI Prudential Balanced Advantage Fund,INF109K012B0,,Cash Margin - Derivatives,,Other,,,,,20403.7443964,0.0027060966719,INF109K012B0_ICICI Prudential Balanced Advantage Fund.xlsx,BAF,274,False,Non-Equity
ICICI Prudential Balanced Advantage Fund,INF109K012B0,,FSN E-Commerce Ventures Ltd.,INE388Y01029,Other,Retailing,Retailing,,5816942.0,20333.12,0.002696729938,INF109K012B0_ICICI Prudential Balanced Advantage Fund.xlsx,BAF,70,True,Equity Candidate
ICICI Prudential Balanced Advantage Fund,INF109K012B0,,Units of Infrastructure Investment Trusts (InvITs),,REIT/InvIT,,,,,20250.43,0.0026857629736,INF109K012B0_ICICI Prudential Balanced Advantage Fund.xlsx,BAF,267,False,Other
ICICI Prudential Balanced Advantage Fund,INF109K012B0,,Vedanta Ltd. **,INE205A08095,Other,CRISIL AA+,CRISIL AA+,8.950000000000001,20000.0,20104.5,0.0026664086495,INF109K012B0_ICICI Prudential Balanced Advantage Fund.xlsx,BAF,200,True,Equity Candidate
ICICI Prudential Balanced Advantage Fund,INF109K012B0,,INTEREST RATE SWAPS (At Notional Value),,Other,,,,,20000.0,0.0026525490805694,INF109K012B0_ICICI Prudential Balanced Advantage Fund.xlsx,BAF,277,False,Non-Equity
ICICI Prudential Balanced Advantage Fund,INF109K012B0,,NABARD,INE261F08DV4,Other,CRISIL AAA,CRISIL AAA,7.62,20000.0,19982.04,0.0026501670914,INF109K012B0_ICICI Prudential Balanced Advantage Fund.xlsx,BAF,201,True,Equity Candidate
ICICI Prudential Balanced Advantage Fund,INF109K012B0,,ICICI Home Finance Company Ltd. **,INE071G07876,Other,ICRA AAA,ICRA AAA,7.29,20000.0,19928.94,0.0026431245736,INF109K012B0_ICICI Prudential Balanced Advantage Fund.xlsx,BAF,202,True,Equity Candidate
ICICI Prudential Balanced Advantage Fund,INF109K012B0,,91 Days Treasury Bills,IN002026X131,Government Security,SOV,SOV,,20000000.0,19916.36,0.0026414561203,INF109K012B0_ICICI Prudential Balanced Advantage Fund.xlsx,BAF,259,False,Non-Equity
ICICI Prudential Balanced Advantage Fund,INF109K012B0,,Yes Bank Ltd. **,INE528G08345,Other,ICRA AA,ICRA AA,8.0,1950.0,19495.73,0.0025856690343,INF109K012B0_ICICI Prudential Balanced Advantage Fund.xlsx,BAF,203,True,Equity Candidate
ICICI Prudential Balanced Advantage Fund,INF109K012B0,,State Government of Uttar Pradesh,IN3320250092,Government Security,SOV,SOV,7.24,20000000.0,19388.64,0.0025714659602,INF109K012B0_ICICI Prudential Balanced Advantage Fund.xlsx,BAF,158,False,Non-Equity
ICICI Prudential Balanced Advantage Fund,INF109K012B0,,State Government of Madhya Pradesh,IN2120250138,Government Security,SOV,SOV,7.57,19660700.0,19374.2,0.0025695508198,INF109K012B0_ICICI Prudential Balanced Advantage Fund.xlsx,BAF,159,False,Non-Equity
ICICI Prudential Balanced Advantage Fund,INF109K012B0,,Hindustan Petroleum Corporation Ltd.,INE094A01015,Other,Petroleum Products,Petroleum Products,,5290412.0,19349.68,0.0025662987946,INF109K012B0_ICICI Prudential Balanced Advantage Fund.xlsx,BAF,71,True,Equity Candidate
ICICI Prudential Balanced Advantage Fund,INF109K012B0,,State Government of Rajasthan,IN2920250171,Government Security,SOV,SOV,7.57,19367000.0,19072.58,0.0025295477271,INF109K012B0_ICICI Prudential Balanced Advantage Fund.xlsx,BAF,160,False,Non-Equity
ICICI Prudential Balanced Advantage Fund,INF109K012B0,,Hindustan Unilever Ltd.,INE030A01027,Other,Diversified Fmcg,Diversified Fmcg,,905635.0,17817.46,0.002363084357,INF109K012B0_ICICI Prudential Balanced Advantage Fund.xlsx,BAF,72,True,Equity Candidate
ICICI Prudential Balanced Advantage Fund,INF109K012B0,,Bharat Petroleum Corporation Ltd.,INE029A01011,Other,Petroleum Products,Petroleum Products,,5486151.0,17777.87,0.0023578336361,INF109K012B0_ICICI Prudential Balanced Advantage Fund.xlsx,BAF,73,True,Equity Candidate
ICICI Prudential Balanced Advantage Fund,INF109K012B0,,Angel One Ltd.,INE732I01021,Other,Capital Markets,Capital Markets,,6153954.0,17655.69,0.0023416292138,INF109K012B0_ICICI Prudential Balanced Advantage Fund.xlsx,BAF,74,True,Equity Candidate
ICICI Prudential Balanced Advantage Fund,INF109K012B0,,Torrent Pharmaceuticals Ltd.,INE685A01028,Other,Pharmaceuticals & Biotechnology,Pharmaceuticals & Biotechnology,,346860.0,17571.93,0.0023305203382,INF109K012B0_ICICI Prudential Balanced Advantage Fund.xlsx,BAF,75,True,Equity Candidate
ICICI Prudential Balanced Advantage Fund,INF109K012B0,,ICICI Lombard General Insurance Company Ltd.,INE765G01017,Other,Insurance,Insurance,,1114332.0,17460.47,0.0023157376822,INF109K012B0_ICICI Prudential Balanced Advantage Fund.xlsx,BAF,76,True,Equity Candidate
ICICI Prudential Balanced Advantage Fund,INF109K012B0,,Indus Towers Ltd.,INE121J01017,Other,Telecom - Services,Telecom - Services,,4481200.0,17422.91,0.002310756195,INF109K012B0_ICICI Prudential Balanced Advantage Fund.xlsx,BAF,77,True,Equity Candidate
ICICI Prudential Balanced Advantage Fund,INF109K012B0,,Muthoot Finance Ltd.,INE414G01012,Other,Finance,Finance,,582606.0,17350.59,0.0023011645775,INF109K012B0_ICICI Prudential Balanced Advantage Fund.xlsx,BAF,78,True,Equity Candidate
ICICI Prudential Balanced Advantage Fund,INF109K012B0,,Motherson Sumi Wiring India Ltd.,INE0FS801015,Other,Auto Components,Auto Components,,47015629.0,17297.05,0.0022940637037,INF109K012B0_ICICI Prudential Balanced Advantage Fund.xlsx,BAF,79,True,Equity Candidate
ICICI Prudential Balanced Advantage Fund,INF109K012B0,,91 Days Treasury Bills,IN002026X156,Government Security,SOV,SOV,,16600000.0,16498.33,0.0021881315036,INF109K012B0_ICICI Prudential Balanced Advantage Fund.xlsx,BAF,260,False,Non-Equity
ICICI Prudential Balanced Advantage Fund,INF109K012B0,,State Government of Madhya Pradesh,IN2120250120,Government Security,SOV,SOV,7.57,16654600.0,16414.14,0.0021769655982,INF109K012B0_ICICI Prudential Balanced Advantage Fund.xlsx,BAF,161,False,Non-Equity
ICICI Prudential Balanced Advantage Fund,INF109K012B0,,COFORGE Ltd.,INE591G01025,Other,It - Software,It - Software,,825974.0,16398.06,0.0021748329488,INF109K012B0_ICICI Prudential Balanced Advantage Fund.xlsx,BAF,80,True,Equity Candidate
ICICI Prudential Balanced Advantage Fund,INF109K012B0,,Vedanta Ltd.,INE205A01025,Other,Diversified Metals,Diversified Metals,,5626433.0,15652.74,0.0020759830547,INF109K012B0_ICICI Prudential Balanced Advantage Fund.xlsx,BAF,81,True,Equity Candidate
ICICI Prudential Balanced Advantage Fund,INF109K012B0,,Muthoot Finance Ltd. **,INE414G07IR6,Other,CRISIL AA+,CRISIL AA+,8.78,15000.0,15019.28,0.0019919688677,INF109K012B0_ICICI Prudential Balanced Advantage Fund.xlsx,BAF,204,True,Equity Candidate
ICICI Prudential Balanced Advantage Fund,INF109K012B0,,JM Financial Credit Solution Ltd. **,INE651J07960,Other,ICRA AA,ICRA AA,9.3,15000.0,15013.05,0.0019911425987,INF109K012B0_ICICI Prudential Balanced Advantage Fund.xlsx,BAF,205,True,Equity Candidate
ICICI Prudential Balanced Advantage Fund,INF109K012B0,,NABARD,INE261F08EO7,Other,CRISIL AAA,CRISIL AAA,7.48,15000.0,14957.42,0.0019837645334,INF109K012B0_ICICI Prudential Balanced Advantage Fund.xlsx,BAF,206,True,Equity Candidate
ICICI Prudential Balanced Advantage Fund,INF109K012B0,,State Government of Rajasthan,IN2920250213,Government Security,SOV,SOV,7.46,15000000.0,14712.83,0.0019513251844,INF109K012B0_ICICI Prudential Balanced Advantage Fund.xlsx,BAF,162,False,Non-Equity
ICICI Prudential Balanced Advantage Fund,INF109K012B0,,India Universal Trust AL1 **,INE16J715035,Other,FITCH AAA(SO),FITCH AAA(SO),,166.0,14175.4,0.0018800472118,INF109K012B0_ICICI Prudential Balanced Advantage Fund.xlsx,BAF,241,True,Equity Candidate
ICICI Prudential Balanced Advantage Fund,INF109K012B0,,Altius Telecom Infrastructure Trust,INE0BWS23018,Other,Units of Infrastructure Investment Trusts,Units of Infrastructure Investment Trusts,,8000000.0,14000.0,0.0018567843563,INF109K012B0_ICICI Prudential Balanced Advantage Fund.xlsx,BAF,268,True,Equity Candidate
ICICI Prudential Balanced Advantage Fund,INF109K012B0,,Apar Industries Ltd.,INE372A01015,Other,Electrical Equipment,Electrical Equipment,,78178.0,13839.07,0.0018354406202,INF109K012B0_ICICI Prudential Balanced Advantage Fund.xlsx,BAF,82,True,Equity Candidate
ICICI Prudential Balanced Advantage Fund,INF109K012B0,,India Universal Trust AL2 **,INE1CBK15029,Other,CRISIL AAA(SO),CRISIL AAA(SO),,242.0,13776.04,0.0018270811117,INF109K012B0_ICICI Prudential Balanced Advantage Fund.xlsx,BAF,242,True,Equity Candidate
ICICI Prudential Balanced Advantage Fund,INF109K012B0,,Canara HSBC Life Insurance Co Ltd,INE01TY01017,Other,Insurance,Insurance,,8632545.0,13478.86,0.001787666885,INF109K012B0_ICICI Prudential Balanced Advantage Fund.xlsx,BAF,83,True,Equity Candidate
ICICI Prudential Balanced Advantage Fund,INF109K012B0,,SBI Funds Management Ltd.,INE640G01020,Other,Capital Markets,Capital Markets,,2257221.0,13035.45,0.0017288585456,INF109K012B0_ICICI Prudential Balanced Advantage Fund.xlsx,BAF,84,True,Equity Candidate
ICICI Prudential Balanced Advantage Fund,INF109K012B0,,Bharti Telecom Ltd. **,INE403D08231,Other,CRISIL AAA,CRISIL AAA,8.65,12500.0,12560.01,0.0016658021488,INF109K012B0_ICICI Prudential Balanced Advantage Fund.xlsx,BAF,207,True,Equity Candidate
ICICI Prudential Balanced Advantage Fund,INF109K012B0,,Muthoot Finance Ltd. **,INE414G07JB8,Other,CRISIL AA+,CRISIL AA+,8.9,12500.0,12528.16,0.0016615779644,INF109K012B0_ICICI Prudential Balanced Advantage Fund.xlsx,BAF,208,True,Equity Candidate
ICICI Prudential Balanced Advantage Fund,INF109K012B0,,Adani Enterprises Ltd. **,INE423A07476,Other,ICRA AA-,ICRA AA-,8.700000000000001,12500.0,12516.76,0.0016600660114,INF109K012B0_ICICI Prudential Balanced Advantage Fund.xlsx,BAF,209,True,Equity Candidate
ICICI Prudential Balanced Advantage Fund,INF109K012B0,,364 Days Treasury Bills,IN002025Z286,Government Security,SOV,SOV,,12500000.0,12435.46,0.0016492833994,INF109K012B0_ICICI Prudential Balanced Advantage Fund.xlsx,BAF,261,False,Non-Equity
ICICI Prudential Balanced Advantage Fund,INF109K012B0,,State Government of Maharashtra,IN2220250301,Government Security,SOV,SOV,7.24,12500000.0,12321.5,0.0016341691748,INF109K012B0_ICICI Prudential Balanced Advantage Fund.xlsx,BAF,163,False,Non-Equity
ICICI Prudential Balanced Advantage Fund,INF109K012B0,,Godrej Industries Ltd. **,INE233A08204,Other,CRISIL AA+,CRISIL AA+,8.23,12200.0,12133.11,0.0016091834887,INF109K012B0_ICICI Prudential Balanced Advantage Fund.xlsx,BAF,210,True,Equity Candidate
ICICI Prudential Balanced Advantage Fund,INF109K012B0,,Godrej Industries Ltd. **,INE233A08212,Other,CRISIL AA+,CRISIL AA+,8.23,12200.0,12132.06,0.0016090442299,INF109K012B0_ICICI Prudential Balanced Advantage Fund.xlsx,BAF,211,True,Equity Candidate
ICICI Prudential Balanced Advantage Fund,INF109K012B0,,Azad Engineering Ltd,INE02IJ01035,Other,Electrical Equipment,Electrical Equipment,,408083.0,11678.52,0.0015488923744,INF109K012B0_ICICI Prudential Balanced Advantage Fund.xlsx,BAF,85,True,Equity Candidate
ICICI Prudential Balanced Advantage Fund,INF109K012B0,,State Government of Rajasthan,IN2920250338,Government Security,SOV,SOV,7.54,11648500.0,11582.49,0.00153615616,INF109K012B0_ICICI Prudential Balanced Advantage Fund.xlsx,BAF,164,False,Non-Equity
ICICI Prudential Balanced Advantage Fund,INF109K012B0,,91 Days Treasury Bills,IN002026X115,Government Security,SOV,SOV,,11500000.0,11474.85,0.0015218801408,INF109K012B0_ICICI Prudential Balanced Advantage Fund.xlsx,BAF,262,False,Non-Equity
ICICI Prudential Balanced Advantage Fund,INF109K012B0,,ABB India Ltd.,INE117A01022,Other,Electrical Equipment,Electrical Equipment,,145300.0,11098.74,0.0014719976291,INF109K012B0_ICICI Prudential Balanced Advantage Fund.xlsx,BAF,86,True,Equity Candidate
ICICI Prudential Balanced Advantage Fund,INF109K012B0,,Jindal Steel Ltd.,INE749A01030,Other,Ferrous Metals,Ferrous Metals,,925615.0,11041.66,0.001464427254,INF109K012B0_ICICI Prudential Balanced Advantage Fund.xlsx,BAF,87,True,Equity Candidate
ICICI Prudential Balanced Advantage Fund,INF109K012B0,,Ge Vernova T&D India Ltd.,INE200A01026,Other,Electrical Equipment,Electrical Equipment,,245339.0,10905.81,0.0014464098144,INF109K012B0_ICICI Prudential Balanced Advantage Fund.xlsx,BAF,88,True,Equity Candidate
ICICI Prudential Balanced Advantage Fund,INF109K012B0,,Neuland Laboratories Ltd.,INE794A01010,Other,Pharmaceuticals & Biotechnology,Pharmaceuticals & Biotechnology,,45345.0,10433.88,0.00138381894,INF109K012B0_ICICI Prudential Balanced Advantage Fund.xlsx,BAF,89,True,Equity Candidate
ICICI Prudential Balanced Advantage Fund,INF109K012B0,,Atul Ltd.,INE100A01010,Other,Chemicals & Petrochemicals,Chemicals & Petrochemicals,,162818.0,10407.33,0.0013802976811,INF109K012B0_ICICI Prudential Balanced Advantage Fund.xlsx,BAF,90,True,Equity Candidate
ICICI Prudential Balanced Advantage Fund,INF109K012B0,,Bamboo Hotels & Global Centre (Delhi) Pvt Ltd. **,INE755L07015,Other,ICRA A+(CE),ICRA A+(CE),10.81,10000.0,10038.59,0.0013313926337,INF109K012B0_ICICI Prudential Balanced Advantage Fund.xlsx,BAF,212,True,Equity Candidate
ICICI Prudential Balanced Advantage Fund,INF109K012B0,,State Government of Rajasthan,IN2920250296,Government Security,SOV,SOV,7.29,10326000.0,10021.42,0.0013291154203,INF109K012B0_ICICI Prudential Balanced Advantage Fund.xlsx,BAF,165,False,Non-Equity
ICICI Prudential Balanced Advantage Fund,INF109K012B0,,Interest Rate Swaps- MD -27-Feb-2029 (Pay float/receive fixed),,Other,,,,,10000.0,0.0013262745402847,INF109K012B0_ICICI Prudential Balanced Advantage Fund.xlsx,BAF,278,False,Non-Equity
ICICI Prudential Balanced Advantage Fund,INF109K012B0,,Interest Rate Swaps- MD -27-Feb-2029 (Pay float/receive fixed),,Other,,,,,10000.0,0.0013262745402847,INF109K012B0_ICICI Prudential Balanced Advantage Fund.xlsx,BAF,279,False,Non-Equity
ICICI Prudential Balanced Advantage Fund,INF109K012B0,,Interest Rate Swaps- MD -27-Feb-2029 (Pay float/receive fixed),,Other,,,,,10000.0,0.0013262745402847,INF109K012B0_ICICI Prudential Balanced Advantage Fund.xlsx,BAF,280,False,Non-Equity
ICICI Prudential Balanced Advantage Fund,INF109K012B0,,Interest Rate Swaps- MD -16-Jul-2029 (Pay float/receive fixed),,Other,,,,,10000.0,0.0013262745402847,INF109K012B0_ICICI Prudential Balanced Advantage Fund.xlsx,BAF,282,False,Non-Equity
ICICI Prudential Balanced Advantage Fund,INF109K012B0,,Interest Rate Swaps- MD -16-Jul-2029 (Pay float/receive fixed),,Other,,,,,10000.0,0.0013262745402847,INF109K012B0_ICICI Prudential Balanced Advantage Fund.xlsx,BAF,283,False,Non-Equity
ICICI Prudential Balanced Advantage Fund,INF109K012B0,,HDFC Bank Ltd. ( Additional Tier I Bond under Basel III ) **,INE040A08419,Debt,CRISIL AA+,CRISIL AA+,7.84,100.0,9985.32,0.0013243275692,INF109K012B0_ICICI Prudential Balanced Advantage Fund.xlsx,BAF,213,True,Non-Equity
ICICI Prudential Balanced Advantage Fund,INF109K012B0,,ITC Ltd.,INE154A01025,Other,Diversified Fmcg,Diversified Fmcg,,3906065.0,9980.0,0.0013236219912,INF109K012B0_ICICI Prudential Balanced Advantage Fund.xlsx,BAF,91,True,Equity Candidate
ICICI Prudential Balanced Advantage Fund,INF109K012B0,,364 Days Treasury Bills,IN002025Z252,Government Security,SOV,SOV,,10000000.0,9978.13,0.0013233739778,INF109K012B0_ICICI Prudential Balanced Advantage Fund.xlsx,BAF,263,False,Non-Equity
ICICI Prudential Balanced Advantage Fund,INF109K012B0,,Oberoi Realty Ltd. **,INE093I07082,Other,CARE AA+,CARE AA+,8.05,10000.0,9970.1,0.0013223089794,INF109K012B0_ICICI Prudential Balanced Advantage Fund.xlsx,BAF,214,True,Equity Candidate
ICICI Prudential Balanced Advantage Fund,INF109K012B0,,Manappuram Finance Ltd. **,INE522D07CL9,Other,CRISIL AA,CRISIL AA,8.6,10000.0,9960.13,0.0013209866836,INF109K012B0_ICICI Prudential Balanced Advantage Fund.xlsx,BAF,215,True,Equity Candidate
ICICI Prudential Balanced Advantage Fund,INF109K012B0,,Shree Cements Ltd.,INE070A01015,Other,Cement & Cement Products,Cement & Cement Products,,42730.0,9913.36,0.0013147836976,INF109K012B0_ICICI Prudential Balanced Advantage Fund.xlsx,BAF,92,True,Equity Candidate
ICICI Prudential Balanced Advantage Fund,INF109K012B0,,State Government of Himachal pradesh,IN1720250084,Government Security,SOV,SOV,7.56,10000000.0,9852.2,0.0013066722025,INF109K012B0_ICICI Prudential Balanced Advantage Fund.xlsx,BAF,166,False,Non-Equity
ICICI Prudential Balanced Advantage Fund,INF109K012B0,,State Government of Rajasthan,IN2920250221,Government Security,SOV,SOV,7.56,10000000.0,9850.89,0.0013064984606,INF109K012B0_ICICI Prudential Balanced Advantage Fund.xlsx,BAF,167,False,Non-Equity
ICICI Prudential Balanced Advantage Fund,INF109K012B0,,Computer Age Management Services Ltd.,INE596I01020,Other,Capital Markets,Capital Markets,,1253817.0,9804.85,0.0013003922926,INF109K012B0_ICICI Prudential Balanced Advantage Fund.xlsx,BAF,93,True,Equity Candidate
ICICI Prudential Balanced Advantage Fund,INF109K012B0,,State Government of Tamil Nadu,IN3120250300,Government Security,SOV,SOV,7.26,10000000.0,9791.92,0.0012986774196,INF109K012B0_ICICI Prudential Balanced Advantage Fund.xlsx,BAF,168,False,Non-Equity
ICICI Prudential Balanced Advantage Fund,INF109K012B0,,State Government of Madhya Pradesh,IN2120250195,Government Security,SOV,SOV,7.51,10000000.0,9774.3,0.0012963405239,INF109K012B0_ICICI Prudential Balanced Advantage Fund.xlsx,BAF,169,False,Non-Equity
ICICI Prudential Balanced Advantage Fund,INF109K012B0,,Bank Of Baroda **,INE028A16LD2,Other,FITCH A1+,FITCH A1+,,2000.0,9737.67,0.0012914823802,INF109K012B0_ICICI Prudential Balanced Advantage Fund.xlsx,BAF,251,True,Equity Candidate
ICICI Prudential Balanced Advantage Fund,INF109K012B0,,Small Industries Development Bank Of India. **,INE556F16BX0,Other,CRISIL A1+,CRISIL A1+,,2000.0,9724.26,0.0012897038461,INF109K012B0_ICICI Prudential Balanced Advantage Fund.xlsx,BAF,252,True,Equity Candidate
ICICI Prudential Balanced Advantage Fund,INF109K012B0,,Indian Bank,INE562A16QI8,Other,CRISIL A1+,CRISIL A1+,,2000.0,9717.85,0.0012888537041,INF109K012B0_ICICI Prudential Balanced Advantage Fund.xlsx,BAF,253,True,Equity Candidate
ICICI Prudential Balanced Advantage Fund,INF109K012B0,,HDFC Bank Ltd.,INE040A16IZ6,Other,CRISIL A1+,CRISIL A1+,,2000.0,9655.14,0.0012805366364,INF109K012B0_ICICI Prudential Balanced Advantage Fund.xlsx,BAF,254,True,Equity Candidate
ICICI Prudential Balanced Advantage Fund,INF109K012B0,,State Government of Maharashtra,IN2220240435,Government Security,SOV,SOV,7.140000000000001,10000000.0,9594.23,0.0012724582982,INF109K012B0_ICICI Prudential Balanced Advantage Fund.xlsx,BAF,170,False,Non-Equity
ICICI Prudential Balanced Advantage Fund,INF109K012B0,,State Government of Maharashtra,IN2220250376,Government Security,SOV,SOV,7.25,9826600.0,9541.83,0.0012655086196,INF109K012B0_ICICI Prudential Balanced Advantage Fund.xlsx,BAF,171,False,Non-Equity
ICICI Prudential Balanced Advantage Fund,INF109K012B0,,State Government of Maharashtra,IN2220240427,Government Security,SOV,SOV,7.12,9921400.0,9517.39,0.0012622672046,INF109K012B0_ICICI Prudential Balanced Advantage Fund.xlsx,BAF,172,False,Non-Equity
ICICI Prudential Balanced Advantage Fund,INF109K012B0,,State Government of Telangana,IN4520250684,Government Security,SOV,SOV,7.76,8811200.0,8848.43,0.001173544743,INF109K012B0_ICICI Prudential Balanced Advantage Fund.xlsx,BAF,173,False,Non-Equity
ICICI Prudential Balanced Advantage Fund,INF109K012B0,,State Government of Andhra Pradesh,IN1020250321,Government Security,SOV,SOV,7.5,9047600.0,8827.81,0.0011708099649,INF109K012B0_ICICI Prudential Balanced Advantage Fund.xlsx,BAF,174,False,Non-Equity
ICICI Prudential Balanced Advantage Fund,INF109K012B0,,State Government of Andhra Pradesh,IN1020250339,Government Security,SOV,SOV,7.5,9047600.0,8819.81,0.0011697489453,INF109K012B0_ICICI Prudential Balanced Advantage Fund.xlsx,BAF,175,False,Non-Equity
ICICI Prudential Balanced Advantage Fund,INF109K012B0,,TVS Credit Services Ltd. **,INE729N08063,Other,CRISIL AA+,CRISIL AA+,8.85,85.0,8541.61,0.0011328519876,INF109K012B0_ICICI Prudential Balanced Advantage Fund.xlsx,BAF,216,True,Equity Candidate
ICICI Prudential Balanced Advantage Fund,INF109K012B0,,Jubilant Foodworks Ltd.,INE797F01020,Other,Leisure Services,Leisure Services,,1688347.0,8374.2,0.0011106488255,INF109K012B0_ICICI Prudential Balanced Advantage Fund.xlsx,BAF,94,True,Equity Candidate
ICICI Prudential Balanced Advantage Fund,INF109K012B0,,MINDSPACE BUSINESS PARKS REIT **,INE0CCU07215,REIT/InvIT,ICRA AAA,ICRA AAA,7.491300000000001,7750.0,7726.22,0.0010247088878,INF109K012B0_ICICI Prudential Balanced Advantage Fund.xlsx,BAF,217,True,Equity Candidate
ICICI Prudential Balanced Advantage Fund,INF109K012B0,,Tyger Capital Private Ltd. **,INE01EQ07103,Other,CRISIL A+,CRISIL A+,10.25,7500.0,7484.21,0.0009926117177,INF109K012B0_ICICI Prudential Balanced Advantage Fund.xlsx,BAF,218,True,Equity Candidate
ICICI Prudential Balanced Advantage Fund,INF109K012B0,,Tyger Capital Private Ltd. **,INE01EQ07095,Other,CRISIL A+,CRISIL A+,10.25,7500.0,7481.75,0.0009922854541,INF109K012B0_ICICI Prudential Balanced Advantage Fund.xlsx,BAF,219,True,Equity Candidate
ICICI Prudential Balanced Advantage Fund,INF109K012B0,,Aavas Financiers Ltd. **,INE216P07266,Other,CARE AA,CARE AA,8.46,7500.0,7470.6,0.000990806658,INF109K012B0_ICICI Prudential Balanced Advantage Fund.xlsx,BAF,220,True,Equity Candidate
ICICI Prudential Balanced Advantage Fund,INF109K012B0,,Adani Power Ltd. **,INE814H07208,Other,CRISIL AA,CRISIL AA,8.2,7500.0,7453.75,0.0009885718854,INF109K012B0_ICICI Prudential Balanced Advantage Fund.xlsx,BAF,221,True,Equity Candidate
ICICI Prudential Balanced Advantage Fund,INF109K012B0,,Bharti Telecom Ltd. **,INE403D08272,Other,CRISIL AAA,CRISIL AAA,7.35,7500.0,7435.04,0.0009860904257,INF109K012B0_ICICI Prudential Balanced Advantage Fund.xlsx,BAF,222,True,Equity Candidate
ICICI Prudential Balanced Advantage Fund,INF109K012B0,,Mankind Pharma Ltd.,INE634S01028,Other,Pharmaceuticals & Biotechnology,Pharmaceuticals & Biotechnology,,300000.0,7257.6,0.0009625570103,INF109K012B0_ICICI Prudential Balanced Advantage Fund.xlsx,BAF,95,True,Equity Candidate
ICICI Prudential Balanced Advantage Fund,INF109K012B0,,Container Corporation Of India Ltd.,INE111A01025,Other,Transport Services,Transport Services,,1402256.0,7178.15,0.0009520197591,INF109K012B0_ICICI Prudential Balanced Advantage Fund.xlsx,BAF,96,True,Equity Candidate
ICICI Prudential Balanced Advantage Fund,INF109K012B0,,State Government of Madhya Pradesh,IN2120250187,Government Security,SOV,SOV,7.48,7222900.0,7052.42,0.0009353445093,INF109K012B0_ICICI Prudential Balanced Advantage Fund.xlsx,BAF,176,False,Non-Equity
ICICI Prudential Balanced Advantage Fund,INF109K012B0,,Government Securities,IN0020200120,Government Security,SOV,SOV,6.75,6757000.0,7047.11,0.0009346402575,INF109K012B0_ICICI Prudential Balanced Advantage Fund.xlsx,BAF,177,False,Non-Equity
ICICI Prudential Balanced Advantage Fund,INF109K012B0,,Voltas Ltd.,INE226A01021,Other,Consumer Durables,Consumer Durables,,576620.0,6887.15,0.00091342517,INF109K012B0_ICICI Prudential Balanced Advantage Fund.xlsx,BAF,97,True,Equity Candidate
ICICI Prudential Balanced Advantage Fund,INF109K012B0,,NHPC Ltd.,INE848E01016,Other,Power,Power,,8170868.0,6268.69,0.0008314003947,INF109K012B0_ICICI Prudential Balanced Advantage Fund.xlsx,BAF,98,True,Equity Candidate
ICICI Prudential Balanced Advantage Fund,INF109K012B0,,State Government of Telangana,IN4520260063,Government Security,SOV,SOV,7.53,6243400.0,6154.01,0.0008161906783,INF109K012B0_ICICI Prudential Balanced Advantage Fund.xlsx,BAF,178,False,Non-Equity
ICICI Prudential Balanced Advantage Fund,INF109K012B0,,Asian Paints Ltd.,INE021A01026,Other,Consumer Durables,Consumer Durables,,224904.0,5968.05,0.000791527277,INF109K012B0_ICICI Prudential Balanced Advantage Fund.xlsx,BAF,99,True,Equity Candidate
ICICI Prudential Balanced Advantage Fund,INF109K012B0,,NABARD **,INE261F08EV2,Other,ICRA AAA,ICRA AAA,7.16,6000.0,5909.09,0.0007837075623,INF109K012B0_ICICI Prudential Balanced Advantage Fund.xlsx,BAF,223,True,Equity Candidate
ICICI Prudential Balanced Advantage Fund,INF109K012B0,,State Government of Rajasthan,IN2920250312,Government Security,SOV,SOV,7.24,5869100.0,5689.36,0.0007545653318,INF109K012B0_ICICI Prudential Balanced Advantage Fund.xlsx,BAF,179,False,Non-Equity
ICICI Prudential Balanced Advantage Fund,INF109K012B0,,JSW Steel Ltd.,INE019A01038,Other,Ferrous Metals,Ferrous Metals,,434700.0,5684.57,0.0007539300463,INF109K012B0_ICICI Prudential Balanced Advantage Fund.xlsx,BAF,100,True,Equity Candidate
ICICI Prudential Balanced Advantage Fund,INF109K012B0,,Max Financial Services Ltd.,INE180A01020,Other,Insurance,Insurance,,353708.0,5564.18,0.0007379630271,INF109K012B0_ICICI Prudential Balanced Advantage Fund.xlsx,BAF,101,True,Equity Candidate
ICICI Prudential Balanced Advantage Fund,INF109K012B0,,Indus Infra Trust,INE0NHL23019,Other,Units of Infrastructure Investment Trusts,Units of Infrastructure Investment Trusts,,3999900.0,5338.67,0.0007080542099,INF109K012B0_ICICI Prudential Balanced Advantage Fund.xlsx,BAF,269,True,Equity Candidate
ICICI Prudential Balanced Advantage Fund,INF109K012B0,,MAX Healthcare Institute Ltd,INE027H01010,Other,Healthcare Services,Healthcare Services,,500000.0,5210.5,0.0006910553492,INF109K012B0_ICICI Prudential Balanced Advantage Fund.xlsx,BAF,102,True,Equity Candidate
ICICI Prudential Balanced Advantage Fund,INF109K012B0,,Godrej Properties Ltd. **,INE484J08089,Other,ICRA AA+,ICRA AA+,8.4,5000.0,5017.82,0.0006655006913,INF109K012B0_ICICI Prudential Balanced Advantage Fund.xlsx,BAF,224,True,Equity Candidate
ICICI Prudential Balanced Advantage Fund,INF109K012B0,,NABARD,INE261F08EF5,Other,ICRA AAA,ICRA AAA,7.8,5000.0,5011.11,0.0006646107611,INF109K012B0_ICICI Prudential Balanced Advantage Fund.xlsx,BAF,225,True,Equity Candidate
ICICI Prudential Balanced Advantage Fund,INF109K012B0,,Muthoot Finance Ltd. **,INE414G07IQ8,Other,CRISIL AA+,CRISIL AA+,8.85,5000.0,5010.06,0.0006644715023,INF109K012B0_ICICI Prudential Balanced Advantage Fund.xlsx,BAF,226,True,Equity Candidate
ICICI Prudential Balanced Advantage Fund,INF109K012B0,,Bahadur Chand Investments Pvt. Ltd. **,INE087M08126,Other,ICRA AA+,ICRA AA+,9.25,5000.0,4998.9,0.0006629913799,INF109K012B0_ICICI Prudential Balanced Advantage Fund.xlsx,BAF,227,True,Equity Candidate
ICICI Prudential Balanced Advantage Fund,INF109K012B0,,NABARD **,INE261F08EG3,Other,CRISIL AAA,CRISIL AAA,7.68,5000.0,4993.91,0.0006623295689,INF109K012B0_ICICI Prudential Balanced Advantage Fund.xlsx,BAF,228,True,Equity Candidate
ICICI Prudential Balanced Advantage Fund,INF109K012B0,,Rural Electrification Corporation Ltd. **,INE020B08EK4,Other,CRISIL AAA,CRISIL AAA,7.46,5000.0,4990.66,0.0006618985297,INF109K012B0_ICICI Prudential Balanced Advantage Fund.xlsx,BAF,229,True,Equity Candidate
ICICI Prudential Balanced Advantage Fund,INF109K012B0,,Bahadur Chand Investments Pvt. Ltd. **,INE087M08134,Other,ICRA AA+,ICRA AA+,9.25,5000.0,4981.92,0.0006607393657,INF109K012B0_ICICI Prudential Balanced Advantage Fund.xlsx,BAF,230,True,Equity Candidate
ICICI Prudential Balanced Advantage Fund,INF109K012B0,,NABARD **,INE261F08EU4,Other,CRISIL AAA,CRISIL AAA,7.44,5000.0,4965.46,0.0006585563178,INF109K012B0_ICICI Prudential Balanced Advantage Fund.xlsx,BAF,231,True,Equity Candidate
ICICI Prudential Balanced Advantage Fund,INF109K012B0,,Nexus Select Trust,INE0NDH25011,REIT/InvIT,Units of Real Estate Investment Trust (REITs),Units of Real Estate Investment Trust (REITs),,2911569.0,4885.32,0.0006479275537,INF109K012B0_ICICI Prudential Balanced Advantage Fund.xlsx,BAF,147,True,Equity Candidate
ICICI Prudential Balanced Advantage Fund,INF109K012B0,,Small Industries Development Bank Of India. **,INE556F16BV4,Other,CRISIL A1+,CRISIL A1+,,1000.0,4875.58,0.0006466357623,INF109K012B0_ICICI Prudential Balanced Advantage Fund.xlsx,BAF,255,True,Equity Candidate
ICICI Prudential Balanced Advantage Fund,INF109K012B0,,HDFC Bank Ltd. **,INE040A16IU7,Other,CRISIL A1+,CRISIL A1+,,1000.0,4833.65,0.0006410746931,INF109K012B0_ICICI Prudential Balanced Advantage Fund.xlsx,BAF,256,True,Equity Candidate
ICICI Prudential Balanced Advantage Fund,INF109K012B0,,State Government of Haryana,IN1620250135,Government Security,SOV,SOV,7.52,4871600.0,4798.62,0.0006364287534,INF109K012B0_ICICI Prudential Balanced Advantage Fund.xlsx,BAF,180,False,Non-Equity
ICICI Prudential Balanced Advantage Fund,INF109K012B0,,V-Guard Industries Ltd.,INE951I01027,Other,Consumer Durables,Consumer Durables,,1327713.0,4598.53,0.0006098913261,INF109K012B0_ICICI Prudential Balanced Advantage Fund.xlsx,BAF,103,True,Equity Candidate
ICICI Prudential Balanced Advantage Fund,INF109K012B0,,Torrent Power Ltd. **,INE813H07432,Other,CRISIL AA+,CRISIL AA+,8.1,4500.0,4506.11,0.0005976338968,INF109K012B0_ICICI Prudential Balanced Advantage Fund.xlsx,BAF,232,True,Equity Candidate
ICICI Prudential Balanced Advantage Fund,INF109K012B0,,91 Days Treasury Bills,IN002026X123,Government Security,SOV,SOV,,4200000.0,4186.81,0.0005552859508,INF109K012B0_ICICI Prudential Balanced Advantage Fund.xlsx,BAF,264,False,Non-Equity
ICICI Prudential Balanced Advantage Fund,INF109K012B0,,Mphasis Ltd.,INE356A01018,Other,It - Software,It - Software,,171417.0,4160.98,0.0005518601836,INF109K012B0_ICICI Prudential Balanced Advantage Fund.xlsx,BAF,104,True,Equity Candidate
ICICI Prudential Balanced Advantage Fund,INF109K012B0,,State Government of Telangana,IN4520250528,Government Security,SOV,SOV,7.34,4129800.0,4010.77,0.0005319382137,INF109K012B0_ICICI Prudential Balanced Advantage Fund.xlsx,BAF,181,False,Non-Equity
ICICI Prudential Balanced Advantage Fund,INF109K012B0,,India Universal Trust AL1 **,INE16J715027,Other,FITCH AAA(SO),FITCH AAA(SO),,79.0,3790.42,0.0005027137542,INF109K012B0_ICICI Prudential Balanced Advantage Fund.xlsx,BAF,243,True,Equity Candidate
ICICI Prudential Balanced Advantage Fund,INF109K012B0,,State Government of Andhra Pradesh,IN1020250313,Government Security,SOV,SOV,7.63,3703700.0,3683.7,0.0004885597524,INF109K012B0_ICICI Prudential Balanced Advantage Fund.xlsx,BAF,182,False,Non-Equity
ICICI Prudential Balanced Advantage Fund,INF109K012B0,,364 Days Treasury Bills,IN002025Z294,Government Security,SOV,SOV,,3700000.0,3677.34,0.0004877162417,INF109K012B0_ICICI Prudential Balanced Advantage Fund.xlsx,BAF,265,False,Non-Equity
ICICI Prudential Balanced Advantage Fund,INF109K012B0,,Dr. Reddy's Laboratories Ltd.,INE089A01031,Other,Pharmaceuticals & Biotechnology,Pharmaceuticals & Biotechnology,,304913.0,3519.92,0.0004668380279,INF109K012B0_ICICI Prudential Balanced Advantage Fund.xlsx,BAF,105,True,Equity Candidate
ICICI Prudential Balanced Advantage Fund,INF109K012B0,,182 Days Treasury Bills,IN002025Y487,Government Security,SOV,SOV,,3400000.0,3399.03,0.000450804695,INF109K012B0_ICICI Prudential Balanced Advantage Fund.xlsx,BAF,266,False,Non-Equity
ICICI Prudential Balanced Advantage Fund,INF109K012B0,,State Government of Haryana,IN1620250192,Government Security,SOV,SOV,7.44,2900000.0,2829.85,0.0003753158007,INF109K012B0_ICICI Prudential Balanced Advantage Fund.xlsx,BAF,183,False,Non-Equity
ICICI Prudential Balanced Advantage Fund,INF109K012B0,,State Government of Haryana,IN1620250184,Government Security,SOV,SOV,7.43,2789600.0,2726.93,0.0003616657832,INF109K012B0_ICICI Prudential Balanced Advantage Fund.xlsx,BAF,184,False,Non-Equity
ICICI Prudential Balanced Advantage Fund,INF109K012B0,,State Government of Karnataka,IN1920240257,Government Security,SOV,SOV,7.13,2662400.0,2608.79,0.0003459971757,INF109K012B0_ICICI Prudential Balanced Advantage Fund.xlsx,BAF,185,False,Non-Equity
ICICI Prudential Balanced Advantage Fund,INF109K012B0,,State Government of Uttar Pradesh,IN3320250050,Government Security,SOV,SOV,7.12,2630000.0,2580.73,0.0003422756494,INF109K012B0_ICICI Prudential Balanced Advantage Fund.xlsx,BAF,186,False,Non-Equity
ICICI Prudential Balanced Advantage Fund,INF109K012B0,,TVS Credit Services Ltd. **,INE729N08055,Other,CRISIL AA+,CRISIL AA+,8.85,25.0,2511.98,0.0003331575119,INF109K012B0_ICICI Prudential Balanced Advantage Fund.xlsx,BAF,233,True,Equity Candidate
ICICI Prudential Balanced Advantage Fund,INF109K012B0,,Adani Power Ltd. **,INE814H07190,Other,CRISIL AA,CRISIL AA,8.0,2500.0,2485.73,0.0003296760413,INF109K012B0_ICICI Prudential Balanced Advantage Fund.xlsx,BAF,234,True,Equity Candidate
ICICI Prudential Balanced Advantage Fund,INF109K012B0,,State Government of Haryana,IN1620250325,Government Security,SOV,SOV,7.78,2452900.0,2467.59,0.0003272701792,INF109K012B0_ICICI Prudential Balanced Advantage Fund.xlsx,BAF,187,False,Non-Equity
ICICI Prudential Balanced Advantage Fund,INF109K012B0,,State Government of Odisha,IN2720250082,Government Security,SOV,SOV,7.43,1582000.0,1542.87,0.0002046269199,INF109K012B0_ICICI Prudential Balanced Advantage Fund.xlsx,BAF,188,False,Non-Equity
ICICI Prudential Balanced Advantage Fund,INF109K012B0,,Mankind Pharma Ltd,INE634S07025,Other,CRISIL AA+,CRISIL AA+,7.99,1500.0,1501.48,0.0001991374696,INF109K012B0_ICICI Prudential Balanced Advantage Fund.xlsx,BAF,235,True,Equity Candidate
ICICI Prudential Balanced Advantage Fund,INF109K012B0,,State Government of West Bengal,IN3420240241,Government Security,SOV,SOV,7.29,1444200.0,1396.5,0.0001852142395,INF109K012B0_ICICI Prudential Balanced Advantage Fund.xlsx,BAF,189,False,Non-Equity
ICICI Prudential Balanced Advantage Fund,INF109K012B0,,State Government of Maharashtra,IN2220250319,Government Security,SOV,SOV,7.27,1311600.0,1278.05,0.0001695045176,INF109K012B0_ICICI Prudential Balanced Advantage Fund.xlsx,BAF,190,False,Non-Equity
ICICI Prudential Balanced Advantage Fund,INF109K012B0,,Nifty 50 Index Put option $$,,Other,Index Options,Index Options,,292500.0,1143.97,0.0001517218285,INF109K012B0_ICICI Prudential Balanced Advantage Fund.xlsx,BAF,106,False,Non-Equity
ICICI Prudential Balanced Advantage Fund,INF109K012B0,,Oil & Natural Gas Corporation Ltd.,INE213A01029,Other,Oil,Oil,,442790.0,1026.39,0.0001361274925,INF109K012B0_ICICI Prudential Balanced Advantage Fund.xlsx,BAF,107,True,Equity Candidate
ICICI Prudential Balanced Advantage Fund,INF109K012B0,,Torrent Power Ltd. **,INE813H07374,Other,CRISIL AA+,CRISIL AA+,8.32,1000.0,1004.23,0.0001331884681,INF109K012B0_ICICI Prudential Balanced Advantage Fund.xlsx,BAF,236,True,Equity Candidate
ICICI Prudential Balanced Advantage Fund,INF109K012B0,,Raajmarg Infra Investment Trust,INE2PB023011,Other,Units of Infrastructure Investment Trusts,Units of Infrastructure Investment Trusts,,750481.0,911.76,0.0001209244074,INF109K012B0_ICICI Prudential Balanced Advantage Fund.xlsx,BAF,270,True,Equity Candidate
ICICI Prudential Balanced Advantage Fund,INF109K012B0,,PI Industries Ltd. $$,,Other,Fertilizers & Agrochemicals,Fertilizers & Agrochemicals,,-96075.0,-2296.0,-0.0003045126344,INF109K012B0_ICICI Prudential Balanced Advantage Fund.xlsx,BAF,290,False,Other
ICICI Prudential Balanced Advantage Fund,INF109K012B0,,Vedanta Ltd. $$,,Other,Diversified Metals,Diversified Metals,,-920000.0,-2582.44,-0.0003425024423,INF109K012B0_ICICI Prudential Balanced Advantage Fund.xlsx,BAF,291,False,Other
ICICI Prudential Balanced Advantage Fund,INF109K012B0,,Sona Blw Precision Forgings Ltd. $$,,Other,Auto Components,Auto Components,,-317275.0,-2596.42,-0.0003443565741,INF109K012B0_ICICI Prudential Balanced Advantage Fund.xlsx,BAF,292,False,Other
ICICI Prudential Balanced Advantage Fund,INF109K012B0,,Asian Paints Ltd. $$,,Other,Consumer Durables,Consumer Durables,,-176250.0,-4594.13,-0.0006093077653,INF109K012B0_ICICI Prudential Balanced Advantage Fund.xlsx,BAF,293,False,Other
ICICI Prudential Balanced Advantage Fund,INF109K012B0,,Bajaj Finance Ltd. $$,,Other,Finance,Finance,,-600000.0,-6424.2,-0.0008520252901,INF109K012B0_ICICI Prudential Balanced Advantage Fund.xlsx,BAF,294,False,Other
ICICI Prudential Balanced Advantage Fund,INF109K012B0,,Kotak Mahindra Bank Ltd. $$,,Other,Banks,Banks,,-1600000.0,-6828.0,-0.0009055802561,INF109K012B0_ICICI Prudential Balanced Advantage Fund.xlsx,BAF,295,False,Other
ICICI Prudential Balanced Advantage Fund,INF109K012B0,,INFO edge india Ltd $$,,Other,Retailing,Retailing,,-550000.0,-7490.45,-0.000993439313,INF109K012B0_ICICI Prudential Balanced Advantage Fund.xlsx,BAF,296,False,Other
ICICI Prudential Balanced Advantage Fund,INF109K012B0,,Eternal Ltd. $$,,Other,Retailing,Retailing,,-2425000.0,-7837.6,-0.0010394809336,INF109K012B0_ICICI Prudential Balanced Advantage Fund.xlsx,BAF,297,False,Other
ICICI Prudential Balanced Advantage Fund,INF109K012B0,,Interest Rate Swaps- MD -27-Aug-2031 (Pay fixed/receive float),,Other,,,,,-10000.0,-0.0013262745402847,INF109K012B0_ICICI Prudential Balanced Advantage Fund.xlsx,BAF,281,False,Non-Equity
ICICI Prudential Balanced Advantage Fund,INF109K012B0,,Interest Rate Swaps- MD -27-Aug-2031 (Pay fixed/receive float),,Other,,,,,-10000.0,-0.0013262745402847,INF109K012B0_ICICI Prudential Balanced Advantage Fund.xlsx,BAF,284,False,Non-Equity
ICICI Prudential Balanced Advantage Fund,INF109K012B0,,Interest Rate Swaps- MD -27-Aug-2031 (Pay fixed/receive float),,Other,,,,,-10000.0,-0.0013262745402847,INF109K012B0_ICICI Prudential Balanced Advantage Fund.xlsx,BAF,285,False,Non-Equity
ICICI Prudential Balanced Advantage Fund,INF109K012B0,,Net Current Assets,,Other,,,,,-11167.868928619477,-0.0014811660228897,INF109K012B0_ICICI Prudential Balanced Advantage Fund.xlsx,BAF,275,False,Other
ICICI Prudential Balanced Advantage Fund,INF109K012B0,,Samvardhana Motherson International Ltd. $$,,Other,Auto Components,Auto Components,,-7693650.0,-12873.78,-0.0017074166651,INF109K012B0_ICICI Prudential Balanced Advantage Fund.xlsx,BAF,298,False,Other
ICICI Prudential Balanced Advantage Fund,INF109K012B0,,IndusInd Bank Ltd. $$,,Other,Banks,Banks,,-2011800.0,-20174.33,-0.0026756700246,INF109K012B0_ICICI Prudential Balanced Advantage Fund.xlsx,BAF,299,False,Other
ICICI Prudential Balanced Advantage Fund,INF109K012B0,,Nifty 50 Index $$,,Other,Index Futures,Index Futures,,-143000.0,-34846.1,-0.0046215495258,INF109K012B0_ICICI Prudential Balanced Advantage Fund.xlsx,BAF,300,False,Other
ICICI Prudential Balanced Advantage Fund,INF109K012B0,,TVS Motor Company Ltd. $$,,Other,Automobiles,Automobiles,,-2313675.0,-100501.41,-0.0133292461345,INF109K012B0_ICICI Prudential Balanced Advantage Fund.xlsx,BAF,301,False,Other
ICICI Prudential Balanced Advantage Fund,INF109K012B0,,Nifty 50 Index $$,,Other,Index Futures,Index Futures,,-1243580.0,-301585.56,-0.0399985249945,INF109K012B0_ICICI Prudential Balanced Advantage Fund.xlsx,BAF,302,False,Other
ICICI Prudential Balanced Advantage Fund,INF109K012B0,,Grasim Industries Ltd.,INE047A01021,Other,Cement & Cement Products,Cement & Cement Products,,10677.0,359.92,,INF109K012B0_ICICI Prudential Balanced Advantage Fund.xlsx,BAF,108,True,Equity Candidate
ICICI Prudential Balanced Advantage Fund,INF109K012B0,,Bharti Airtel Ltd. (Covered call) $$,,Other,Telecom - Services,Telecom - Services,,-156750.0,-7.92,,INF109K012B0_ICICI Prudential Balanced Advantage Fund.xlsx,BAF,109,False,Other
ICICI Prudential Balanced Advantage Fund,INF109K012B0,,NTPC Ltd. (Covered call) $$,,Other,Power,Power,,-1272000.0,-10.18,,INF109K012B0_ICICI Prudential Balanced Advantage Fund.xlsx,BAF,110,False,Other
ICICI Prudential Balanced Advantage Fund,INF109K012B0,,Ultratech Cement Ltd. (Covered call) $$,,Other,Cement & Cement Products,Cement & Cement Products,,-22500.0,-15.58,,INF109K012B0_ICICI Prudential Balanced Advantage Fund.xlsx,BAF,111,False,Other
ICICI Prudential Balanced Advantage Fund,INF109K012B0,,Cipla Ltd. (Covered call) $$,,Other,Pharmaceuticals & Biotechnology,Pharmaceuticals & Biotechnology,,-240125.0,-18.01,,INF109K012B0_ICICI Prudential Balanced Advantage Fund.xlsx,BAF,112,False,Other
ICICI Prudential Balanced Advantage Fund,INF109K012B0,,Shriram Finance Ltd. (Covered call) $$,,Other,Finance,Finance,,-239250.0,-22.61,,INF109K012B0_ICICI Prudential Balanced Advantage Fund.xlsx,BAF,113,False,Other
ICICI Prudential Balanced Advantage Fund,INF109K012B0,,Bajaj Finserv Ltd. (Covered call) $$,,Other,Finance,Finance,,-210000.0,-25.52,,INF109K012B0_ICICI Prudential Balanced Advantage Fund.xlsx,BAF,114,False,Other
ICICI Prudential Balanced Advantage Fund,INF109K012B0,,Bharti Airtel Ltd. (Covered call) $$,,Other,Telecom - Services,Telecom - Services,,-261250.0,-32.92,,INF109K012B0_ICICI Prudential Balanced Advantage Fund.xlsx,BAF,115,False,Other
ICICI Prudential Balanced Advantage Fund,INF109K012B0,,SBI Life Insurance Company Ltd. (Covered call) $$,,Other,Insurance,Insurance,,-348750.0,-35.05,,INF109K012B0_ICICI Prudential Balanced Advantage Fund.xlsx,BAF,116,False,Other
ICICI Prudential Balanced Advantage Fund,INF109K012B0,,NTPC Ltd. (Covered call) $$,,Other,Power,Power,,-3150000.0,-36.23,,INF109K012B0_ICICI Prudential Balanced Advantage Fund.xlsx,BAF,117,False,Other
ICICI Prudential Balanced Advantage Fund,INF109K012B0,,Adani Ports and Special Economic Zone Ltd. (Covered call) $$,,Other,Transport Infrastructure,Transport Infrastructure,,-356250.0,-37.05,,INF109K012B0_ICICI Prudential Balanced Advantage Fund.xlsx,BAF,118,False,Other
ICICI Prudential Balanced Advantage Fund,INF109K012B0,,Reliance Industries Ltd. (Covered call) $$,,Other,Petroleum Products,Petroleum Products,,-450000.0,-37.35,,INF109K012B0_ICICI Prudential Balanced Advantage Fund.xlsx,BAF,119,False,Other
ICICI Prudential Balanced Advantage Fund,INF109K012B0,,Cipla Ltd. (Covered call) $$,,Other,Pharmaceuticals & Biotechnology,Pharmaceuticals & Biotechnology,,-184875.0,-37.9,,INF109K012B0_ICICI Prudential Balanced Advantage Fund.xlsx,BAF,120,False,Other
ICICI Prudential Balanced Advantage Fund,INF109K012B0,,SBI Life Insurance Company Ltd. (Covered call) $$,,Other,Insurance,Insurance,,-281250.0,-39.94,,INF109K012B0_ICICI Prudential Balanced Advantage Fund.xlsx,BAF,121,False,Other
ICICI Prudential Balanced Advantage Fund,INF109K012B0,,Reliance Industries Ltd. (Covered call) $$,,Other,Petroleum Products,Petroleum Products,,-425000.0,-46.33,,INF109K012B0_ICICI Prudential Balanced Advantage Fund.xlsx,BAF,122,False,Other
ICICI Prudential Balanced Advantage Fund,INF109K012B0,,Eicher Motors Ltd. (Covered call) $$,,Other,Automobiles,Automobiles,,-50000.0,-49.45,,INF109K012B0_ICICI Prudential Balanced Advantage Fund.xlsx,BAF,123,False,Other
ICICI Prudential Balanced Advantage Fund,INF109K012B0,,Ultratech Cement Ltd. (Covered call) $$,,Other,Cement & Cement Products,Cement & Cement Products,,-40000.0,-50.48,,INF109K012B0_ICICI Prudential Balanced Advantage Fund.xlsx,BAF,124,False,Other
ICICI Prudential Balanced Advantage Fund,INF109K012B0,,Bajaj Finance Ltd. (Covered call) $$,,Other,Finance,Finance,,-592500.0,-50.66,,INF109K012B0_ICICI Prudential Balanced Advantage Fund.xlsx,BAF,125,False,Other
ICICI Prudential Balanced Advantage Fund,INF109K012B0,,Tata Consultancy Services Ltd. (Covered call) $$,,Other,It - Software,It - Software,,-135000.0,-52.31,,INF109K012B0_ICICI Prudential Balanced Advantage Fund.xlsx,BAF,126,False,Other
ICICI Prudential Balanced Advantage Fund,INF109K012B0,,HCL Technologies Ltd. (Covered call) $$,,Other,It - Software,It - Software,,-314800.0,-64.06,,INF109K012B0_ICICI Prudential Balanced Advantage Fund.xlsx,BAF,127,False,Other
ICICI Prudential Balanced Advantage Fund,INF109K012B0,,Interglobe Aviation Ltd. (Covered call) $$,,Other,Transport Services,Transport Services,,-106800.0,-65.2,,INF109K012B0_ICICI Prudential Balanced Advantage Fund.xlsx,BAF,128,False,Other
ICICI Prudential Balanced Advantage Fund,INF109K012B0,,Sun Pharmaceutical Industries Ltd. (Covered call) $$,,Other,Pharmaceuticals & Biotechnology,Pharmaceuticals & Biotechnology,,-178500.0,-68.54,,INF109K012B0_ICICI Prudential Balanced Advantage Fund.xlsx,BAF,129,False,Other
ICICI Prudential Balanced Advantage Fund,INF109K012B0,,Axis Bank Ltd. (Covered call) $$,,Other,Banks,Banks,,-375000.0,-69.75,,INF109K012B0_ICICI Prudential Balanced Advantage Fund.xlsx,BAF,130,False,Other
ICICI Prudential Balanced Advantage Fund,INF109K012B0,,Reliance Industries Ltd. (Covered call) $$,,Other,Petroleum Products,Petroleum Products,,-425000.0,-72.04,,INF109K012B0_ICICI Prudential Balanced Advantage Fund.xlsx,BAF,131,False,Other
ICICI Prudential Balanced Advantage Fund,INF109K012B0,,Maruti Suzuki India Ltd. (Covered call) $$,,Other,Automobiles,Automobiles,,-64500.0,-75.69,,INF109K012B0_ICICI Prudential Balanced Advantage Fund.xlsx,BAF,132,False,Other
ICICI Prudential Balanced Advantage Fund,INF109K012B0,,State Bank Of India (Covered call) $$,,Other,Banks,Banks,,-450000.0,-78.53,,INF109K012B0_ICICI Prudential Balanced Advantage Fund.xlsx,BAF,133,False,Other
ICICI Prudential Balanced Advantage Fund,INF109K012B0,,Eternal Ltd. (Covered call) $$,,Other,Retailing,Retailing,,-1455000.0,-98.21,,INF109K012B0_ICICI Prudential Balanced Advantage Fund.xlsx,BAF,134,False,Other
ICICI Prudential Balanced Advantage Fund,INF109K012B0,,Tech Mahindra Ltd. (Covered call) $$,,Other,It - Software,It - Software,,-258000.0,-99.72,,INF109K012B0_ICICI Prudential Balanced Advantage Fund.xlsx,BAF,135,False,Other
ICICI Prudential Balanced Advantage Fund,INF109K012B0,,Infosys Ltd. (Covered call) $$,,Other,It - Software,It - Software,,-880000.0,-115.28,,INF109K012B0_ICICI Prudential Balanced Advantage Fund.xlsx,BAF,136,False,Other
ICICI Prudential Balanced Advantage Fund,INF109K012B0,,Infosys Ltd. (Covered call) $$,,Other,It - Software,It - Software,,-600000.0,-116.7,,INF109K012B0_ICICI Prudential Balanced Advantage Fund.xlsx,BAF,137,False,Other
ICICI Prudential Balanced Advantage Fund,INF109K012B0,,HDFC Bank Ltd. (Covered call) $$,,Other,Banks,Banks,,-3354000.0,-155.96,,INF109K012B0_ICICI Prudential Balanced Advantage Fund.xlsx,BAF,138,False,Other
ICICI Prudential Balanced Advantage Fund,INF109K012B0,,Larsen & Toubro Ltd. (Covered call) $$,,Other,Construction,Construction,,-469875.0,-157.88,,INF109K012B0_ICICI Prudential Balanced Advantage Fund.xlsx,BAF,139,False,Other
ICICI Prudential Balanced Advantage Fund,INF109K012B0,,Maruti Suzuki India Ltd. (Covered call) $$,,Other,Automobiles,Automobiles,,-95000.0,-167.82,,INF109K012B0_ICICI Prudential Balanced Advantage Fund.xlsx,BAF,140,False,Other
ICICI Prudential Balanced Advantage Fund,INF109K012B0,,Trent Ltd. (Covered call) $$,,Other,Retailing,Retailing,,-436500.0,-176.78,,INF109K012B0_ICICI Prudential Balanced Advantage Fund.xlsx,BAF,141,False,Other
ICICI Prudential Balanced Advantage Fund,INF109K012B0,,Eternal Ltd. (Covered call) $$,,Other,Retailing,Retailing,,-4850000.0,-179.45,,INF109K012B0_ICICI Prudential Balanced Advantage Fund.xlsx,BAF,142,False,Other
ICICI Prudential Balanced Advantage Fund,INF109K012B0,,Unlisted,,Other,,,,,,,INF109K012B0_ICICI Prudential Balanced Advantage Fund.xlsx,BAF,150,False,Other
ICICI Prudential Balanced Advantage Fund,INF109K012B0,,State Government of Uttar Pradesh,IN3320250126,Government Security,SOV,SOV,7.36,213000.0,208.25,,INF109K012B0_ICICI Prudential Balanced Advantage Fund.xlsx,BAF,191,False,Non-Equity
ICICI Prudential Balanced Advantage Fund,INF109K012B0,,Government Securities,IN0020230085,Government Security,SOV,SOV,7.18,121400.0,124.01,,INF109K012B0_ICICI Prudential Balanced Advantage Fund.xlsx,BAF,192,False,Non-Equity
ICICI Prudential Balanced Advantage Fund,INF109K012B0,,Zero Coupon Bonds / Deep Discount Bonds,,Debt,,,,,,,INF109K012B0_ICICI Prudential Balanced Advantage Fund.xlsx,BAF,237,False,Non-Equity
ICICI Prudential Balanced Advantage Fund,INF109K012B0,,Privately Placed/unlisted,,Other,,,,,,,INF109K012B0_ICICI Prudential Balanced Advantage Fund.xlsx,BAF,238,False,Other
ICICI Prudential Balanced Advantage Fund,INF109K012B0,,Term Deposits,,Other,,,,,,,INF109K012B0_ICICI Prudential Balanced Advantage Fund.xlsx,BAF,244,False,Non-Equity
ICICI Prudential Balanced Advantage Fund,INF109K012B0,,Deposits (maturity not exceeding 91 days),,Other,,,,,,,INF109K012B0_ICICI Prudential Balanced Advantage Fund.xlsx,BAF,245,False,Non-Equity
ICICI Prudential Balanced Advantage Fund,INF109K012B0,,Deposits (Placed as Margin),,Other,,,,,,,INF109K012B0_ICICI Prudential Balanced Advantage Fund.xlsx,BAF,246,False,Non-Equity
ICICI Prudential Balanced Advantage Fund,INF109K012B0,,Commercial Papers,,Debt,,,,,,,INF109K012B0_ICICI Prudential Balanced Advantage Fund.xlsx,BAF,257,False,Non-Equity
ICICI Prudential Balanced Advantage Fund,INF109K012B0,,Units of an Alternative Investment Fund (AIF),,Other,,,,,,,INF109K012B0_ICICI Prudential Balanced Advantage Fund.xlsx,BAF,271,False,Other
ICICI Prudential Balanced Advantage Fund,INF109K012B0,,Details of Stock Future / Index Future,,Other,,,,,,,INF109K012B0_ICICI Prudential Balanced Advantage Fund.xlsx,BAF,286,False,Non-Equity
ICICI Prudential Balanced Advantage Fund,INF109K012B0,,Company/Issuer/Instrument Name,ISIN,Other,Industry/Rating,Industry/Rating,,,,,INF109K012B0_ICICI Prudential Balanced Advantage Fund.xlsx,BAF,287,False,Other
ICICI Prudential Balanced Advantage Fund,INF109K012B0,,Stock / Index Futures,,Other,,,,,,,INF109K012B0_ICICI Prudential Balanced Advantage Fund.xlsx,BAF,288,False,Non-Equity
ICICI Prudential Balanced Advantage Fund,INF109K012B0,,Note- 1 : Index/ Stock futures are provided towards end of the table.,,Other,,,,,,,INF109K012B0_ICICI Prudential Balanced Advantage Fund.xlsx,BAF,303,False,Non-Equity
ICICI Prudential Balanced Advantage Fund,INF109K012B0,,Notes,,Other,,,,,,,INF109K012B0_ICICI Prudential Balanced Advantage Fund.xlsx,BAF,304,False,Other
ICICI Prudential Balanced Advantage Fund,INF109K012B0,,"1. Details of security in default beyond its maturity date and its % to NAV as on Aug 31,2026",NIL,Other,,,,,,,INF109K012B0_ICICI Prudential Balanced Advantage Fund.xlsx,BAF,305,False,Other
ICICI Prudential Balanced Advantage Fund,INF109K012B0,,2. Total Value and Percentage of Non Traded/Unlisted/Unquoted/Illiquid shares,24986.95,Equity,,,,,,,INF109K012B0_ICICI Prudential Balanced Advantage Fund.xlsx,BAF,306,False,Other
ICICI Prudential Balanced Advantage Fund,INF109K012B0,,Company/Issuer,QUANTITY,Other,% to NAV,% to NAV,,,,,INF109K012B0_ICICI Prudential Balanced Advantage Fund.xlsx,BAF,307,False,Other
ICICI Prudential Balanced Advantage Fund,INF109K012B0,,Samvardhana Motherson International Ltd. **,22308,Other,0.3313955562436742,0.3313955562436742,24986.95,,,,INF109K012B0_ICICI Prudential Balanced Advantage Fund.xlsx,BAF,308,False,Other
ICICI Prudential Balanced Advantage Fund,INF109K012B0,,3. ICICI Prudential Balanced Advantage Fund - NAV & Dividend,,Other,,,,,,,INF109K012B0_ICICI Prudential Balanced Advantage Fund.xlsx,BAF,309,False,Other
ICICI Prudential Balanced Advantage Fund,INF109K012B0,,Plan Name,NAV PER UNIT - 31-JUL-2026,Other,Dividend declared during the Month ended 31-Aug-2026(Rs.)/Unit,Dividend declared during the Month ended 31-Aug-2026(Rs.)/Unit,31.0,,,,INF109K012B0_ICICI Prudential Balanced Advantage Fund.xlsx,BAF,310,False,Other
ICICI Prudential Balanced Advantage Fund,INF109K012B0,,Growth Option,79.27,Other,-,-,79.94,,,,INF109K012B0_ICICI Prudential Balanced Advantage Fund.xlsx,BAF,311,False,Non-Equity
ICICI Prudential Balanced Advantage Fund,INF109K012B0,,Monthly IDCW Option,22.94,Other,0.07,0.07,23.07,,,,INF109K012B0_ICICI Prudential Balanced Advantage Fund.xlsx,BAF,312,False,Non-Equity
ICICI Prudential Balanced Advantage Fund,INF109K012B0,,IDCW Option,18.5,Other,-,-,18.66,,,,INF109K012B0_ICICI Prudential Balanced Advantage Fund.xlsx,BAF,313,False,Non-Equity
ICICI Prudential Balanced Advantage Fund,INF109K012B0,,Direct Plan - Growth Option,88.94,Other,-,-,89.73,,,,INF109K012B0_ICICI Prudential Balanced Advantage Fund.xlsx,BAF,314,False,Non-Equity
ICICI Prudential Balanced Advantage Fund,INF109K012B0,,Direct Plan - Monthly IDCW Option,27.7,Other,0.07,0.07,27.87,,,,INF109K012B0_ICICI Prudential Balanced Advantage Fund.xlsx,BAF,315,False,Non-Equity
ICICI Prudential Balanced Advantage Fund,INF109K012B0,,Direct Plan - IDCW Option,30.19,Other,-,-,30.46,,,,INF109K012B0_ICICI Prudential Balanced Advantage Fund.xlsx,BAF,316,False,Non-Equity
ICICI Prudential Balanced Advantage Fund,INF109K012B0,,4. Total outstanding exposure in derivatives instrument,REFER ANNEXURE,Other,,,,,,,INF109K012B0_ICICI Prudential Balanced Advantage Fund.xlsx,BAF,317,False,Other
ICICI Prudential Balanced Advantage Fund,INF109K012B0,,"5. Total market value of Investment in Foreign Securities / ADRs / GDRs / Overseas ETFs as on Aug 31,2026",NIL,ETF,,,,,,,INF109K012B0_ICICI Prudential Balanced Advantage Fund.xlsx,BAF,318,False,Other
ICICI Prudential Balanced Advantage Fund,INF109K012B0,,6. Portfolio turnover Ratio,2.33 TIMES,Other,,,,,,,INF109K012B0_ICICI Prudential Balanced Advantage Fund.xlsx,BAF,319,False,Other
ICICI Prudential Balanced Advantage Fund,INF109K012B0,,7. Average Maturity,5.59 YEARS,Other,,,,,,,INF109K012B0_ICICI Prudential Balanced Advantage Fund.xlsx,BAF,320,False,Other
ICICI Prudential Balanced Advantage Fund,INF109K012B0,,8. Details of Term deposits placed as margin,NIL,Other,,,,,,,INF109K012B0_ICICI Prudential Balanced Advantage Fund.xlsx,BAF,321,False,Non-Equity
ICICI Prudential Balanced Advantage Fund,INF109K012B0,,Non-Convertible debentures / Bonds & Zero Coupon Bonds / Deep Discount Bonds / Certificate of Deposits / Commercial Papers are considered as Traded based on the information provided by external agencies.,,Debt,,,,,,,INF109K012B0_ICICI Prudential Balanced Advantage Fund.xlsx,BAF,322,False,Non-Equity
ICICI Prudential Balanced Advantage Fund,INF109K012B0,,** Non Traded / Illiquid Securities.,,Other,,,,,,,INF109K012B0_ICICI Prudential Balanced Advantage Fund.xlsx,BAF,323,False,Other
ICICI Prudential Balanced Advantage Fund,INF109K012B0,,$$ - Derivatives.,,Other,,,,,,,INF109K012B0_ICICI Prudential Balanced Advantage Fund.xlsx,BAF,324,False,Other
ICICI Prudential Balanced Advantage Fund,INF109K012B0,,^ Value Less than 0.01% of NAV in absolute terms.,,Other,,,,,,,INF109K012B0_ICICI Prudential Balanced Advantage Fund.xlsx,BAF,325,False,Other
ICICI Prudential Balanced Advantage Fund,INF109K012B0,,"For the Instrument/security whose final ISIN is yet to be assigned, disclosure of ISIN has been made as per the details provided by external agencies.",,Other,,,,,,,INF109K012B0_ICICI Prudential Balanced Advantage Fund.xlsx,BAF,326,False,Other
ICICI Prudential Balanced Advantage Fund,INF109K012B0,,Debt instruments having structured obligations or credit enhancement features have been denoted with suffix as (SO) or (CE) respectively against the ratings of the instrument.,,Other,,,,,,,INF109K012B0_ICICI Prudential Balanced Advantage Fund.xlsx,BAF,327,False,Other
ICICI Prudential Balanced Advantage Fund,INF109K012B0,,"@ As per AMFI Best Practices Guidelines Circular No. 91/ 2020 - 21 dated March 24, 2021 on Valuation of AT-1 Bonds and Tier 2 Bonds, Yield to call is disclosed for AT-1 Bonds and Tier 2 Bonds issued by Banks as provided by Valuation agencies.
As per SEBI Circular SEBI/HO/IMD/PoD1/CIR/P/2024/106 dated August 05, 2024, valuation of AT-1 Bonds are done on Yield to Call basis w.e.f. August 07, 2024. YTC of AT-1 Bonds are now same as it’s YTM% and hence it is not disclosed separately under YTC%.",,Debt,,,,,,,INF109K012B0_ICICI Prudential Balanced Advantage Fund.xlsx,BAF,328,False,Non-Equity
ICICI Prudential Balanced Advantage Fund,INF109K012B0,,"For Instances of Deviation In valuation Of Securities as per SEBI master circular ref no HO/24/13/11(1)2026-IMD-POD-1/I/7602/2026 dated March 20, 2026. Refer link: https://www.icicipruamc.com/about-us/statutory-disclosures?currentTabFilter=OtherDisclosures&&subCatTabFilter=deviationinvaluationofsecurities",,Other,,,,,,,INF109K012B0_ICICI Prudential Balanced Advantage Fund.xlsx,BAF,329,False,Other
ICICI Prudential Balanced Advantage Fund,INF109K012B0,,"As per AMFI Best Practices Guidelines Circular No. AMFI/ 35P/ MEM-COR/ 72 / 2022-23 dated December 31, 2022 on Standard format for disclosure Portfolio YTM for Debt Schemes, Yield of the instrument is disclosed on annualized basis as provided by Valuation agencies.",,Other,,,,,,,INF109K012B0_ICICI Prudential Balanced Advantage Fund.xlsx,BAF,330,False,Other
ICICI Prudential Balanced Advantage Fund,INF109K012B0,,This scheme has exposure to floating rate instruments and / or interest rate derivatives. The duration of these instruments is linked to the interest rate reset period. The interest rate risk in a floating rate instrument or in a fixed rate instrument hedged with derivatives is likely to be lesser than that in an equivalent maturity fixed rate instrument. Under some market circumstances the volatility may be of an order greater than what may ordinarily be expected considering only its duration. Hence investors are recommended to consider the unadjusted portfolio maturity of the scheme as well and exercise adequate due diligence when deciding to make their investments.,,Other,,,,,,,INF109K012B0_ICICI Prudential Balanced Advantage Fund.xlsx,BAF,331,False,Other
ICICI Prudential Balanced Advantage Fund,INF109K012B0,,Scheme Riskometer,,Other,,,,,,,INF109K012B0_ICICI Prudential Balanced Advantage Fund.xlsx,BAF,332,False,Other
ICICI Prudential Balanced Advantage Fund,INF109K012B0,,Benchmark Riskometer,,Other,,,,,,,INF109K012B0_ICICI Prudential Balanced Advantage Fund.xlsx,BAF,333,False,Other
ICICI Prudential Balanced Advantage Fund,INF109K012B0,,Benchmark name - CRISIL Hybrid 50+50 - Moderate Index,,Other,,,,,,,INF109K012B0_ICICI Prudential Balanced Advantage Fund.xlsx,BAF,334,False,Other
ICICI Prudential Corporate Bond Fund,INF109K016B1,,Total Net Assets,,Other,,,,,2968783.39727495,0.9999999999904704,INF109K016B1_ICICI Prudential Corporate Bond Fund.xlsx,CORPORATE BOND,210,False,Other
ICICI Prudential Corporate Bond Fund,INF109K016B1,,Debt Instruments,,Other,,,,,2729346.9200000013,0.9193486202054004,INF109K016B1_ICICI Prudential Corporate Bond Fund.xlsx,CORPORATE BOND,5,False,Other
ICICI Prudential Corporate Bond Fund,INF109K016B1,,Listed / Awaiting Listing On Stock Exchanges,,Other,,,,,2483612.0100000007,0.8365756869477005,INF109K016B1_ICICI Prudential Corporate Bond Fund.xlsx,CORPORATE BOND,6,False,Other
ICICI Prudential Corporate Bond Fund,INF109K016B1,,Non-Convertible debentures / Bonds,,Debt,,,,,1907413.0600000003,0.6424898029712006,INF109K016B1_ICICI Prudential Corporate Bond Fund.xlsx,CORPORATE BOND,42,False,Non-Equity
ICICI Prudential Corporate Bond Fund,INF109K016B1,,Government Securities,,Government Security,,,,,576198.9500000003,0.1940858839765,INF109K016B1_ICICI Prudential Corporate Bond Fund.xlsx,CORPORATE BOND,7,False,Non-Equity
ICICI Prudential Corporate Bond Fund,INF109K016B1,,Securitized Debt Instruments,,Other,,,,,245734.91,0.0827729332577,INF109K016B1_ICICI Prudential Corporate Bond Fund.xlsx,CORPORATE BOND,185,False,Other
ICICI Prudential Corporate Bond Fund,INF109K016B1,,LIC Housing Finance Ltd. **,INE115A07RF8,Other,CRISIL AAA,CRISIL AAA,7.58,145500.0,145280.3,0.0489359715947,INF109K016B1_ICICI Prudential Corporate Bond Fund.xlsx,CORPORATE BOND,43,True,Equity Candidate
ICICI Prudential Corporate Bond Fund,INF109K016B1,,Money Market Instruments,,Other,,,,,142581.48,0.0480269056104,INF109K016B1_ICICI Prudential Corporate Bond Fund.xlsx,CORPORATE BOND,193,False,Non-Equity
ICICI Prudential Corporate Bond Fund,INF109K016B1,,Certificate of Deposits,,Debt,,,,,142581.48,0.0480269056104,INF109K016B1_ICICI Prudential Corporate Bond Fund.xlsx,CORPORATE BOND,194,False,Non-Equity
ICICI Prudential Corporate Bond Fund,INF109K016B1,,Siddhivinayak Securitisation Trust **,INE2I7F15012,Other,CRISIL AAA(SO),CRISIL AAA(SO),,1000.0,99079.26,0.0333736910853,INF109K016B1_ICICI Prudential Corporate Bond Fund.xlsx,CORPORATE BOND,186,True,Equity Candidate
ICICI Prudential Corporate Bond Fund,INF109K016B1,,Shivshakti Securitisation Trust **,INE2I7G15010,Other,CRISIL AAA(SO),CRISIL AAA(SO),,900.0,88687.01,0.0298731830962,INF109K016B1_ICICI Prudential Corporate Bond Fund.xlsx,CORPORATE BOND,187,True,Equity Candidate
ICICI Prudential Corporate Bond Fund,INF109K016B1,,NABARD,INE261F08EM1,Other,ICRA AAA,ICRA AAA,7.53,74550.0,74393.37,0.0250585374696,INF109K016B1_ICICI Prudential Corporate Bond Fund.xlsx,CORPORATE BOND,44,True,Equity Candidate
ICICI Prudential Corporate Bond Fund,INF109K016B1,,Small Industries Development Bank Of India. **,INE556F08LB2,Other,CRISIL AAA,CRISIL AAA,7.04,74433.0,73397.93,0.0247232351364,INF109K016B1_ICICI Prudential Corporate Bond Fund.xlsx,CORPORATE BOND,45,True,Equity Candidate
ICICI Prudential Corporate Bond Fund,INF109K016B1,,Government Securities,IN0020250018,Government Security,SOV,SOV,6.9,75938000.0,68936.9,0.0232205893037,INF109K016B1_ICICI Prudential Corporate Bond Fund.xlsx,CORPORATE BOND,8,False,Non-Equity
ICICI Prudential Corporate Bond Fund,INF109K016B1,,Government Securities,IN0020260025,Government Security,SOV,SOV,6.94,68598930.0,68540.07,0.0230869217548,INF109K016B1_ICICI Prudential Corporate Bond Fund.xlsx,CORPORATE BOND,9,False,Non-Equity
ICICI Prudential Corporate Bond Fund,INF109K016B1,,NABARD,INE261F08EK5,Other,CRISIL AAA,CRISIL AAA,7.44,68500.0,68277.1,0.0229983433829,INF109K016B1_ICICI Prudential Corporate Bond Fund.xlsx,CORPORATE BOND,46,True,Equity Candidate
ICICI Prudential Corporate Bond Fund,INF109K016B1,,INTEREST RATE SWAPS (At Notional Value),,Other,,,,,67500.0,0.0227365863275705,INF109K016B1_ICICI Prudential Corporate Bond Fund.xlsx,CORPORATE BOND,211,False,Non-Equity
ICICI Prudential Corporate Bond Fund,INF109K016B1,,TREPS,,Other,,,,,50137.24,0.0168881434886,INF109K016B1_ICICI Prudential Corporate Bond Fund.xlsx,CORPORATE BOND,208,False,Other
ICICI Prudential Corporate Bond Fund,INF109K016B1,,Government Securities,IN0020240035,Government Security,SOV,SOV,7.34,51474000.0,49472.07,0.016664088746,INF109K016B1_ICICI Prudential Corporate Bond Fund.xlsx,CORPORATE BOND,10,False,Non-Equity
ICICI Prudential Corporate Bond Fund,INF109K016B1,,Bajaj Finance Ltd. **,INE296A07UB9,Other,CRISIL AAA,CRISIL AAA,7.7,50000.0,49448.7,0.0166562168346,INF109K016B1_ICICI Prudential Corporate Bond Fund.xlsx,CORPORATE BOND,47,True,Equity Candidate
ICICI Prudential Corporate Bond Fund,INF109K016B1,,Government Securities,IN0020200120,Government Security,SOV,SOV,6.75,46599410.0,48600.11,0.016370379208,INF109K016B1_ICICI Prudential Corporate Bond Fund.xlsx,CORPORATE BOND,11,False,Non-Equity
ICICI Prudential Corporate Bond Fund,INF109K016B1,,State Government of Madhya Pradesh,IN2120250138,Government Security,SOV,SOV,7.57,49151900.0,48435.66,0.016314986147,INF109K016B1_ICICI Prudential Corporate Bond Fund.xlsx,CORPORATE BOND,12,False,Non-Equity
ICICI Prudential Corporate Bond Fund,INF109K016B1,,Axis Bank Ltd. **,INE238A08518,Other,CRISIL AAA,CRISIL AAA,7.27,49314.0,47861.8,0.016121688111,INF109K016B1_ICICI Prudential Corporate Bond Fund.xlsx,CORPORATE BOND,48,True,Equity Candidate
ICICI Prudential Corporate Bond Fund,INF109K016B1,,Jamnagar Utilities & Power Pvt. Ltd. **,INE936D07190,Other,CRISIL AAA,CRISIL AAA,7.43,47000.0,45814.66,0.0154321329208,INF109K016B1_ICICI Prudential Corporate Bond Fund.xlsx,CORPORATE BOND,49,True,Equity Candidate
ICICI Prudential Corporate Bond Fund,INF109K016B1,,India Universal Trust AL1 **,INE16J715035,Other,FITCH AAA(SO),FITCH AAA(SO),,535.0,45685.76,0.0153887144619,INF109K016B1_ICICI Prudential Corporate Bond Fund.xlsx,CORPORATE BOND,188,True,Equity Candidate
ICICI Prudential Corporate Bond Fund,INF109K016B1,,Rural Electrification Corporation Ltd. **,INE020B08EK4,Other,CRISIL AAA,CRISIL AAA,7.46,42500.0,42420.57,0.014288873361,INF109K016B1_ICICI Prudential Corporate Bond Fund.xlsx,CORPORATE BOND,50,True,Equity Candidate
ICICI Prudential Corporate Bond Fund,INF109K016B1,,State Government of Madhya Pradesh,IN2120250120,Government Security,SOV,SOV,7.57,41636600.0,41035.45,0.0138223118728,INF109K016B1_ICICI Prudential Corporate Bond Fund.xlsx,CORPORATE BOND,13,False,Non-Equity
ICICI Prudential Corporate Bond Fund,INF109K016B1,,Small Industries Development Bank Of India. **,INE556F08KS8,Other,CRISIL AAA,CRISIL AAA,7.34,41000.0,40657.32,0.0136949432004,INF109K016B1_ICICI Prudential Corporate Bond Fund.xlsx,CORPORATE BOND,51,True,Equity Candidate
ICICI Prudential Corporate Bond Fund,INF109K016B1,,Net Current Assets,,Other,,,,,36841.50727494899,0.0124096312680695,INF109K016B1_ICICI Prudential Corporate Bond Fund.xlsx,CORPORATE BOND,209,False,Other
ICICI Prudential Corporate Bond Fund,INF109K016B1,,Power Finance Corporation Ltd.,INE134E08NP7,Other,CRISIL AAA,CRISIL AAA,7.45,35000.0,34906.24,0.0117577590982,INF109K016B1_ICICI Prudential Corporate Bond Fund.xlsx,CORPORATE BOND,52,True,Equity Candidate
ICICI Prudential Corporate Bond Fund,INF109K016B1,,Mahindra & Mahindra Financial Services Ltd. **,INE774D07VK8,Other,CRISIL AAA,CRISIL AAA,8.0,30000.0,30042.21,0.0101193674242,INF109K016B1_ICICI Prudential Corporate Bond Fund.xlsx,CORPORATE BOND,53,True,Equity Candidate
ICICI Prudential Corporate Bond Fund,INF109K016B1,,Tata Capital Financial Services Ltd. **,INE306N07NI9,Other,CRISIL AAA,CRISIL AAA,7.95,2985.0,29827.61,0.0100470819216,INF109K016B1_ICICI Prudential Corporate Bond Fund.xlsx,CORPORATE BOND,54,True,Equity Candidate
ICICI Prudential Corporate Bond Fund,INF109K016B1,,Rural Electrification Corporation Ltd. **,INE020B08FZ9,Other,ICRA AAA,ICRA AAA,6.6,30000.0,29800.8,0.0100380512863,INF109K016B1_ICICI Prudential Corporate Bond Fund.xlsx,CORPORATE BOND,55,True,Equity Candidate
ICICI Prudential Corporate Bond Fund,INF109K016B1,,Housing and Urban Development Corporation Ltd. **,INE031A08996,Other,ICRA AAA,ICRA AAA,6.640000000000001,30000.0,29607.6,0.0099729741237,INF109K016B1_ICICI Prudential Corporate Bond Fund.xlsx,CORPORATE BOND,56,True,Equity Candidate
ICICI Prudential Corporate Bond Fund,INF109K016B1,,Bajaj Housing Finance Ltd.,INE377Y07664,Other,CRISIL AAA,CRISIL AAA,7.640000000000001,30000.0,29595.51,0.0099689017484,INF109K016B1_ICICI Prudential Corporate Bond Fund.xlsx,CORPORATE BOND,57,True,Equity Candidate
ICICI Prudential Corporate Bond Fund,INF109K016B1,,GS India Finance Pvt Ltd **,INE746L07014,Other,ICRA AAA,ICRA AAA,7.44,30000.0,29489.67,0.0099332507811,INF109K016B1_ICICI Prudential Corporate Bond Fund.xlsx,CORPORATE BOND,58,True,Equity Candidate
ICICI Prudential Corporate Bond Fund,INF109K016B1,,Canara Bank **,INE476A16I00,Other,CRISIL A1+,CRISIL A1+,,6000.0,29045.31,0.009783573307,INF109K016B1_ICICI Prudential Corporate Bond Fund.xlsx,CORPORATE BOND,195,True,Equity Candidate
ICICI Prudential Corporate Bond Fund,INF109K016B1,,Rural Electrification Corporation Ltd. **,INE020B08FA2,Other,CRISIL AAA,CRISIL AAA,7.59,29000.0,29016.39,0.0097738319429,INF109K016B1_ICICI Prudential Corporate Bond Fund.xlsx,CORPORATE BOND,59,True,Equity Candidate
ICICI Prudential Corporate Bond Fund,INF109K016B1,,NABARD,INE261F08DV4,Other,CRISIL AAA,CRISIL AAA,7.62,29000.0,28973.96,0.0097595398932,INF109K016B1_ICICI Prudential Corporate Bond Fund.xlsx,CORPORATE BOND,60,True,Equity Candidate
ICICI Prudential Corporate Bond Fund,INF109K016B1,,State Government of Rajasthan,IN2920250171,Government Security,SOV,SOV,7.57,29050600.0,28608.97,0.0096365972762,INF109K016B1_ICICI Prudential Corporate Bond Fund.xlsx,CORPORATE BOND,14,False,Non-Equity
ICICI Prudential Corporate Bond Fund,INF109K016B1,,Summit Digitel Infrastructure Private Ltd. **,INE507T07146,Other,CRISIL AAA,CRISIL AAA,7.87,28300.0,28400.18,0.0095662688042,INF109K016B1_ICICI Prudential Corporate Bond Fund.xlsx,CORPORATE BOND,61,True,Equity Candidate
ICICI Prudential Corporate Bond Fund,INF109K016B1,,Pipeline Infrastructure Pvt Ltd. **,INE01XX07034,Other,CRISIL AAA,CRISIL AAA,7.96,28000.0,28194.4,0.0094969542156,INF109K016B1_ICICI Prudential Corporate Bond Fund.xlsx,CORPORATE BOND,62,True,Equity Candidate
ICICI Prudential Corporate Bond Fund,INF109K016B1,,Small Industries Development Bank Of India. **,INE556F08KU4,Other,CRISIL AAA,CRISIL AAA,7.51,26500.0,26422.65,0.0089001609293,INF109K016B1_ICICI Prudential Corporate Bond Fund.xlsx,CORPORATE BOND,63,True,Equity Candidate
ICICI Prudential Corporate Bond Fund,INF109K016B1,,EMBASSY OFFICE PARKS REIT **,INE041007183,REIT/InvIT,CRISIL AAA,CRISIL AAA,6.965000000000001,25000.0,24944.85,0.0084023812659,INF109K016B1_ICICI Prudential Corporate Bond Fund.xlsx,CORPORATE BOND,64,True,Equity Candidate
ICICI Prudential Corporate Bond Fund,INF109K016B1,,Mahindra & Mahindra Financial Services Ltd. **,INE774D07VP7,Other,CRISIL AAA,CRISIL AAA,7.34,25000.0,24919.6,0.0083938760984,INF109K016B1_ICICI Prudential Corporate Bond Fund.xlsx,CORPORATE BOND,65,True,Equity Candidate
ICICI Prudential Corporate Bond Fund,INF109K016B1,,Mahindra Rural Housing Finance Ltd. **,INE950O07560,Other,CRISIL AAA,CRISIL AAA,7.48,22500.0,22398.98,0.0075448347025,INF109K016B1_ICICI Prudential Corporate Bond Fund.xlsx,CORPORATE BOND,66,True,Equity Candidate
ICICI Prudential Corporate Bond Fund,INF109K016B1,,State Government of Karnataka,IN1920250256,Government Security,SOV,SOV,7.47,22533100.0,22283.68,0.0075059972446,INF109K016B1_ICICI Prudential Corporate Bond Fund.xlsx,CORPORATE BOND,15,False,Non-Equity
ICICI Prudential Corporate Bond Fund,INF109K016B1,,Rural Electrification Corporation Ltd. **,INE020B08FF1,Other,ICRA AAA,ICRA AAA,7.56,21500.0,21520.66,0.0072489828728,INF109K016B1_ICICI Prudential Corporate Bond Fund.xlsx,CORPORATE BOND,67,True,Equity Candidate
ICICI Prudential Corporate Bond Fund,INF109K016B1,,Bajaj Housing Finance Ltd.,INE377Y07656,Other,CRISIL AAA,CRISIL AAA,8.25,20000.0,20117.08,0.0067762033493,INF109K016B1_ICICI Prudential Corporate Bond Fund.xlsx,CORPORATE BOND,68,True,Equity Candidate
ICICI Prudential Corporate Bond Fund,INF109K016B1,,Jamnagar Utilities & Power Pvt. Ltd. **,INE936D07182,Other,CRISIL AAA,CRISIL AAA,7.9,20000.0,20045.44,0.0067520722523,INF109K016B1_ICICI Prudential Corporate Bond Fund.xlsx,CORPORATE BOND,69,True,Equity Candidate
ICICI Prudential Corporate Bond Fund,INF109K016B1,,Nexus Select Trust **,INE0NDH07050,Other,ICRA AAA,ICRA AAA,7.19,20000.0,19909.2,0.0067061814001,INF109K016B1_ICICI Prudential Corporate Bond Fund.xlsx,CORPORATE BOND,70,True,Equity Candidate
ICICI Prudential Corporate Bond Fund,INF109K016B1,,ICICI Home Finance Company Ltd. **,INE071G07868,Other,ICRA AAA,ICRA AAA,7.19,20000.0,19873.32,0.0066940956414,INF109K016B1_ICICI Prudential Corporate Bond Fund.xlsx,CORPORATE BOND,71,True,Equity Candidate
ICICI Prudential Corporate Bond Fund,INF109K016B1,,State Government of Rajasthan,IN2920250213,Government Security,SOV,SOV,7.46,20000000.0,19617.1,0.006607790928,INF109K016B1_ICICI Prudential Corporate Bond Fund.xlsx,CORPORATE BOND,16,False,Non-Equity
ICICI Prudential Corporate Bond Fund,INF109K016B1,,State Government of Tamil Nadu,IN3120250300,Government Security,SOV,SOV,7.26,20000000.0,19583.84,0.0065965876857,INF109K016B1_ICICI Prudential Corporate Bond Fund.xlsx,CORPORATE BOND,17,False,Non-Equity
ICICI Prudential Corporate Bond Fund,INF109K016B1,,Small Industries Development Bank Of India. **,INE556F16CC2,Other,CRISIL A1+,CRISIL A1+,,4000.0,19348.94,0.0065174643652,INF109K016B1_ICICI Prudential Corporate Bond Fund.xlsx,CORPORATE BOND,196,True,Equity Candidate
ICICI Prudential Corporate Bond Fund,INF109K016B1,,HDFC Bank Ltd. **,INE040A16IU7,Other,CRISIL A1+,CRISIL A1+,,4000.0,19334.6,0.0065126341038,INF109K016B1_ICICI Prudential Corporate Bond Fund.xlsx,CORPORATE BOND,197,True,Equity Candidate
ICICI Prudential Corporate Bond Fund,INF109K016B1,,HDFC Bank Ltd.,INE040A16IZ6,Other,CRISIL A1+,CRISIL A1+,,4000.0,19310.28,0.0065044421959,INF109K016B1_ICICI Prudential Corporate Bond Fund.xlsx,CORPORATE BOND,198,True,Equity Candidate
ICICI Prudential Corporate Bond Fund,INF109K016B1,,LIC Housing Finance Ltd. **,INE115A07MW4,Other,CRISIL AAA,CRISIL AAA,7.95,1900.0,19047.73,0.0064160052961,INF109K016B1_ICICI Prudential Corporate Bond Fund.xlsx,CORPORATE BOND,72,True,Equity Candidate
ICICI Prudential Corporate Bond Fund,INF109K016B1,,Small Industries Development Bank Of India. **,INE556F08KT6,Other,CRISIL AAA,CRISIL AAA,7.44,19000.0,18933.5,0.0063775282553,INF109K016B1_ICICI Prudential Corporate Bond Fund.xlsx,CORPORATE BOND,73,True,Equity Candidate
ICICI Prudential Corporate Bond Fund,INF109K016B1,,LIC Housing Finance Ltd. **,INE115A07QW5,Other,CRISIL AAA,CRISIL AAA,7.74,18500.0,18496.65,0.0062303804369,INF109K016B1_ICICI Prudential Corporate Bond Fund.xlsx,CORPORATE BOND,74,True,Equity Candidate
ICICI Prudential Corporate Bond Fund,INF109K016B1,,State Government of Maharashtra,IN2220250293,Government Security,SOV,SOV,7.18,18101600.0,17873.81,0.0060205840602,INF109K016B1_ICICI Prudential Corporate Bond Fund.xlsx,CORPORATE BOND,18,False,Non-Equity
ICICI Prudential Corporate Bond Fund,INF109K016B1,,Mahindra & Mahindra Financial Services Ltd. **,INE774D07VO0,Other,CRISIL AAA,CRISIL AAA,7.9,17500.0,17472.96,0.0058855624213,INF109K016B1_ICICI Prudential Corporate Bond Fund.xlsx,CORPORATE BOND,75,True,Equity Candidate
ICICI Prudential Corporate Bond Fund,INF109K016B1,,MINDSPACE BUSINESS PARKS REIT **,INE0CCU07215,REIT/InvIT,ICRA AAA,ICRA AAA,7.491300000000001,17500.0,17446.31,0.0058765856801,INF109K016B1_ICICI Prudential Corporate Bond Fund.xlsx,CORPORATE BOND,76,True,Equity Candidate
ICICI Prudential Corporate Bond Fund,INF109K016B1,,NABARD **,INE261F08EU4,Other,CRISIL AAA,CRISIL AAA,7.44,17500.0,17379.11,0.0058539501453,INF109K016B1_ICICI Prudential Corporate Bond Fund.xlsx,CORPORATE BOND,77,True,Equity Candidate
ICICI Prudential Corporate Bond Fund,INF109K016B1,,Mahanagar Telephone Nigam Ltd. **,INE153A08170,Other,FITCH AAA(CE),FITCH AAA(CE),7.8,17500.0,17216.4,0.0057991431829,INF109K016B1_ICICI Prudential Corporate Bond Fund.xlsx,CORPORATE BOND,78,True,Equity Candidate
ICICI Prudential Corporate Bond Fund,INF109K016B1,,Canara Bank,INE476A16H43,Other,CRISIL A1+,CRISIL A1+,,3500.0,16924.11,0.0057006887115,INF109K016B1_ICICI Prudential Corporate Bond Fund.xlsx,CORPORATE BOND,199,True,Equity Candidate
ICICI Prudential Corporate Bond Fund,INF109K016B1,,State Government of Bihar,IN1320250112,Government Security,SOV,SOV,7.52,17070700.0,16874.37,0.0056839343737,INF109K016B1_ICICI Prudential Corporate Bond Fund.xlsx,CORPORATE BOND,19,False,Non-Equity
ICICI Prudential Corporate Bond Fund,INF109K016B1,,LIC Housing Finance Ltd. **,INE115A07QV7,Other,CRISIL AAA,CRISIL AAA,7.61,17000.0,16715.44,0.0056304006601,INF109K016B1_ICICI Prudential Corporate Bond Fund.xlsx,CORPORATE BOND,79,True,Equity Candidate
ICICI Prudential Corporate Bond Fund,INF109K016B1,,Citicorp Finance (India) Ltd. **,INE915D08DC0,Other,ICRA AAA,ICRA AAA,7.37,16500.0,16484.21,0.0055525135363,INF109K016B1_ICICI Prudential Corporate Bond Fund.xlsx,CORPORATE BOND,80,True,Equity Candidate
ICICI Prudential Corporate Bond Fund,INF109K016B1,,Rural Electrification Corporation Ltd. **,INE020B08DT7,Other,CRISIL AAA,CRISIL AAA,6.23,1650.0,16479.87,0.0055510516581,INF109K016B1_ICICI Prudential Corporate Bond Fund.xlsx,CORPORATE BOND,81,True,Equity Candidate
ICICI Prudential Corporate Bond Fund,INF109K016B1,,Mahanagar Telephone Nigam Ltd. ** #,INE153A08089,Other,BWR AA+(CE),BWR AA+(CE),7.05,1667.0,16061.8,0.0054102296633,INF109K016B1_ICICI Prudential Corporate Bond Fund.xlsx,CORPORATE BOND,82,True,Equity Candidate
ICICI Prudential Corporate Bond Fund,INF109K016B1,,Summit Digitel Infrastructure Private Ltd. **,INE507T07153,Other,CRISIL AAA,CRISIL AAA,7.58,15500.0,15372.06,0.0051778988032,INF109K016B1_ICICI Prudential Corporate Bond Fund.xlsx,CORPORATE BOND,83,True,Equity Candidate
ICICI Prudential Corporate Bond Fund,INF109K016B1,,Kohima-Mariani Transmission Ltd. **,INE483Z08012,Other,FITCH AAA,FITCH AAA,8.0,16200.0,15278.25,0.0051463000008,INF109K016B1_ICICI Prudential Corporate Bond Fund.xlsx,CORPORATE BOND,84,True,Equity Candidate
ICICI Prudential Corporate Bond Fund,INF109K016B1,,Dabur India Ltd. **,INE016A08021,Other,ICRA AAA,ICRA AAA,7.35,15000.0,15010.2,0.0050560104902,INF109K016B1_ICICI Prudential Corporate Bond Fund.xlsx,CORPORATE BOND,85,True,Equity Candidate
ICICI Prudential Corporate Bond Fund,INF109K016B1,,State Government of Himachal pradesh,IN1720250084,Government Security,SOV,SOV,7.56,15000000.0,14778.3,0.0049778976848,INF109K016B1_ICICI Prudential Corporate Bond Fund.xlsx,CORPORATE BOND,20,False,Non-Equity
ICICI Prudential Corporate Bond Fund,INF109K016B1,,Government Securities,IN0020240118,Government Security,SOV,SOV,7.09,15470750.0,14610.36,0.004921329058,INF109K016B1_ICICI Prudential Corporate Bond Fund.xlsx,CORPORATE BOND,21,False,Non-Equity
ICICI Prudential Corporate Bond Fund,INF109K016B1,,HDFC Bank Ltd. **,INE040A16IT9,Other,CRISIL A1+,CRISIL A1+,,3000.0,14490.53,0.0048809657226,INF109K016B1_ICICI Prudential Corporate Bond Fund.xlsx,CORPORATE BOND,200,True,Equity Candidate
ICICI Prudential Corporate Bond Fund,INF109K016B1,,Canara Bank **,INE476A16H84,Other,CRISIL A1+,CRISIL A1+,,3000.0,14488.25,0.0048801977312,INF109K016B1_ICICI Prudential Corporate Bond Fund.xlsx,CORPORATE BOND,201,True,Equity Candidate
ICICI Prudential Corporate Bond Fund,INF109K016B1,,Power Finance Corporation Ltd. **,INE134E08OC3,Other,CRISIL AAA,CRISIL AAA,6.96,14500.0,14373.72,0.0048416196389,INF109K016B1_ICICI Prudential Corporate Bond Fund.xlsx,CORPORATE BOND,86,True,Equity Candidate
ICICI Prudential Corporate Bond Fund,INF109K016B1,,State Government of Maharashtra,IN2220240427,Government Security,SOV,SOV,7.12,14882100.0,14276.09,0.0048087341141,INF109K016B1_ICICI Prudential Corporate Bond Fund.xlsx,CORPORATE BOND,22,False,Non-Equity
ICICI Prudential Corporate Bond Fund,INF109K016B1,,Tata Capital Ltd.,INE976I07DC3,Other,ICRA AAA,ICRA AAA,8.3,14000.0,14045.47,0.0047310524617,INF109K016B1_ICICI Prudential Corporate Bond Fund.xlsx,CORPORATE BOND,87,True,Equity Candidate
ICICI Prudential Corporate Bond Fund,INF109K016B1,,Small Industries Development Bank Of India.,INE556F08KP4,Other,CRISIL AAA,CRISIL AAA,7.68,13500.0,13510.79,0.0045509517509,INF109K016B1_ICICI Prudential Corporate Bond Fund.xlsx,CORPORATE BOND,88,True,Equity Candidate
ICICI Prudential Corporate Bond Fund,INF109K016B1,,State Government of Telangana,IN4520250684,Government Security,SOV,SOV,7.76,13216700.0,13272.54,0.0044707000221,INF109K016B1_ICICI Prudential Corporate Bond Fund.xlsx,CORPORATE BOND,23,False,Non-Equity
ICICI Prudential Corporate Bond Fund,INF109K016B1,,LIC Housing Finance Ltd. **,INE115A07NP6,Other,CRISIL AAA,CRISIL AAA,8.75,1300.0,13258.35,0.0044659202864,INF109K016B1_ICICI Prudential Corporate Bond Fund.xlsx,CORPORATE BOND,89,True,Equity Candidate
ICICI Prudential Corporate Bond Fund,INF109K016B1,,State Government of Maharashtra,IN2220240435,Government Security,SOV,SOV,7.140000000000001,13500000.0,12952.21,0.0043628006044,INF109K016B1_ICICI Prudential Corporate Bond Fund.xlsx,CORPORATE BOND,24,False,Non-Equity
ICICI Prudential Corporate Bond Fund,INF109K016B1,,Tata Capital Housing Finance Ltd. **,INE033L07IE2,Other,CRISIL AAA,CRISIL AAA,8.1,12500.0,12529.48,0.0042204089431,INF109K016B1_ICICI Prudential Corporate Bond Fund.xlsx,CORPORATE BOND,90,True,Equity Candidate
ICICI Prudential Corporate Bond Fund,INF109K016B1,,Bajaj Finance Ltd. **,INE296A07TG0,Other,CRISIL AAA,CRISIL AAA,7.721500000000001,12500.0,12494.78,0.0042087206535,INF109K016B1_ICICI Prudential Corporate Bond Fund.xlsx,CORPORATE BOND,91,True,Equity Candidate
ICICI Prudential Corporate Bond Fund,INF109K016B1,,Power Finance Corporation Ltd. **,INE134E08NL6,Other,CRISIL AAA,CRISIL AAA,7.42,12500.0,12467.73,0.004199609177,INF109K016B1_ICICI Prudential Corporate Bond Fund.xlsx,CORPORATE BOND,92,True,Equity Candidate
ICICI Prudential Corporate Bond Fund,INF109K016B1,,SMFG India Home Finance Company Ltd **,INE213W07319,Other,CARE AAA,CARE AAA,7.4,12500.0,12376.7,0.0041689467851,INF109K016B1_ICICI Prudential Corporate Bond Fund.xlsx,CORPORATE BOND,93,True,Equity Candidate
ICICI Prudential Corporate Bond Fund,INF109K016B1,,India Universal Trust AL1 **,INE16J715027,Other,FITCH AAA(SO),FITCH AAA(SO),,256.0,12282.88,0.0041373446143,INF109K016B1_ICICI Prudential Corporate Bond Fund.xlsx,CORPORATE BOND,189,True,Equity Candidate
ICICI Prudential Corporate Bond Fund,INF109K016B1,,Pipeline Infrastructure Pvt Ltd. **,INE01XX07059,Other,CRISIL AAA,CRISIL AAA,7.96,12000.0,12034.02,0.004053519031,INF109K016B1_ICICI Prudential Corporate Bond Fund.xlsx,CORPORATE BOND,94,True,Equity Candidate
ICICI Prudential Corporate Bond Fund,INF109K016B1,,Small Industries Development Bank Of India. **,INE556F08KM1,Other,CRISIL AAA,CRISIL AAA,7.79,11000.0,11024.24,0.0037133864363,INF109K016B1_ICICI Prudential Corporate Bond Fund.xlsx,CORPORATE BOND,95,True,Equity Candidate
ICICI Prudential Corporate Bond Fund,INF109K016B1,,State Government of Chhattisgarh,IN3520240083,Government Security,SOV,SOV,7.32,11051200.0,10730.85,0.0036145614428,INF109K016B1_ICICI Prudential Corporate Bond Fund.xlsx,CORPORATE BOND,25,False,Non-Equity
ICICI Prudential Corporate Bond Fund,INF109K016B1,,NABARD,INE261F08EF5,Other,ICRA AAA,ICRA AAA,7.8,10500.0,10523.33,0.0035446607555,INF109K016B1_ICICI Prudential Corporate Bond Fund.xlsx,CORPORATE BOND,96,True,Equity Candidate
ICICI Prudential Corporate Bond Fund,INF109K016B1,,Small Industries Development Bank Of India. **,INE556F08KL3,Other,CRISIL AAA,CRISIL AAA,7.83,10000.0,10022.32,0.0033759013908,INF109K016B1_ICICI Prudential Corporate Bond Fund.xlsx,CORPORATE BOND,97,True,Equity Candidate
ICICI Prudential Corporate Bond Fund,INF109K016B1,,Interest Rate Swaps- MD -18-May-2029 (Pay float/receive fixed),,Other,,,,,10000.0,0.00336838315964,INF109K016B1_ICICI Prudential Corporate Bond Fund.xlsx,CORPORATE BOND,213,False,Non-Equity
ICICI Prudential Corporate Bond Fund,INF109K016B1,,Interest Rate Swaps- MD -22-May-2029 (Pay float/receive fixed),,Other,,,,,10000.0,0.00336838315964,INF109K016B1_ICICI Prudential Corporate Bond Fund.xlsx,CORPORATE BOND,214,False,Non-Equity
ICICI Prudential Corporate Bond Fund,INF109K016B1,,Interest Rate Swaps- MD -08-May-2029 (Pay float/receive fixed),,Other,,,,,10000.0,0.00336838315964,INF109K016B1_ICICI Prudential Corporate Bond Fund.xlsx,CORPORATE BOND,216,False,Non-Equity
ICICI Prudential Corporate Bond Fund,INF109K016B1,,Interest Rate Swaps- MD -14-May-2029 (Pay float/receive fixed),,Other,,,,,10000.0,0.00336838315964,INF109K016B1_ICICI Prudential Corporate Bond Fund.xlsx,CORPORATE BOND,217,False,Non-Equity
ICICI Prudential Corporate Bond Fund,INF109K016B1,,Interest Rate Swaps- MD -18-May-2027 (Pay float/receive fixed),,Other,,,,,10000.0,0.00336838315964,INF109K016B1_ICICI Prudential Corporate Bond Fund.xlsx,CORPORATE BOND,221,False,Non-Equity
ICICI Prudential Corporate Bond Fund,INF109K016B1,,Interest Rate Swaps- MD -18-May-2029 (Pay float/receive fixed),,Other,,,,,10000.0,0.00336838315964,INF109K016B1_ICICI Prudential Corporate Bond Fund.xlsx,CORPORATE BOND,224,False,Non-Equity
ICICI Prudential Corporate Bond Fund,INF109K016B1,,NABARD **,INE261F08EG3,Other,CRISIL AAA,CRISIL AAA,7.68,10000.0,9987.82,0.0033642804689,INF109K016B1_ICICI Prudential Corporate Bond Fund.xlsx,CORPORATE BOND,98,True,Equity Candidate
ICICI Prudential Corporate Bond Fund,INF109K016B1,,Tata Capital Housing Finance Ltd. **,INE033L07IK9,Other,CRISIL AAA,CRISIL AAA,7.712000000000001,10000.0,9982.83,0.0033625996457,INF109K016B1_ICICI Prudential Corporate Bond Fund.xlsx,CORPORATE BOND,99,True,Equity Candidate
ICICI Prudential Corporate Bond Fund,INF109K016B1,,Nomura Fixed Income Securities Pvt. Ltd. **,INE127K08025,Other,FITCH AAA,FITCH AAA,8.2,10000.0,9970.15,0.0033583285359,INF109K016B1_ICICI Prudential Corporate Bond Fund.xlsx,CORPORATE BOND,100,True,Equity Candidate
ICICI Prudential Corporate Bond Fund,INF109K016B1,,ICICI Home Finance Company Ltd. **,INE071G07876,Other,ICRA AAA,ICRA AAA,7.29,10000.0,9964.47,0.0033564152942,INF109K016B1_ICICI Prudential Corporate Bond Fund.xlsx,CORPORATE BOND,101,True,Equity Candidate
ICICI Prudential Corporate Bond Fund,INF109K016B1,,HDFC Bank Ltd.( Tier II Bond under Basel III ) **,INE040A08435,Debt,CRISIL AAA,CRISIL AAA,7.84,100.0,9958.31,0.0033543403702,INF109K016B1_ICICI Prudential Corporate Bond Fund.xlsx,CORPORATE BOND,102,True,Non-Equity
ICICI Prudential Corporate Bond Fund,INF109K016B1,,Small Industries Development Bank Of India. **,INE556F08KW0,Other,CRISIL AAA,CRISIL AAA,7.42,10000.0,9940.72,0.0033484153842,INF109K016B1_ICICI Prudential Corporate Bond Fund.xlsx,CORPORATE BOND,103,True,Equity Candidate
ICICI Prudential Corporate Bond Fund,INF109K016B1,,ICICI Home Finance Company Ltd. **,INE071G07777,Other,ICRA AAA,ICRA AAA,6.96,10000.0,9911.12,0.0033384449701,INF109K016B1_ICICI Prudential Corporate Bond Fund.xlsx,CORPORATE BOND,104,True,Equity Candidate
ICICI Prudential Corporate Bond Fund,INF109K016B1,,ICICI Home Finance Company Ltd. **,INE071G07843,Other,CRISIL AAA,CRISIL AAA,7.19,10000.0,9890.31,0.0033314353647,INF109K016B1_ICICI Prudential Corporate Bond Fund.xlsx,CORPORATE BOND,105,True,Equity Candidate
ICICI Prudential Corporate Bond Fund,INF109K016B1,,Units of an Alternative Investment Fund (AIF),,Other,,,,,9876.25,0.003326699418,INF109K016B1_ICICI Prudential Corporate Bond Fund.xlsx,CORPORATE BOND,206,False,Other
ICICI Prudential Corporate Bond Fund,INF109K016B1,,Corporate Debt Market Development Fund (Class A2),INF0RQ622028,Other,Financial Services,Financial Services,,82503.999,9876.25,0.003326699418,INF109K016B1_ICICI Prudential Corporate Bond Fund.xlsx,CORPORATE BOND,207,False,Other
ICICI Prudential Corporate Bond Fund,INF109K016B1,,Rural Electrification Corporation Ltd.,INE020B08FW6,Other,ICRA AAA,ICRA AAA,6.52,10000.0,9869.62,0.00332446618,INF109K016B1_ICICI Prudential Corporate Bond Fund.xlsx,CORPORATE BOND,106,True,Equity Candidate
ICICI Prudential Corporate Bond Fund,INF109K016B1,,NABARD **,INE261F08ET6,Other,CRISIL AAA,CRISIL AAA,7.1,10000.0,9861.56,0.0033217512631,INF109K016B1_ICICI Prudential Corporate Bond Fund.xlsx,CORPORATE BOND,107,True,Equity Candidate
ICICI Prudential Corporate Bond Fund,INF109K016B1,,Power Finance Corporation Ltd. **,INE134E08NS1,Other,CRISIL AAA,CRISIL AAA,6.61,10000.0,9831.16,0.0033115113783,INF109K016B1_ICICI Prudential Corporate Bond Fund.xlsx,CORPORATE BOND,108,True,Equity Candidate
ICICI Prudential Corporate Bond Fund,INF109K016B1,,NABARD,INE261F16AP5,Other,CRISIL A1+,CRISIL A1+,,2000.0,9639.46,0.0032469394732,INF109K016B1_ICICI Prudential Corporate Bond Fund.xlsx,CORPORATE BOND,202,True,Equity Candidate
ICICI Prudential Corporate Bond Fund,INF109K016B1,,Oriental InfraTrust **,INE07Z507037,Other,CRISIL AAA,CRISIL AAA,7.12,9800.0,9288.97,0.0031288810118,INF109K016B1_ICICI Prudential Corporate Bond Fund.xlsx,CORPORATE BOND,109,True,Equity Candidate
ICICI Prudential Corporate Bond Fund,INF109K016B1,,NABARD **,INE261F08ED0,Other,CRISIL AAA,CRISIL AAA,7.83,9000.0,9019.93,0.0030382580313,INF109K016B1_ICICI Prudential Corporate Bond Fund.xlsx,CORPORATE BOND,110,True,Equity Candidate
ICICI Prudential Corporate Bond Fund,INF109K016B1,,Bharti Telecom Ltd. **,INE403D08272,Other,CRISIL AAA,CRISIL AAA,7.35,9000.0,8922.05,0.0030052882969,INF109K016B1_ICICI Prudential Corporate Bond Fund.xlsx,CORPORATE BOND,111,True,Equity Candidate
ICICI Prudential Corporate Bond Fund,INF109K016B1,,Knowledge Realty Trust Ltd **,INE1JAR07010,Other,CRISIL AAA,CRISIL AAA,7.2,9000.0,8914.02,0.0030025834852,INF109K016B1_ICICI Prudential Corporate Bond Fund.xlsx,CORPORATE BOND,112,True,Equity Candidate
ICICI Prudential Corporate Bond Fund,INF109K016B1,,State Government of Telangana,IN4520250528,Government Security,SOV,SOV,7.34,8259600.0,8021.54,0.002701962025,INF109K016B1_ICICI Prudential Corporate Bond Fund.xlsx,CORPORATE BOND,26,False,Non-Equity
ICICI Prudential Corporate Bond Fund,INF109K016B1,,Small Industries Development Bank Of India. **,INE556F08KN9,Other,CRISIL AAA,CRISIL AAA,7.75,8000.0,8015.07,0.0026997826811,INF109K016B1_ICICI Prudential Corporate Bond Fund.xlsx,CORPORATE BOND,113,True,Equity Candidate
ICICI Prudential Corporate Bond Fund,INF109K016B1,,Tata Capital Housing Finance Ltd. **,INE033L07IR4,Other,CRISIL AAA,CRISIL AAA,7.3,8000.0,7942.35,0.0026752877987,INF109K016B1_ICICI Prudential Corporate Bond Fund.xlsx,CORPORATE BOND,114,True,Equity Candidate
ICICI Prudential Corporate Bond Fund,INF109K016B1,,HDFC Bank Ltd.( Tier II Bond under Basel III ) **,INE040A08427,Debt,CRISIL AAA,CRISIL AAA,7.86,78.0,7776.19,0.0026193187442,INF109K016B1_ICICI Prudential Corporate Bond Fund.xlsx,CORPORATE BOND,115,True,Non-Equity
ICICI Prudential Corporate Bond Fund,INF109K016B1,,State Government of Rajasthan,IN2920250338,Government Security,SOV,SOV,7.54,7765600.0,7721.59,0.0026009273721,INF109K016B1_ICICI Prudential Corporate Bond Fund.xlsx,CORPORATE BOND,27,False,Non-Equity
ICICI Prudential Corporate Bond Fund,INF109K016B1,,LIC Housing Finance Ltd. **,INE115A07NU6,Other,CRISIL AAA,CRISIL AAA,8.8,750.0,7650.35,0.0025769310105,INF109K016B1_ICICI Prudential Corporate Bond Fund.xlsx,CORPORATE BOND,116,True,Equity Candidate
ICICI Prudential Corporate Bond Fund,INF109K016B1,,LIC Housing Finance Ltd. **,INE115A07QH6,Other,CRISIL AAA,CRISIL AAA,8.025,750.0,7544.69,0.002541340674,INF109K016B1_ICICI Prudential Corporate Bond Fund.xlsx,CORPORATE BOND,117,True,Equity Candidate
ICICI Prudential Corporate Bond Fund,INF109K016B1,,Rural Electrification Corporation Ltd. **,INE020B08EW9,Other,CRISIL AAA,CRISIL AAA,7.71,7500.0,7514.89,0.0025313028922,INF109K016B1_ICICI Prudential Corporate Bond Fund.xlsx,CORPORATE BOND,118,True,Equity Candidate
ICICI Prudential Corporate Bond Fund,INF109K016B1,,SMFG India Home Finance Company Ltd. **,INE213W07293,Other,CARE AAA,CARE AAA,8.07,7500.0,7502.99,0.0025272945162,INF109K016B1_ICICI Prudential Corporate Bond Fund.xlsx,CORPORATE BOND,119,True,Equity Candidate
ICICI Prudential Corporate Bond Fund,INF109K016B1,,Interest Rate Swaps- MD -18-May-2029 (Pay float/receive fixed),,Other,,,,,7500.0,0.00252628736973,INF109K016B1_ICICI Prudential Corporate Bond Fund.xlsx,CORPORATE BOND,212,False,Non-Equity
ICICI Prudential Corporate Bond Fund,INF109K016B1,,EMBASSY OFFICE PARKS REIT **,INE041007175,REIT/InvIT,CRISIL AAA,CRISIL AAA,7.22,7500.0,7434.86,0.0025043457218,INF109K016B1_ICICI Prudential Corporate Bond Fund.xlsx,CORPORATE BOND,120,True,Equity Candidate
ICICI Prudential Corporate Bond Fund,INF109K016B1,,Power Finance Corporation Ltd. **,INE134E08OA7,Other,CRISIL AAA,CRISIL AAA,6.92,7500.0,7432.2,0.0025034497319,INF109K016B1_ICICI Prudential Corporate Bond Fund.xlsx,CORPORATE BOND,121,True,Equity Candidate
ICICI Prudential Corporate Bond Fund,INF109K016B1,,MINDSPACE BUSINESS PARKS REIT **,INE0CCU07199,REIT/InvIT,ICRA AAA,ICRA AAA,7.1652000000000005,7500.0,7408.52,0.0024954734005,INF109K016B1_ICICI Prudential Corporate Bond Fund.xlsx,CORPORATE BOND,122,True,Equity Candidate
ICICI Prudential Corporate Bond Fund,INF109K016B1,,State Bank of India ( Tier II Bond under Basel III ) **,INE062A08447,Debt,ICRA AAA,ICRA AAA,7.42,75.0,7396.78,0.0024915189187,INF109K016B1_ICICI Prudential Corporate Bond Fund.xlsx,CORPORATE BOND,123,True,Non-Equity
ICICI Prudential Corporate Bond Fund,INF109K016B1,,Nexus Select Trust **,INE0NDH07068,Other,CRISIL AAA,CRISIL AAA,6.98,7500.0,7325.84,0.0024676236086,INF109K016B1_ICICI Prudential Corporate Bond Fund.xlsx,CORPORATE BOND,124,True,Equity Candidate
ICICI Prudential Corporate Bond Fund,INF109K016B1,,State Government of Haryana,IN1620250135,Government Security,SOV,SOV,7.52,7307500.0,7198.03,0.0024245723034,INF109K016B1_ICICI Prudential Corporate Bond Fund.xlsx,CORPORATE BOND,28,False,Non-Equity
ICICI Prudential Corporate Bond Fund,INF109K016B1,,NABARD **,INE261F08EI9,Other,ICRA AAA,ICRA AAA,7.7,7000.0,7008.36,0.00236068418,INF109K016B1_ICICI Prudential Corporate Bond Fund.xlsx,CORPORATE BOND,125,True,Equity Candidate
ICICI Prudential Corporate Bond Fund,INF109K016B1,,NABARD **,INE261F08EJ7,Other,ICRA AAA,ICRA AAA,7.640000000000001,6500.0,6483.7,0.0021839585892,INF109K016B1_ICICI Prudential Corporate Bond Fund.xlsx,CORPORATE BOND,126,True,Equity Candidate
ICICI Prudential Corporate Bond Fund,INF109K016B1,,NABARD **,INE261F08ES8,Other,CRISIL AAA,CRISIL AAA,7.01,6000.0,5905.88,0.0019893266734,INF109K016B1_ICICI Prudential Corporate Bond Fund.xlsx,CORPORATE BOND,127,True,Equity Candidate
ICICI Prudential Corporate Bond Fund,INF109K016B1,,State Government of Karnataka,IN1920240257,Government Security,SOV,SOV,7.13,5657700.0,5543.78,0.0018673575192,INF109K016B1_ICICI Prudential Corporate Bond Fund.xlsx,CORPORATE BOND,29,False,Non-Equity
ICICI Prudential Corporate Bond Fund,INF109K016B1,,State Government of Andhra Pradesh,IN1020250313,Government Security,SOV,SOV,7.63,5555600.0,5525.6,0.0018612337986,INF109K016B1_ICICI Prudential Corporate Bond Fund.xlsx,CORPORATE BOND,30,False,Non-Equity
ICICI Prudential Corporate Bond Fund,INF109K016B1,,LIC Housing Finance Ltd. **,INE115A07QN4,Other,CRISIL AAA,CRISIL AAA,7.69,5500.0,5432.93,0.0018300189919,INF109K016B1_ICICI Prudential Corporate Bond Fund.xlsx,CORPORATE BOND,128,True,Equity Candidate
ICICI Prudential Corporate Bond Fund,INF109K016B1,,Rural Electrification Corporation Ltd. **,INE020B08AH8,Other,CRISIL AAA,CRISIL AAA,7.95,500.0,5015.48,0.0016894058369,INF109K016B1_ICICI Prudential Corporate Bond Fund.xlsx,CORPORATE BOND,129,True,Equity Candidate
ICICI Prudential Corporate Bond Fund,INF109K016B1,,Aditya Birla Housing Finance Ltd. **,INE831R07425,Other,ICRA AAA,ICRA AAA,8.2,5000.0,5013.48,0.0016887321603,INF109K016B1_ICICI Prudential Corporate Bond Fund.xlsx,CORPORATE BOND,130,True,Equity Candidate
ICICI Prudential Corporate Bond Fund,INF109K016B1,,Tata Capital Housing Finance Ltd. **,INE033L07ID4,Other,CRISIL AAA,CRISIL AAA,8.0409,5000.0,5013.33,0.0016886816345,INF109K016B1_ICICI Prudential Corporate Bond Fund.xlsx,CORPORATE BOND,131,True,Equity Candidate
ICICI Prudential Corporate Bond Fund,INF109K016B1,,Rural Electrification Corporation Ltd. **,INE020B08FH7,Other,CRISIL AAA,CRISIL AAA,7.55,5000.0,5004.39,0.0016856703,INF109K016B1_ICICI Prudential Corporate Bond Fund.xlsx,CORPORATE BOND,132,True,Equity Candidate
ICICI Prudential Corporate Bond Fund,INF109K016B1,,Mahindra & Mahindra Financial Services Ltd. **,INE774D07UM6,Other,FITCH AAA,FITCH AAA,7.9,500.0,5002.39,0.0016849966233,INF109K016B1_ICICI Prudential Corporate Bond Fund.xlsx,CORPORATE BOND,133,True,Equity Candidate
ICICI Prudential Corporate Bond Fund,INF109K016B1,,Interest Rate Swaps- MD -21-May-2029 (Pay float/receive fixed),,Other,,,,,5000.0,0.00168419157982,INF109K016B1_ICICI Prudential Corporate Bond Fund.xlsx,CORPORATE BOND,215,False,Non-Equity
ICICI Prudential Corporate Bond Fund,INF109K016B1,,Interest Rate Swaps- MD -05-Jun-2028 (Pay float/receive fixed),,Other,,,,,5000.0,0.00168419157982,INF109K016B1_ICICI Prudential Corporate Bond Fund.xlsx,CORPORATE BOND,218,False,Non-Equity
ICICI Prudential Corporate Bond Fund,INF109K016B1,,Interest Rate Swaps- MD -18-May-2028 (Pay float/receive fixed),,Other,,,,,5000.0,0.00168419157982,INF109K016B1_ICICI Prudential Corporate Bond Fund.xlsx,CORPORATE BOND,222,False,Non-Equity
ICICI Prudential Corporate Bond Fund,INF109K016B1,,Interest Rate Swaps- MD -18-May-2028 (Pay float/receive fixed),,Other,,,,,5000.0,0.00168419157982,INF109K016B1_ICICI Prudential Corporate Bond Fund.xlsx,CORPORATE BOND,223,False,Non-Equity
ICICI Prudential Corporate Bond Fund,INF109K016B1,,Sundaram Home Finance Ltd. **,INE667F07JA5,Other,ICRA AAA,ICRA AAA,7.27,5000.0,4985.81,0.0016794118441,INF109K016B1_ICICI Prudential Corporate Bond Fund.xlsx,CORPORATE BOND,134,True,Equity Candidate
ICICI Prudential Corporate Bond Fund,INF109K016B1,,EMBASSY OFFICE PARKS REIT **,INE041007167,REIT/InvIT,CRISIL AAA,CRISIL AAA,7.21,5000.0,4960.21,0.0016707887832,INF109K016B1_ICICI Prudential Corporate Bond Fund.xlsx,CORPORATE BOND,135,True,Equity Candidate
ICICI Prudential Corporate Bond Fund,INF109K016B1,,HDFC Bank Ltd. **,INE040A08AF2,Other,CRISIL AAA,CRISIL AAA,7.75,5000.0,4957.99,0.0016700410021,INF109K016B1_ICICI Prudential Corporate Bond Fund.xlsx,CORPORATE BOND,136,True,Equity Candidate
ICICI Prudential Corporate Bond Fund,INF109K016B1,,Bajaj Finance Ltd. **,INE296A07TT3,Other,CRISIL AAA,CRISIL AAA,7.31,5000.0,4952.76,0.0016682793377,INF109K016B1_ICICI Prudential Corporate Bond Fund.xlsx,CORPORATE BOND,137,True,Equity Candidate
ICICI Prudential Corporate Bond Fund,INF109K016B1,,LIC Housing Finance Ltd. **,INE115A07QI4,Other,CRISIL AAA,CRISIL AAA,7.71,500.0,4951.45,0.0016678380795,INF109K016B1_ICICI Prudential Corporate Bond Fund.xlsx,CORPORATE BOND,138,True,Equity Candidate
ICICI Prudential Corporate Bond Fund,INF109K016B1,,NABARD **,INE261F08ER0,Other,CRISIL AAA,CRISIL AAA,7.27,5000.0,4951.36,0.0016678077641,INF109K016B1_ICICI Prudential Corporate Bond Fund.xlsx,CORPORATE BOND,139,True,Equity Candidate
ICICI Prudential Corporate Bond Fund,INF109K016B1,,LIC Housing Finance Ltd. **,INE115A07QL8,Other,CRISIL AAA,CRISIL AAA,7.640000000000001,500.0,4934.09,0.0016619905664,INF109K016B1_ICICI Prudential Corporate Bond Fund.xlsx,CORPORATE BOND,140,True,Equity Candidate
ICICI Prudential Corporate Bond Fund,INF109K016B1,,NABARD **,INE261F08EV2,Other,ICRA AAA,ICRA AAA,7.16,5000.0,4924.25,0.0016586760773,INF109K016B1_ICICI Prudential Corporate Bond Fund.xlsx,CORPORATE BOND,141,True,Equity Candidate
ICICI Prudential Corporate Bond Fund,INF109K016B1,,Bharat Sanchar Nigam Ltd. **,INE103D08054,Other,CRISIL AAA(CE),CRISIL AAA(CE),7.51,5000.0,4917.17,0.0016562912621,INF109K016B1_ICICI Prudential Corporate Bond Fund.xlsx,CORPORATE BOND,142,True,Equity Candidate
ICICI Prudential Corporate Bond Fund,INF109K016B1,,NABARD **,INE261F08EP4,Other,ICRA AAA,ICRA AAA,6.66,5000.0,4903.14,0.0016515654205,INF109K016B1_ICICI Prudential Corporate Bond Fund.xlsx,CORPORATE BOND,143,True,Equity Candidate
ICICI Prudential Corporate Bond Fund,INF109K016B1,,L&T Metro Rail (Hyderabad) Ltd. **,INE128M08094,Other,CRISIL AAA(CE),CRISIL AAA(CE),7.55,5000.0,4889.08,0.0016468294738,INF109K016B1_ICICI Prudential Corporate Bond Fund.xlsx,CORPORATE BOND,144,True,Equity Candidate
ICICI Prudential Corporate Bond Fund,INF109K016B1,,Pipeline Infrastructure Pvt Ltd. **,INE01XX07042,Other,CRISIL AAA,CRISIL AAA,7.96,4500.0,4522.31,0.0015232872846,INF109K016B1_ICICI Prudential Corporate Bond Fund.xlsx,CORPORATE BOND,145,True,Equity Candidate
ICICI Prudential Corporate Bond Fund,INF109K016B1,,SMFG India Home Finance Company Ltd. **,INE213W07392,Other,CARE AAA,CARE AAA,7.449999999999999,4500.0,4482.29,0.0015098070152,INF109K016B1_ICICI Prudential Corporate Bond Fund.xlsx,CORPORATE BOND,146,True,Equity Candidate
ICICI Prudential Corporate Bond Fund,INF109K016B1,,State Government of Haryana,IN1620250325,Government Security,SOV,SOV,7.78,3679300.0,3701.33,0.001246749764,INF109K016B1_ICICI Prudential Corporate Bond Fund.xlsx,CORPORATE BOND,31,False,Non-Equity
ICICI Prudential Corporate Bond Fund,INF109K016B1,,Mahindra & Mahindra Financial Services Ltd. **,INE774D07VM4,Other,CRISIL AAA,CRISIL AAA,8.25,3500.0,3509.51,0.0011821374382,INF109K016B1_ICICI Prudential Corporate Bond Fund.xlsx,CORPORATE BOND,147,True,Equity Candidate
ICICI Prudential Corporate Bond Fund,INF109K016B1,,Nomura Capital (India) Pvt. Ltd. **,INE357L07481,Other,FITCH AAA,FITCH AAA,8.85,3000.0,3018.95,0.0010168980339,INF109K016B1_ICICI Prudential Corporate Bond Fund.xlsx,CORPORATE BOND,148,True,Equity Candidate
ICICI Prudential Corporate Bond Fund,INF109K016B1,,EMBASSY OFFICE PARKS REIT **,INE041007142,REIT/InvIT,CRISIL AAA,CRISIL AAA,7.96,3000.0,3008.28,0.0010133039691,INF109K016B1_ICICI Prudential Corporate Bond Fund.xlsx,CORPORATE BOND,149,True,Equity Candidate
ICICI Prudential Corporate Bond Fund,INF109K016B1,,EMBASSY OFFICE PARKS REIT **,INE041007084,REIT/InvIT,CRISIL AAA,CRISIL AAA,7.05,300.0,3000.56,0.0010107035773,INF109K016B1_ICICI Prudential Corporate Bond Fund.xlsx,CORPORATE BOND,150,True,Equity Candidate
ICICI Prudential Corporate Bond Fund,INF109K016B1,,Power Finance Corporation Ltd. **,INE134E08LX5,Other,CRISIL AAA,CRISIL AAA,7.59,300.0,3000.27,0.0010106058942,INF109K016B1_ICICI Prudential Corporate Bond Fund.xlsx,CORPORATE BOND,151,True,Equity Candidate
ICICI Prudential Corporate Bond Fund,INF109K016B1,,NABARD,INE261F08EO7,Other,CRISIL AAA,CRISIL AAA,7.48,2800.0,2792.05,0.00094046942,INF109K016B1_ICICI Prudential Corporate Bond Fund.xlsx,CORPORATE BOND,152,True,Equity Candidate
ICICI Prudential Corporate Bond Fund,INF109K016B1,,State Government of Maharashtra,IN2220250319,Government Security,SOV,SOV,7.27,2623300.0,2556.2,0.0008610261032,INF109K016B1_ICICI Prudential Corporate Bond Fund.xlsx,CORPORATE BOND,32,False,Non-Equity
ICICI Prudential Corporate Bond Fund,INF109K016B1,,Nomura Fixed Income Securities Pvt. Ltd. **,INE127K08017,Other,FITCH AAA,FITCH AAA,8.25,2500.0,2504.45,0.0008435947204,INF109K016B1_ICICI Prudential Corporate Bond Fund.xlsx,CORPORATE BOND,153,True,Equity Candidate
ICICI Prudential Corporate Bond Fund,INF109K016B1,,Bajaj Housing Finance Ltd. **,INE377Y07433,Other,CRISIL AAA,CRISIL AAA,7.85,250.0,2500.0,0.0008420957899,INF109K016B1_ICICI Prudential Corporate Bond Fund.xlsx,CORPORATE BOND,154,True,Equity Candidate
ICICI Prudential Corporate Bond Fund,INF109K016B1,,Power Finance Corporation Ltd. **,INE134E08JC3,Other,CRISIL AAA,CRISIL AAA,7.44,250.0,2498.77,0.0008416814787,INF109K016B1_ICICI Prudential Corporate Bond Fund.xlsx,CORPORATE BOND,155,True,Equity Candidate
ICICI Prudential Corporate Bond Fund,INF109K016B1,,LIC Housing Finance Ltd. **,INE115A07MC6,Other,CRISIL AAA,CRISIL AAA,7.56,250.0,2498.47,0.0008415804272,INF109K016B1_ICICI Prudential Corporate Bond Fund.xlsx,CORPORATE BOND,156,True,Equity Candidate
ICICI Prudential Corporate Bond Fund,INF109K016B1,,Rural Electrification Corporation Ltd. **,INE020B08FR6,Other,CRISIL AAA,CRISIL AAA,7.44,2500.0,2497.32,0.0008411930632,INF109K016B1_ICICI Prudential Corporate Bond Fund.xlsx,CORPORATE BOND,157,True,Equity Candidate
ICICI Prudential Corporate Bond Fund,INF109K016B1,,Rural Electrification Corporation Ltd. **,INE020B08GB8,Other,CRISIL AAA,CRISIL AAA,6.95,2500.0,2480.7,0.0008355948104,INF109K016B1_ICICI Prudential Corporate Bond Fund.xlsx,CORPORATE BOND,158,True,Equity Candidate
ICICI Prudential Corporate Bond Fund,INF109K016B1,,Tata Capital Housing Finance Ltd. **,INE033L07IN3,Other,CRISIL AAA,CRISIL AAA,7.27,2500.0,2478.87,0.0008349783962,INF109K016B1_ICICI Prudential Corporate Bond Fund.xlsx,CORPORATE BOND,159,True,Equity Candidate
ICICI Prudential Corporate Bond Fund,INF109K016B1,,Jio Credit Ltd,INE282H07018,Other,CRISIL AAA,CRISIL AAA,7.19,2500.0,2471.13,0.0008323712677,INF109K016B1_ICICI Prudential Corporate Bond Fund.xlsx,CORPORATE BOND,160,True,Equity Candidate
ICICI Prudential Corporate Bond Fund,INF109K016B1,,NABARD **,INE261F08CM5,Other,ICRA AAA,ICRA AAA,6.07,250.0,2456.98,0.0008276050055,INF109K016B1_ICICI Prudential Corporate Bond Fund.xlsx,CORPORATE BOND,161,True,Equity Candidate
ICICI Prudential Corporate Bond Fund,INF109K016B1,,NABARD **,INE261F08EQ2,Other,ICRA AAA,ICRA AAA,6.85,2500.0,2454.55,0.0008267864884,INF109K016B1_ICICI Prudential Corporate Bond Fund.xlsx,CORPORATE BOND,162,True,Equity Candidate
ICICI Prudential Corporate Bond Fund,INF109K016B1,,Knowledge Realty Trust Ltd **,INE1JAR07028,Other,CRISIL AAA,CRISIL AAA,7.537800000000001,2209.0,2196.65,0.0007399158867,INF109K016B1_ICICI Prudential Corporate Bond Fund.xlsx,CORPORATE BOND,163,True,Equity Candidate
ICICI Prudential Corporate Bond Fund,INF109K016B1,,State Government of West Bengal,IN3420240241,Government Security,SOV,SOV,7.29,2021800.0,1955.03,0.0006585290128,INF109K016B1_ICICI Prudential Corporate Bond Fund.xlsx,CORPORATE BOND,33,False,Non-Equity
ICICI Prudential Corporate Bond Fund,INF109K016B1,,State Government of Odisha,IN2720250082,Government Security,SOV,SOV,7.43,1582000.0,1542.87,0.0005196977325,INF109K016B1_ICICI Prudential Corporate Bond Fund.xlsx,CORPORATE BOND,34,False,Non-Equity
ICICI Prudential Corporate Bond Fund,INF109K016B1,,Small Industries Development Bank Of India. **,INE556F08KK5,Other,CRISIL AAA,CRISIL AAA,7.79,1500.0,1502.88,0.0005062275682,INF109K016B1_ICICI Prudential Corporate Bond Fund.xlsx,CORPORATE BOND,164,True,Equity Candidate
ICICI Prudential Corporate Bond Fund,INF109K016B1,,Small Industries Development Bank Of India. **,INE556F08KQ2,Other,CRISIL AAA,CRISIL AAA,7.68,1500.0,1500.83,0.0005055370497,INF109K016B1_ICICI Prudential Corporate Bond Fund.xlsx,CORPORATE BOND,165,True,Equity Candidate
ICICI Prudential Corporate Bond Fund,INF109K016B1,,Larsen & Toubro Ltd. **,INE018A08BE9,Other,CRISIL AAA,CRISIL AAA,7.725,1000.0,1003.72,0.0003380913544,INF109K016B1_ICICI Prudential Corporate Bond Fund.xlsx,CORPORATE BOND,166,True,Equity Candidate
ICICI Prudential Corporate Bond Fund,INF109K016B1,,HDFC Bank Ltd. **,INE040A08823,Other,CRISIL AAA,CRISIL AAA,7.77,100.0,1002.67,0.0003377376742,INF109K016B1_ICICI Prudential Corporate Bond Fund.xlsx,CORPORATE BOND,167,True,Equity Candidate
ICICI Prudential Corporate Bond Fund,INF109K016B1,,Grasim Industries Ltd. **,INE047A08208,Other,CRISIL AAA,CRISIL AAA,7.63,100.0,1002.43,0.000337656833,INF109K016B1_ICICI Prudential Corporate Bond Fund.xlsx,CORPORATE BOND,168,True,Equity Candidate
ICICI Prudential Corporate Bond Fund,INF109K016B1,,ICICI Home Finance Company Ltd. **,INE071G07728,Other,ICRA AAA,ICRA AAA,7.95,1000.0,1001.85,0.0003374614668,INF109K016B1_ICICI Prudential Corporate Bond Fund.xlsx,CORPORATE BOND,169,True,Equity Candidate
ICICI Prudential Corporate Bond Fund,INF109K016B1,,Bajaj Housing Finance Ltd. **,INE377Y07490,Other,CRISIL AAA,CRISIL AAA,7.98,1000.0,1000.15,0.0003368888417,INF109K016B1_ICICI Prudential Corporate Bond Fund.xlsx,CORPORATE BOND,170,True,Equity Candidate
ICICI Prudential Corporate Bond Fund,INF109K016B1,,State Government of Uttar Pradesh,IN3320250126,Government Security,SOV,SOV,7.36,638000.0,623.78,0.0002101130047,INF109K016B1_ICICI Prudential Corporate Bond Fund.xlsx,CORPORATE BOND,35,False,Non-Equity
ICICI Prudential Corporate Bond Fund,INF109K016B1,,Kotak Mahindra Investments Ltd. **,INE975F07IM9,Other,CRISIL AAA,CRISIL AAA,8.0359,600.0,600.45,0.0002022545668,INF109K016B1_ICICI Prudential Corporate Bond Fund.xlsx,CORPORATE BOND,171,True,Equity Candidate
ICICI Prudential Corporate Bond Fund,INF109K016B1,,LIC Housing Finance Ltd. **,INE115A07QR5,Other,CRISIL AAA,CRISIL AAA,7.68,500.0,493.53,0.000166239814,INF109K016B1_ICICI Prudential Corporate Bond Fund.xlsx,CORPORATE BOND,172,True,Equity Candidate
ICICI Prudential Corporate Bond Fund,INF109K016B1,,LIC Housing Finance Ltd. **,INE115A07RB7,Other,CRISIL AAA,CRISIL AAA,7.58,500.0,489.82,0.0001649901439,INF109K016B1_ICICI Prudential Corporate Bond Fund.xlsx,CORPORATE BOND,173,True,Equity Candidate
ICICI Prudential Corporate Bond Fund,INF109K016B1,,Government Securities,IN0020240126,Government Security,SOV,SOV,6.79,455400.0,452.8,0.0001525203894,INF109K016B1_ICICI Prudential Corporate Bond Fund.xlsx,CORPORATE BOND,36,False,Non-Equity
ICICI Prudential Corporate Bond Fund,INF109K016B1,,Government Securities,IN0020250075,Government Security,SOV,SOV,7.24,383200.0,368.91,0.0001242630231,INF109K016B1_ICICI Prudential Corporate Bond Fund.xlsx,CORPORATE BOND,37,False,Non-Equity
ICICI Prudential Corporate Bond Fund,INF109K016B1,,Aditya Birla Capital Ltd. **,INE860H07IQ0,Other,ICRA AAA,ICRA AAA,8.0,31798.0,318.08,0.0001071415315,INF109K016B1_ICICI Prudential Corporate Bond Fund.xlsx,CORPORATE BOND,174,True,Equity Candidate
ICICI Prudential Corporate Bond Fund,INF109K016B1,,State Government of Tamil Nadu,IN3120250292,Government Security,SOV,SOV,7.19,296300.0,292.72,9.85993118e-05,INF109K016B1_ICICI Prudential Corporate Bond Fund.xlsx,CORPORATE BOND,38,False,Non-Equity
ICICI Prudential Corporate Bond Fund,INF109K016B1,,Export-Import Bank Of India **,INE514E08FG5,Other,CRISIL AAA,CRISIL AAA,7.62,26.0,260.0,8.75779621e-05,INF109K016B1_ICICI Prudential Corporate Bond Fund.xlsx,CORPORATE BOND,175,True,Equity Candidate
ICICI Prudential Corporate Bond Fund,INF109K016B1,,LIC Housing Finance Ltd. **,INE115A07RH4,Other,CRISIL AAA,CRISIL AAA,6.9,250.0,248.06,8.35561126e-05,INF109K016B1_ICICI Prudential Corporate Bond Fund.xlsx,CORPORATE BOND,176,True,Equity Candidate
ICICI Prudential Corporate Bond Fund,INF109K016B1,,State Government of Bihar,IN1320250146,Government Security,SOV,SOV,7.58,178200.0,175.43,5.90915457e-05,INF109K016B1_ICICI Prudential Corporate Bond Fund.xlsx,CORPORATE BOND,39,False,Non-Equity
ICICI Prudential Corporate Bond Fund,INF109K016B1,,Indian Railway Finance Corporation Ltd. **,INE053F08338,Other,CRISIL AAA,CRISIL AAA,7.68,170.0,170.38,5.73905122e-05,INF109K016B1_ICICI Prudential Corporate Bond Fund.xlsx,CORPORATE BOND,177,True,Equity Candidate
ICICI Prudential Corporate Bond Fund,INF109K016B1,,LIC Housing Finance Ltd.,INE115A07PN6,Other,CRISIL AAA,CRISIL AAA,6.4,17.0,169.77,5.71850409e-05,INF109K016B1_ICICI Prudential Corporate Bond Fund.xlsx,CORPORATE BOND,178,True,Equity Candidate
ICICI Prudential Corporate Bond Fund,INF109K016B1,,Interest Rate Swaps- MD -13-Aug-2031 (Pay fixed/receive float),,Other,,,,,-10000.0,-0.00336838315964,INF109K016B1_ICICI Prudential Corporate Bond Fund.xlsx,CORPORATE BOND,219,False,Non-Equity
ICICI Prudential Corporate Bond Fund,INF109K016B1,,Interest Rate Swaps- MD -13-Aug-2031 (Pay fixed/receive float),,Other,,,,,-10000.0,-0.00336838315964,INF109K016B1_ICICI Prudential Corporate Bond Fund.xlsx,CORPORATE BOND,220,False,Non-Equity
ICICI Prudential Corporate Bond Fund,INF109K016B1,,Government Securities,IN0020210137,Government Security,SOV,SOV,6.45,30120.0,30.93,,INF109K016B1_ICICI Prudential Corporate Bond Fund.xlsx,CORPORATE BOND,40,False,Non-Equity
ICICI Prudential Corporate Bond Fund,INF109K016B1,,Government Securities,IN0020250042,Government Security,SOV,SOV,6.68,6250.0,6.03,,INF109K016B1_ICICI Prudential Corporate Bond Fund.xlsx,CORPORATE BOND,41,False,Non-Equity
ICICI Prudential Corporate Bond Fund,INF109K016B1,,NABARD **,INE261F08DH3,Other,CRISIL AAA,CRISIL AAA,6.79,8.0,77.46,,INF109K016B1_ICICI Prudential Corporate Bond Fund.xlsx,CORPORATE BOND,179,True,Equity Candidate
ICICI Prudential Corporate Bond Fund,INF109K016B1,,Hindustan Petroleum Corporation Ltd. **,INE094A08150,Other,CRISIL AAA,CRISIL AAA,7.74,50.0,50.3,,INF109K016B1_ICICI Prudential Corporate Bond Fund.xlsx,CORPORATE BOND,180,True,Equity Candidate
ICICI Prudential Corporate Bond Fund,INF109K016B1,,Small Industries Development Bank Of India. **,INE556F08KJ7,Other,CRISIL AAA,CRISIL AAA,7.55,50.0,50.02,,INF109K016B1_ICICI Prudential Corporate Bond Fund.xlsx,CORPORATE BOND,181,True,Equity Candidate
ICICI Prudential Corporate Bond Fund,INF109K016B1,,Sundaram Finance Ltd. **,INE660A07RU2,Other,ICRA AAA,ICRA AAA,7.75,20.0,20.01,,INF109K016B1_ICICI Prudential Corporate Bond Fund.xlsx,CORPORATE BOND,182,True,Equity Candidate
ICICI Prudential Corporate Bond Fund,INF109K016B1,,Zero Coupon Bonds / Deep Discount Bonds,,Debt,,,,,,,INF109K016B1_ICICI Prudential Corporate Bond Fund.xlsx,CORPORATE BOND,183,False,Non-Equity
ICICI Prudential Corporate Bond Fund,INF109K016B1,,Privately Placed/unlisted,,Other,,,,,,,INF109K016B1_ICICI Prudential Corporate Bond Fund.xlsx,CORPORATE BOND,184,False,Other
ICICI Prudential Corporate Bond Fund,INF109K016B1,,Term Deposits,,Other,,,,,,,INF109K016B1_ICICI Prudential Corporate Bond Fund.xlsx,CORPORATE BOND,190,False,Non-Equity
ICICI Prudential Corporate Bond Fund,INF109K016B1,,Deposits (maturity not exceeding 91 days),,Other,,,,,,,INF109K016B1_ICICI Prudential Corporate Bond Fund.xlsx,CORPORATE BOND,191,False,Non-Equity
ICICI Prudential Corporate Bond Fund,INF109K016B1,,Deposits (Placed as Margin),,Other,,,,,,,INF109K016B1_ICICI Prudential Corporate Bond Fund.xlsx,CORPORATE BOND,192,False,Non-Equity
ICICI Prudential Corporate Bond Fund,INF109K016B1,,Commercial Papers,,Debt,,,,,,,INF109K016B1_ICICI Prudential Corporate Bond Fund.xlsx,CORPORATE BOND,203,False,Non-Equity
ICICI Prudential Corporate Bond Fund,INF109K016B1,,Bills Rediscounted,,Other,,,,,,,INF109K016B1_ICICI Prudential Corporate Bond Fund.xlsx,CORPORATE BOND,204,False,Other
ICICI Prudential Corporate Bond Fund,INF109K016B1,,Treasury Bills,,Government Security,,,,,,,INF109K016B1_ICICI Prudential Corporate Bond Fund.xlsx,CORPORATE BOND,205,False,Non-Equity
ICICI Prudential Corporate Bond Fund,INF109K016B1,,Notes,,Other,,,,,,,INF109K016B1_ICICI Prudential Corporate Bond Fund.xlsx,CORPORATE BOND,225,False,Other
ICICI Prudential Corporate Bond Fund,INF109K016B1,,"1. Details of security in default beyond its maturity date and its % to NAV as on Aug 31,2026",NIL,Other,,,,,,,INF109K016B1_ICICI Prudential Corporate Bond Fund.xlsx,CORPORATE BOND,226,False,Other
ICICI Prudential Corporate Bond Fund,INF109K016B1,,2. Total Value and Percentage of Non Traded/Unlisted/Unquoted/Illiquid shares,NIL,Equity,,,,,,,INF109K016B1_ICICI Prudential Corporate Bond Fund.xlsx,CORPORATE BOND,227,False,Other
ICICI Prudential Corporate Bond Fund,INF109K016B1,,3. ICICI Prudential Corporate Bond Fund - NAV & Dividend,,Debt,,,,,,,INF109K016B1_ICICI Prudential Corporate Bond Fund.xlsx,CORPORATE BOND,228,False,Non-Equity
ICICI Prudential Corporate Bond Fund,INF109K016B1,,Plan Name,NAV PER UNIT - 31-JUL-2026,Other,Dividend declared during the Month ended 31-Aug-2026(Rs.)/Unit,Dividend declared during the Month ended 31-Aug-2026(Rs.)/Unit,31.0,,,,INF109K016B1_ICICI Prudential Corporate Bond Fund.xlsx,CORPORATE BOND,229,False,Other
ICICI Prudential Corporate Bond Fund,INF109K016B1,,Growth Option,31.8704,Other,-,-,31.9087,,,,INF109K016B1_ICICI Prudential Corporate Bond Fund.xlsx,CORPORATE BOND,230,False,Non-Equity
ICICI Prudential Corporate Bond Fund,INF109K016B1,,Monthly IDCW Option,10.3992,Other,0.0125,0.0125,10.3882,,,,INF109K016B1_ICICI Prudential Corporate Bond Fund.xlsx,CORPORATE BOND,231,False,Non-Equity
ICICI Prudential Corporate Bond Fund,INF109K016B1,,Quarterly IDCW Option,11.3702,Other,-,-,11.3839,,,,INF109K016B1_ICICI Prudential Corporate Bond Fund.xlsx,CORPORATE BOND,232,False,Non-Equity
ICICI Prudential Corporate Bond Fund,INF109K016B1,,Direct Plan - Growth Option,33.4615,Other,-,-,33.5079,,,,INF109K016B1_ICICI Prudential Corporate Bond Fund.xlsx,CORPORATE BOND,233,False,Non-Equity
ICICI Prudential Corporate Bond Fund,INF109K016B1,,Direct Plan - Monthly IDCW Option,10.246,Other,0.0142,0.0142,10.2352,,,,INF109K016B1_ICICI Prudential Corporate Bond Fund.xlsx,CORPORATE BOND,234,False,Non-Equity
ICICI Prudential Corporate Bond Fund,INF109K016B1,,Direct Plan - Quarterly IDCW Option,15.734,Other,-,-,15.7558,,,,INF109K016B1_ICICI Prudential Corporate Bond Fund.xlsx,CORPORATE BOND,235,False,Non-Equity
ICICI Prudential Corporate Bond Fund,INF109K016B1,,4. Total outstanding exposure in derivatives instrument,REFER ANNEXURE,Other,,,,,,,INF109K016B1_ICICI Prudential Corporate Bond Fund.xlsx,CORPORATE BOND,236,False,Other
ICICI Prudential Corporate Bond Fund,INF109K016B1,,"5. Total market value of Investment in Foreign Securities / ADRs / GDRs / Overseas ETFs as on Aug 31,2026",NIL,ETF,,,,,,,INF109K016B1_ICICI Prudential Corporate Bond Fund.xlsx,CORPORATE BOND,237,False,Other
ICICI Prudential Corporate Bond Fund,INF109K016B1,,6. Average Maturity,5.41 YEARS,Other,,,,,,,INF109K016B1_ICICI Prudential Corporate Bond Fund.xlsx,CORPORATE BOND,238,False,Other
ICICI Prudential Corporate Bond Fund,INF109K016B1,,7. Details of Term deposits placed as margin,NIL,Other,,,,,,,INF109K016B1_ICICI Prudential Corporate Bond Fund.xlsx,CORPORATE BOND,239,False,Non-Equity
ICICI Prudential Corporate Bond Fund,INF109K016B1,,Non-Convertible debentures / Bonds & Zero Coupon Bonds / Deep Discount Bonds / Certificate of Deposits / Commercial Papers are considered as Traded based on the information provided by external agencies.,,Debt,,,,,,,INF109K016B1_ICICI Prudential Corporate Bond Fund.xlsx,CORPORATE BOND,240,False,Non-Equity
ICICI Prudential Corporate Bond Fund,INF109K016B1,,** Non Traded / Illiquid Securities.,,Other,,,,,,,INF109K016B1_ICICI Prudential Corporate Bond Fund.xlsx,CORPORATE BOND,241,False,Other
ICICI Prudential Corporate Bond Fund,INF109K016B1,,^ Value Less than 0.01% of NAV in absolute terms.,,Other,,,,,,,INF109K016B1_ICICI Prudential Corporate Bond Fund.xlsx,CORPORATE BOND,242,False,Other
ICICI Prudential Corporate Bond Fund,INF109K016B1,,# Mentioned Security is also rated as AAA (CE) by CRISIL rating agency.,,Other,,,,,,,INF109K016B1_ICICI Prudential Corporate Bond Fund.xlsx,CORPORATE BOND,243,False,Other
ICICI Prudential Corporate Bond Fund,INF109K016B1,,"For the Instrument/security whose final ISIN is yet to be assigned, disclosure of ISIN has been made as per the details provided by external agencies.",,Other,,,,,,,INF109K016B1_ICICI Prudential Corporate Bond Fund.xlsx,CORPORATE BOND,244,False,Other
ICICI Prudential Corporate Bond Fund,INF109K016B1,,Debt instruments having structured obligations or credit enhancement features have been denoted with suffix as (SO) or (CE) respectively against the ratings of the instrument.,,Other,,,,,,,INF109K016B1_ICICI Prudential Corporate Bond Fund.xlsx,CORPORATE BOND,245,False,Other
ICICI Prudential Corporate Bond Fund,INF109K016B1,,"@ As per AMFI Best Practices Guidelines Circular No. 91/ 2020 - 21 dated March 24, 2021 on Valuation of AT-1 Bonds and Tier 2 Bonds, Yield to call is disclosed for AT-1 Bonds and Tier 2 Bonds issued by Banks as provided by Valuation agencies.
As per SEBI Circular SEBI/HO/IMD/PoD1/CIR/P/2024/106 dated August 05, 2024, valuation of AT-1 Bonds are done on Yield to Call basis w.e.f. August 07, 2024. YTC of AT-1 Bonds are now same as it’s YTM% and hence it is not disclosed separately under YTC%.",,Debt,,,,,,,INF109K016B1_ICICI Prudential Corporate Bond Fund.xlsx,CORPORATE BOND,246,False,Non-Equity
ICICI Prudential Corporate Bond Fund,INF109K016B1,,"For Instances of Deviation In valuation Of Securities as per SEBI master circular ref no HO/24/13/11(1)2026-IMD-POD-1/I/7602/2026 dated March 20, 2026. Refer link: https://www.icicipruamc.com/about-us/statutory-disclosures?currentTabFilter=OtherDisclosures&&subCatTabFilter=deviationinvaluationofsecurities",,Other,,,,,,,INF109K016B1_ICICI Prudential Corporate Bond Fund.xlsx,CORPORATE BOND,247,False,Other
ICICI Prudential Corporate Bond Fund,INF109K016B1,,"As per AMFI Best Practices Guidelines Circular No. AMFI/ 35P/ MEM-COR/ 72 / 2022-23 dated December 31, 2022 on Standard format for disclosure Portfolio YTM for Debt Schemes, Yield of the instrument is disclosed on annualized basis as provided by Valuation agencies.",,Other,,,,,,,INF109K016B1_ICICI Prudential Corporate Bond Fund.xlsx,CORPORATE BOND,248,False,Other
ICICI Prudential Corporate Bond Fund,INF109K016B1,,This scheme has exposure to floating rate instruments and / or interest rate derivatives. The duration of these instruments is linked to the interest rate reset period. The interest rate risk in a floating rate instrument or in a fixed rate instrument hedged with derivatives is likely to be lesser than that in an equivalent maturity fixed rate instrument. Under some market circumstances the volatility may be of an order greater than what may ordinarily be expected considering only its duration. Hence investors are recommended to consider the unadjusted portfolio maturity of the scheme as well and exercise adequate due diligence when deciding to make their investments.,,Other,,,,,,,INF109K016B1_ICICI Prudential Corporate Bond Fund.xlsx,CORPORATE BOND,249,False,Other
ICICI Prudential Corporate Bond Fund,INF109K016B1,,Scheme Riskometer,,Other,,,,,,,INF109K016B1_ICICI Prudential Corporate Bond Fund.xlsx,CORPORATE BOND,250,False,Other
ICICI Prudential Corporate Bond Fund,INF109K016B1,,Benchmark Riskometer,,Other,,,,,,,INF109K016B1_ICICI Prudential Corporate Bond Fund.xlsx,CORPORATE BOND,251,False,Other
ICICI Prudential Corporate Bond Fund,INF109K016B1,,Benchmark name - NIFTY Corporate Bond Index A-II,,Debt,,,,,,,INF109K016B1_ICICI Prudential Corporate Bond Fund.xlsx,CORPORATE BOND,252,False,Non-Equity
ICICI Prudential Large Cap Fund,INF109K016L0,,Total Net Assets,,Other,,,,,8020620.28735067,0.9999999999954096,INF109K016L0_ICICI Prudential Large Cap Fund.xlsx,BLUECHIP,116,False,Other
ICICI Prudential Large Cap Fund,INF109K016L0,,Equity & Equity Related Instruments (Note -1),,Equity,,,,,7641440.370000001,0.9527377542131004,INF109K016L0_ICICI Prudential Large Cap Fund.xlsx,BLUECHIP,5,False,Other
ICICI Prudential Large Cap Fund,INF109K016L0,,Listed / Awaiting Listing On Stock Exchanges,,Other,,,,,7641440.370000001,0.9527243649744004,INF109K016L0_ICICI Prudential Large Cap Fund.xlsx,BLUECHIP,6,False,Other
ICICI Prudential Large Cap Fund,INF109K016L0,,ICICI Bank Ltd.,INE090A01021,Other,Banks,Banks,,51526976.0,749202.23,0.0934095123766,INF109K016L0_ICICI Prudential Large Cap Fund.xlsx,BLUECHIP,7,True,Equity Candidate
ICICI Prudential Large Cap Fund,INF109K016L0,,HDFC Bank Ltd.,INE040A01034,Other,Banks,Banks,,88896473.0,630275.99,0.0785819509488,INF109K016L0_ICICI Prudential Large Cap Fund.xlsx,BLUECHIP,8,True,Equity Candidate
ICICI Prudential Large Cap Fund,INF109K016L0,,Reliance Industries Ltd.,INE002A01018,Other,Petroleum Products,Petroleum Products,,35095500.0,448169.54,0.0558771670947,INF109K016L0_ICICI Prudential Large Cap Fund.xlsx,BLUECHIP,9,True,Equity Candidate
ICICI Prudential Large Cap Fund,INF109K016L0,,Larsen & Toubro Ltd.,INE018A01030,Other,Construction,Construction,,8151556.0,329722.29,0.0411093254869,INF109K016L0_ICICI Prudential Large Cap Fund.xlsx,BLUECHIP,10,True,Equity Candidate
ICICI Prudential Large Cap Fund,INF109K016L0,,Axis Bank Ltd.,INE238A01034,Other,Banks,Banks,,25159230.0,327069.99,0.0407786403398,INF109K016L0_ICICI Prudential Large Cap Fund.xlsx,BLUECHIP,11,True,Equity Candidate
ICICI Prudential Large Cap Fund,INF109K016L0,,Bharti Airtel Ltd.,INE397D01024,Other,Telecom - Services,Telecom - Services,,17604129.0,318969.21,0.0397686461361,INF109K016L0_ICICI Prudential Large Cap Fund.xlsx,BLUECHIP,12,True,Equity Candidate
ICICI Prudential Large Cap Fund,INF109K016L0,,TREPS,,Other,,,,,281068.6,0.035043249765,INF109K016L0_ICICI Prudential Large Cap Fund.xlsx,BLUECHIP,112,False,Other
ICICI Prudential Large Cap Fund,INF109K016L0,,Maruti Suzuki India Ltd.,INE585B01010,Other,Automobiles,Automobiles,,1735675.0,235131.89,0.0293159234044,INF109K016L0_ICICI Prudential Large Cap Fund.xlsx,BLUECHIP,13,True,Equity Candidate
ICICI Prudential Large Cap Fund,INF109K016L0,,Ultratech Cement Ltd.,INE481G01011,Other,Cement & Cement Products,Cement & Cement Products,,2037703.0,233316.99,0.0290896441473,INF109K016L0_ICICI Prudential Large Cap Fund.xlsx,BLUECHIP,14,True,Equity Candidate
ICICI Prudential Large Cap Fund,INF109K016L0,,Infosys Ltd.,INE009A01021,Other,It - Software,It - Software,,19372450.0,219644.84,0.0273850191295,INF109K016L0_ICICI Prudential Large Cap Fund.xlsx,BLUECHIP,15,True,Equity Candidate
ICICI Prudential Large Cap Fund,INF109K016L0,,Life Insurance Corporation of India,INE0J1Y01017,Other,Insurance,Insurance,,50070055.0,209292.83,0.0260943446394,INF109K016L0_ICICI Prudential Large Cap Fund.xlsx,BLUECHIP,16,True,Equity Candidate
ICICI Prudential Large Cap Fund,INF109K016L0,,Kotak Mahindra Bank Ltd.,INE237A01036,Other,Banks,Banks,,47293906.0,198350.64,0.0247300873116,INF109K016L0_ICICI Prudential Large Cap Fund.xlsx,BLUECHIP,17,True,Equity Candidate
ICICI Prudential Large Cap Fund,INF109K016L0,,Mahindra & Mahindra Ltd.,INE101A01026,Other,Automobiles,Automobiles,,6040087.0,198235.66,0.024715751762,INF109K016L0_ICICI Prudential Large Cap Fund.xlsx,BLUECHIP,18,True,Equity Candidate
ICICI Prudential Large Cap Fund,INF109K016L0,,Sun Pharmaceutical Industries Ltd.,INE044A01036,Other,Pharmaceuticals & Biotechnology,Pharmaceuticals & Biotechnology,,9068753.0,179996.61,0.0224417318799,INF109K016L0_ICICI Prudential Large Cap Fund.xlsx,BLUECHIP,19,True,Equity Candidate
ICICI Prudential Large Cap Fund,INF109K016L0,,NTPC Ltd.,INE733E01010,Other,Power,Power,,48904762.0,160114.19,0.0199628188673,INF109K016L0_ICICI Prudential Large Cap Fund.xlsx,BLUECHIP,20,True,Equity Candidate
ICICI Prudential Large Cap Fund,INF109K016L0,,Asian Paints Ltd.,INE021A01026,Other,Consumer Durables,Consumer Durables,,4672403.0,123986.89,0.0154585163688,INF109K016L0_ICICI Prudential Large Cap Fund.xlsx,BLUECHIP,21,True,Equity Candidate
ICICI Prudential Large Cap Fund,INF109K016L0,,Tata Steel Ltd.,INE081A01020,Other,Ferrous Metals,Ferrous Metals,,64923760.0,119686.95,0.0149224057132,INF109K016L0_ICICI Prudential Large Cap Fund.xlsx,BLUECHIP,22,True,Equity Candidate
ICICI Prudential Large Cap Fund,INF109K016L0,,State Bank Of India,INE062A01020,Other,Banks,Banks,,10638103.0,112763.89,0.0140592480332,INF109K016L0_ICICI Prudential Large Cap Fund.xlsx,BLUECHIP,23,True,Equity Candidate
ICICI Prudential Large Cap Fund,INF109K016L0,,Interglobe Aviation Ltd.,INE646L01027,Other,Transport Services,Transport Services,,2079636.0,108848.15,0.0135710389097,INF109K016L0_ICICI Prudential Large Cap Fund.xlsx,BLUECHIP,24,True,Equity Candidate
ICICI Prudential Large Cap Fund,INF109K016L0,,DLF Ltd.,INE271C01023,Other,Realty,Realty,,15286236.0,105635.53,0.013170493829,INF109K016L0_ICICI Prudential Large Cap Fund.xlsx,BLUECHIP,25,True,Equity Candidate
ICICI Prudential Large Cap Fund,INF109K016L0,,Money Market Instruments,,Other,,,,,101132.94,0.0126091170476,INF109K016L0_ICICI Prudential Large Cap Fund.xlsx,BLUECHIP,101,False,Non-Equity
ICICI Prudential Large Cap Fund,INF109K016L0,,Avenue Supermarts Ltd.,INE192R01011,Other,Retailing,Retailing,,2250209.0,87758.15,0.0109415664694,INF109K016L0_ICICI Prudential Large Cap Fund.xlsx,BLUECHIP,26,True,Equity Candidate
ICICI Prudential Large Cap Fund,INF109K016L0,,HDFC Asset Management Company Ltd.,INE127D01025,Other,Capital Markets,Capital Markets,,3321984.0,87105.74,0.0108602248802,INF109K016L0_ICICI Prudential Large Cap Fund.xlsx,BLUECHIP,27,True,Equity Candidate
ICICI Prudential Large Cap Fund,INF109K016L0,,HDFC Life Insurance Company Ltd.,INE795G01014,Other,Insurance,Insurance,,15865925.0,86207.5,0.0107482335419,INF109K016L0_ICICI Prudential Large Cap Fund.xlsx,BLUECHIP,28,True,Equity Candidate
ICICI Prudential Large Cap Fund,INF109K016L0,,Hindustan Aeronautics Ltd.,INE066F01020,Other,Aerospace & Defense,Aerospace & Defense,,1758387.0,84430.71,0.0105267057877,INF109K016L0_ICICI Prudential Large Cap Fund.xlsx,BLUECHIP,29,True,Equity Candidate
ICICI Prudential Large Cap Fund,INF109K016L0,,ICICI Prudential Life Insurance Company Ltd.,INE726G01019,Other,Insurance,Insurance,,16298942.0,84273.68,0.0105071275014,INF109K016L0_ICICI Prudential Large Cap Fund.xlsx,BLUECHIP,30,True,Equity Candidate
ICICI Prudential Large Cap Fund,INF109K016L0,,Hero Motocorp Ltd.,INE158A01026,Other,Automobiles,Automobiles,,1472661.0,80260.02,0.0100067098459,INF109K016L0_ICICI Prudential Large Cap Fund.xlsx,BLUECHIP,31,True,Equity Candidate
ICICI Prudential Large Cap Fund,INF109K016L0,,Oil & Natural Gas Corporation Ltd.,INE213A01029,Other,Oil,Oil,,33259679.0,77095.94,0.0096122166662,INF109K016L0_ICICI Prudential Large Cap Fund.xlsx,BLUECHIP,32,True,Equity Candidate
ICICI Prudential Large Cap Fund,INF109K016L0,,Power Grid Corporation Of India Ltd.,INE752E01010,Other,Power,Power,,28327135.0,74656.16,0.0093080282229,INF109K016L0_ICICI Prudential Large Cap Fund.xlsx,BLUECHIP,33,True,Equity Candidate
ICICI Prudential Large Cap Fund,INF109K016L0,,SBI Life Insurance Company Ltd.,INE123W01016,Other,Insurance,Insurance,,4277841.0,74455.82,0.0092830501049,INF109K016L0_ICICI Prudential Large Cap Fund.xlsx,BLUECHIP,34,True,Equity Candidate
ICICI Prudential Large Cap Fund,INF109K016L0,,Britannia Industries Ltd.,INE216A01030,Other,Food Products,Food Products,,1395286.0,73252.52,0.0091330243018,INF109K016L0_ICICI Prudential Large Cap Fund.xlsx,BLUECHIP,35,True,Equity Candidate
ICICI Prudential Large Cap Fund,INF109K016L0,,Dr. Reddy's Laboratories Ltd.,INE089A01031,Other,Pharmaceuticals & Biotechnology,Pharmaceuticals & Biotechnology,,6297574.0,72699.19,0.0090640358719,INF109K016L0_ICICI Prudential Large Cap Fund.xlsx,BLUECHIP,36,True,Equity Candidate
ICICI Prudential Large Cap Fund,INF109K016L0,,United Spirits Ltd.,INE854D01024,Other,Beverages,Beverages,,4714972.0,70253.08,0.0087590582128,INF109K016L0_ICICI Prudential Large Cap Fund.xlsx,BLUECHIP,37,True,Equity Candidate
ICICI Prudential Large Cap Fund,INF109K016L0,,Hindustan Unilever Ltd.,INE030A01027,Other,Diversified Fmcg,Diversified Fmcg,,3476890.0,68404.33,0.0085285585839,INF109K016L0_ICICI Prudential Large Cap Fund.xlsx,BLUECHIP,38,True,Equity Candidate
ICICI Prudential Large Cap Fund,INF109K016L0,,Cummins India Ltd.,INE298A01020,Other,Industrial Products,Industrial Products,,1250399.0,63832.87,0.007958595185,INF109K016L0_ICICI Prudential Large Cap Fund.xlsx,BLUECHIP,39,True,Equity Candidate
ICICI Prudential Large Cap Fund,INF109K016L0,,ITC Ltd.,INE154A01025,Other,Diversified Fmcg,Diversified Fmcg,,24952881.0,63754.61,0.0079488378349,INF109K016L0_ICICI Prudential Large Cap Fund.xlsx,BLUECHIP,40,True,Equity Candidate
ICICI Prudential Large Cap Fund,INF109K016L0,,Hyundai Motor India Ltd.,INE0V6F01027,Other,Automobiles,Automobiles,,2861338.0,63092.5,0.007866286863,INF109K016L0_ICICI Prudential Large Cap Fund.xlsx,BLUECHIP,41,True,Equity Candidate
ICICI Prudential Large Cap Fund,INF109K016L0,,Treasury Bills,,Government Security,,,,,61187.380000000005,0.0076287590992,INF109K016L0_ICICI Prudential Large Cap Fund.xlsx,BLUECHIP,106,False,Non-Equity
ICICI Prudential Large Cap Fund,INF109K016L0,,Siemens Ltd.,INE003A01024,Other,Electrical Equipment,Electrical Equipment,,1443326.0,58166.04,0.0072520625482,INF109K016L0_ICICI Prudential Large Cap Fund.xlsx,BLUECHIP,42,True,Equity Candidate
ICICI Prudential Large Cap Fund,INF109K016L0,,Trent Ltd.,INE849A01020,Other,Retailing,Retailing,,1984960.0,57164.86,0.0071272367911,INF109K016L0_ICICI Prudential Large Cap Fund.xlsx,BLUECHIP,43,True,Equity Candidate
ICICI Prudential Large Cap Fund,INF109K016L0,,Tata Motors Ltd.,INE1TAE01010,Other,"Agricultural, Commercial & Construction Vehicles","Agricultural, Commercial & Construction Vehicles",,11939582.0,56247.37,0.0070128453891,INF109K016L0_ICICI Prudential Large Cap Fund.xlsx,BLUECHIP,44,True,Equity Candidate
ICICI Prudential Large Cap Fund,INF109K016L0,,Vedanta Aluminium Metal Ltd.,INE1CDF01017,Other,Non - Ferrous Metals,Non - Ferrous Metals,,12790181.0,55656.47,0.0069391727829,INF109K016L0_ICICI Prudential Large Cap Fund.xlsx,BLUECHIP,45,True,Equity Candidate
ICICI Prudential Large Cap Fund,INF109K016L0,,Shree Cements Ltd.,INE070A01015,Other,Cement & Cement Products,Cement & Cement Products,,232629.0,53969.93,0.0067288972755,INF109K016L0_ICICI Prudential Large Cap Fund.xlsx,BLUECHIP,46,True,Equity Candidate
ICICI Prudential Large Cap Fund,INF109K016L0,,BSE Ltd.,INE118H01025,Other,Capital Markets,Capital Markets,,1619026.0,53136.43,0.0066249776321,INF109K016L0_ICICI Prudential Large Cap Fund.xlsx,BLUECHIP,47,True,Equity Candidate
ICICI Prudential Large Cap Fund,INF109K016L0,,MAX Healthcare Institute Ltd,INE027H01010,Other,Healthcare Services,Healthcare Services,,5022059.0,52334.88,0.0065250414712,INF109K016L0_ICICI Prudential Large Cap Fund.xlsx,BLUECHIP,48,True,Equity Candidate
ICICI Prudential Large Cap Fund,INF109K016L0,,91 Days Treasury Bills,IN002026X131,Government Security,SOV,SOV,,50000000.0,49790.9,0.0062078615139,INF109K016L0_ICICI Prudential Large Cap Fund.xlsx,BLUECHIP,107,False,Non-Equity
ICICI Prudential Large Cap Fund,INF109K016L0,,Bharat Petroleum Corporation Ltd.,INE029A01011,Other,Petroleum Products,Petroleum Products,,15087750.0,48891.85,0.0060957691859,INF109K016L0_ICICI Prudential Large Cap Fund.xlsx,BLUECHIP,49,True,Equity Candidate
ICICI Prudential Large Cap Fund,INF109K016L0,,Info Edge (India) Ltd.,INE663F01032,Other,Retailing,Retailing,,3670670.0,48195.9,0.006008999089,INF109K016L0_ICICI Prudential Large Cap Fund.xlsx,BLUECHIP,50,True,Equity Candidate
ICICI Prudential Large Cap Fund,INF109K016L0,,TVS Motor Company Ltd.,INE494B01023,Other,Automobiles,Automobiles,,1093587.0,47475.89,0.005919229224,INF109K016L0_ICICI Prudential Large Cap Fund.xlsx,BLUECHIP,51,True,Equity Candidate
ICICI Prudential Large Cap Fund,INF109K016L0,,Container Corporation Of India Ltd.,INE111A01025,Other,Transport Services,Transport Services,,8493750.0,43479.51,0.0054209660153,INF109K016L0_ICICI Prudential Large Cap Fund.xlsx,BLUECHIP,52,True,Equity Candidate
ICICI Prudential Large Cap Fund,INF109K016L0,,Page Industries Ltd.,INE761H01022,Other,Textiles & Apparels,Textiles & Apparels,,120545.0,43155.11,0.0053805202657,INF109K016L0_ICICI Prudential Large Cap Fund.xlsx,BLUECHIP,53,True,Equity Candidate
ICICI Prudential Large Cap Fund,INF109K016L0,,Tech Mahindra Ltd.,INE669C01036,Other,It - Software,It - Software,,2551468.0,41537.9,0.0051788887282,INF109K016L0_ICICI Prudential Large Cap Fund.xlsx,BLUECHIP,54,True,Equity Candidate
ICICI Prudential Large Cap Fund,INF109K016L0,,Eicher Motors Ltd.,INE066A01021,Other,Automobiles,Automobiles,,509157.0,40495.8,0.0050489611213,INF109K016L0_ICICI Prudential Large Cap Fund.xlsx,BLUECHIP,55,True,Equity Candidate
ICICI Prudential Large Cap Fund,INF109K016L0,,Eternal Ltd.,INE758T01015,Other,Retailing,Retailing,,12183034.0,39972.53,0.0049837205313,INF109K016L0_ICICI Prudential Large Cap Fund.xlsx,BLUECHIP,56,True,Equity Candidate
ICICI Prudential Large Cap Fund,INF109K016L0,,Commercial Papers,,Debt,,,,,39945.56,0.0049803579484,INF109K016L0_ICICI Prudential Large Cap Fund.xlsx,BLUECHIP,103,False,Non-Equity
ICICI Prudential Large Cap Fund,INF109K016L0,,ICICI Lombard General Insurance Company Ltd.,INE765G01017,Other,Insurance,Insurance,,2522182.0,39520.07,0.0049273084355,INF109K016L0_ICICI Prudential Large Cap Fund.xlsx,BLUECHIP,57,True,Equity Candidate
ICICI Prudential Large Cap Fund,INF109K016L0,,Swiggy Ltd,INE00H001014,Other,Retailing,Retailing,,13995585.0,39453.55,0.0049190148126,INF109K016L0_ICICI Prudential Large Cap Fund.xlsx,BLUECHIP,58,True,Equity Candidate
ICICI Prudential Large Cap Fund,INF109K016L0,,Tata Motors Passenger Vehicles Ltd.,INE155A01022,Other,Automobiles,Automobiles,,11862330.0,36636.81,0.0045678275105,INF109K016L0_ICICI Prudential Large Cap Fund.xlsx,BLUECHIP,59,True,Equity Candidate
ICICI Prudential Large Cap Fund,INF109K016L0,,Godrej Consumer Products Ltd.,INE102D01028,Other,Personal Products,Personal Products,,3976435.0,35839.61,0.0044684337016,INF109K016L0_ICICI Prudential Large Cap Fund.xlsx,BLUECHIP,60,True,Equity Candidate
ICICI Prudential Large Cap Fund,INF109K016L0,,Procter & Gamble Hygiene and Health Care Ltd.,INE179A01014,Other,Personal Products,Personal Products,,444037.0,35431.93,0.0044176047151,INF109K016L0_ICICI Prudential Large Cap Fund.xlsx,BLUECHIP,61,True,Equity Candidate
ICICI Prudential Large Cap Fund,INF109K016L0,,Havells India Ltd.,INE176B01034,Other,Consumer Durables,Consumer Durables,,2773321.0,34502.89,0.0043017732748,INF109K016L0_ICICI Prudential Large Cap Fund.xlsx,BLUECHIP,62,True,Equity Candidate
ICICI Prudential Large Cap Fund,INF109K016L0,,Titan Company Ltd.,INE280A01028,Other,Consumer Durables,Consumer Durables,,637522.0,32528.92,0.0040556613871,INF109K016L0_ICICI Prudential Large Cap Fund.xlsx,BLUECHIP,63,True,Equity Candidate
ICICI Prudential Large Cap Fund,INF109K016L0,,Biocon Ltd.,INE376G01013,Other,Pharmaceuticals & Biotechnology,Pharmaceuticals & Biotechnology,,7380605.0,30408.09,0.0037912391947,INF109K016L0_ICICI Prudential Large Cap Fund.xlsx,BLUECHIP,64,True,Equity Candidate
ICICI Prudential Large Cap Fund,INF109K016L0,,Zydus Lifesciences Ltd.,INE010B01027,Other,Pharmaceuticals & Biotechnology,Pharmaceuticals & Biotechnology,,2481016.0,28812.04,0.0035922458572,INF109K016L0_ICICI Prudential Large Cap Fund.xlsx,BLUECHIP,65,True,Equity Candidate
ICICI Prudential Large Cap Fund,INF109K016L0,,NHPC Ltd.,INE848E01016,Other,Power,Power,,36774826.0,28213.65,0.003517639408,INF109K016L0_ICICI Prudential Large Cap Fund.xlsx,BLUECHIP,66,True,Equity Candidate
ICICI Prudential Large Cap Fund,INF109K016L0,,Adani Enterprises Ltd.,INE423A01024,Other,Metals & Minerals Trading,Metals & Minerals Trading,,889865.0,25442.13,0.0031720900738,INF109K016L0_ICICI Prudential Large Cap Fund.xlsx,BLUECHIP,67,True,Equity Candidate
ICICI Prudential Large Cap Fund,INF109K016L0,,Cipla Ltd.,INE059A01026,Other,Pharmaceuticals & Biotechnology,Pharmaceuticals & Biotechnology,,1791007.0,25238.87,0.0031467478942,INF109K016L0_ICICI Prudential Large Cap Fund.xlsx,BLUECHIP,68,True,Equity Candidate
ICICI Prudential Large Cap Fund,INF109K016L0,,Reliance Retail Ventures Ltd **,INE929O14FB3,Other,CRISIL A1+,CRISIL A1+,,5000.0,24970.68,0.0031133103307,INF109K016L0_ICICI Prudential Large Cap Fund.xlsx,BLUECHIP,104,True,Equity Candidate
ICICI Prudential Large Cap Fund,INF109K016L0,,ITC Hotels Ltd,INE379A01028,Other,Leisure Services,Leisure Services,,14797369.0,23689.11,0.0029535259308,INF109K016L0_ICICI Prudential Large Cap Fund.xlsx,BLUECHIP,69,True,Equity Candidate
ICICI Prudential Large Cap Fund,INF109K016L0,,Bank Of Baroda,INE028A01039,Other,Banks,Banks,,9775000.0,23323.15,0.002907898537,INF109K016L0_ICICI Prudential Large Cap Fund.xlsx,BLUECHIP,70,True,Equity Candidate
ICICI Prudential Large Cap Fund,INF109K016L0,,United Breweries Ltd.,INE686F01025,Other,Beverages,Beverages,,1739694.0,22763.9,0.0028381720097,INF109K016L0_ICICI Prudential Large Cap Fund.xlsx,BLUECHIP,71,True,Equity Candidate
ICICI Prudential Large Cap Fund,INF109K016L0,,Grasim Industries Ltd.,INE047A01021,Other,Cement & Cement Products,Cement & Cement Products,,629849.0,21232.21,0.0026472029892,INF109K016L0_ICICI Prudential Large Cap Fund.xlsx,BLUECHIP,72,True,Equity Candidate
ICICI Prudential Large Cap Fund,INF109K016L0,,ABB India Ltd.,INE117A01022,Other,Electrical Equipment,Electrical Equipment,,256046.0,19558.07,0.0024384734969,INF109K016L0_ICICI Prudential Large Cap Fund.xlsx,BLUECHIP,73,True,Equity Candidate
ICICI Prudential Large Cap Fund,INF109K016L0,,Bajaj Finserv Ltd.,INE918I01026,Other,Finance,Finance,,964495.0,19492.44,0.002430290838,INF109K016L0_ICICI Prudential Large Cap Fund.xlsx,BLUECHIP,74,True,Equity Candidate
ICICI Prudential Large Cap Fund,INF109K016L0,,Supreme Industries Ltd.,INE195A01028,Other,Industrial Products,Industrial Products,,452625.0,16108.92,0.0020084381784,INF109K016L0_ICICI Prudential Large Cap Fund.xlsx,BLUECHIP,75,True,Equity Candidate
ICICI Prudential Large Cap Fund,INF109K016L0,,Ge Vernova T&D India Ltd.,INE200A01026,Other,Electrical Equipment,Electrical Equipment,,357465.0,15890.03,0.0019811472717,INF109K016L0_ICICI Prudential Large Cap Fund.xlsx,BLUECHIP,76,True,Equity Candidate
ICICI Prudential Large Cap Fund,INF109K016L0,,Hindalco Industries Ltd. $$,,Other,Non - Ferrous Metals,Non - Ferrous Metals,,1540000.0,15802.71,0.0019702603332,INF109K016L0_ICICI Prudential Large Cap Fund.xlsx,BLUECHIP,120,False,Other
ICICI Prudential Large Cap Fund,INF109K016L0,,Jindal Steel Ltd.,INE749A01030,Other,Ferrous Metals,Ferrous Metals,,1298381.0,15488.39,0.0019310713442,INF109K016L0_ICICI Prudential Large Cap Fund.xlsx,BLUECHIP,77,True,Equity Candidate
ICICI Prudential Large Cap Fund,INF109K016L0,,HCL Technologies Ltd.,INE860A01027,Other,It - Software,It - Software,,1164466.0,15280.12,0.0019051045246,INF109K016L0_ICICI Prudential Large Cap Fund.xlsx,BLUECHIP,78,True,Equity Candidate
ICICI Prudential Large Cap Fund,INF109K016L0,,Tata Power Company Ltd.,INE245A01021,Other,Power,Power,,4364811.0,15145.89,0.0018883689113,INF109K016L0_ICICI Prudential Large Cap Fund.xlsx,BLUECHIP,79,True,Equity Candidate
ICICI Prudential Large Cap Fund,INF109K016L0,,Reliance Retail Ventures Ltd **,INE929O14FC1,Other,CRISIL A1+,CRISIL A1+,,3000.0,14974.88,0.0018670476177,INF109K016L0_ICICI Prudential Large Cap Fund.xlsx,BLUECHIP,105,True,Equity Candidate
ICICI Prudential Large Cap Fund,INF109K016L0,,Hindalco Industries Ltd.,INE038A01020,Other,Non - Ferrous Metals,Non - Ferrous Metals,,1350000.0,13708.58,0.0017091670605,INF109K016L0_ICICI Prudential Large Cap Fund.xlsx,BLUECHIP,80,True,Equity Candidate
ICICI Prudential Large Cap Fund,INF109K016L0,,Lupin Ltd.,INE326A01037,Other,Pharmaceuticals & Biotechnology,Pharmaceuticals & Biotechnology,,617817.0,13520.31,0.0016856938136,INF109K016L0_ICICI Prudential Large Cap Fund.xlsx,BLUECHIP,81,True,Equity Candidate
ICICI Prudential Large Cap Fund,INF109K016L0,,Others,,Other,,,,,11535.4418668,0.0014382231614,INF109K016L0_ICICI Prudential Large Cap Fund.xlsx,BLUECHIP,113,False,Other
ICICI Prudential Large Cap Fund,INF109K016L0,,Cash Margin - Derivatives,,Other,,,,,11535.4418668,0.0014382231614,INF109K016L0_ICICI Prudential Large Cap Fund.xlsx,BLUECHIP,114,False,Non-Equity
ICICI Prudential Large Cap Fund,INF109K016L0,,Bharat Electronics Ltd.,INE263A01024,Other,Aerospace & Defense,Aerospace & Defense,,2422500.0,10040.05,0.0012517797427,INF109K016L0_ICICI Prudential Large Cap Fund.xlsx,BLUECHIP,82,True,Equity Candidate
ICICI Prudential Large Cap Fund,INF109K016L0,,91 Days Treasury Bills,IN002026X180,Government Security,SOV,SOV,,10000000.0,9907.45,0.0012352473555,INF109K016L0_ICICI Prudential Large Cap Fund.xlsx,BLUECHIP,108,False,Non-Equity
ICICI Prudential Large Cap Fund,INF109K016L0,,Wipro Ltd.,INE075A01022,Other,It - Software,It - Software,,4666573.0,8609.83,0.0010734618634,INF109K016L0_ICICI Prudential Large Cap Fund.xlsx,BLUECHIP,83,True,Equity Candidate
ICICI Prudential Large Cap Fund,INF109K016L0,,Kotak Mahindra Bank Ltd. $$,,Other,Banks,Banks,,2000000.0,8535.0,0.0010641321611,INF109K016L0_ICICI Prudential Large Cap Fund.xlsx,BLUECHIP,121,False,Other
ICICI Prudential Large Cap Fund,INF109K016L0,,Bharat Electronics Ltd. $$,,Other,Aerospace & Defense,Aerospace & Defense,,1812600.0,7522.29,0.0009378688593,INF109K016L0_ICICI Prudential Large Cap Fund.xlsx,BLUECHIP,122,False,Other
ICICI Prudential Large Cap Fund,INF109K016L0,,Jindal Steel Ltd. $$,,Other,Ferrous Metals,Ferrous Metals,,561875.0,6573.94,0.0008196298745,INF109K016L0_ICICI Prudential Large Cap Fund.xlsx,BLUECHIP,123,False,Other
ICICI Prudential Large Cap Fund,INF109K016L0,,Apollo Hospitals Enterprise Ltd.,INE437A01024,Other,Healthcare Services,Healthcare Services,,72144.0,6419.73,0.000800403182,INF109K016L0_ICICI Prudential Large Cap Fund.xlsx,BLUECHIP,84,True,Equity Candidate
ICICI Prudential Large Cap Fund,INF109K016L0,,Oil India Ltd.,INE274J01014,Other,Oil,Oil,,1307859.0,6318.92,0.0007878343287,INF109K016L0_ICICI Prudential Large Cap Fund.xlsx,BLUECHIP,85,True,Equity Candidate
ICICI Prudential Large Cap Fund,INF109K016L0,,Hexaware Technologies Ltd.,INE093A01041,Other,It - Software,It - Software,,1078483.0,5982.88,0.0007459373197,INF109K016L0_ICICI Prudential Large Cap Fund.xlsx,BLUECHIP,86,True,Equity Candidate
ICICI Prudential Large Cap Fund,INF109K016L0,,Adani Ports and Special Economic Zone Ltd.,INE742F01042,Other,Transport Infrastructure,Transport Infrastructure,,300000.0,4779.3,0.0005958766066,INF109K016L0_ICICI Prudential Large Cap Fund.xlsx,BLUECHIP,87,True,Equity Candidate
ICICI Prudential Large Cap Fund,INF109K016L0,,Gmr Airports Ltd.,INE776C01039,Other,Transport Infrastructure,Transport Infrastructure,,5000000.0,4681.5,0.000583683036,INF109K016L0_ICICI Prudential Large Cap Fund.xlsx,BLUECHIP,88,True,Equity Candidate
ICICI Prudential Large Cap Fund,INF109K016L0,,National Aluminium Company Ltd.,INE139A01034,Other,Non - Ferrous Metals,Non - Ferrous Metals,,1125000.0,4291.88,0.0005351057457,INF109K016L0_ICICI Prudential Large Cap Fund.xlsx,BLUECHIP,89,True,Equity Candidate
ICICI Prudential Large Cap Fund,INF109K016L0,,The Indian Hotels Company Ltd.,INE053A01029,Other,Leisure Services,Leisure Services,,441659.0,3259.0,0.0004063276758,INF109K016L0_ICICI Prudential Large Cap Fund.xlsx,BLUECHIP,90,True,Equity Candidate
ICICI Prudential Large Cap Fund,INF109K016L0,,364 Days Treasury Bills,IN002025Z302,Government Security,SOV,SOV,,1500000.0,1489.03,0.0001856502298,INF109K016L0_ICICI Prudential Large Cap Fund.xlsx,BLUECHIP,109,False,Non-Equity
ICICI Prudential Large Cap Fund,INF109K016L0,,Hero Motocorp Ltd. $$,,Other,Automobiles,Automobiles,,-201900.0,-11298.32,-0.0014086591304,INF109K016L0_ICICI Prudential Large Cap Fund.xlsx,BLUECHIP,126,False,Other
ICICI Prudential Large Cap Fund,INF109K016L0,,Net Current Assets,,Other,,,,,-14664.45451613143,-0.0018283441916903,INF109K016L0_ICICI Prudential Large Cap Fund.xlsx,BLUECHIP,115,False,Other
ICICI Prudential Large Cap Fund,INF109K016L0,,Unlisted,,Other,,,,,,,INF109K016L0_ICICI Prudential Large Cap Fund.xlsx,BLUECHIP,91,False,Other
ICICI Prudential Large Cap Fund,INF109K016L0,,Debt Instruments,,Other,,,,,107.39,,INF109K016L0_ICICI Prudential Large Cap Fund.xlsx,BLUECHIP,92,False,Other
ICICI Prudential Large Cap Fund,INF109K016L0,,Listed / Awaiting Listing On Stock Exchanges,,Other,,,,,,,INF109K016L0_ICICI Prudential Large Cap Fund.xlsx,BLUECHIP,93,False,Other
ICICI Prudential Large Cap Fund,INF109K016L0,,Securitized Debt Instruments,,Other,,,,,,,INF109K016L0_ICICI Prudential Large Cap Fund.xlsx,BLUECHIP,94,False,Other
ICICI Prudential Large Cap Fund,INF109K016L0,,Privately Placed/Unlisted,,Other,,,,,107.39,,INF109K016L0_ICICI Prudential Large Cap Fund.xlsx,BLUECHIP,95,False,Other
ICICI Prudential Large Cap Fund,INF109K016L0,,Non Convertible Preference Shares,,Equity,,,,,,,INF109K016L0_ICICI Prudential Large Cap Fund.xlsx,BLUECHIP,96,False,Other
ICICI Prudential Large Cap Fund,INF109K016L0,,TVS Motor Company Ltd.,INE494B04019,Other,CARE A1+,CARE A1+,,1073928.0,107.39,,INF109K016L0_ICICI Prudential Large Cap Fund.xlsx,BLUECHIP,97,True,Equity Candidate
ICICI Prudential Large Cap Fund,INF109K016L0,,Term Deposits,,Other,,,,,,,INF109K016L0_ICICI Prudential Large Cap Fund.xlsx,BLUECHIP,98,False,Non-Equity
ICICI Prudential Large Cap Fund,INF109K016L0,,Deposits (maturity not exceeding 91 days),,Other,,,,,,,INF109K016L0_ICICI Prudential Large Cap Fund.xlsx,BLUECHIP,99,False,Non-Equity
ICICI Prudential Large Cap Fund,INF109K016L0,,Deposits (Placed as Margin),,Other,,,,,,,INF109K016L0_ICICI Prudential Large Cap Fund.xlsx,BLUECHIP,100,False,Non-Equity
ICICI Prudential Large Cap Fund,INF109K016L0,,Certificate of Deposits,,Debt,,,,,,,INF109K016L0_ICICI Prudential Large Cap Fund.xlsx,BLUECHIP,102,False,Non-Equity
ICICI Prudential Large Cap Fund,INF109K016L0,,Units of Real Estate Investment Trust (REITs),,REIT/InvIT,,,,,,,INF109K016L0_ICICI Prudential Large Cap Fund.xlsx,BLUECHIP,110,False,Other
ICICI Prudential Large Cap Fund,INF109K016L0,,Units of an Alternative Investment Fund (AIF),,Other,,,,,,,INF109K016L0_ICICI Prudential Large Cap Fund.xlsx,BLUECHIP,111,False,Other
ICICI Prudential Large Cap Fund,INF109K016L0,,Details of Stock Future / Index Future,,Other,,,,,,,INF109K016L0_ICICI Prudential Large Cap Fund.xlsx,BLUECHIP,117,False,Non-Equity
ICICI Prudential Large Cap Fund,INF109K016L0,,Company/Issuer/Instrument Name,ISIN,Other,Industry/Rating,Industry/Rating,,,,,INF109K016L0_ICICI Prudential Large Cap Fund.xlsx,BLUECHIP,118,False,Other
ICICI Prudential Large Cap Fund,INF109K016L0,,Stock / Index Futures,,Other,,,,,,,INF109K016L0_ICICI Prudential Large Cap Fund.xlsx,BLUECHIP,119,False,Non-Equity
ICICI Prudential Large Cap Fund,INF109K016L0,,Trent Ltd. $$,,Other,Retailing,Retailing,,5625.0,163.5,,INF109K016L0_ICICI Prudential Large Cap Fund.xlsx,BLUECHIP,124,False,Other
ICICI Prudential Large Cap Fund,INF109K016L0,,Swiggy Ltd. $$,,Other,Retailing,Retailing,,3650.0,10.23,,INF109K016L0_ICICI Prudential Large Cap Fund.xlsx,BLUECHIP,125,False,Other
ICICI Prudential Large Cap Fund,INF109K016L0,,Note- 1 : Index/ Stock futures are provided towards end of the table.,,Other,,,,,,,INF109K016L0_ICICI Prudential Large Cap Fund.xlsx,BLUECHIP,127,False,Non-Equity
ICICI Prudential Large Cap Fund,INF109K016L0,,Notes,,Other,,,,,,,INF109K016L0_ICICI Prudential Large Cap Fund.xlsx,BLUECHIP,128,False,Other
ICICI Prudential Large Cap Fund,INF109K016L0,,"1. Details of security in default beyond its maturity date and its % to NAV as on Aug 31,2026",NIL,Other,,,,,,,INF109K016L0_ICICI Prudential Large Cap Fund.xlsx,BLUECHIP,129,False,Other
ICICI Prudential Large Cap Fund,INF109K016L0,,2. Total Value and Percentage of Non Traded/Unlisted/Unquoted/Illiquid shares,NIL,Equity,,,,,,,INF109K016L0_ICICI Prudential Large Cap Fund.xlsx,BLUECHIP,130,False,Other
ICICI Prudential Large Cap Fund,INF109K016L0,,3. ICICI Prudential Large Cap Fund - NAV & Dividend,,Other,,,,,,,INF109K016L0_ICICI Prudential Large Cap Fund.xlsx,BLUECHIP,131,False,Other
ICICI Prudential Large Cap Fund,INF109K016L0,,Plan Name,NAV PER UNIT - 31-JUL-2026,Other,Dividend declared during the Month ended 31-Aug-2026(Rs.)/Unit,Dividend declared during the Month ended 31-Aug-2026(Rs.)/Unit,31.0,,,,INF109K016L0_ICICI Prudential Large Cap Fund.xlsx,BLUECHIP,132,False,Other
ICICI Prudential Large Cap Fund,INF109K016L0,,Growth Option,109.76,Other,-,-,108.66,,,,INF109K016L0_ICICI Prudential Large Cap Fund.xlsx,BLUECHIP,133,False,Non-Equity
ICICI Prudential Large Cap Fund,INF109K016L0,,IDCW Option,29.59,Other,-,-,29.3,,,,INF109K016L0_ICICI Prudential Large Cap Fund.xlsx,BLUECHIP,134,False,Non-Equity
ICICI Prudential Large Cap Fund,INF109K016L0,,Direct Plan - Growth Option,121.2,Other,-,-,120.05,,,,INF109K016L0_ICICI Prudential Large Cap Fund.xlsx,BLUECHIP,135,False,Non-Equity
ICICI Prudential Large Cap Fund,INF109K016L0,,Direct Plan - IDCW Option,61.32,Other,-,-,60.74,,,,INF109K016L0_ICICI Prudential Large Cap Fund.xlsx,BLUECHIP,136,False,Non-Equity
ICICI Prudential Large Cap Fund,INF109K016L0,,4. Total outstanding exposure in derivatives instrument,REFER ANNEXURE,Other,,,,,,,INF109K016L0_ICICI Prudential Large Cap Fund.xlsx,BLUECHIP,137,False,Other
ICICI Prudential Large Cap Fund,INF109K016L0,,"5. Total market value of Investment in Foreign Securities / ADRs / GDRs / Overseas ETFs as on Aug 31,2026",NIL,ETF,,,,,,,INF109K016L0_ICICI Prudential Large Cap Fund.xlsx,BLUECHIP,138,False,Other
ICICI Prudential Large Cap Fund,INF109K016L0,,6. Portfolio turnover Ratio,0.87 TIMES,Other,,,,,,,INF109K016L0_ICICI Prudential Large Cap Fund.xlsx,BLUECHIP,139,False,Other
ICICI Prudential Large Cap Fund,INF109K016L0,,7. Details of Term deposits placed as margin,NIL,Other,,,,,,,INF109K016L0_ICICI Prudential Large Cap Fund.xlsx,BLUECHIP,140,False,Non-Equity
ICICI Prudential Large Cap Fund,INF109K016L0,,Non-Convertible debentures / Bonds & Zero Coupon Bonds / Deep Discount Bonds / Certificate of Deposits / Commercial Papers are considered as Traded based on the information provided by external agencies.,,Debt,,,,,,,INF109K016L0_ICICI Prudential Large Cap Fund.xlsx,BLUECHIP,141,False,Non-Equity
ICICI Prudential Large Cap Fund,INF109K016L0,,** Non Traded / Illiquid Securities.,,Other,,,,,,,INF109K016L0_ICICI Prudential Large Cap Fund.xlsx,BLUECHIP,142,False,Other
ICICI Prudential Large Cap Fund,INF109K016L0,,$$ - Derivatives.,,Other,,,,,,,INF109K016L0_ICICI Prudential Large Cap Fund.xlsx,BLUECHIP,143,False,Other
ICICI Prudential Large Cap Fund,INF109K016L0,,^ Value Less than 0.01% of NAV in absolute terms.,,Other,,,,,,,INF109K016L0_ICICI Prudential Large Cap Fund.xlsx,BLUECHIP,144,False,Other
ICICI Prudential Large Cap Fund,INF109K016L0,,"For the Instrument/security whose final ISIN is yet to be assigned, disclosure of ISIN has been made as per the details provided by external agencies.",,Other,,,,,,,INF109K016L0_ICICI Prudential Large Cap Fund.xlsx,BLUECHIP,145,False,Other
ICICI Prudential Large Cap Fund,INF109K016L0,,"@ As per AMFI Best Practices Guidelines Circular No. 91/ 2020 - 21 dated March 24, 2021 on Valuation of AT-1 Bonds and Tier 2 Bonds, Yield to call is disclosed for AT-1 Bonds and Tier 2 Bonds issued by Banks as provided by Valuation agencies.
As per SEBI Circular SEBI/HO/IMD/PoD1/CIR/P/2024/106 dated August 05, 2024, valuation of AT-1 Bonds are done on Yield to Call basis w.e.f. August 07, 2024. YTC of AT-1 Bonds are now same as it’s YTM% and hence it is not disclosed separately under YTC%.",,Debt,,,,,,,INF109K016L0_ICICI Prudential Large Cap Fund.xlsx,BLUECHIP,146,False,Non-Equity
ICICI Prudential Large Cap Fund,INF109K016L0,,"For Instances of Deviation In valuation Of Securities as per SEBI master circular ref no HO/24/13/11(1)2026-IMD-POD-1/I/7602/2026 dated March 20, 2026. Refer link: https://www.icicipruamc.com/about-us/statutory-disclosures?currentTabFilter=OtherDisclosures&&subCatTabFilter=deviationinvaluationofsecurities",,Other,,,,,,,INF109K016L0_ICICI Prudential Large Cap Fund.xlsx,BLUECHIP,147,False,Other
ICICI Prudential Large Cap Fund,INF109K016L0,,"As per AMFI Best Practices Guidelines Circular No. AMFI/ 35P/ MEM-COR/ 72 / 2022-23 dated December 31, 2022 on Standard format for disclosure Portfolio YTM for Debt Schemes, Yield of the instrument is disclosed on annualized basis as provided by Valuation agencies.",,Other,,,,,,,INF109K016L0_ICICI Prudential Large Cap Fund.xlsx,BLUECHIP,148,False,Other
ICICI Prudential Large Cap Fund,INF109K016L0,,Scheme Riskometer,,Other,,,,,,,INF109K016L0_ICICI Prudential Large Cap Fund.xlsx,BLUECHIP,149,False,Other
ICICI Prudential Large Cap Fund,INF109K016L0,,Benchmark Riskometer,,Other,,,,,,,INF109K016L0_ICICI Prudential Large Cap Fund.xlsx,BLUECHIP,150,False,Other
ICICI Prudential Large Cap Fund,INF109K016L0,,Benchmark name - Nifty 100 TRI,,Other,,,,,,,INF109K016L0_ICICI Prudential Large Cap Fund.xlsx,BLUECHIP,151,False,Other
Kotak Large & Mid Cap Fund,INF174K01LF9,,Equity & Equity related,,Equity,,,,,,,INF174K01LF9_Kotak Large & Mid Cap Fund.xlsx,KOP,3,False,Other
Kotak Large & Mid Cap Fund,INF174K01LF9,,,INE040A01034,Other,Banks,,,19500000.0,138255.0,,INF174K01LF9_Kotak Large & Mid Cap Fund.xlsx,KOP,5,True,Equity Candidate
Kotak Large & Mid Cap Fund,INF174K01LF9,,,INE062A01020,Other,Banks,,,12500000.0,132500.0,,INF174K01LF9_Kotak Large & Mid Cap Fund.xlsx,KOP,6,True,Equity Candidate
Kotak Large & Mid Cap Fund,INF174K01LF9,,,INE758T01015,Other,Retailing,,,36000000.0,118116.0,,INF174K01LF9_Kotak Large & Mid Cap Fund.xlsx,KOP,7,True,Equity Candidate
Kotak Large & Mid Cap Fund,INF174K01LF9,,,INE263A01024,Other,Aerospace and Defense,,,28000000.0,116046.0,,INF174K01LF9_Kotak Large & Mid Cap Fund.xlsx,KOP,8,True,Equity Candidate
Kotak Large & Mid Cap Fund,INF174K01LF9,,,INE090A01021,Other,Banks,,,7000000.0,101780.0,,INF174K01LF9_Kotak Large & Mid Cap Fund.xlsx,KOP,9,True,Equity Candidate
Kotak Large & Mid Cap Fund,INF174K01LF9,,,INE238A01034,Other,Banks,,,6200000.0,80600.0,,INF174K01LF9_Kotak Large & Mid Cap Fund.xlsx,KOP,10,True,Equity Candidate
Kotak Large & Mid Cap Fund,INF174K01LF9,,,INE018A01030,Other,Construction,,,1850000.0,74830.65000000001,,INF174K01LF9_Kotak Large & Mid Cap Fund.xlsx,KOP,11,True,Equity Candidate
Kotak Large & Mid Cap Fund,INF174K01LF9,,,INE208A01029,Other,"Agricultural, Commercial and Constr",,,42000000.0,73768.8,,INF174K01LF9_Kotak Large & Mid Cap Fund.xlsx,KOP,12,True,Equity Candidate
Kotak Large & Mid Cap Fund,INF174K01LF9,,,INE465A01025,Other,Auto Components,,,3400000.0,71566.6,,INF174K01LF9_Kotak Large & Mid Cap Fund.xlsx,KOP,13,True,Equity Candidate
Kotak Large & Mid Cap Fund,INF174K01LF9,,,INE296A01032,Other,Finance,,,6750000.0,71347.5,,INF174K01LF9_Kotak Large & Mid Cap Fund.xlsx,KOP,14,True,Equity Candidate
Kotak Large & Mid Cap Fund,INF174K01LF9,,,INE397D01024,Other,Telecom - Services,,,3800000.0,68852.2,,INF174K01LF9_Kotak Large & Mid Cap Fund.xlsx,KOP,15,True,Equity Candidate
Kotak Large & Mid Cap Fund,INF174K01LF9,,,INE158A01026,Other,Automobiles,,,1225000.0,66762.5,,INF174K01LF9_Kotak Large & Mid Cap Fund.xlsx,KOP,16,True,Equity Candidate
Kotak Large & Mid Cap Fund,INF174K01LF9,,,INE118H01025,Other,Capital Markets,,,2000000.0,65640.0,,INF174K01LF9_Kotak Large & Mid Cap Fund.xlsx,KOP,17,True,Equity Candidate
Kotak Large & Mid Cap Fund,INF174K01LF9,,,INE044A01036,Other,Pharmaceuticals and Biotechnology,,,3200000.0,63513.6,,INF174K01LF9_Kotak Large & Mid Cap Fund.xlsx,KOP,18,True,Equity Candidate
Kotak Large & Mid Cap Fund,INF174K01LF9,,,INE749A01030,Other,Ferrous Metals,,,5200000.0,62030.8,,INF174K01LF9_Kotak Large & Mid Cap Fund.xlsx,KOP,19,True,Equity Candidate
Kotak Large & Mid Cap Fund,INF174K01LF9,,,INE721A01047,Other,Finance,,,5500000.0,61044.5,,INF174K01LF9_Kotak Large & Mid Cap Fund.xlsx,KOP,20,True,Equity Candidate
Kotak Large & Mid Cap Fund,INF174K01LF9,,,INE169A01031,Other,Fertilizers and Agrochemicals,,,3200000.0,60988.8,,INF174K01LF9_Kotak Large & Mid Cap Fund.xlsx,KOP,21,True,Equity Candidate
Kotak Large & Mid Cap Fund,INF174K01LF9,,,INE473A01011,Other,Chemicals and Petrochemicals,,,950000.0,60662.25,,INF174K01LF9_Kotak Large & Mid Cap Fund.xlsx,KOP,22,True,Equity Candidate
Kotak Large & Mid Cap Fund,INF174K01LF9,,,INE338I01027,Other,Capital Markets,,,5400000.0,56316.6,,INF174K01LF9_Kotak Large & Mid Cap Fund.xlsx,KOP,23,True,Equity Candidate
Kotak Large & Mid Cap Fund,INF174K01LF9,,,INE562A01011,Other,Banks,,,6000000.0,53925.0,,INF174K01LF9_Kotak Large & Mid Cap Fund.xlsx,KOP,24,True,Equity Candidate
Kotak Large & Mid Cap Fund,INF174K01LF9,,,INE202B01038,Other,Finance,,,2331573.0,53635.51,,INF174K01LF9_Kotak Large & Mid Cap Fund.xlsx,KOP,25,True,Equity Candidate
Kotak Large & Mid Cap Fund,INF174K01LF9,,,INE376G01013,Other,Pharmaceuticals and Biotechnology,,,13000000.0,53560.0,,INF174K01LF9_Kotak Large & Mid Cap Fund.xlsx,KOP,26,True,Equity Candidate
Kotak Large & Mid Cap Fund,INF174K01LF9,,,INE356A01018,Other,IT - Software,,,2200000.0,53402.8,,INF174K01LF9_Kotak Large & Mid Cap Fund.xlsx,KOP,27,True,Equity Candidate
Kotak Large & Mid Cap Fund,INF174K01LF9,,,INE669C01036,Other,IT - Software,,,3200000.0,52096.0,,INF174K01LF9_Kotak Large & Mid Cap Fund.xlsx,KOP,28,True,Equity Candidate
Kotak Large & Mid Cap Fund,INF174K01LF9,,,INE094A01015,Other,Petroleum Products,,,14000000.0,51205.0,,INF174K01LF9_Kotak Large & Mid Cap Fund.xlsx,KOP,29,True,Equity Candidate
Kotak Large & Mid Cap Fund,INF174K01LF9,,,INE095A01012,Other,Banks,,,5000000.0,50830.0,,INF174K01LF9_Kotak Large & Mid Cap Fund.xlsx,KOP,30,True,Equity Candidate
Kotak Large & Mid Cap Fund,INF174K01LF9,,,INE571A01038,Other,Pharmaceuticals and Biotechnology,,,2525000.0,49866.23,,INF174K01LF9_Kotak Large & Mid Cap Fund.xlsx,KOP,31,True,Equity Candidate
Kotak Large & Mid Cap Fund,INF174K01LF9,,,INE002A01018,Other,Petroleum Products,,,3600000.0,45972.0,,INF174K01LF9_Kotak Large & Mid Cap Fund.xlsx,KOP,32,True,Equity Candidate
Kotak Large & Mid Cap Fund,INF174K01LF9,,,INE298A01020,Other,Industrial Products,,,900000.0,45945.0,,INF174K01LF9_Kotak Large & Mid Cap Fund.xlsx,KOP,33,True,Equity Candidate
Kotak Large & Mid Cap Fund,INF174K01LF9,,,INE009A01021,Other,IT - Software,,,4000000.0,45352.0,,INF174K01LF9_Kotak Large & Mid Cap Fund.xlsx,KOP,34,True,Equity Candidate
Kotak Large & Mid Cap Fund,INF174K01LF9,,,INE647A01010,Other,Chemicals and Petrochemicals,,,1750000.0,44807.0,,INF174K01LF9_Kotak Large & Mid Cap Fund.xlsx,KOP,35,True,Equity Candidate
Kotak Large & Mid Cap Fund,INF174K01LF9,,,INE061F01013,Other,Healthcare Services,,,4700000.0,42624.3,,INF174K01LF9_Kotak Large & Mid Cap Fund.xlsx,KOP,36,True,Equity Candidate
Kotak Large & Mid Cap Fund,INF174K01LF9,,,INE438A01022,Other,Auto Components,,,9500000.0,41700.25,,INF174K01LF9_Kotak Large & Mid Cap Fund.xlsx,KOP,37,True,Equity Candidate
Kotak Large & Mid Cap Fund,INF174K01LF9,,,INE00R701025,Other,Cement and Cement Products,,,2225000.0,41300.45,,INF174K01LF9_Kotak Large & Mid Cap Fund.xlsx,KOP,38,True,Equity Candidate
Kotak Large & Mid Cap Fund,INF174K01LF9,,,INE481G01011,Other,Cement and Cement Products,,,350000.0,40075.0,,INF174K01LF9_Kotak Large & Mid Cap Fund.xlsx,KOP,39,True,Equity Candidate
Kotak Large & Mid Cap Fund,INF174K01LF9,,,INE386C01029,Other,Aerospace and Defense,,,2300000.0,38318.0,,INF174K01LF9_Kotak Large & Mid Cap Fund.xlsx,KOP,40,True,Equity Candidate
Kotak Large & Mid Cap Fund,INF174K01LF9,,,INE117A01022,Other,Electrical Equipment,,,500000.0,38192.5,,INF174K01LF9_Kotak Large & Mid Cap Fund.xlsx,KOP,41,True,Equity Candidate
Kotak Large & Mid Cap Fund,INF174K01LF9,,,INE513A01022,Other,Auto Components,,,936151.0,37584.59,,INF174K01LF9_Kotak Large & Mid Cap Fund.xlsx,KOP,42,True,Equity Candidate
Kotak Large & Mid Cap Fund,INF174K01LF9,,,INE511C01022,Other,Finance,,,8100000.0,37567.8,,INF174K01LF9_Kotak Large & Mid Cap Fund.xlsx,KOP,43,True,Equity Candidate
Kotak Large & Mid Cap Fund,INF174K01LF9,,,INE00H001014,Other,Retailing,,,13000000.0,36647.0,,INF174K01LF9_Kotak Large & Mid Cap Fund.xlsx,KOP,44,True,Equity Candidate
Kotak Large & Mid Cap Fund,INF174K01LF9,,,INE646L01027,Other,Transport Services,,,700000.0,36638.0,,INF174K01LF9_Kotak Large & Mid Cap Fund.xlsx,KOP,45,True,Equity Candidate
Kotak Large & Mid Cap Fund,INF174K01LF9,,,INE031B01049,Other,Pharmaceuticals and Biotechnology,,,985144.0,35483.9,,INF174K01LF9_Kotak Large & Mid Cap Fund.xlsx,KOP,46,True,Equity Candidate
Kotak Large & Mid Cap Fund,INF174K01LF9,,,INE914M01019,Other,Healthcare Services,,,4568000.0,34534.08,,INF174K01LF9_Kotak Large & Mid Cap Fund.xlsx,KOP,47,True,Equity Candidate
Kotak Large & Mid Cap Fund,INF174K01LF9,,,INE159A01016,Other,Pharmaceuticals and Biotechnology,,,1100000.0,33551.1,,INF174K01LF9_Kotak Large & Mid Cap Fund.xlsx,KOP,48,True,Equity Candidate
Kotak Large & Mid Cap Fund,INF174K01LF9,,,INE854D01024,Other,Beverages,,,2175000.0,32407.5,,INF174K01LF9_Kotak Large & Mid Cap Fund.xlsx,KOP,49,True,Equity Candidate
Kotak Large & Mid Cap Fund,INF174K01LF9,,,INE423A01024,Other,Metals and Minerals Trading,,,1116025.0,31908.27,,INF174K01LF9_Kotak Large & Mid Cap Fund.xlsx,KOP,50,True,Equity Candidate
Kotak Large & Mid Cap Fund,INF174K01LF9,,,INE007A01025,Other,Finance,,,650000.0,31341.7,,INF174K01LF9_Kotak Large & Mid Cap Fund.xlsx,KOP,51,True,Equity Candidate
Kotak Large & Mid Cap Fund,INF174K01LF9,,,INE823G01014,Other,Cement and Cement Products,,,600000.0,30798.0,,INF174K01LF9_Kotak Large & Mid Cap Fund.xlsx,KOP,52,True,Equity Candidate
Kotak Large & Mid Cap Fund,INF174K01LF9,,,INE237A01036,Other,Banks,,,7250000.0,30406.5,,INF174K01LF9_Kotak Large & Mid Cap Fund.xlsx,KOP,53,True,Equity Candidate
Kotak Large & Mid Cap Fund,INF174K01LF9,,,INE383A01012,Other,Cement and Cement Products,,,8200000.0,30393.3,,INF174K01LF9_Kotak Large & Mid Cap Fund.xlsx,KOP,54,True,Equity Candidate
Kotak Large & Mid Cap Fund,INF174K01LF9,,,INE506V01022,Other,Pharmaceuticals and Biotechnology,,,1656624.0,30143.93,,INF174K01LF9_Kotak Large & Mid Cap Fund.xlsx,KOP,55,True,Equity Candidate
Kotak Large & Mid Cap Fund,INF174K01LF9,,,INE093I01010,Other,Realty,,,1600000.0,29888.0,,INF174K01LF9_Kotak Large & Mid Cap Fund.xlsx,KOP,56,True,Equity Candidate
Kotak Large & Mid Cap Fund,INF174K01LF9,,,INE472A01039,Other,Consumer Durables,,,2000000.0,29276.0,,INF174K01LF9_Kotak Large & Mid Cap Fund.xlsx,KOP,57,True,Equity Candidate
Kotak Large & Mid Cap Fund,INF174K01LF9,,,INE813H01021,Other,Power,,,2400000.0,29162.4,,INF174K01LF9_Kotak Large & Mid Cap Fund.xlsx,KOP,58,True,Equity Candidate
Kotak Large & Mid Cap Fund,INF174K01LF9,,,INE733E01010,Other,Power,,,8500000.0,27829.0,,INF174K01LF9_Kotak Large & Mid Cap Fund.xlsx,KOP,59,True,Equity Candidate
Kotak Large & Mid Cap Fund,INF174K01LF9,,,INE585B01010,Other,Automobiles,,,200000.0,27094.0,,INF174K01LF9_Kotak Large & Mid Cap Fund.xlsx,KOP,60,True,Equity Candidate
Kotak Large & Mid Cap Fund,INF174K01LF9,,,INE457A01014,Other,Banks,,,30000000.0,24621.0,,INF174K01LF9_Kotak Large & Mid Cap Fund.xlsx,KOP,61,True,Equity Candidate
Kotak Large & Mid Cap Fund,INF174K01LF9,,,INE220B01022,Other,Construction,,,1600000.0,22414.4,,INF174K01LF9_Kotak Large & Mid Cap Fund.xlsx,KOP,62,True,Equity Candidate
Kotak Large & Mid Cap Fund,INF174K01LF9,,,INE084101034,Other,Industrial Manufacturing,,,2535658.0,22198.42,,INF174K01LF9_Kotak Large & Mid Cap Fund.xlsx,KOP,63,True,Equity Candidate
Kotak Large & Mid Cap Fund,INF174K01LF9,,,INE752E01010,Other,Power,,,7500000.0,19766.25,,INF174K01LF9_Kotak Large & Mid Cap Fund.xlsx,KOP,64,True,Equity Candidate
Kotak Large & Mid Cap Fund,INF174K01LF9,,,INE347G01014,Other,Gas,,,5000000.0,15030.0,,INF174K01LF9_Kotak Large & Mid Cap Fund.xlsx,KOP,65,True,Equity Candidate
Kotak Large & Mid Cap Fund,INF174K01LF9,,,INE092A01019,Other,Chemicals and Petrochemicals,,,2064884.0,13277.2,,INF174K01LF9_Kotak Large & Mid Cap Fund.xlsx,KOP,66,True,Equity Candidate
Kotak Large & Mid Cap Fund,INF174K01LF9,,,INE671A01010,Other,Industrial Manufacturing,,,37000.0,13146.1,,INF174K01LF9_Kotak Large & Mid Cap Fund.xlsx,KOP,67,True,Equity Candidate
Kotak Large & Mid Cap Fund,INF174K01LF9,,,INE935N01020,Other,Consumer Durables,,,80250.0,11917.13,,INF174K01LF9_Kotak Large & Mid Cap Fund.xlsx,KOP,68,True,Equity Candidate
Kotak Large & Mid Cap Fund,INF174K01LF9,,,INE258A01024,Other,"Agricultural, Commercial and Constr",,,600000.0,11616.6,,INF174K01LF9_Kotak Large & Mid Cap Fund.xlsx,KOP,69,True,Equity Candidate
Kotak Large & Mid Cap Fund,INF174K01LF9,,,INE424H01027,Other,Entertainment,,,456997.0,2130.29,,INF174K01LF9_Kotak Large & Mid Cap Fund.xlsx,KOP,70,True,Equity Candidate
Kotak Large & Mid Cap Fund,INF174K01LF9,,,INE1TUG01013,Other,Gas,,,466666.0,700.0,,INF174K01LF9_Kotak Large & Mid Cap Fund.xlsx,KOP,71,True,Equity Candidate
Kotak Large & Mid Cap Fund,INF174K01LF9,,,INE935N01020,Other,,,,194750.0,28084.8975,,INF174K01LF9_Kotak Large & Mid Cap Fund.xlsx,KOP,74,True,Equity Candidate
Kotak Large & Mid Cap Fund,INF174K01LF9,,Mutual Fund Units,,Other,,,,,,,INF174K01LF9_Kotak Large & Mid Cap Fund.xlsx,KOP,75,False,Non-Equity
Kotak Large & Mid Cap Fund,INF174K01LF9,,,INF174K01NE8,Other,Mutual Fund,,,158411.17,9073.41,,INF174K01LF9_Kotak Large & Mid Cap Fund.xlsx,KOP,77,False,Other
Kotak Large & Mid Cap Fund,INF174K01LF9,,Net Current Assets/(Liabilities),,Other,,,,,,,INF174K01LF9_Kotak Large & Mid Cap Fund.xlsx,KOP,80,False,Other
Kotak Large & Mid Cap Fund,INF174K01LF9,,Notes :,,Other,,,,,,,INF174K01LF9_Kotak Large & Mid Cap Fund.xlsx,KOP,85,False,Other
Kotak Large & Mid Cap Fund,INF174K01LF9,,1,,Other,,,,,,,INF174K01LF9_Kotak Large & Mid Cap Fund.xlsx,KOP,86,False,Other
Kotak Large & Mid Cap Fund,INF174K01LF9,,2,,Other,,,,,,,INF174K01LF9_Kotak Large & Mid Cap Fund.xlsx,KOP,87,False,Other
Kotak Large & Mid Cap Fund,INF174K01LF9,,3,,Other,,,,,,,INF174K01LF9_Kotak Large & Mid Cap Fund.xlsx,KOP,88,False,Other
Kotak Large & Mid Cap Fund,INF174K01LF9,,,NAV FROM 31/07/2026,Other,NAV To 31/08/2026,,,,,,INF174K01LF9_Kotak Large & Mid Cap Fund.xlsx,KOP,90,False,Other
Kotak Large & Mid Cap Fund,INF174K01LF9,,,354.93800000000005,Other,356.45500000000004,,,,,,INF174K01LF9_Kotak Large & Mid Cap Fund.xlsx,KOP,91,False,Other
Kotak Large & Mid Cap Fund,INF174K01LF9,,,61.923,Other,62.188,,,,,,INF174K01LF9_Kotak Large & Mid Cap Fund.xlsx,KOP,92,False,Other
Kotak Large & Mid Cap Fund,INF174K01LF9,,,411.8,Other,413.90700000000004,,,,,,INF174K01LF9_Kotak Large & Mid Cap Fund.xlsx,KOP,93,False,Other
Kotak Large & Mid Cap Fund,INF174K01LF9,,,72.666,Other,73.037,,,,,,INF174K01LF9_Kotak Large & Mid Cap Fund.xlsx,KOP,94,False,Other
Kotak Large & Mid Cap Fund,INF174K01LF9,,4,,Other,,,,,,,INF174K01LF9_Kotak Large & Mid Cap Fund.xlsx,KOP,95,False,Other
Kotak Large & Mid Cap Fund,INF174K01LF9,,5,,Other,,,,,,,INF174K01LF9_Kotak Large & Mid Cap Fund.xlsx,KOP,96,False,Other
Kotak Large & Mid Cap Fund,INF174K01LF9,,6,,Other,,,,,,,INF174K01LF9_Kotak Large & Mid Cap Fund.xlsx,KOP,97,False,Other
Kotak Large & Mid Cap Fund,INF174K01LF9,,,LONG/SHORT,Other,Futures Price When purchased,,,,,,INF174K01LF9_Kotak Large & Mid Cap Fund.xlsx,KOP,98,False,Other
Kotak Large & Mid Cap Fund,INF174K01LF9,,,LONG,Other,14161.316,,,982.97,,,INF174K01LF9_Kotak Large & Mid Cap Fund.xlsx,KOP,99,False,Other
Kotak Large & Mid Cap Fund,INF174K01LF9,,7,,Other,,,,,,,INF174K01LF9_Kotak Large & Mid Cap Fund.xlsx,KOP,100,False,Other
Kotak Large & Mid Cap Fund,INF174K01LF9,,,0,Other,,,,,,,INF174K01LF9_Kotak Large & Mid Cap Fund.xlsx,KOP,101,False,Other
Kotak Large & Mid Cap Fund,INF174K01LF9,,,12666,Other,,,,,,,INF174K01LF9_Kotak Large & Mid Cap Fund.xlsx,KOP,102,False,Other
Kotak Large & Mid Cap Fund,INF174K01LF9,,,0,Other,Lacs,,,,,,INF174K01LF9_Kotak Large & Mid Cap Fund.xlsx,KOP,103,False,Other
Kotak Large & Mid Cap Fund,INF174K01LF9,,,60078.99139809999,Other,Lacs,,,,,,INF174K01LF9_Kotak Large & Mid Cap Fund.xlsx,KOP,104,False,Other
Kotak Large & Mid Cap Fund,INF174K01LF9,,,64.47889809999998,Other,Lacs,,,,,,INF174K01LF9_Kotak Large & Mid Cap Fund.xlsx,KOP,105,False,Other
Kotak Large & Mid Cap Fund,INF174K01LF9,,8,,Other,,,,,,,INF174K01LF9_Kotak Large & Mid Cap Fund.xlsx,KOP,106,False,Other
Kotak Large & Mid Cap Fund,INF174K01LF9,,,272,Other,,,,,,,INF174K01LF9_Kotak Large & Mid Cap Fund.xlsx,KOP,107,False,Other
Kotak Large & Mid Cap Fund,INF174K01LF9,,,4728,Other,,,,,,,INF174K01LF9_Kotak Large & Mid Cap Fund.xlsx,KOP,108,False,Other
Kotak Large & Mid Cap Fund,INF174K01LF9,,,1596.1213375,Other,Lacs,,,,,,INF174K01LF9_Kotak Large & Mid Cap Fund.xlsx,KOP,109,False,Other
Kotak Large & Mid Cap Fund,INF174K01LF9,,,32986.5658128,Other,Lacs,,,,,,INF174K01LF9_Kotak Large & Mid Cap Fund.xlsx,KOP,110,False,Other
Kotak Large & Mid Cap Fund,INF174K01LF9,,,1554.8978591,Other,Lacs,,,,,,INF174K01LF9_Kotak Large & Mid Cap Fund.xlsx,KOP,111,False,Other
Kotak Large & Mid Cap Fund,INF174K01LF9,,9,,Other,,,,,,,INF174K01LF9_Kotak Large & Mid Cap Fund.xlsx,KOP,112,False,Other
Kotak Large & Mid Cap Fund,INF174K01LF9,,10,,Other,,,,,,,INF174K01LF9_Kotak Large & Mid Cap Fund.xlsx,KOP,113,False,Other
Kotak Large & Mid Cap Fund,INF174K01LF9,,Benchmark - NIFTY Large Midcap 250 TRI,,Other,,,,,,,INF174K01LF9_Kotak Large & Mid Cap Fund.xlsx,KOP,115,False,Other
Nippon India Large Cap Fund,INF204K01XI3,,HDFC Bank Limited,INE040A01034,Other,Banks,Banks,,66080734.0,468512.4,0.0865,INF204K01XI3_Nippon India Large Cap Fund.xlsx,EA,7,True,Equity Candidate
Nippon India Large Cap Fund,INF204K01XI3,,ICICI Bank Limited,INE090A01021,Other,Banks,Banks,,25000000.0,363500.0,0.0671,INF204K01XI3_Nippon India Large Cap Fund.xlsx,EA,8,True,Equity Candidate
Nippon India Large Cap Fund,INF204K01XI3,,Axis Bank Limited,INE238A01034,Other,Banks,Banks,,22015542.0,286202.05,0.0529,INF204K01XI3_Nippon India Large Cap Fund.xlsx,EA,9,True,Equity Candidate
Nippon India Large Cap Fund,INF204K01XI3,,Reliance Industries Limited,INE002A01018,Other,Petroleum Products,Petroleum Products,,17441139.0,222723.35,0.0411,INF204K01XI3_Nippon India Large Cap Fund.xlsx,EA,10,True,Equity Candidate
Nippon India Large Cap Fund,INF204K01XI3,,Larsen & Toubro Limited,INE018A01030,Other,Construction,Construction,,4947774.0,200132.51,0.037,INF204K01XI3_Nippon India Large Cap Fund.xlsx,EA,11,True,Equity Candidate
Nippon India Large Cap Fund,INF204K01XI3,,Infosys Limited,INE009A01021,Other,IT - Software,IT - Software,,17349771.0,196711.7,0.0363,INF204K01XI3_Nippon India Large Cap Fund.xlsx,EA,12,True,Equity Candidate
Nippon India Large Cap Fund,INF204K01XI3,,Tata Consultancy Services Limited,INE467B01029,Other,IT - Software,IT - Software,,8000000.0,191944.0,0.0355,INF204K01XI3_Nippon India Large Cap Fund.xlsx,EA,13,True,Equity Candidate
Nippon India Large Cap Fund,INF204K01XI3,,Bajaj Finance Limited,INE296A01032,Other,Finance,Finance,,16534184.0,174766.32,0.0323,INF204K01XI3_Nippon India Large Cap Fund.xlsx,EA,14,True,Equity Candidate
Nippon India Large Cap Fund,INF204K01XI3,,State Bank of India,INE062A01020,Other,Banks,Banks,,15082107.0,159870.33,0.0295,INF204K01XI3_Nippon India Large Cap Fund.xlsx,EA,15,True,Equity Candidate
Nippon India Large Cap Fund,INF204K01XI3,,Mahindra & Mahindra Limited,INE101A01026,Other,Automobiles,Automobiles,,4821580.0,158244.26,0.0292,INF204K01XI3_Nippon India Large Cap Fund.xlsx,EA,16,True,Equity Candidate
Nippon India Large Cap Fund,INF204K01XI3,,Hindustan Unilever Limited,INE030A01027,Other,Diversified FMCG,Diversified FMCG,,6889046.0,135535.09,0.025,INF204K01XI3_Nippon India Large Cap Fund.xlsx,EA,17,True,Equity Candidate
Nippon India Large Cap Fund,INF204K01XI3,,Sun Pharmaceutical Industries Limited,INE044A01036,Other,Pharmaceuticals & Biotechnology,Pharmaceuticals & Biotechnology,,6154333.0,122151.2,0.0226,INF204K01XI3_Nippon India Large Cap Fund.xlsx,EA,18,True,Equity Candidate
Nippon India Large Cap Fund,INF204K01XI3,,Avenue Supermarts Limited,INE192R01011,Other,Retailing,Retailing,,2963895.0,115591.91,0.0214,INF204K01XI3_Nippon India Large Cap Fund.xlsx,EA,19,True,Equity Candidate
Nippon India Large Cap Fund,INF204K01XI3,,ITC Limited,INE154A01025,Other,Diversified FMCG,Diversified FMCG,,45029812.0,115051.17,0.0213,INF204K01XI3_Nippon India Large Cap Fund.xlsx,EA,20,True,Equity Candidate
Nippon India Large Cap Fund,INF204K01XI3,,Samvardhana Motherson International Limited,INE775A01035,Other,Auto Components,Auto Components,,63549826.0,108466.84,0.02,INF204K01XI3_Nippon India Large Cap Fund.xlsx,EA,21,True,Equity Candidate
Nippon India Large Cap Fund,INF204K01XI3,,Kotak Mahindra Bank Limited,INE237A01036,Other,Banks,Banks,,25005900.0,104874.74,0.0194,INF204K01XI3_Nippon India Large Cap Fund.xlsx,EA,22,True,Equity Candidate
Nippon India Large Cap Fund,INF204K01XI3,,GE Vernova T&D India Limited,INE200A01026,Other,Electrical Equipment,Electrical Equipment,,2251405.0,100079.46,0.0185,INF204K01XI3_Nippon India Large Cap Fund.xlsx,EA,23,True,Equity Candidate
Nippon India Large Cap Fund,INF204K01XI3,,NTPC Limited,INE733E01010,Other,Power,Power,,30017977.0,98278.86,0.0182,INF204K01XI3_Nippon India Large Cap Fund.xlsx,EA,24,True,Equity Candidate
Nippon India Large Cap Fund,INF204K01XI3,,Eternal Limited,INE758T01015,Other,Retailing,Retailing,,30064524.0,98641.7,0.0182,INF204K01XI3_Nippon India Large Cap Fund.xlsx,EA,25,True,Equity Candidate
Nippon India Large Cap Fund,INF204K01XI3,,Divi's Laboratories Limited,INE361B01024,Other,Pharmaceuticals & Biotechnology,Pharmaceuticals & Biotechnology,,861190.0,81528.86,0.0151,INF204K01XI3_Nippon India Large Cap Fund.xlsx,EA,26,True,Equity Candidate
Nippon India Large Cap Fund,INF204K01XI3,,HDFC Life Insurance Company Limited,INE795G01014,Other,Insurance,Insurance,,13000000.0,70635.5,0.013,INF204K01XI3_Nippon India Large Cap Fund.xlsx,EA,27,True,Equity Candidate
Nippon India Large Cap Fund,INF204K01XI3,,Trent Limited,INE849A01020,Other,Retailing,Retailing,,2440603.0,70286.93,0.013,INF204K01XI3_Nippon India Large Cap Fund.xlsx,EA,28,True,Equity Candidate
Nippon India Large Cap Fund,INF204K01XI3,,Tata Power Company Limited,INE245A01021,Other,Power,Power,,20185719.0,70044.44,0.0129,INF204K01XI3_Nippon India Large Cap Fund.xlsx,EA,29,True,Equity Candidate
Nippon India Large Cap Fund,INF204K01XI3,,Maruti Suzuki India Limited,INE585B01010,Other,Automobiles,Automobiles,,502749.0,68107.41,0.0126,INF204K01XI3_Nippon India Large Cap Fund.xlsx,EA,30,True,Equity Candidate
Nippon India Large Cap Fund,INF204K01XI3,,Swiggy Limited,INE00H001014,Other,Retailing,Retailing,,22744706.0,64117.33,0.0118,INF204K01XI3_Nippon India Large Cap Fund.xlsx,EA,31,True,Equity Candidate
Nippon India Large Cap Fund,INF204K01XI3,,Dixon Technologies (India) Limited,INE935N01020,Other,Consumer Durables,Consumer Durables,,413953.0,61472.02,0.0114,INF204K01XI3_Nippon India Large Cap Fund.xlsx,EA,32,True,Equity Candidate
Nippon India Large Cap Fund,INF204K01XI3,,SBI Life Insurance Company Limited,INE123W01016,Other,Insurance,Insurance,,3361333.0,58504.0,0.0108,INF204K01XI3_Nippon India Large Cap Fund.xlsx,EA,33,True,Equity Candidate
Nippon India Large Cap Fund,INF204K01XI3,,Bajaj Auto Limited,INE917I01010,Other,Automobiles,Automobiles,,475526.0,57681.3,0.0107,INF204K01XI3_Nippon India Large Cap Fund.xlsx,EA,34,True,Equity Candidate
Nippon India Large Cap Fund,INF204K01XI3,,Cipla Limited,INE059A01026,Other,Pharmaceuticals & Biotechnology,Pharmaceuticals & Biotechnology,,4086211.0,57582.89,0.0106,INF204K01XI3_Nippon India Large Cap Fund.xlsx,EA,35,True,Equity Candidate
Nippon India Large Cap Fund,INF204K01XI3,,ABB India Limited,INE117A01022,Other,Electrical Equipment,Electrical Equipment,,729315.0,55708.73,0.0103,INF204K01XI3_Nippon India Large Cap Fund.xlsx,EA,36,True,Equity Candidate
Nippon India Large Cap Fund,INF204K01XI3,,The Indian Hotels Company Limited,INE053A01029,Other,Leisure Services,Leisure Services,,7460653.0,55052.16,0.0102,INF204K01XI3_Nippon India Large Cap Fund.xlsx,EA,37,True,Equity Candidate
Nippon India Large Cap Fund,INF204K01XI3,,Chalet Hotels Limited,INE427F01016,Other,Leisure Services,Leisure Services,,5679690.0,51341.56,0.0095,INF204K01XI3_Nippon India Large Cap Fund.xlsx,EA,38,True,Equity Candidate
Nippon India Large Cap Fund,INF204K01XI3,,HCL Technologies Limited,INE860A01027,Other,IT - Software,IT - Software,,3889064.0,51032.3,0.0094,INF204K01XI3_Nippon India Large Cap Fund.xlsx,EA,39,True,Equity Candidate
Nippon India Large Cap Fund,INF204K01XI3,,PB Fintech Limited,INE417T01026,Other,Financial Technology (Fintech),Financial Technology (Fintech),,2656013.0,49800.24,0.0092,INF204K01XI3_Nippon India Large Cap Fund.xlsx,EA,40,True,Equity Candidate
Nippon India Large Cap Fund,INF204K01XI3,,Godrej Consumer Products Limited,INE102D01028,Other,Personal Products,Personal Products,,5300000.0,47768.9,0.0088,INF204K01XI3_Nippon India Large Cap Fund.xlsx,EA,41,True,Equity Candidate
Nippon India Large Cap Fund,INF204K01XI3,,Lupin Limited,INE326A01037,Other,Pharmaceuticals & Biotechnology,Pharmaceuticals & Biotechnology,,2178374.0,47671.54,0.0088,INF204K01XI3_Nippon India Large Cap Fund.xlsx,EA,42,True,Equity Candidate
Nippon India Large Cap Fund,INF204K01XI3,,Tata Consumer Products Limited,INE192A01025,Other,Agricultural Food & other Products,Agricultural Food & other Products,,4529578.0,46994.37,0.0087,INF204K01XI3_Nippon India Large Cap Fund.xlsx,EA,43,True,Equity Candidate
Nippon India Large Cap Fund,INF204K01XI3,,Tech Mahindra Limited,INE669C01036,Other,IT - Software,IT - Software,,2897680.0,47174.23,0.0087,INF204K01XI3_Nippon India Large Cap Fund.xlsx,EA,44,True,Equity Candidate
Nippon India Large Cap Fund,INF204K01XI3,,Mankind Pharma Limited,INE634S01028,Other,Pharmaceuticals & Biotechnology,Pharmaceuticals & Biotechnology,,1934592.0,46801.65,0.0086,INF204K01XI3_Nippon India Large Cap Fund.xlsx,EA,45,True,Equity Candidate
Nippon India Large Cap Fund,INF204K01XI3,,Dr. Reddy's Laboratories Limited,INE089A01031,Other,Pharmaceuticals & Biotechnology,Pharmaceuticals & Biotechnology,,4001922.0,46198.19,0.0085,INF204K01XI3_Nippon India Large Cap Fund.xlsx,EA,46,True,Equity Candidate
Nippon India Large Cap Fund,INF204K01XI3,,Meesho Ltd,INE0VDM01015,Other,Retailing,Retailing,,21660932.0,44489.39,0.0082,INF204K01XI3_Nippon India Large Cap Fund.xlsx,EA,47,True,Equity Candidate
Nippon India Large Cap Fund,INF204K01XI3,,Cholamandalam Investment and Finance Company Ltd,INE121A01024,Other,Finance,Finance,,2291499.0,42562.3,0.0079,INF204K01XI3_Nippon India Large Cap Fund.xlsx,EA,48,True,Equity Candidate
Nippon India Large Cap Fund,INF204K01XI3,,Shree Cement Limited,INE070A01015,Other,Cement & Cement Products,Cement & Cement Products,,181243.0,42048.38,0.0078,INF204K01XI3_Nippon India Large Cap Fund.xlsx,EA,49,True,Equity Candidate
Nippon India Large Cap Fund,INF204K01XI3,,Jubilant Foodworks Limited,INE797F01020,Other,Leisure Services,Leisure Services,,8548076.0,42398.46,0.0078,INF204K01XI3_Nippon India Large Cap Fund.xlsx,EA,50,True,Equity Candidate
Nippon India Large Cap Fund,INF204K01XI3,,Coal India Limited,INE522F01014,Other,Consumable Fuels,Consumable Fuels,,10000000.0,40175.0,0.0074,INF204K01XI3_Nippon India Large Cap Fund.xlsx,EA,51,True,Equity Candidate
Nippon India Large Cap Fund,INF204K01XI3,,Siemens Limited,INE003A01024,Other,Electrical Equipment,Electrical Equipment,,983917.0,39651.86,0.0073,INF204K01XI3_Nippon India Large Cap Fund.xlsx,EA,52,True,Equity Candidate
Nippon India Large Cap Fund,INF204K01XI3,,Vishal Mega Mart Limited,INE01EA01019,Other,Retailing,Retailing,,35035033.0,38762.76,0.0072,INF204K01XI3_Nippon India Large Cap Fund.xlsx,EA,53,True,Equity Candidate
Nippon India Large Cap Fund,INF204K01XI3,,Tata Steel Limited,INE081A01020,Other,Ferrous Metals,Ferrous Metals,,20503160.0,37797.58,0.007,INF204K01XI3_Nippon India Large Cap Fund.xlsx,EA,54,True,Equity Candidate
Nippon India Large Cap Fund,INF204K01XI3,,Hindustan Aeronautics Limited,INE066F01020,Other,Aerospace & Defense,Aerospace & Defense,,759818.0,36483.42,0.0067,INF204K01XI3_Nippon India Large Cap Fund.xlsx,EA,55,True,Equity Candidate
Nippon India Large Cap Fund,INF204K01XI3,,Vedanta Aluminium Metal Limited,INE1CDF01017,Other,Non - Ferrous Metals,Non - Ferrous Metals,,7910833.0,34423.99,0.0064,INF204K01XI3_Nippon India Large Cap Fund.xlsx,EA,56,True,Equity Candidate
Nippon India Large Cap Fund,INF204K01XI3,,NTPC Green Energy Limited,INE0ONG01011,Other,Power,Power,,37981560.0,33997.29,0.0063,INF204K01XI3_Nippon India Large Cap Fund.xlsx,EA,57,True,Equity Candidate
Nippon India Large Cap Fund,INF204K01XI3,,Siemens Energy India Limited,INE1NPP01017,Other,Electrical Equipment,Electrical Equipment,,1044959.0,33748.0,0.0062,INF204K01XI3_Nippon India Large Cap Fund.xlsx,EA,58,True,Equity Candidate
Nippon India Large Cap Fund,INF204K01XI3,,United Spirits Limited,INE854D01024,Other,Beverages,Beverages,,2155258.0,32113.34,0.0059,INF204K01XI3_Nippon India Large Cap Fund.xlsx,EA,59,True,Equity Candidate
Nippon India Large Cap Fund,INF204K01XI3,,EIH Limited,INE230A01023,Other,Leisure Services,Leisure Services,,10731627.0,30295.38,0.0056,INF204K01XI3_Nippon India Large Cap Fund.xlsx,EA,60,True,Equity Candidate
Nippon India Large Cap Fund,INF204K01XI3,,Colgate Palmolive (India) Limited,INE259A01022,Other,Personal Products,Personal Products,,1590441.0,30180.21,0.0056,INF204K01XI3_Nippon India Large Cap Fund.xlsx,EA,61,True,Equity Candidate
Nippon India Large Cap Fund,INF204K01XI3,,SBI Cards and Payment Services Limited,INE018E01016,Other,Finance,Finance,,4639814.0,29915.2,0.0055,INF204K01XI3_Nippon India Large Cap Fund.xlsx,EA,62,True,Equity Candidate
Nippon India Large Cap Fund,INF204K01XI3,,Gillette India Limited,INE322A01010,Other,Personal Products,Personal Products,,384084.0,28149.52,0.0052,INF204K01XI3_Nippon India Large Cap Fund.xlsx,EA,63,True,Equity Candidate
Nippon India Large Cap Fund,INF204K01XI3,,United Breweries Limited,INE686F01025,Other,Beverages,Beverages,,1934970.0,25319.08,0.0047,INF204K01XI3_Nippon India Large Cap Fund.xlsx,EA,64,True,Equity Candidate
Nippon India Large Cap Fund,INF204K01XI3,,Varun Beverages Limited,INE200M01039,Other,Beverages,Beverages,,5943052.0,23798.95,0.0044,INF204K01XI3_Nippon India Large Cap Fund.xlsx,EA,65,True,Equity Candidate
Nippon India Large Cap Fund,INF204K01XI3,,Devyani International Limited,INE872J01023,Other,Leisure Services,Leisure Services,,15596125.0,21642.74,0.004,INF204K01XI3_Nippon India Large Cap Fund.xlsx,EA,66,True,Equity Candidate
Nippon India Large Cap Fund,INF204K01XI3,,Life Insurance Corporation Of India,INE0J1Y01017,Other,Insurance,Insurance,,4306407.0,18000.78,0.0033,INF204K01XI3_Nippon India Large Cap Fund.xlsx,EA,67,True,Equity Candidate
Nippon India Large Cap Fund,INF204K01XI3,,Union Bank of India,INE692A01016,Other,Banks,Banks,,8924402.0,16834.1,0.0031,INF204K01XI3_Nippon India Large Cap Fund.xlsx,EA,68,True,Equity Candidate
Nippon India Large Cap Fund,INF204K01XI3,,Max Financial Services Limited,INE180A01020,Other,Insurance,Insurance,,955716.0,15034.37,0.0028,INF204K01XI3_Nippon India Large Cap Fund.xlsx,EA,69,True,Equity Candidate
Nippon India Large Cap Fund,INF204K01XI3,,Linde India Limited,INE473A01011,Other,Chemicals & Petrochemicals,Chemicals & Petrochemicals,,216434.0,13820.39,0.0026,INF204K01XI3_Nippon India Large Cap Fund.xlsx,EA,70,True,Equity Candidate
Nippon India Large Cap Fund,INF204K01XI3,,PVR INOX Limited,INE191H01014,Other,Entertainment,Entertainment,,1018203.0,12296.84,0.0023,INF204K01XI3_Nippon India Large Cap Fund.xlsx,EA,71,True,Equity Candidate
Nippon India Large Cap Fund,INF204K01XI3,,Triparty Repo,,Other,,,,,11550.12,0.0021,INF204K01XI3_Nippon India Large Cap Fund.xlsx,EA,79,False,Non-Equity
Nippon India Large Cap Fund,INF204K01XI3,,Net Current Assets,,Other,,,,,5588.17,0.0011,INF204K01XI3_Nippon India Large Cap Fund.xlsx,EA,84,False,Other
Nippon India Large Cap Fund,INF204K01XI3,,SBI Funds Management Limited,INE640G01020,Other,Capital Markets,Capital Markets,,940758.0,5432.88,0.001,INF204K01XI3_Nippon India Large Cap Fund.xlsx,EA,72,True,Equity Candidate
Nippon India Large Cap Fund,INF204K01XI3,,Cash Margin - CCIL,,Other,,,,,73.08,0.0,INF204K01XI3_Nippon India Large Cap Fund.xlsx,EA,82,False,Non-Equity
Nippon India Large Cap Fund,INF204K01XI3,,Equity & Equity related,,Equity,,,,,,,INF204K01XI3_Nippon India Large Cap Fund.xlsx,EA,5,False,Other
Nippon India Large Cap Fund,INF204K01XI3,,(a) Listed / awaiting listing on Stock Exchanges,,Other,,,,,,,INF204K01XI3_Nippon India Large Cap Fund.xlsx,EA,6,False,Other
Nippon India Large Cap Fund,INF204K01XI3,,(b) UNLISTED,,Other,,,,,,,INF204K01XI3_Nippon India Large Cap Fund.xlsx,EA,74,False,Other
Nippon India Large Cap Fund,INF204K01XI3,,Money Market Instruments,,Other,,,,,,,INF204K01XI3_Nippon India Large Cap Fund.xlsx,EA,77,False,Non-Equity
Nippon India Large Cap Fund,INF204K01XI3,,Triparty Repo/ Reverse Repo Instrument,,Other,,,,,,,INF204K01XI3_Nippon India Large Cap Fund.xlsx,EA,78,False,Non-Equity
Nippon India Large Cap Fund,INF204K01XI3,,OTHERS,,Other,,,,,,,INF204K01XI3_Nippon India Large Cap Fund.xlsx,EA,81,False,Other
Nippon India Large Cap Fund,INF204K01XI3,,$  Less Than 0.01% of NAV,,Other,,,,,,,INF204K01XI3_Nippon India Large Cap Fund.xlsx,EA,86,False,Other
Nippon India Large Cap Fund,INF204K01XI3,,Scheme & Benchmark Riskometer(s) mentioned are as per the latest details available with the AMC.,,Other,,,,,,,INF204K01XI3_Nippon India Large Cap Fund.xlsx,EA,87,False,Other
Nippon India Large Cap Fund,INF204K01XI3,,Classification for Traded or Non Traded instruments are done on the basis of information provided by CRISIL and ICRA for last business day.,,Other,,,,,,,INF204K01XI3_Nippon India Large Cap Fund.xlsx,EA,88,False,Other
Nippon India Large Cap Fund,INF204K01XI3,,,NOTES:,Other,,,,,,,INF204K01XI3_Nippon India Large Cap Fund.xlsx,EA,89,False,Other
Nippon India Large Cap Fund,INF204K01XI3,,,(1) SECURITY MATURED AND BELOW INVESTMENT GRADE OR DEFAULT AS ON 31ST AUG 2026 IS RS.NIL AND ITS PERCENTAGE TO NET ASSET VALUE IS NIL,Other,,,,,,,INF204K01XI3_Nippon India Large Cap Fund.xlsx,EA,90,False,Other
Nippon India Large Cap Fund,INF204K01XI3,,,(2)  AGGREGATE VALUE OF ILLIQUID EQUITY SHARES OF THE FUND AMOUNTS TO RS.NIL AND THEIR PERCENTAGE TO NET ASSET VALUE IS NIL.,Other,,,,,,,INF204K01XI3_Nippon India Large Cap Fund.xlsx,EA,91,False,Other
Nippon India Large Cap Fund,INF204K01XI3,,,(3) PLAN/OPTION WISE PER UNIT NET ASSET VALUES (NAV) ARE AS FOLLOWS:,Other,,,,,,,INF204K01XI3_Nippon India Large Cap Fund.xlsx,EA,92,False,Other
Nippon India Large Cap Fund,INF204K01XI3,,NAV per unit (Rs),FACE VALUE PER UNIT RS 10 PER UNIT,Other,,,,,,,INF204K01XI3_Nippon India Large Cap Fund.xlsx,EA,93,False,Other
Nippon India Large Cap Fund,INF204K01XI3,,"As on July 31, 2026",PLAN/OPTION,Other,"As on August 31, 2026","As on August 31, 2026",,,,,INF204K01XI3_Nippon India Large Cap Fund.xlsx,EA,94,False,Other
Nippon India Large Cap Fund,INF204K01XI3,,90.5135,BONUS PLAN,Other,90.1668,90.1668,,,,,INF204K01XI3_Nippon India Large Cap Fund.xlsx,EA,95,False,Other
Nippon India Large Cap Fund,INF204K01XI3,,101.8133,DIRECT PLAN-BONUS PLAN,Other,101.4885,101.4885,,,,,INF204K01XI3_Nippon India Large Cap Fund.xlsx,EA,96,False,Other
Nippon India Large Cap Fund,INF204K01XI3,,101.8133,DIRECT PLAN-GROWTH PLAN,Other,101.4885,101.4885,,,,,INF204K01XI3_Nippon India Large Cap Fund.xlsx,EA,97,False,Other
Nippon India Large Cap Fund,INF204K01XI3,,40.4952,DIRECT PLAN-IDCW PLAN,Other,40.366,40.366,,,,,INF204K01XI3_Nippon India Large Cap Fund.xlsx,EA,98,False,Other
Nippon India Large Cap Fund,INF204K01XI3,,90.5135,GROWTH PLAN,Other,90.1668,90.1668,,,,,INF204K01XI3_Nippon India Large Cap Fund.xlsx,EA,99,False,Other
Nippon India Large Cap Fund,INF204K01XI3,,26.4633,IDCW PLAN,Other,26.3619,26.3619,,,,,INF204K01XI3_Nippon India Large Cap Fund.xlsx,EA,100,False,Other
Nippon India Large Cap Fund,INF204K01XI3,,,"(4) DIVIDEND DECLARED DURING THE MONTH ENDED AUG 31, 2026 IS NIL.",Other,,,,,,,INF204K01XI3_Nippon India Large Cap Fund.xlsx,EA,101,False,Other
Nippon India Large Cap Fund,INF204K01XI3,,,"(5) TOTAL OUTSTANDING EXPOSURE IN DERIVATIVE INSTRUMENTS AS ON AUG 31, 2026 IS NIL. DISCLOSURE FOR DERIVATIVE TRANSACTIONS AS REQUIRED BY SEBI CIRCULAR CIR/IMD/DF/11/2010 DATED 18 AUGUST 2010, PLEASE REFER TO DERIVATIVE DISCLOSURE TABLE.",Other,,,,,,,INF204K01XI3_Nippon India Large Cap Fund.xlsx,EA,102,False,Other
Nippon India Large Cap Fund,INF204K01XI3,,,"(6) TOTAL MARKET VALUE OF INVESTMENTS IN FOREIGN SECURITIES/ADRS/GDRS AS AT AUG 31, 2026 IS NIL.",Other,,,,,,,INF204K01XI3_Nippon India Large Cap Fund.xlsx,EA,103,False,Other
Nippon India Large Cap Fund,INF204K01XI3,,,"(7)  DURING THE PERIOD, THE PORTFOLIO TURNOVER RATIO IS 0.38 TIMES.",Other,,,,,,,INF204K01XI3_Nippon India Large Cap Fund.xlsx,EA,104,False,Other
Nippon India Large Cap Fund,INF204K01XI3,,,(8) THE DETAILS OF REPO TRANSACTIONS OF THE SCHEME IN CORPORATE DEBT SECURITIES : NIL,Other,,,,,,,INF204K01XI3_Nippon India Large Cap Fund.xlsx,EA,105,False,Other
Nippon India Large Cap Fund,INF204K01XI3,,,HEDGING POSITIONS THROUGH FUTURES AS AT 31 AUG 2026: NIL.,Other,,,,,,,INF204K01XI3_Nippon India Large Cap Fund.xlsx,EA,107,False,Other
Nippon India Large Cap Fund,INF204K01XI3,,,TOTAL % OF EXISTING ASSETS HEDGED THROUGH FUTURES: NIL.,Other,,,,,,,INF204K01XI3_Nippon India Large Cap Fund.xlsx,EA,108,False,Other
Nippon India Large Cap Fund,INF204K01XI3,,,FOR THE MONTH ENDED 31 AUG 2026 FOLLOWING DETAILS SPECIFIED FOR HEDGING TRANSACTIONS THROUGH FUTURES WHICH HAVE BEEN SQUARED OFF/EXPIRED: NIL.,Other,,,,,,,INF204K01XI3_Nippon India Large Cap Fund.xlsx,EA,109,False,Other
Nippon India Large Cap Fund,INF204K01XI3,,,OTHER THAN HEDGING POSITION THROUGH FUTURES AS AT 31 AUG 2026: NIL,Other,,,,,,,INF204K01XI3_Nippon India Large Cap Fund.xlsx,EA,110,False,Other
Nippon India Large Cap Fund,INF204K01XI3,,,TOTAL EXPOSURE DUE TO FUTURES (NON HEDGING POSITIONS) AS A % OF NET ASSETS: NIL.,Other,,,,,,,INF204K01XI3_Nippon India Large Cap Fund.xlsx,EA,111,False,Other
Nippon India Large Cap Fund,INF204K01XI3,,,FOR THE MONTH ENDED 31 AUG 2026 FOLLOWING DETAILS SPECIFIED FOR NON-HEDGING TRANSACTIONS THROUGH FUTURES WHICH HAVE BEEN SQUARED OFF/EXPIRED: NIL.,Other,,,,,,,INF204K01XI3_Nippon India Large Cap Fund.xlsx,EA,112,False,Other
Nippon India Large Cap Fund,INF204K01XI3,,,HEDGING POSITION THROUGH PUT OPTIONS AS AT 31 AUG 2026: NIL.,Other,,,,,,,INF204K01XI3_Nippon India Large Cap Fund.xlsx,EA,113,False,Other
Nippon India Large Cap Fund,INF204K01XI3,,,TOTAL % OF EXISTING ASSETS HEDGED THROUGH PUT OPTIONS: NIL.,Other,,,,,,,INF204K01XI3_Nippon India Large Cap Fund.xlsx,EA,114,False,Other
Nippon India Large Cap Fund,INF204K01XI3,,,FOR THE MONTH ENDED 31 AUG 2026 FOLLOWING DETAILS SPECIFIED FOR HEDGING TRANSACTIONS THROUGH OPTIONS WHICH HAVE ALREADY BEEN EXERCISED/EXPIRED: NIL.,Other,,,,,,,INF204K01XI3_Nippon India Large Cap Fund.xlsx,EA,115,False,Other
Nippon India Large Cap Fund,INF204K01XI3,,,OTHER THAN HEDGING POSITION THROUGH OPTIONS AS AT 31 AUG 2026: NIL.,Other,,,,,,,INF204K01XI3_Nippon India Large Cap Fund.xlsx,EA,116,False,Other
Nippon India Large Cap Fund,INF204K01XI3,,,TOTAL EXPOSURE THROUGH OPTIONS AS A % OF NET ASSETS: NIL.,Other,,,,,,,INF204K01XI3_Nippon India Large Cap Fund.xlsx,EA,117,False,Other
Nippon India Large Cap Fund,INF204K01XI3,,,FOR THE MONTH ENDED 31 AUG 2026 FOLLOWING DETAILS SPECIFIED WITH REGARD TO NON-HEDGING TRANSACTIONS THROUGH OPTIONS WHICH HAVE ALREADY BEEN EXERCISED/EXPIRED: NIL.,Other,,,,,,,INF204K01XI3_Nippon India Large Cap Fund.xlsx,EA,118,False,Other
Nippon India Large Cap Fund,INF204K01XI3,,,HEDGING POSITIONS THROUGH SWAPS AS AT 31 AUG 2026: NIL.,Other,,,,,,,INF204K01XI3_Nippon India Large Cap Fund.xlsx,EA,119,False,Other
Nippon India Large Cap Fund,INF204K01XI3,,,CALL OPTIONS WRITTEN AS AT 31 AUG 2026: NIL.,Other,,,,,,,INF204K01XI3_Nippon India Large Cap Fund.xlsx,EA,120,False,Other
Nippon India Large Cap Fund,INF204K01XI3,,,CALL OPTIONS WRITTEN AS PERCENTAGE OF TOTAL MARKET VALUE OF EQUITY SHARES HELD IN THE SCHEME: NIL.,Other,,,,,,,INF204K01XI3_Nippon India Large Cap Fund.xlsx,EA,121,False,Other
Nippon India Large Cap Fund,INF204K01XI3,,,FOR THE MONTH ENDED 31 AUG 2026 FOLLOWING DETAILS SPECIFIED WITH REGARD TO CALL OPTIONS WRITTEN WHICH HAVE ALREADY BEEN EXERCISED/EXPIRED: NIL.,Other,,,,,,,INF204K01XI3_Nippon India Large Cap Fund.xlsx,EA,122,False,Other
Nippon India Large Cap Fund,INF204K01XI3,,,SCHEME RISK-O-METER,Other,,,,,,,INF204K01XI3_Nippon India Large Cap Fund.xlsx,EA,127,False,Other
Nippon India Retirement Fund- Wealth Creation Scheme,INF204KA1B72,,ICICI Bank Limited,INE090A01021,Other,Banks,Banks,,1620000.0,23554.8,0.0753,INF204KA1B72_Nippon India Retirement Fund- Wealth Creation Scheme.xlsx,RW,7,True,Equity Candidate
Nippon India Retirement Fund- Wealth Creation Scheme,INF204KA1B72,,HDFC Bank Limited,INE040A01034,Other,Banks,Banks,,3200000.0,22688.0,0.0726,INF204KA1B72_Nippon India Retirement Fund- Wealth Creation Scheme.xlsx,RW,8,True,Equity Candidate
Nippon India Retirement Fund- Wealth Creation Scheme,INF204KA1B72,,Reliance Industries Limited,INE002A01018,Other,Petroleum Products,Petroleum Products,,1025000.0,13089.25,0.0419,INF204KA1B72_Nippon India Retirement Fund- Wealth Creation Scheme.xlsx,RW,9,True,Equity Candidate
Nippon India Retirement Fund- Wealth Creation Scheme,INF204KA1B72,,Axis Bank Limited,INE238A01034,Other,Banks,Banks,,1000000.0,13000.0,0.0416,INF204KA1B72_Nippon India Retirement Fund- Wealth Creation Scheme.xlsx,RW,10,True,Equity Candidate
Nippon India Retirement Fund- Wealth Creation Scheme,INF204KA1B72,,Infosys Limited,INE009A01021,Other,IT - Software,IT - Software,,1099277.0,12463.6,0.0399,INF204KA1B72_Nippon India Retirement Fund- Wealth Creation Scheme.xlsx,RW,11,True,Equity Candidate
Nippon India Retirement Fund- Wealth Creation Scheme,INF204KA1B72,,Mahindra & Mahindra Limited,INE101A01026,Other,Automobiles,Automobiles,,326017.0,10699.88,0.0342,INF204KA1B72_Nippon India Retirement Fund- Wealth Creation Scheme.xlsx,RW,12,True,Equity Candidate
Nippon India Retirement Fund- Wealth Creation Scheme,INF204KA1B72,,State Bank of India,INE062A01020,Other,Banks,Banks,,900000.0,9540.0,0.0305,INF204KA1B72_Nippon India Retirement Fund- Wealth Creation Scheme.xlsx,RW,13,True,Equity Candidate
Nippon India Retirement Fund- Wealth Creation Scheme,INF204KA1B72,,JSW Energy Limited,INE121E01018,Other,Power,Power,,1798211.0,9357.89,0.0299,INF204KA1B72_Nippon India Retirement Fund- Wealth Creation Scheme.xlsx,RW,14,True,Equity Candidate
Nippon India Retirement Fund- Wealth Creation Scheme,INF204KA1B72,,Alkem Laboratories Limited,INE540L01014,Other,Pharmaceuticals & Biotechnology,Pharmaceuticals & Biotechnology,,128483.0,6847.5,0.0219,INF204KA1B72_Nippon India Retirement Fund- Wealth Creation Scheme.xlsx,RW,15,True,Equity Candidate
Nippon India Retirement Fund- Wealth Creation Scheme,INF204KA1B72,,Hindustan Aeronautics Limited,INE066F01020,Other,Aerospace & Defense,Aerospace & Defense,,135000.0,6482.16,0.0207,INF204KA1B72_Nippon India Retirement Fund- Wealth Creation Scheme.xlsx,RW,16,True,Equity Candidate
Nippon India Retirement Fund- Wealth Creation Scheme,INF204KA1B72,,HDFC Asset Management Company Limited,INE127D01025,Other,Capital Markets,Capital Markets,,246000.0,6450.37,0.0206,INF204KA1B72_Nippon India Retirement Fund- Wealth Creation Scheme.xlsx,RW,17,True,Equity Candidate
Nippon India Retirement Fund- Wealth Creation Scheme,INF204KA1B72,,Vedanta Aluminium Metal Limited,INE1CDF01017,Other,Non - Ferrous Metals,Non - Ferrous Metals,,1430000.0,6222.65,0.0199,INF204KA1B72_Nippon India Retirement Fund- Wealth Creation Scheme.xlsx,RW,18,True,Equity Candidate
Nippon India Retirement Fund- Wealth Creation Scheme,INF204KA1B72,,Larsen & Toubro Limited,INE018A01030,Other,Construction,Construction,,150000.0,6067.35,0.0194,INF204KA1B72_Nippon India Retirement Fund- Wealth Creation Scheme.xlsx,RW,19,True,Equity Candidate
Nippon India Retirement Fund- Wealth Creation Scheme,INF204KA1B72,,Eternal Limited,INE758T01015,Other,Retailing,Retailing,,1700000.0,5577.7,0.0178,INF204KA1B72_Nippon India Retirement Fund- Wealth Creation Scheme.xlsx,RW,20,True,Equity Candidate
Nippon India Retirement Fund- Wealth Creation Scheme,INF204KA1B72,,JSW Infrastructure Ltd,INE880J01026,Other,Transport Infrastructure,Transport Infrastructure,,1628070.0,5535.44,0.0177,INF204KA1B72_Nippon India Retirement Fund- Wealth Creation Scheme.xlsx,RW,21,True,Equity Candidate
Nippon India Retirement Fund- Wealth Creation Scheme,INF204KA1B72,,Info Edge (India) Limited,INE663F01032,Other,Retailing,Retailing,,404720.0,5313.97,0.017,INF204KA1B72_Nippon India Retirement Fund- Wealth Creation Scheme.xlsx,RW,22,True,Equity Candidate
Nippon India Retirement Fund- Wealth Creation Scheme,INF204KA1B72,,InterGlobe Aviation Limited,INE646L01027,Other,Transport Services,Transport Services,,100000.0,5234.0,0.0167,INF204KA1B72_Nippon India Retirement Fund- Wealth Creation Scheme.xlsx,RW,23,True,Equity Candidate
Nippon India Retirement Fund- Wealth Creation Scheme,INF204KA1B72,,Varun Beverages Limited,INE200M01039,Other,Beverages,Beverages,,1300000.0,5205.85,0.0166,INF204KA1B72_Nippon India Retirement Fund- Wealth Creation Scheme.xlsx,RW,24,True,Equity Candidate
Nippon India Retirement Fund- Wealth Creation Scheme,INF204KA1B72,,Cholamandalam Investment and Finance Company Ltd,INE121A01024,Other,Finance,Finance,,274825.0,5104.6,0.0163,INF204KA1B72_Nippon India Retirement Fund- Wealth Creation Scheme.xlsx,RW,25,True,Equity Candidate
Nippon India Retirement Fund- Wealth Creation Scheme,INF204KA1B72,,Indus Towers Limited,INE121J01017,Other,Telecom - Services,Telecom - Services,,1305037.0,5073.98,0.0162,INF204KA1B72_Nippon India Retirement Fund- Wealth Creation Scheme.xlsx,RW,26,True,Equity Candidate
Nippon India Retirement Fund- Wealth Creation Scheme,INF204KA1B72,,Swiggy Limited,INE00H001014,Other,Retailing,Retailing,,1700000.0,4792.3,0.0153,INF204KA1B72_Nippon India Retirement Fund- Wealth Creation Scheme.xlsx,RW,27,True,Equity Candidate
Nippon India Retirement Fund- Wealth Creation Scheme,INF204KA1B72,,Godrej Consumer Products Limited,INE102D01028,Other,Personal Products,Personal Products,,510393.0,4600.17,0.0147,INF204KA1B72_Nippon India Retirement Fund- Wealth Creation Scheme.xlsx,RW,28,True,Equity Candidate
Nippon India Retirement Fund- Wealth Creation Scheme,INF204KA1B72,,Tech Mahindra Limited,INE669C01036,Other,IT - Software,IT - Software,,280000.0,4558.4,0.0146,INF204KA1B72_Nippon India Retirement Fund- Wealth Creation Scheme.xlsx,RW,29,True,Equity Candidate
Nippon India Retirement Fund- Wealth Creation Scheme,INF204KA1B72,,Max Financial Services Limited,INE180A01020,Other,Insurance,Insurance,,275377.0,4331.96,0.0139,INF204KA1B72_Nippon India Retirement Fund- Wealth Creation Scheme.xlsx,RW,30,True,Equity Candidate
Nippon India Retirement Fund- Wealth Creation Scheme,INF204KA1B72,,Gland Pharma Limited,INE068V01023,Other,Pharmaceuticals & Biotechnology,Pharmaceuticals & Biotechnology,,150000.0,4328.7,0.0138,INF204KA1B72_Nippon India Retirement Fund- Wealth Creation Scheme.xlsx,RW,31,True,Equity Candidate
Nippon India Retirement Fund- Wealth Creation Scheme,INF204KA1B72,,Bajaj Finance Limited,INE296A01032,Other,Finance,Finance,,400000.0,4228.0,0.0135,INF204KA1B72_Nippon India Retirement Fund- Wealth Creation Scheme.xlsx,RW,32,True,Equity Candidate
Nippon India Retirement Fund- Wealth Creation Scheme,INF204KA1B72,,Ambuja Cements Limited,INE079A01024,Other,Cement & Cement Products,Cement & Cement Products,,1037977.0,4163.84,0.0133,INF204KA1B72_Nippon India Retirement Fund- Wealth Creation Scheme.xlsx,RW,33,True,Equity Candidate
Nippon India Retirement Fund- Wealth Creation Scheme,INF204KA1B72,,United Spirits Limited,INE854D01024,Other,Beverages,Beverages,,275000.0,4097.5,0.0131,INF204KA1B72_Nippon India Retirement Fund- Wealth Creation Scheme.xlsx,RW,34,True,Equity Candidate
Nippon India Retirement Fund- Wealth Creation Scheme,INF204KA1B72,,Nestle India Limited,INE239A01024,Other,Food Products,Food Products,,267031.0,3996.12,0.0128,INF204KA1B72_Nippon India Retirement Fund- Wealth Creation Scheme.xlsx,RW,35,True,Equity Candidate
Nippon India Retirement Fund- Wealth Creation Scheme,INF204KA1B72,,NTPC Green Energy Limited,INE0ONG01011,Other,Power,Power,,4480856.0,4010.81,0.0128,INF204KA1B72_Nippon India Retirement Fund- Wealth Creation Scheme.xlsx,RW,36,True,Equity Candidate
Nippon India Retirement Fund- Wealth Creation Scheme,INF204KA1B72,,The Indian Hotels Company Limited,INE053A01029,Other,Leisure Services,Leisure Services,,500006.0,3689.54,0.0118,INF204KA1B72_Nippon India Retirement Fund- Wealth Creation Scheme.xlsx,RW,37,True,Equity Candidate
Nippon India Retirement Fund- Wealth Creation Scheme,INF204KA1B72,,Blue Star Limited,INE472A01039,Other,Consumer Durables,Consumer Durables,,250000.0,3659.5,0.0117,INF204KA1B72_Nippon India Retirement Fund- Wealth Creation Scheme.xlsx,RW,38,True,Equity Candidate
Nippon India Retirement Fund- Wealth Creation Scheme,INF204KA1B72,,Endurance Technologies Limited,INE913H01037,Other,Auto Components,Auto Components,,120435.0,3457.93,0.0111,INF204KA1B72_Nippon India Retirement Fund- Wealth Creation Scheme.xlsx,RW,39,True,Equity Candidate
Nippon India Retirement Fund- Wealth Creation Scheme,INF204KA1B72,,Titan Company Limited,INE280A01028,Other,Consumer Durables,Consumer Durables,,66000.0,3367.58,0.0108,INF204KA1B72_Nippon India Retirement Fund- Wealth Creation Scheme.xlsx,RW,40,True,Equity Candidate
Nippon India Retirement Fund- Wealth Creation Scheme,INF204KA1B72,,TD Power Systems Limited,INE419M01035,Other,Electrical Equipment,Electrical Equipment,,411498.0,3197.34,0.0102,INF204KA1B72_Nippon India Retirement Fund- Wealth Creation Scheme.xlsx,RW,41,True,Equity Candidate
Nippon India Retirement Fund- Wealth Creation Scheme,INF204KA1B72,,LIC Housing Finance Limited,INE115A01026,Other,Finance,Finance,,582560.0,3136.5,0.01,INF204KA1B72_Nippon India Retirement Fund- Wealth Creation Scheme.xlsx,RW,42,True,Equity Candidate
Nippon India Retirement Fund- Wealth Creation Scheme,INF204KA1B72,,Crompton Greaves Consumer Electricals Limited,INE299U01018,Other,Consumer Durables,Consumer Durables,,1300000.0,3066.7,0.0098,INF204KA1B72_Nippon India Retirement Fund- Wealth Creation Scheme.xlsx,RW,43,True,Equity Candidate
Nippon India Retirement Fund- Wealth Creation Scheme,INF204KA1B72,,Cummins India Limited,INE298A01020,Other,Industrial Products,Industrial Products,,60000.0,3063.0,0.0098,INF204KA1B72_Nippon India Retirement Fund- Wealth Creation Scheme.xlsx,RW,44,True,Equity Candidate
Nippon India Retirement Fund- Wealth Creation Scheme,INF204KA1B72,,TVS Motor Company Limited,INE494B01023,Other,Automobiles,Automobiles,,70000.0,3038.91,0.0097,INF204KA1B72_Nippon India Retirement Fund- Wealth Creation Scheme.xlsx,RW,45,True,Equity Candidate
Nippon India Retirement Fund- Wealth Creation Scheme,INF204KA1B72,,Healthcare Global Enterprises Limited,INE075I01017,Other,Healthcare Services,Healthcare Services,,415318.0,3045.53,0.0097,INF204KA1B72_Nippon India Retirement Fund- Wealth Creation Scheme.xlsx,RW,46,True,Equity Candidate
Nippon India Retirement Fund- Wealth Creation Scheme,INF204KA1B72,,PB Fintech Limited,INE417T01026,Other,Financial Technology (Fintech),Financial Technology (Fintech),,160000.0,3000.0,0.0096,INF204KA1B72_Nippon India Retirement Fund- Wealth Creation Scheme.xlsx,RW,47,True,Equity Candidate
Nippon India Retirement Fund- Wealth Creation Scheme,INF204KA1B72,,Bharti Hexacom Limited,INE343G01021,Other,Telecom - Services,Telecom - Services,,191470.0,2959.17,0.0095,INF204KA1B72_Nippon India Retirement Fund- Wealth Creation Scheme.xlsx,RW,48,True,Equity Candidate
Nippon India Retirement Fund- Wealth Creation Scheme,INF204KA1B72,,Mishra Dhatu Nigam Limited,INE099Z01011,Other,Aerospace & Defense,Aerospace & Defense,,642358.0,2660.33,0.0085,INF204KA1B72_Nippon India Retirement Fund- Wealth Creation Scheme.xlsx,RW,49,True,Equity Candidate
Nippon India Retirement Fund- Wealth Creation Scheme,INF204KA1B72,,Shriram Finance Limited,INE721A01047,Other,Finance,Finance,,226209.0,2510.69,0.008,INF204KA1B72_Nippon India Retirement Fund- Wealth Creation Scheme.xlsx,RW,50,True,Equity Candidate
Nippon India Retirement Fund- Wealth Creation Scheme,INF204KA1B72,,Abbott India Limited,INE358A01014,Other,Pharmaceuticals & Biotechnology,Pharmaceuticals & Biotechnology,,9667.0,2498.92,0.008,INF204KA1B72_Nippon India Retirement Fund- Wealth Creation Scheme.xlsx,RW,51,True,Equity Candidate
Nippon India Retirement Fund- Wealth Creation Scheme,INF204KA1B72,,Tata Power Company Limited,INE245A01021,Other,Power,Power,,725000.0,2515.75,0.008,INF204KA1B72_Nippon India Retirement Fund- Wealth Creation Scheme.xlsx,RW,52,True,Equity Candidate
Nippon India Retirement Fund- Wealth Creation Scheme,INF204KA1B72,,Power Finance Corporation Limited,INE134E01011,Other,Finance,Finance,,727027.0,2444.99,0.0078,INF204KA1B72_Nippon India Retirement Fund- Wealth Creation Scheme.xlsx,RW,53,True,Equity Candidate
Nippon India Retirement Fund- Wealth Creation Scheme,INF204KA1B72,,Tata Motors Ltd,INE1TAE01010,Other,"Agricultural, Commercial & Construction Vehicles","Agricultural, Commercial & Construction Vehicles",,500000.0,2355.5,0.0075,INF204KA1B72_Nippon India Retirement Fund- Wealth Creation Scheme.xlsx,RW,54,True,Equity Candidate
Nippon India Retirement Fund- Wealth Creation Scheme,INF204KA1B72,,Piramal Pharma Limited,INE0DK501011,Other,Pharmaceuticals & Biotechnology,Pharmaceuticals & Biotechnology,,987514.0,2117.23,0.0068,INF204KA1B72_Nippon India Retirement Fund- Wealth Creation Scheme.xlsx,RW,55,True,Equity Candidate
Nippon India Retirement Fund- Wealth Creation Scheme,INF204KA1B72,,TBO Tek Limited,INE673O01025,Other,Leisure Services,Leisure Services,,120000.0,2094.12,0.0067,INF204KA1B72_Nippon India Retirement Fund- Wealth Creation Scheme.xlsx,RW,56,True,Equity Candidate
Nippon India Retirement Fund- Wealth Creation Scheme,INF204KA1B72,,ISGEC Heavy Engineering Limited,INE858B01029,Other,Construction,Construction,,260000.0,2055.69,0.0066,INF204KA1B72_Nippon India Retirement Fund- Wealth Creation Scheme.xlsx,RW,57,True,Equity Candidate
Nippon India Retirement Fund- Wealth Creation Scheme,INF204KA1B72,,Kaynes Technology India Limited,INE918Z01012,Other,Industrial Manufacturing,Industrial Manufacturing,,52955.0,1951.39,0.0062,INF204KA1B72_Nippon India Retirement Fund- Wealth Creation Scheme.xlsx,RW,58,True,Equity Candidate
Nippon India Retirement Fund- Wealth Creation Scheme,INF204KA1B72,,Mankind Pharma Limited,INE634S01028,Other,Pharmaceuticals & Biotechnology,Pharmaceuticals & Biotechnology,,76526.0,1851.32,0.0059,INF204KA1B72_Nippon India Retirement Fund- Wealth Creation Scheme.xlsx,RW,59,True,Equity Candidate
Nippon India Retirement Fund- Wealth Creation Scheme,INF204KA1B72,,Escorts Kubota Limited,INE042A01014,Other,"Agricultural, Commercial & Construction Vehicles","Agricultural, Commercial & Construction Vehicles",,60547.0,1813.38,0.0058,INF204KA1B72_Nippon India Retirement Fund- Wealth Creation Scheme.xlsx,RW,60,True,Equity Candidate
Nippon India Retirement Fund- Wealth Creation Scheme,INF204KA1B72,,Triparty Repo,,Other,,,,,1739.96,0.0056,INF204KA1B72_Nippon India Retirement Fund- Wealth Creation Scheme.xlsx,RW,93,False,Non-Equity
Nippon India Retirement Fund- Wealth Creation Scheme,INF204KA1B72,,Samvardhana Motherson International Limited,INE775A01035,Other,Auto Components,Auto Components,,1000000.0,1706.8,0.0055,INF204KA1B72_Nippon India Retirement Fund- Wealth Creation Scheme.xlsx,RW,61,True,Equity Candidate
Nippon India Retirement Fund- Wealth Creation Scheme,INF204KA1B72,,Bharat Heavy Electricals Limited,INE257A01026,Other,Electrical Equipment,Electrical Equipment,,373776.0,1654.52,0.0053,INF204KA1B72_Nippon India Retirement Fund- Wealth Creation Scheme.xlsx,RW,62,True,Equity Candidate
Nippon India Retirement Fund- Wealth Creation Scheme,INF204KA1B72,,Indegene Limited,INE065X01017,Other,Healthcare Services,Healthcare Services,,251590.0,1538.85,0.0049,INF204KA1B72_Nippon India Retirement Fund- Wealth Creation Scheme.xlsx,RW,63,True,Equity Candidate
Nippon India Retirement Fund- Wealth Creation Scheme,INF204KA1B72,,Syngene International Limited,INE398R01022,Other,Healthcare Services,Healthcare Services,,367942.0,1474.53,0.0047,INF204KA1B72_Nippon India Retirement Fund- Wealth Creation Scheme.xlsx,RW,64,True,Equity Candidate
Nippon India Retirement Fund- Wealth Creation Scheme,INF204KA1B72,,Gillette India Limited,INE322A01010,Other,Personal Products,Personal Products,,19673.0,1441.83,0.0046,INF204KA1B72_Nippon India Retirement Fund- Wealth Creation Scheme.xlsx,RW,65,True,Equity Candidate
Nippon India Retirement Fund- Wealth Creation Scheme,INF204KA1B72,,Bajel Projects Limited,INE0KQN01018,Other,Electrical Equipment,Electrical Equipment,,712744.0,1383.58,0.0044,INF204KA1B72_Nippon India Retirement Fund- Wealth Creation Scheme.xlsx,RW,66,True,Equity Candidate
Nippon India Retirement Fund- Wealth Creation Scheme,INF204KA1B72,,Sharda Motor Industries Ltd.,INE597I01028,Other,Auto Components,Auto Components,,152211.0,1343.87,0.0043,INF204KA1B72_Nippon India Retirement Fund- Wealth Creation Scheme.xlsx,RW,67,True,Equity Candidate
Nippon India Retirement Fund- Wealth Creation Scheme,INF204KA1B72,,Ellenbarrie Industrial Gases Limited,INE236E01022,Other,Chemicals & Petrochemicals,Chemicals & Petrochemicals,,391005.0,1260.01,0.004,INF204KA1B72_Nippon India Retirement Fund- Wealth Creation Scheme.xlsx,RW,68,True,Equity Candidate
Nippon India Retirement Fund- Wealth Creation Scheme,INF204KA1B72,,KPIT Technologies Limited,INE04I401011,Other,IT - Software,IT - Software,,200401.0,1172.35,0.0037,INF204KA1B72_Nippon India Retirement Fund- Wealth Creation Scheme.xlsx,RW,69,True,Equity Candidate
Nippon India Retirement Fund- Wealth Creation Scheme,INF204KA1B72,,ICICI Prudential Life Insurance Company Limited,INE726G01019,Other,Insurance,Insurance,,224018.0,1158.29,0.0037,INF204KA1B72_Nippon India Retirement Fund- Wealth Creation Scheme.xlsx,RW,70,True,Equity Candidate
Nippon India Retirement Fund- Wealth Creation Scheme,INF204KA1B72,,United Breweries Limited,INE686F01025,Other,Beverages,Beverages,,82468.0,1079.09,0.0035,INF204KA1B72_Nippon India Retirement Fund- Wealth Creation Scheme.xlsx,RW,71,True,Equity Candidate
Nippon India Retirement Fund- Wealth Creation Scheme,INF204KA1B72,,NLC India Limited,INE589A01014,Other,Power,Power,,400000.0,1069.6,0.0034,INF204KA1B72_Nippon India Retirement Fund- Wealth Creation Scheme.xlsx,RW,72,True,Equity Candidate
Nippon India Retirement Fund- Wealth Creation Scheme,INF204KA1B72,,AU Small Finance Bank Limited,INE949L01017,Other,Banks,Banks,,73623.0,799.69,0.0026,INF204KA1B72_Nippon India Retirement Fund- Wealth Creation Scheme.xlsx,RW,73,True,Equity Candidate
Nippon India Retirement Fund- Wealth Creation Scheme,INF204KA1B72,,Afcons Infrastructure Limited,INE101I01011,Other,Construction,Construction,,224668.0,641.76,0.0021,INF204KA1B72_Nippon India Retirement Fund- Wealth Creation Scheme.xlsx,RW,74,True,Equity Candidate
Nippon India Retirement Fund- Wealth Creation Scheme,INF204KA1B72,,Page Industries Limited,INE761H01022,Other,Textiles & Apparels,Textiles & Apparels,,1872.0,670.18,0.0021,INF204KA1B72_Nippon India Retirement Fund- Wealth Creation Scheme.xlsx,RW,75,True,Equity Candidate
Nippon India Retirement Fund- Wealth Creation Scheme,INF204KA1B72,,Tube Investments of India Limited,INE974X01010,Other,Auto Components,Auto Components,,22380.0,622.16,0.002,INF204KA1B72_Nippon India Retirement Fund- Wealth Creation Scheme.xlsx,RW,76,True,Equity Candidate
Nippon India Retirement Fund- Wealth Creation Scheme,INF204KA1B72,,9% Yes Bank Limited**#,INE528G08394,Other,ICRA D,ICRA D,,500.0,0.0,0.0,INF204KA1B72_Nippon India Retirement Fund- Wealth Creation Scheme.xlsx,RW,84,True,Equity Candidate
Nippon India Retirement Fund- Wealth Creation Scheme,INF204KA1B72,,Cash Margin - CCIL,,Other,,,,,10.33,0.0,INF204KA1B72_Nippon India Retirement Fund- Wealth Creation Scheme.xlsx,RW,96,False,Non-Equity
Nippon India Retirement Fund- Wealth Creation Scheme,INF204KA1B72,,Net Current Assets,,Other,,,,,-227.5,-0.0004,INF204KA1B72_Nippon India Retirement Fund- Wealth Creation Scheme.xlsx,RW,98,False,Other
Nippon India Retirement Fund- Wealth Creation Scheme,INF204KA1B72,,Equity & Equity related,,Equity,,,,,,,INF204KA1B72_Nippon India Retirement Fund- Wealth Creation Scheme.xlsx,RW,5,False,Other
Nippon India Retirement Fund- Wealth Creation Scheme,INF204KA1B72,,(a) Listed / awaiting listing on Stock Exchanges,,Other,,,,,,,INF204KA1B72_Nippon India Retirement Fund- Wealth Creation Scheme.xlsx,RW,6,False,Other
Nippon India Retirement Fund- Wealth Creation Scheme,INF204KA1B72,,(b) UNLISTED,,Other,,,,,,,INF204KA1B72_Nippon India Retirement Fund- Wealth Creation Scheme.xlsx,RW,78,False,Other
Nippon India Retirement Fund- Wealth Creation Scheme,INF204KA1B72,,Debt Instruments,,Other,,,,,,,INF204KA1B72_Nippon India Retirement Fund- Wealth Creation Scheme.xlsx,RW,81,False,Other
Nippon India Retirement Fund- Wealth Creation Scheme,INF204KA1B72,,(a) Listed / awaiting listing on Stock Exchange,,Other,,,,,,,INF204KA1B72_Nippon India Retirement Fund- Wealth Creation Scheme.xlsx,RW,82,False,Other
Nippon India Retirement Fund- Wealth Creation Scheme,INF204KA1B72,,Non Convertible Debentures,,Debt,,,,,,,INF204KA1B72_Nippon India Retirement Fund- Wealth Creation Scheme.xlsx,RW,83,False,Non-Equity
Nippon India Retirement Fund- Wealth Creation Scheme,INF204KA1B72,,(b) Privately placed / Unlisted,,Other,,,,,,,INF204KA1B72_Nippon India Retirement Fund- Wealth Creation Scheme.xlsx,RW,86,False,Other
Nippon India Retirement Fund- Wealth Creation Scheme,INF204KA1B72,,(c) Securitised Debt,,Other,,,,,,,INF204KA1B72_Nippon India Retirement Fund- Wealth Creation Scheme.xlsx,RW,88,False,Other
Nippon India Retirement Fund- Wealth Creation Scheme,INF204KA1B72,,Money Market Instruments,,Other,,,,,,,INF204KA1B72_Nippon India Retirement Fund- Wealth Creation Scheme.xlsx,RW,91,False,Non-Equity
Nippon India Retirement Fund- Wealth Creation Scheme,INF204KA1B72,,Triparty Repo/ Reverse Repo Instrument,,Other,,,,,,,INF204KA1B72_Nippon India Retirement Fund- Wealth Creation Scheme.xlsx,RW,92,False,Non-Equity
Nippon India Retirement Fund- Wealth Creation Scheme,INF204KA1B72,,OTHERS,,Other,,,,,,,INF204KA1B72_Nippon India Retirement Fund- Wealth Creation Scheme.xlsx,RW,95,False,Other
Nippon India Retirement Fund- Wealth Creation Scheme,INF204KA1B72,,** Non Traded Securities/Illiquid Securities,,Other,,,,,,,INF204KA1B72_Nippon India Retirement Fund- Wealth Creation Scheme.xlsx,RW,100,False,Other
Nippon India Retirement Fund- Wealth Creation Scheme,INF204KA1B72,,$  Less Than 0.01% of NAV,,Other,,,,,,,INF204KA1B72_Nippon India Retirement Fund- Wealth Creation Scheme.xlsx,RW,101,False,Other
Nippon India Retirement Fund- Wealth Creation Scheme,INF204KA1B72,,# Securities classified as below investment grade or default,,Other,,,,,,,INF204KA1B72_Nippon India Retirement Fund- Wealth Creation Scheme.xlsx,RW,102,False,Other
Nippon India Retirement Fund- Wealth Creation Scheme,INF204KA1B72,,Scheme & Benchmark Riskometer(s) mentioned are as per the latest details available with the AMC.,,Other,,,,,,,INF204KA1B72_Nippon India Retirement Fund- Wealth Creation Scheme.xlsx,RW,103,False,Other
Nippon India Retirement Fund- Wealth Creation Scheme,INF204KA1B72,,Classification for Traded or Non Traded instruments are done on the basis of information provided by CRISIL and ICRA for last business day.,,Other,,,,,,,INF204KA1B72_Nippon India Retirement Fund- Wealth Creation Scheme.xlsx,RW,104,False,Other
Nippon India Retirement Fund- Wealth Creation Scheme,INF204KA1B72,,,NOTES:,Other,,,,,,,INF204KA1B72_Nippon India Retirement Fund- Wealth Creation Scheme.xlsx,RW,105,False,Other
Nippon India Retirement Fund- Wealth Creation Scheme,INF204KA1B72,,,(1) SECURITY MATURED AND BELOW INVESTMENT GRADE OR DEFAULT AS ON 31ST AUG 2026 IS RS.NIL AND ITS PERCENTAGE TO NET ASSET VALUE IS NIL,Other,,,,,,,INF204KA1B72_Nippon India Retirement Fund- Wealth Creation Scheme.xlsx,RW,106,False,Other
Nippon India Retirement Fund- Wealth Creation Scheme,INF204KA1B72,,,(2)  AGGREGATE VALUE OF ILLIQUID EQUITY SHARES OF THE FUND AMOUNTS TO RS.NIL AND THEIR PERCENTAGE TO NET ASSET VALUE IS NIL.,Other,,,,,,,INF204KA1B72_Nippon India Retirement Fund- Wealth Creation Scheme.xlsx,RW,107,False,Other
Nippon India Retirement Fund- Wealth Creation Scheme,INF204KA1B72,,,(3) PLAN/OPTION WISE PER UNIT NET ASSET VALUES (NAV) ARE AS FOLLOWS:,Other,,,,,,,INF204KA1B72_Nippon India Retirement Fund- Wealth Creation Scheme.xlsx,RW,108,False,Other
Nippon India Retirement Fund- Wealth Creation Scheme,INF204KA1B72,,NAV per unit (Rs),FACE VALUE PER UNIT RS 10 PER UNIT,Other,,,,,,,INF204KA1B72_Nippon India Retirement Fund- Wealth Creation Scheme.xlsx,RW,109,False,Other
Nippon India Retirement Fund- Wealth Creation Scheme,INF204KA1B72,,"As on July 31, 2026",PLAN/OPTION,Other,"As on August 31, 2026","As on August 31, 2026",,,,,INF204KA1B72_Nippon India Retirement Fund- Wealth Creation Scheme.xlsx,RW,110,False,Other
Nippon India Retirement Fund- Wealth Creation Scheme,INF204KA1B72,,28.9712,BONUS PLAN,Other,28.9927,28.9927,,,,,INF204KA1B72_Nippon India Retirement Fund- Wealth Creation Scheme.xlsx,RW,111,False,Other
Nippon India Retirement Fund- Wealth Creation Scheme,INF204KA1B72,,32.956,DIRECT PLAN-BONUS PLAN,Other,33.007,33.007,,,,,INF204KA1B72_Nippon India Retirement Fund- Wealth Creation Scheme.xlsx,RW,112,False,Other
Nippon India Retirement Fund- Wealth Creation Scheme,INF204KA1B72,,32.956,DIRECT PLAN-GROWTH PLAN,Other,33.007,33.007,,,,,INF204KA1B72_Nippon India Retirement Fund- Wealth Creation Scheme.xlsx,RW,113,False,Other
Nippon India Retirement Fund- Wealth Creation Scheme,INF204KA1B72,,22.8264,DIRECT PLAN-IDCW PLAN,Other,22.8617,22.8617,,,,,INF204KA1B72_Nippon India Retirement Fund- Wealth Creation Scheme.xlsx,RW,114,False,Other
Nippon India Retirement Fund- Wealth Creation Scheme,INF204KA1B72,,28.9712,GROWTH PLAN,Other,28.9927,28.9927,,,,,INF204KA1B72_Nippon India Retirement Fund- Wealth Creation Scheme.xlsx,RW,115,False,Other
Nippon India Retirement Fund- Wealth Creation Scheme,INF204KA1B72,,19.4424,IDCW PLAN,Other,19.4565,19.4565,,,,,INF204KA1B72_Nippon India Retirement Fund- Wealth Creation Scheme.xlsx,RW,116,False,Other
Nippon India Retirement Fund- Wealth Creation Scheme,INF204KA1B72,,,"(4) DIVIDEND DECLARED DURING THE MONTH ENDED AUG 31, 2026 IS NIL.",Other,,,,,,,INF204KA1B72_Nippon India Retirement Fund- Wealth Creation Scheme.xlsx,RW,117,False,Other
Nippon India Retirement Fund- Wealth Creation Scheme,INF204KA1B72,,,"(5) TOTAL OUTSTANDING EXPOSURE IN DERIVATIVE INSTRUMENTS AS ON AUG 31, 2026 IS NIL. DISCLOSURE FOR DERIVATIVE TRANSACTIONS AS REQUIRED BY SEBI CIRCULAR CIR/IMD/DF/11/2010 DATED 18 AUGUST 2010, PLEASE REFER TO DERIVATIVE DISCLOSURE TABLE.",Other,,,,,,,INF204KA1B72_Nippon India Retirement Fund- Wealth Creation Scheme.xlsx,RW,118,False,Other
Nippon India Retirement Fund- Wealth Creation Scheme,INF204KA1B72,,,"(6) TOTAL MARKET VALUE OF INVESTMENTS IN FOREIGN SECURITIES/ADRS/GDRS AS AT AUG 31, 2026 IS NIL.",Other,,,,,,,INF204KA1B72_Nippon India Retirement Fund- Wealth Creation Scheme.xlsx,RW,119,False,Other
Nippon India Retirement Fund- Wealth Creation Scheme,INF204KA1B72,,,"(7)  DURING THE PERIOD, THE PORTFOLIO TURNOVER RATIO IS 0.51 TIMES.",Other,,,,,,,INF204KA1B72_Nippon India Retirement Fund- Wealth Creation Scheme.xlsx,RW,120,False,Other
Nippon India Retirement Fund- Wealth Creation Scheme,INF204KA1B72,,,(8) THE DETAILS OF REPO TRANSACTIONS OF THE SCHEME IN CORPORATE DEBT SECURITIES : NIL,Other,,,,,,,INF204KA1B72_Nippon India Retirement Fund- Wealth Creation Scheme.xlsx,RW,121,False,Other
Nippon India Retirement Fund- Wealth Creation Scheme,INF204KA1B72,,,HEDGING POSITIONS THROUGH FUTURES AS AT 31 AUG 2026: NIL.,Other,,,,,,,INF204KA1B72_Nippon India Retirement Fund- Wealth Creation Scheme.xlsx,RW,123,False,Other
Nippon India Retirement Fund- Wealth Creation Scheme,INF204KA1B72,,,TOTAL % OF EXISTING ASSETS HEDGED THROUGH FUTURES: NIL.,Other,,,,,,,INF204KA1B72_Nippon India Retirement Fund- Wealth Creation Scheme.xlsx,RW,124,False,Other
Nippon India Retirement Fund- Wealth Creation Scheme,INF204KA1B72,,,FOR THE MONTH ENDED 31 AUG 2026 FOLLOWING DETAILS SPECIFIED FOR HEDGING TRANSACTIONS THROUGH FUTURES WHICH HAVE BEEN SQUARED OFF/EXPIRED: NIL.,Other,,,,,,,INF204KA1B72_Nippon India Retirement Fund- Wealth Creation Scheme.xlsx,RW,125,False,Other
Nippon India Retirement Fund- Wealth Creation Scheme,INF204KA1B72,,,OTHER THAN HEDGING POSITION THROUGH FUTURES AS AT 31 AUG 2026: NIL.,Other,,,,,,,INF204KA1B72_Nippon India Retirement Fund- Wealth Creation Scheme.xlsx,RW,126,False,Other
Nippon India Retirement Fund- Wealth Creation Scheme,INF204KA1B72,,,TOTAL EXPOSURE DUE TO FUTURES (NON HEDGING POSITIONS) AS A % OF NET ASSETS: NIL.,Other,,,,,,,INF204KA1B72_Nippon India Retirement Fund- Wealth Creation Scheme.xlsx,RW,127,False,Other
Nippon India Retirement Fund- Wealth Creation Scheme,INF204KA1B72,,,FOR THE MONTH ENDED 31 AUG 2026 FOLLOWING DETAILS SPECIFIED FOR NON-HEDGING TRANSACTIONS THROUGH FUTURES WHICH HAVE BEEN SQUARED OFF/EXPIRED: NIL.,Other,,,,,,,INF204KA1B72_Nippon India Retirement Fund- Wealth Creation Scheme.xlsx,RW,128,False,Other
Nippon India Retirement Fund- Wealth Creation Scheme,INF204KA1B72,,,HEDGING POSITION THROUGH PUT OPTIONS AS AT 31 AUG 2026: NIL.,Other,,,,,,,INF204KA1B72_Nippon India Retirement Fund- Wealth Creation Scheme.xlsx,RW,129,False,Other
Nippon India Retirement Fund- Wealth Creation Scheme,INF204KA1B72,,,TOTAL % OF EXISTING ASSETS HEDGED THROUGH PUT OPTIONS: NIL.,Other,,,,,,,INF204KA1B72_Nippon India Retirement Fund- Wealth Creation Scheme.xlsx,RW,130,False,Other
Nippon India Retirement Fund- Wealth Creation Scheme,INF204KA1B72,,,FOR THE MONTH ENDED 31 AUG 2026 FOLLOWING DETAILS SPECIFIED FOR HEDGING TRANSACTIONS THROUGH OPTIONS WHICH HAVE ALREADY BEEN EXERCISED/EXPIRED: NIL.,Other,,,,,,,INF204KA1B72_Nippon India Retirement Fund- Wealth Creation Scheme.xlsx,RW,131,False,Other
Nippon India Retirement Fund- Wealth Creation Scheme,INF204KA1B72,,,OTHER THAN HEDGING POSITION THROUGH OPTIONS AS AT 31 AUG 2026: NIL.,Other,,,,,,,INF204KA1B72_Nippon India Retirement Fund- Wealth Creation Scheme.xlsx,RW,132,False,Other
Nippon India Retirement Fund- Wealth Creation Scheme,INF204KA1B72,,,TOTAL EXPOSURE THROUGH OPTIONS AS A % OF NET ASSETS: NIL.,Other,,,,,,,INF204KA1B72_Nippon India Retirement Fund- Wealth Creation Scheme.xlsx,RW,133,False,Other
Nippon India Retirement Fund- Wealth Creation Scheme,INF204KA1B72,,,FOR THE MONTH ENDED 31 AUG 2026 FOLLOWING DETAILS SPECIFIED WITH REGARD TO NON-HEDGING TRANSACTIONS THROUGH OPTIONS WHICH HAVE ALREADY BEEN EXERCISED/EXPIRED: NIL.,Other,,,,,,,INF204KA1B72_Nippon India Retirement Fund- Wealth Creation Scheme.xlsx,RW,134,False,Other
Nippon India Retirement Fund- Wealth Creation Scheme,INF204KA1B72,,,HEDGING POSITIONS THROUGH SWAPS AS AT 31 AUG 2026: NIL.,Other,,,,,,,INF204KA1B72_Nippon India Retirement Fund- Wealth Creation Scheme.xlsx,RW,135,False,Other
Nippon India Retirement Fund- Wealth Creation Scheme,INF204KA1B72,,,CALL OPTIONS WRITTEN AS AT 31 AUG 2026: NIL.,Other,,,,,,,INF204KA1B72_Nippon India Retirement Fund- Wealth Creation Scheme.xlsx,RW,136,False,Other
Nippon India Retirement Fund- Wealth Creation Scheme,INF204KA1B72,,,CALL OPTIONS WRITTEN AS PERCENTAGE OF TOTAL MARKET VALUE OF EQUITY SHARES HELD IN THE SCHEME: NIL.,Other,,,,,,,INF204KA1B72_Nippon India Retirement Fund- Wealth Creation Scheme.xlsx,RW,137,False,Other
Nippon India Retirement Fund- Wealth Creation Scheme,INF204KA1B72,,,FOR THE MONTH ENDED 31 AUG 2026 FOLLOWING DETAILS SPECIFIED WITH REGARD TO CALL OPTIONS WRITTEN WHICH HAVE ALREADY BEEN EXERCISED/EXPIRED: NIL.,Other,,,,,,,INF204KA1B72_Nippon India Retirement Fund- Wealth Creation Scheme.xlsx,RW,138,False,Other
Nippon India Retirement Fund- Wealth Creation Scheme,INF204KA1B72,,,SCHEME RISK-O-METER,Other,,,,,,,INF204KA1B72_Nippon India Retirement Fund- Wealth Creation Scheme.xlsx,RW,143,False,Other
Nippon India Small Cap Fund,INF204K01K15,,Triparty Repo,,Other,,,,,213900.07,0.0259,INF204K01K15_Nippon India Small Cap Fund.xlsx,SC,267,False,Non-Equity
Nippon India Small Cap Fund,INF204K01K15,,Bharat Heavy Electricals Limited,INE257A01026,Other,Electrical Equipment,Electrical Equipment,,34508595.0,152752.3,0.0185,INF204K01K15_Nippon India Small Cap Fund.xlsx,SC,7,True,Equity Candidate
Nippon India Small Cap Fund,INF204K01K15,,TD Power Systems Limited,INE419M01035,Other,Electrical Equipment,Electrical Equipment,,19307704.0,150020.86,0.0182,INF204K01K15_Nippon India Small Cap Fund.xlsx,SC,8,True,Equity Candidate
Nippon India Small Cap Fund,INF204K01K15,,Apar Industries Limited,INE372A01015,Other,Electrical Equipment,Electrical Equipment,,808204.0,143068.27,0.0173,INF204K01K15_Nippon India Small Cap Fund.xlsx,SC,9,True,Equity Candidate
Nippon India Small Cap Fund,INF204K01K15,,HDFC Bank Limited,INE040A01034,Other,Banks,Banks,,19954929.0,141480.45,0.0171,INF204K01K15_Nippon India Small Cap Fund.xlsx,SC,10,True,Equity Candidate
Nippon India Small Cap Fund,INF204K01K15,,Karur Vysya Bank Limited,INE036D01028,Other,Banks,Banks,,31907252.0,110909.61,0.0134,INF204K01K15_Nippon India Small Cap Fund.xlsx,SC,11,True,Equity Candidate
Nippon India Small Cap Fund,INF204K01K15,,State Bank of India,INE062A01020,Other,Banks,Banks,,10000000.0,106000.0,0.0128,INF204K01K15_Nippon India Small Cap Fund.xlsx,SC,12,True,Equity Candidate
Nippon India Small Cap Fund,INF204K01K15,,Sundram Fasteners Limited,INE387A01021,Other,Auto Components,Auto Components,,8522020.0,102596.6,0.0124,INF204K01K15_Nippon India Small Cap Fund.xlsx,SC,13,True,Equity Candidate
Nippon India Small Cap Fund,INF204K01K15,,Acme Solar Holdings Ltd,INE622W01025,Other,Power,Power,,24487415.0,98427.16,0.0119,INF204K01K15_Nippon India Small Cap Fund.xlsx,SC,14,True,Equity Candidate
Nippon India Small Cap Fund,INF204K01K15,,Sai Life Sciences Limited,INE570L01029,Other,Pharmaceuticals & Biotechnology,Pharmaceuticals & Biotechnology,,6563832.0,95812.26,0.0116,INF204K01K15_Nippon India Small Cap Fund.xlsx,SC,15,True,Equity Candidate
Nippon India Small Cap Fund,INF204K01K15,,Multi Commodity Exchange of India Limited,INE745G01043,Other,Capital Markets,Capital Markets,,2800000.0,95200.0,0.0115,INF204K01K15_Nippon India Small Cap Fund.xlsx,SC,16,True,Equity Candidate
Nippon India Small Cap Fund,INF204K01K15,,Avalon Technologies Limited,INE0LCL01028,Other,Electrical Equipment,Electrical Equipment,,3879742.0,92077.92,0.0112,INF204K01K15_Nippon India Small Cap Fund.xlsx,SC,17,True,Equity Candidate
Nippon India Small Cap Fund,INF204K01K15,,Zydus Wellness Limited,INE768C01028,Other,Food Products,Food Products,,17132587.0,90871.24,0.011,INF204K01K15_Nippon India Small Cap Fund.xlsx,SC,18,True,Equity Candidate
Nippon India Small Cap Fund,INF204K01K15,,Kirloskar Brothers Limited,INE732A01036,Other,Industrial Products,Industrial Products,,4525148.0,85986.86,0.0104,INF204K01K15_Nippon India Small Cap Fund.xlsx,SC,19,True,Equity Candidate
Nippon India Small Cap Fund,INF204K01K15,,Union Bank of India,INE692A01016,Other,Banks,Banks,,41391115.0,78076.06,0.0095,INF204K01K15_Nippon India Small Cap Fund.xlsx,SC,20,True,Equity Candidate
Nippon India Small Cap Fund,INF204K01K15,,Elantas Beck India Limited,INE280B01018,Other,Chemicals & Petrochemicals,Chemicals & Petrochemicals,,677636.0,78636.27,0.0095,INF204K01K15_Nippon India Small Cap Fund.xlsx,SC,21,True,Equity Candidate
Nippon India Small Cap Fund,INF204K01K15,,Axis Bank Limited,INE238A01034,Other,Banks,Banks,,5977976.0,77713.69,0.0094,INF204K01K15_Nippon India Small Cap Fund.xlsx,SC,22,True,Equity Candidate
Nippon India Small Cap Fund,INF204K01K15,,Balrampur Chini Mills Limited,INE119A01028,Other,Agricultural Food & other Products,Agricultural Food & other Products,,11131698.0,77198.33,0.0093,INF204K01K15_Nippon India Small Cap Fund.xlsx,SC,23,True,Equity Candidate
Nippon India Small Cap Fund,INF204K01K15,,NLC India Limited,INE589A01014,Other,Power,Power,,27587015.0,73767.68,0.0089,INF204K01K15_Nippon India Small Cap Fund.xlsx,SC,24,True,Equity Candidate
Nippon India Small Cap Fund,INF204K01K15,,Kirloskar Oil Engines Limited,INE146L01010,Other,Industrial Products,Industrial Products,,3400001.0,71379.62,0.0086,INF204K01K15_Nippon India Small Cap Fund.xlsx,SC,25,True,Equity Candidate
Nippon India Small Cap Fund,INF204K01K15,,Voltamp Transformers Limited,INE540H01012,Other,Electrical Equipment,Electrical Equipment,,642476.0,70084.49,0.0085,INF204K01K15_Nippon India Small Cap Fund.xlsx,SC,26,True,Equity Candidate
Nippon India Small Cap Fund,INF204K01K15,,Tube Investments of India Limited,INE974X01010,Other,Auto Components,Auto Components,,2499222.0,69478.37,0.0084,INF204K01K15_Nippon India Small Cap Fund.xlsx,SC,27,True,Equity Candidate
Nippon India Small Cap Fund,INF204K01K15,,eClerx Services Limited,INE738I01010,Other,Commercial Services & Supplies,Commercial Services & Supplies,,3450588.0,68214.67,0.0083,INF204K01K15_Nippon India Small Cap Fund.xlsx,SC,28,True,Equity Candidate
Nippon India Small Cap Fund,INF204K01K15,,Craftsman Automation Limited,INE00LO01017,Other,Auto Components,Auto Components,,597209.0,66878.45,0.0081,INF204K01K15_Nippon India Small Cap Fund.xlsx,SC,29,True,Equity Candidate
Nippon India Small Cap Fund,INF204K01K15,,MTAR Technologies Limited,INE864I01014,Other,Electrical Equipment,Electrical Equipment,,954732.0,67246.55,0.0081,INF204K01K15_Nippon India Small Cap Fund.xlsx,SC,30,True,Equity Candidate
Nippon India Small Cap Fund,INF204K01K15,,Aster DM Quality Care Limited,INE914M01019,Other,Healthcare Services,Healthcare Services,,8772707.0,66321.66,0.008,INF204K01K15_Nippon India Small Cap Fund.xlsx,SC,31,True,Equity Candidate
Nippon India Small Cap Fund,INF204K01K15,,Radico Khaitan Limited,INE944F01028,Other,Beverages,Beverages,,1427333.0,64015.89,0.0078,INF204K01K15_Nippon India Small Cap Fund.xlsx,SC,32,True,Equity Candidate
Nippon India Small Cap Fund,INF204K01K15,,Whirlpool of India Limited,INE716A01013,Other,Consumer Durables,Consumer Durables,,8009151.0,64325.5,0.0078,INF204K01K15_Nippon India Small Cap Fund.xlsx,SC,33,True,Equity Candidate
Nippon India Small Cap Fund,INF204K01K15,,Paradeep Phosphates Limited,INE088F01024,Other,Fertilizers & Agrochemicals,Fertilizers & Agrochemicals,,39089109.0,62558.21,0.0076,INF204K01K15_Nippon India Small Cap Fund.xlsx,SC,34,True,Equity Candidate
Nippon India Small Cap Fund,INF204K01K15,,Emami Limited,INE548C01032,Other,Personal Products,Personal Products,,16844801.0,61315.08,0.0074,INF204K01K15_Nippon India Small Cap Fund.xlsx,SC,35,True,Equity Candidate
Nippon India Small Cap Fund,INF204K01K15,,Ajanta Pharma Limited,INE031B01049,Other,Pharmaceuticals & Biotechnology,Pharmaceuticals & Biotechnology,,1674471.0,60312.77,0.0073,INF204K01K15_Nippon India Small Cap Fund.xlsx,SC,36,True,Equity Candidate
Nippon India Small Cap Fund,INF204K01K15,,TBO Tek Limited,INE673O01025,Other,Leisure Services,Leisure Services,,3427297.0,59809.76,0.0072,INF204K01K15_Nippon India Small Cap Fund.xlsx,SC,37,True,Equity Candidate
Nippon India Small Cap Fund,INF204K01K15,,Kirloskar Pneumatic Company Limited,INE811A01038,Other,Industrial Products,Industrial Products,,8218880.0,58732.12,0.0071,INF204K01K15_Nippon India Small Cap Fund.xlsx,SC,38,True,Equity Candidate
Nippon India Small Cap Fund,INF204K01K15,,Central Mine Planning & Design Institute Limited,INE05HV01027,Other,Commercial Services & Supplies,Commercial Services & Supplies,,24749675.0,57151.95,0.0069,INF204K01K15_Nippon India Small Cap Fund.xlsx,SC,39,True,Equity Candidate
Nippon India Small Cap Fund,INF204K01K15,,Hindustan Unilever Limited,INE030A01027,Other,Diversified FMCG,Diversified FMCG,,2895540.0,56966.85,0.0069,INF204K01K15_Nippon India Small Cap Fund.xlsx,SC,40,True,Equity Candidate
Nippon India Small Cap Fund,INF204K01K15,,Pfizer Limited,INE182A01018,Other,Pharmaceuticals & Biotechnology,Pharmaceuticals & Biotechnology,,1206103.0,56498.69,0.0068,INF204K01K15_Nippon India Small Cap Fund.xlsx,SC,41,True,Equity Candidate
Nippon India Small Cap Fund,INF204K01K15,,Dixon Technologies (India) Limited,INE935N01020,Other,Consumer Durables,Consumer Durables,,370644.0,55040.63,0.0067,INF204K01K15_Nippon India Small Cap Fund.xlsx,SC,42,True,Equity Candidate
Nippon India Small Cap Fund,INF204K01K15,,PNB Housing Finance Limited,INE572E01012,Other,Finance,Finance,,4748659.0,54547.85,0.0066,INF204K01K15_Nippon India Small Cap Fund.xlsx,SC,43,True,Equity Candidate
Nippon India Small Cap Fund,INF204K01K15,,Syngene International Limited,INE398R01022,Other,Healthcare Services,Healthcare Services,,13322540.0,53390.08,0.0065,INF204K01K15_Nippon India Small Cap Fund.xlsx,SC,44,True,Equity Candidate
Nippon India Small Cap Fund,INF204K01K15,,Gland Pharma Limited,INE068V01023,Other,Pharmaceuticals & Biotechnology,Pharmaceuticals & Biotechnology,,1832424.0,52880.09,0.0064,INF204K01K15_Nippon India Small Cap Fund.xlsx,SC,45,True,Equity Candidate
Nippon India Small Cap Fund,INF204K01K15,,Coal India Limited,INE522F01014,Other,Consumable Fuels,Consumable Fuels,,13000000.0,52227.5,0.0063,INF204K01K15_Nippon India Small Cap Fund.xlsx,SC,46,True,Equity Candidate
Nippon India Small Cap Fund,INF204K01K15,,Esab India Limited,INE284A01012,Other,Industrial Products,Industrial Products,,853782.0,52247.19,0.0063,INF204K01K15_Nippon India Small Cap Fund.xlsx,SC,47,True,Equity Candidate
Nippon India Small Cap Fund,INF204K01K15,,Lumax Auto Technologies Limited,INE872H01027,Other,Auto Components,Auto Components,,2480000.0,51546.8,0.0062,INF204K01K15_Nippon India Small Cap Fund.xlsx,SC,48,True,Equity Candidate
Nippon India Small Cap Fund,INF204K01K15,,AWL Agri Business Limited,INE699H01024,Other,Agricultural Food & other Products,Agricultural Food & other Products,,26233343.0,50512.3,0.0061,INF204K01K15_Nippon India Small Cap Fund.xlsx,SC,49,True,Equity Candidate
Nippon India Small Cap Fund,INF204K01K15,,Kalpataru Projects International Limited,INE220B01022,Other,Construction,Construction,,3622814.0,50752.0,0.0061,INF204K01K15_Nippon India Small Cap Fund.xlsx,SC,50,True,Equity Candidate
Nippon India Small Cap Fund,INF204K01K15,,Navin Fluorine International Limited,INE048G01026,Other,Chemicals & Petrochemicals,Chemicals & Petrochemicals,,567368.0,49222.01,0.006,INF204K01K15_Nippon India Small Cap Fund.xlsx,SC,51,True,Equity Candidate
Nippon India Small Cap Fund,INF204K01K15,,Rategain Travel Technologies Limited,INE0CLI01024,Other,IT - Software,IT - Software,,5314611.0,49835.11,0.006,INF204K01K15_Nippon India Small Cap Fund.xlsx,SC,52,True,Equity Candidate
Nippon India Small Cap Fund,INF204K01K15,,Asahi India Glass Limited,INE439A01020,Other,Auto Components,Auto Components,,5102823.0,48581.43,0.0059,INF204K01K15_Nippon India Small Cap Fund.xlsx,SC,53,True,Equity Candidate
Nippon India Small Cap Fund,INF204K01K15,,Vardhman Textiles Limited,INE825A01020,Other,Textiles & Apparels,Textiles & Apparels,,8465828.0,48428.77,0.0059,INF204K01K15_Nippon India Small Cap Fund.xlsx,SC,54,True,Equity Candidate
Nippon India Small Cap Fund,INF204K01K15,,Bluestone Jewellery and Lifestyle Limited,INE304W01038,Other,Consumer Durables,Consumer Durables,,5830504.0,47658.54,0.0058,INF204K01K15_Nippon India Small Cap Fund.xlsx,SC,55,True,Equity Candidate
Nippon India Small Cap Fund,INF204K01K15,,Orkla India Limited,INE16NZ01023,Other,Food Products,Food Products,,8091739.0,48113.48,0.0058,INF204K01K15_Nippon India Small Cap Fund.xlsx,SC,56,True,Equity Candidate
Nippon India Small Cap Fund,INF204K01K15,,Delhivery Limited,INE148O01028,Other,Transport Services,Transport Services,,10517117.0,47979.09,0.0058,INF204K01K15_Nippon India Small Cap Fund.xlsx,SC,57,True,Equity Candidate
Nippon India Small Cap Fund,INF204K01K15,,Mas Financial Services Limited,INE348L01012,Other,Finance,Finance,,15087423.0,45948.75,0.0056,INF204K01K15_Nippon India Small Cap Fund.xlsx,SC,58,True,Equity Candidate
Nippon India Small Cap Fund,INF204K01K15,,Krishna Institute Of Medical Sciences Limited,INE967H01025,Other,Healthcare Services,Healthcare Services,,6118377.0,46224.34,0.0056,INF204K01K15_Nippon India Small Cap Fund.xlsx,SC,59,True,Equity Candidate
Nippon India Small Cap Fund,INF204K01K15,,Omnitech Engineering Limited,INE0UH301010,Other,Industrial Manufacturing,Industrial Manufacturing,,8573332.0,46338.86,0.0056,INF204K01K15_Nippon India Small Cap Fund.xlsx,SC,60,True,Equity Candidate
Nippon India Small Cap Fund,INF204K01K15,,HDFC Life Insurance Company Limited,INE795G01014,Other,Insurance,Insurance,,8549571.0,46454.09,0.0056,INF204K01K15_Nippon India Small Cap Fund.xlsx,SC,61,True,Equity Candidate
Nippon India Small Cap Fund,INF204K01K15,,AstraZeneca Pharma India Limited,INE203A01020,Other,Pharmaceuticals & Biotechnology,Pharmaceuticals & Biotechnology,,661875.0,46010.24,0.0056,INF204K01K15_Nippon India Small Cap Fund.xlsx,SC,62,True,Equity Candidate
Nippon India Small Cap Fund,INF204K01K15,,Carborundum Universal Limited,INE120A01034,Other,Industrial Products,Industrial Products,,4073740.0,45080.01,0.0055,INF204K01K15_Nippon India Small Cap Fund.xlsx,SC,63,True,Equity Candidate
Nippon India Small Cap Fund,INF204K01K15,,Aditya Birla Sun Life AMC Limited,INE404A01024,Other,Capital Markets,Capital Markets,,4249792.0,44699.31,0.0054,INF204K01K15_Nippon India Small Cap Fund.xlsx,SC,64,True,Equity Candidate
Nippon India Small Cap Fund,INF204K01K15,,The Ramco Cements Limited,INE331A01037,Other,Cement & Cement Products,Cement & Cement Products,,5076860.0,44653.52,0.0054,INF204K01K15_Nippon India Small Cap Fund.xlsx,SC,65,True,Equity Candidate
Nippon India Small Cap Fund,INF204K01K15,,Timken India Limited,INE325A01013,Other,Industrial Products,Industrial Products,,1382500.0,43543.22,0.0053,INF204K01K15_Nippon India Small Cap Fund.xlsx,SC,66,True,Equity Candidate
Nippon India Small Cap Fund,INF204K01K15,,Gokaldas Exports Limited,INE887G01027,Other,Textiles & Apparels,Textiles & Apparels,,5394102.0,42122.54,0.0051,INF204K01K15_Nippon India Small Cap Fund.xlsx,SC,67,True,Equity Candidate
Nippon India Small Cap Fund,INF204K01K15,,Hindustan Aeronautics Limited,INE066F01020,Other,Aerospace & Defense,Aerospace & Defense,,862972.0,41436.46,0.005,INF204K01K15_Nippon India Small Cap Fund.xlsx,SC,68,True,Equity Candidate
Nippon India Small Cap Fund,INF204K01K15,,Fine Organic Industries Limited,INE686Y01026,Other,Chemicals & Petrochemicals,Chemicals & Petrochemicals,,785023.0,41471.2,0.005,INF204K01K15_Nippon India Small Cap Fund.xlsx,SC,69,True,Equity Candidate
Nippon India Small Cap Fund,INF204K01K15,,Affle 3i Limited,INE00WC01027,Other,IT - Services,IT - Services,,2587622.0,41347.61,0.005,INF204K01K15_Nippon India Small Cap Fund.xlsx,SC,70,True,Equity Candidate
Nippon India Small Cap Fund,INF204K01K15,,PVR INOX Limited,INE191H01014,Other,Entertainment,Entertainment,,3333342.0,40256.77,0.0049,INF204K01K15_Nippon India Small Cap Fund.xlsx,SC,71,True,Equity Candidate
Nippon India Small Cap Fund,INF204K01K15,,Procter & Gamble Health Limited,INE199A01012,Other,Pharmaceuticals & Biotechnology,Pharmaceuticals & Biotechnology,,694659.0,40067.93,0.0049,INF204K01K15_Nippon India Small Cap Fund.xlsx,SC,72,True,Equity Candidate
Nippon India Small Cap Fund,INF204K01K15,,K.P.R. Mill Limited,INE930H01031,Other,Textiles & Apparels,Textiles & Apparels,,3448243.0,40606.51,0.0049,INF204K01K15_Nippon India Small Cap Fund.xlsx,SC,73,True,Equity Candidate
Nippon India Small Cap Fund,INF204K01K15,,ICRA Limited,INE725G01011,Other,Capital Markets,Capital Markets,,809283.0,39787.59,0.0048,INF204K01K15_Nippon India Small Cap Fund.xlsx,SC,74,True,Equity Candidate
Nippon India Small Cap Fund,INF204K01K15,,Sona BLW Precision Forgings Limited,INE073K01018,Other,Auto Components,Auto Components,,4785079.0,38905.08,0.0047,INF204K01K15_Nippon India Small Cap Fund.xlsx,SC,75,True,Equity Candidate
Nippon India Small Cap Fund,INF204K01K15,,United Spirits Limited,INE854D01024,Other,Beverages,Beverages,,2617659.0,39003.12,0.0047,INF204K01K15_Nippon India Small Cap Fund.xlsx,SC,76,True,Equity Candidate
Nippon India Small Cap Fund,INF204K01K15,,Century Plyboards (India) Limited,INE348B01021,Other,Consumer Durables,Consumer Durables,,5074464.0,38426.38,0.0047,INF204K01K15_Nippon India Small Cap Fund.xlsx,SC,77,True,Equity Candidate
Nippon India Small Cap Fund,INF204K01K15,,Jubilant Foodworks Limited,INE797F01020,Other,Leisure Services,Leisure Services,,7755917.0,38469.35,0.0047,INF204K01K15_Nippon India Small Cap Fund.xlsx,SC,78,True,Equity Candidate
Nippon India Small Cap Fund,INF204K01K15,,PhysicsWallah Limited,INE0LP301011,Other,Other Consumer Services,Other Consumer Services,,33086819.0,38479.97,0.0047,INF204K01K15_Nippon India Small Cap Fund.xlsx,SC,79,True,Equity Candidate
Nippon India Small Cap Fund,INF204K01K15,,KFin Technologies Limited,INE138Y01010,Other,Capital Markets,Capital Markets,,3937532.0,38194.06,0.0046,INF204K01K15_Nippon India Small Cap Fund.xlsx,SC,80,True,Equity Candidate
Nippon India Small Cap Fund,INF204K01K15,,Finolex Cables Limited,INE235A01022,Other,Industrial Products,Industrial Products,,3040235.0,37916.29,0.0046,INF204K01K15_Nippon India Small Cap Fund.xlsx,SC,81,True,Equity Candidate
Nippon India Small Cap Fund,INF204K01K15,,Tata Consumer Products Limited,INE192A01025,Other,Agricultural Food & other Products,Agricultural Food & other Products,,3608686.0,37440.12,0.0045,INF204K01K15_Nippon India Small Cap Fund.xlsx,SC,82,True,Equity Candidate
Nippon India Small Cap Fund,INF204K01K15,,Poonawalla Fincorp Limited,INE511C01022,Other,Finance,Finance,,8091706.0,37529.33,0.0045,INF204K01K15_Nippon India Small Cap Fund.xlsx,SC,83,True,Equity Candidate
Nippon India Small Cap Fund,INF204K01K15,,REC Limited,INE020B01018,Other,Finance,Finance,,11511370.0,37216.26,0.0045,INF204K01K15_Nippon India Small Cap Fund.xlsx,SC,84,True,Equity Candidate
Nippon India Small Cap Fund,INF204K01K15,,Grindwell Norton Limited,INE536A01023,Other,Industrial Products,Industrial Products,,1817531.0,36768.65,0.0045,INF204K01K15_Nippon India Small Cap Fund.xlsx,SC,85,True,Equity Candidate
Nippon India Small Cap Fund,INF204K01K15,,Astra Microwave Products Limited,INE386C01029,Other,Aerospace & Defense,Aerospace & Defense,,2200000.0,36652.0,0.0044,INF204K01K15_Nippon India Small Cap Fund.xlsx,SC,86,True,Equity Candidate
Nippon India Small Cap Fund,INF204K01K15,,Crompton Greaves Consumer Electricals Limited,INE299U01018,Other,Consumer Durables,Consumer Durables,,15310436.0,36117.32,0.0044,INF204K01K15_Nippon India Small Cap Fund.xlsx,SC,87,True,Equity Candidate
Nippon India Small Cap Fund,INF204K01K15,,Kotak Mahindra Bank Limited,INE237A01036,Other,Banks,Banks,,8500000.0,35649.0,0.0043,INF204K01K15_Nippon India Small Cap Fund.xlsx,SC,88,True,Equity Candidate
Nippon India Small Cap Fund,INF204K01K15,,Central Depository Services (India) Limited,INE736A01011,Other,Capital Markets,Capital Markets,,2539226.0,35612.64,0.0043,INF204K01K15_Nippon India Small Cap Fund.xlsx,SC,89,True,Non-Equity
Nippon India Small Cap Fund,INF204K01K15,,Galaxy Surfactants Limited,INE600K01018,Other,Chemicals & Petrochemicals,Chemicals & Petrochemicals,,1558820.0,35160.74,0.0043,INF204K01K15_Nippon India Small Cap Fund.xlsx,SC,90,True,Equity Candidate
Nippon India Small Cap Fund,INF204K01K15,,ISGEC Heavy Engineering Limited,INE858B01029,Other,Construction,Construction,,4498108.0,35564.29,0.0043,INF204K01K15_Nippon India Small Cap Fund.xlsx,SC,91,True,Equity Candidate
Nippon India Small Cap Fund,INF204K01K15,,Jio Financial Services Limited,INE758E01017,Other,Finance,Finance,,14450010.0,34875.1,0.0042,INF204K01K15_Nippon India Small Cap Fund.xlsx,SC,92,True,Equity Candidate
Nippon India Small Cap Fund,INF204K01K15,,Bajaj Consumer Care Limited,INE933K01021,Other,Personal Products,Personal Products,,7292317.0,34569.23,0.0042,INF204K01K15_Nippon India Small Cap Fund.xlsx,SC,93,True,Equity Candidate
Nippon India Small Cap Fund,INF204K01K15,,Shadowfax Technologies Limited,INE12UN01015,Other,Transport Services,Transport Services,,13437356.0,34732.88,0.0042,INF204K01K15_Nippon India Small Cap Fund.xlsx,SC,94,True,Equity Candidate
Nippon India Small Cap Fund,INF204K01K15,,Sansera Engineering Limited,INE953O01021,Other,Auto Components,Auto Components,,840207.0,33759.52,0.0041,INF204K01K15_Nippon India Small Cap Fund.xlsx,SC,95,True,Equity Candidate
Nippon India Small Cap Fund,INF204K01K15,,RBL Bank Limited,INE976G01028,Other,Banks,Banks,,8932844.0,33976.07,0.0041,INF204K01K15_Nippon India Small Cap Fund.xlsx,SC,96,True,Equity Candidate
Nippon India Small Cap Fund,INF204K01K15,,Orient Electric Limited,INE142Z01019,Other,Consumer Durables,Consumer Durables,,19057091.0,34270.37,0.0041,INF204K01K15_Nippon India Small Cap Fund.xlsx,SC,97,True,Equity Candidate
Nippon India Small Cap Fund,INF204K01K15,,Healthcare Global Enterprises Limited,INE075I01017,Other,Healthcare Services,Healthcare Services,,4658823.0,34163.15,0.0041,INF204K01K15_Nippon India Small Cap Fund.xlsx,SC,98,True,Equity Candidate
Nippon India Small Cap Fund,INF204K01K15,,TSF Investments  Limited,INE202Z01029,Other,Finance,Finance,,8201672.0,32905.11,0.004,INF204K01K15_Nippon India Small Cap Fund.xlsx,SC,99,True,Equity Candidate
Nippon India Small Cap Fund,INF204K01K15,,Cyient Limited,INE136B01020,Other,IT - Services,IT - Services,,2791867.0,32798.85,0.004,INF204K01K15_Nippon India Small Cap Fund.xlsx,SC,100,True,Equity Candidate
Nippon India Small Cap Fund,INF204K01K15,,Sudarshan Chemical Industries Limited,INE659A01023,Other,Chemicals & Petrochemicals,Chemicals & Petrochemicals,,2565754.0,32502.97,0.0039,INF204K01K15_Nippon India Small Cap Fund.xlsx,SC,101,True,Equity Candidate
Nippon India Small Cap Fund,INF204K01K15,,Deepak Nitrite Limited,INE288B01029,Other,Chemicals & Petrochemicals,Chemicals & Petrochemicals,,1857622.0,32497.24,0.0039,INF204K01K15_Nippon India Small Cap Fund.xlsx,SC,102,True,Equity Candidate
Nippon India Small Cap Fund,INF204K01K15,,City Union Bank Limited,INE491A01021,Other,Banks,Banks,,13667560.0,31324.68,0.0038,INF204K01K15_Nippon India Small Cap Fund.xlsx,SC,103,True,Equity Candidate
Nippon India Small Cap Fund,INF204K01K15,,Billionbrains Garage Ventures Ltd,INE0HOQ01053,Other,Capital Markets,Capital Markets,,16523048.0,31734.17,0.0038,INF204K01K15_Nippon India Small Cap Fund.xlsx,SC,104,True,Equity Candidate
Nippon India Small Cap Fund,INF204K01K15,,Thyrocare Technologies Limited,INE594H01019,Other,Healthcare Services,Healthcare Services,,5167803.0,31239.37,0.0038,INF204K01K15_Nippon India Small Cap Fund.xlsx,SC,105,True,Equity Candidate
Nippon India Small Cap Fund,INF204K01K15,,Persistent Systems Limited,INE262H01021,Other,IT - Software,IT - Software,,550028.0,30771.32,0.0037,INF204K01K15_Nippon India Small Cap Fund.xlsx,SC,106,True,Equity Candidate
Nippon India Small Cap Fund,INF204K01K15,,Vedanta Aluminium Metal Limited,INE1CDF01017,Other,Non - Ferrous Metals,Non - Ferrous Metals,,7019640.0,30545.96,0.0037,INF204K01K15_Nippon India Small Cap Fund.xlsx,SC,107,True,Equity Candidate
Nippon India Small Cap Fund,INF204K01K15,,Aarti Industries Limited,INE769A01020,Other,Chemicals & Petrochemicals,Chemicals & Petrochemicals,,5663408.0,29698.91,0.0036,INF204K01K15_Nippon India Small Cap Fund.xlsx,SC,108,True,Equity Candidate
Nippon India Small Cap Fund,INF204K01K15,,Voltas Limited,INE226A01021,Other,Consumer Durables,Consumer Durables,,2493009.0,29776.5,0.0036,INF204K01K15_Nippon India Small Cap Fund.xlsx,SC,109,True,Equity Candidate
Nippon India Small Cap Fund,INF204K01K15,,The Indian Hotels Company Limited,INE053A01029,Other,Leisure Services,Leisure Services,,3975828.0,29337.63,0.0036,INF204K01K15_Nippon India Small Cap Fund.xlsx,SC,110,True,Equity Candidate
Nippon India Small Cap Fund,INF204K01K15,,Samvardhana Motherson International Limited,INE775A01035,Other,Auto Components,Auto Components,,17000000.0,29015.6,0.0035,INF204K01K15_Nippon India Small Cap Fund.xlsx,SC,111,True,Equity Candidate
Nippon India Small Cap Fund,INF204K01K15,,Blue Star Limited,INE472A01039,Other,Consumer Durables,Consumer Durables,,2002468.0,29312.13,0.0035,INF204K01K15_Nippon India Small Cap Fund.xlsx,SC,112,True,Equity Candidate
Nippon India Small Cap Fund,INF204K01K15,,eMudhra Limited,INE01QM01018,Other,IT - Services,IT - Services,,5114115.0,28017.68,0.0034,INF204K01K15_Nippon India Small Cap Fund.xlsx,SC,113,True,Equity Candidate
Nippon India Small Cap Fund,INF204K01K15,,NIIT Learning Systems Limited,INE342G01023,Other,Other Consumer Services,Other Consumer Services,,12207638.0,27725.99,0.0034,INF204K01K15_Nippon India Small Cap Fund.xlsx,SC,114,True,Equity Candidate
Nippon India Small Cap Fund,INF204K01K15,,NTPC Green Energy Limited,INE0ONG01011,Other,Power,Power,,31207243.0,27933.6,0.0034,INF204K01K15_Nippon India Small Cap Fund.xlsx,SC,115,True,Equity Candidate
Nippon India Small Cap Fund,INF204K01K15,,Tejas Networks Limited,INE010J01012,Other,Telecom - Equipment & Accessories,Telecom - Equipment & Accessories,,5007516.0,28029.57,0.0034,INF204K01K15_Nippon India Small Cap Fund.xlsx,SC,116,True,Equity Candidate
Nippon India Small Cap Fund,INF204K01K15,,Jtekt India Limited,INE643A01035,Other,Auto Components,Auto Components,,21133584.0,26347.24,0.0032,INF204K01K15_Nippon India Small Cap Fund.xlsx,SC,117,True,Equity Candidate
Nippon India Small Cap Fund,INF204K01K15,,Ambuja Cements Limited,INE079A01024,Other,Cement & Cement Products,Cement & Cement Products,,6615810.0,26539.32,0.0032,INF204K01K15_Nippon India Small Cap Fund.xlsx,SC,118,True,Equity Candidate
Nippon India Small Cap Fund,INF204K01K15,,Pine Labs Limited,INE15B701018,Other,Financial Technology (Fintech),Financial Technology (Fintech),,16237157.0,26633.81,0.0032,INF204K01K15_Nippon India Small Cap Fund.xlsx,SC,119,True,Equity Candidate
Nippon India Small Cap Fund,INF204K01K15,,Metropolis Healthcare Limited,INE112L01020,Other,Healthcare Services,Healthcare Services,,4581344.0,26679.46,0.0032,INF204K01K15_Nippon India Small Cap Fund.xlsx,SC,120,True,Equity Candidate
Nippon India Small Cap Fund,INF204K01K15,,ION Exchange (India) Limited,INE570A01022,Other,Other Utilities,Other Utilities,,7161360.0,26056.61,0.0032,INF204K01K15_Nippon India Small Cap Fund.xlsx,SC,121,True,Equity Candidate
Nippon India Small Cap Fund,INF204K01K15,,Tata Power Company Limited,INE245A01021,Other,Power,Power,,7707138.0,26743.77,0.0032,INF204K01K15_Nippon India Small Cap Fund.xlsx,SC,122,True,Equity Candidate
Nippon India Small Cap Fund,INF204K01K15,,Bharat Electronics Limited,INE263A01024,Other,Aerospace & Defense,Aerospace & Defense,,6211691.0,25744.35,0.0031,INF204K01K15_Nippon India Small Cap Fund.xlsx,SC,123,True,Equity Candidate
Nippon India Small Cap Fund,INF204K01K15,,Allied Blenders And Distillers Limited,INE552Z01027,Other,Beverages,Beverages,,4178025.0,25836.91,0.0031,INF204K01K15_Nippon India Small Cap Fund.xlsx,SC,124,True,Equity Candidate
Nippon India Small Cap Fund,INF204K01K15,,CARE Ratings Limited,INE752H01013,Other,Capital Markets,Capital Markets,,1476822.0,25534.25,0.0031,INF204K01K15_Nippon India Small Cap Fund.xlsx,SC,125,True,Equity Candidate
Nippon India Small Cap Fund,INF204K01K15,,JSW Cement Limited,INE718I01012,Other,Cement & Cement Products,Cement & Cement Products,,20260819.0,25532.68,0.0031,INF204K01K15_Nippon India Small Cap Fund.xlsx,SC,126,True,Equity Candidate
Nippon India Small Cap Fund,INF204K01K15,,Linde India Limited,INE473A01011,Other,Chemicals & Petrochemicals,Chemicals & Petrochemicals,,400000.0,25542.0,0.0031,INF204K01K15_Nippon India Small Cap Fund.xlsx,SC,127,True,Equity Candidate
Nippon India Small Cap Fund,INF204K01K15,,Clean Science and Technology Limited,INE227W01023,Other,Chemicals & Petrochemicals,Chemicals & Petrochemicals,,3091186.0,25435.82,0.0031,INF204K01K15_Nippon India Small Cap Fund.xlsx,SC,128,True,Equity Candidate
Nippon India Small Cap Fund,INF204K01K15,,TTK Prestige Limited,INE690A01028,Other,Consumer Durables,Consumer Durables,,4413794.0,25767.73,0.0031,INF204K01K15_Nippon India Small Cap Fund.xlsx,SC,129,True,Equity Candidate
Nippon India Small Cap Fund,INF204K01K15,,Sapphire Foods India Limited,INE806T01020,Other,Leisure Services,Leisure Services,,10793786.0,25301.71,0.0031,INF204K01K15_Nippon India Small Cap Fund.xlsx,SC,130,True,Equity Candidate
Nippon India Small Cap Fund,INF204K01K15,,Torrent Pharmaceuticals Limited,INE685A01028,Other,Pharmaceuticals & Biotechnology,Pharmaceuticals & Biotechnology,,505464.0,25606.81,0.0031,INF204K01K15_Nippon India Small Cap Fund.xlsx,SC,131,True,Equity Candidate
Nippon India Small Cap Fund,INF204K01K15,,Juniper Green Energy Limited,INE05C901015,Other,Power,Power,,9797902.0,25942.88,0.0031,INF204K01K15_Nippon India Small Cap Fund.xlsx,SC,132,True,Equity Candidate
Nippon India Small Cap Fund,INF204K01K15,,Adani Ports and Special Economic Zone Limited,INE742F01042,Other,Transport Infrastructure,Transport Infrastructure,,1593769.0,25390.33,0.0031,INF204K01K15_Nippon India Small Cap Fund.xlsx,SC,133,True,Equity Candidate
Nippon India Small Cap Fund,INF204K01K15,,Exide Industries Limited,INE302A01020,Other,Auto Components,Auto Components,,5659350.0,24915.29,0.003,INF204K01K15_Nippon India Small Cap Fund.xlsx,SC,134,True,Equity Candidate
Nippon India Small Cap Fund,INF204K01K15,,Vindhya Telelinks Limited,INE707A01012,Other,Construction,Construction,,974673.0,24712.83,0.003,INF204K01K15_Nippon India Small Cap Fund.xlsx,SC,135,True,Equity Candidate
Nippon India Small Cap Fund,INF204K01K15,,Power Finance Corporation Limited,INE134E01011,Other,Finance,Finance,,7393176.0,24863.25,0.003,INF204K01K15_Nippon India Small Cap Fund.xlsx,SC,136,True,Equity Candidate
Nippon India Small Cap Fund,INF204K01K15,,Godrej Agrovet Limited,INE850D01014,Other,Food Products,Food Products,,4021039.0,24741.45,0.003,INF204K01K15_Nippon India Small Cap Fund.xlsx,SC,137,True,Equity Candidate
Nippon India Small Cap Fund,INF204K01K15,,Dr. Lal Path Labs Limited,INE600L01024,Other,Healthcare Services,Healthcare Services,,1290970.0,24975.11,0.003,INF204K01K15_Nippon India Small Cap Fund.xlsx,SC,138,True,Equity Candidate
Nippon India Small Cap Fund,INF204K01K15,,Data Patterns (India) Limited,INE0IX101010,Other,Aerospace & Defense,Aerospace & Defense,,524363.0,23709.07,0.0029,INF204K01K15_Nippon India Small Cap Fund.xlsx,SC,139,True,Equity Candidate
Nippon India Small Cap Fund,INF204K01K15,,Birla Corporation Limited,INE340A01012,Other,Cement & Cement Products,Cement & Cement Products,,2697453.0,23540.67,0.0029,INF204K01K15_Nippon India Small Cap Fund.xlsx,SC,140,True,Equity Candidate
Nippon India Small Cap Fund,INF204K01K15,,Kajaria Ceramics Limited,INE217B01036,Other,Consumer Durables,Consumer Durables,,1895015.0,23589.15,0.0029,INF204K01K15_Nippon India Small Cap Fund.xlsx,SC,141,True,Equity Candidate
Nippon India Small Cap Fund,INF204K01K15,,Genus Power Infrastructures Limited,INE955D01029,Other,Electrical Equipment,Electrical Equipment,,7000000.0,23464.0,0.0028,INF204K01K15_Nippon India Small Cap Fund.xlsx,SC,142,True,Equity Candidate
Nippon India Small Cap Fund,INF204K01K15,,Jindal Saw Limited,INE324A01032,Other,Industrial Products,Industrial Products,,7567590.0,23433.04,0.0028,INF204K01K15_Nippon India Small Cap Fund.xlsx,SC,143,True,Equity Candidate
Nippon India Small Cap Fund,INF204K01K15,,Aditya Birla Real Estate Limited,INE055A01016,Other,Realty,Realty,,1721623.0,23336.6,0.0028,INF204K01K15_Nippon India Small Cap Fund.xlsx,SC,144,True,Equity Candidate
Nippon India Small Cap Fund,INF204K01K15,,Belrise Industries Ltd.,INE894V01022,Other,Auto Components,Auto Components,,9728130.0,22602.34,0.0027,INF204K01K15_Nippon India Small Cap Fund.xlsx,SC,145,True,Equity Candidate
Nippon India Small Cap Fund,INF204K01K15,,Styrenix Performance Materials Limited,INE189B01011,Other,Chemicals & Petrochemicals,Chemicals & Petrochemicals,,1109890.0,22222.22,0.0027,INF204K01K15_Nippon India Small Cap Fund.xlsx,SC,146,True,Equity Candidate
Nippon India Small Cap Fund,INF204K01K15,,Bayer Cropscience Limited,INE462A01022,Other,Fertilizers & Agrochemicals,Fertilizers & Agrochemicals,,566144.0,22481.01,0.0027,INF204K01K15_Nippon India Small Cap Fund.xlsx,SC,147,True,Equity Candidate
Nippon India Small Cap Fund,INF204K01K15,,V.S.T Tillers Tractors Limited,INE764D01017,Other,"Agricultural, Commercial & Construction Vehicles","Agricultural, Commercial & Construction Vehicles",,501622.0,21861.19,0.0026,INF204K01K15_Nippon India Small Cap Fund.xlsx,SC,148,True,Equity Candidate
Nippon India Small Cap Fund,INF204K01K15,,Premier Energies Limited,INE0BS701011,Other,Electrical Equipment,Electrical Equipment,,2053186.0,21277.17,0.0026,INF204K01K15_Nippon India Small Cap Fund.xlsx,SC,149,True,Equity Candidate
Nippon India Small Cap Fund,INF204K01K15,,LIC Housing Finance Limited,INE115A01026,Other,Finance,Finance,,4017748.0,21631.56,0.0026,INF204K01K15_Nippon India Small Cap Fund.xlsx,SC,150,True,Equity Candidate
Nippon India Small Cap Fund,INF204K01K15,,Jyothy Labs Limited,INE668F01031,Other,Household Products,Household Products,,10691520.0,21754.04,0.0026,INF204K01K15_Nippon India Small Cap Fund.xlsx,SC,151,True,Equity Candidate
Nippon India Small Cap Fund,INF204K01K15,,West Coast Paper Mills Limited,INE976A01021,Other,"Paper, Forest & Jute Products","Paper, Forest & Jute Products",,3459187.0,21163.31,0.0026,INF204K01K15_Nippon India Small Cap Fund.xlsx,SC,152,True,Equity Candidate
Nippon India Small Cap Fund,INF204K01K15,,Leela Palaces Hotels & Resorts Limited,INE0AQ201015,Other,Leisure Services,Leisure Services,,3688067.0,21036.73,0.0025,INF204K01K15_Nippon India Small Cap Fund.xlsx,SC,153,True,Equity Candidate
Nippon India Small Cap Fund,INF204K01K15,,Lemon Tree Hotels Limited,INE970X01018,Other,Leisure Services,Leisure Services,,19133536.0,20329.38,0.0025,INF204K01K15_Nippon India Small Cap Fund.xlsx,SC,154,True,Equity Candidate
Nippon India Small Cap Fund,INF204K01K15,,Schaeffler India Limited,INE513A01022,Other,Auto Components,Auto Components,,484271.0,19442.51,0.0024,INF204K01K15_Nippon India Small Cap Fund.xlsx,SC,155,True,Equity Candidate
Nippon India Small Cap Fund,INF204K01K15,,CIE Automotive India Limited,INE536H01010,Other,Auto Components,Auto Components,,4966784.0,19422.61,0.0024,INF204K01K15_Nippon India Small Cap Fund.xlsx,SC,156,True,Equity Candidate
Nippon India Small Cap Fund,INF204K01K15,,RITES Limited,INE320J01015,Other,Construction,Construction,,9200000.0,20096.48,0.0024,INF204K01K15_Nippon India Small Cap Fund.xlsx,SC,157,True,Equity Candidate
Nippon India Small Cap Fund,INF204K01K15,,PG Electroplast Limited,INE457L01029,Other,Consumer Durables,Consumer Durables,,3451480.0,20053.1,0.0024,INF204K01K15_Nippon India Small Cap Fund.xlsx,SC,158,True,Equity Candidate
Nippon India Small Cap Fund,INF204K01K15,,Sun Pharmaceutical Industries Limited,INE044A01036,Other,Pharmaceuticals & Biotechnology,Pharmaceuticals & Biotechnology,,1000000.0,19848.0,0.0024,INF204K01K15_Nippon India Small Cap Fund.xlsx,SC,159,True,Equity Candidate
Nippon India Small Cap Fund,INF204K01K15,,Afcons Infrastructure Limited,INE101I01011,Other,Construction,Construction,,6695997.0,19127.12,0.0023,INF204K01K15_Nippon India Small Cap Fund.xlsx,SC,160,True,Equity Candidate
Nippon India Small Cap Fund,INF204K01K15,,Vedanta Limited,INE205A01025,Other,Diversified Metals,Diversified Metals,,6944141.0,19318.6,0.0023,INF204K01K15_Nippon India Small Cap Fund.xlsx,SC,161,True,Equity Candidate
Nippon India Small Cap Fund,INF204K01K15,,Harsha Engineers International Limited,INE0JUS01029,Other,Industrial Products,Industrial Products,,4136864.0,18859.96,0.0023,INF204K01K15_Nippon India Small Cap Fund.xlsx,SC,162,True,Equity Candidate
Nippon India Small Cap Fund,INF204K01K15,,Castrol India Limited,INE172A01027,Other,Petroleum Products,Petroleum Products,,10072811.0,18583.33,0.0023,INF204K01K15_Nippon India Small Cap Fund.xlsx,SC,163,True,Equity Candidate
Nippon India Small Cap Fund,INF204K01K15,,Aditya Birla Lifestyle Brands Limited,INE14LE01019,Other,Retailing,Retailing,,22375020.0,19401.38,0.0023,INF204K01K15_Nippon India Small Cap Fund.xlsx,SC,164,True,Equity Candidate
Nippon India Small Cap Fund,INF204K01K15,,Sumitomo Chemical India Limited,INE258G01013,Other,Fertilizers & Agrochemicals,Fertilizers & Agrochemicals,,3554584.0,18393.19,0.0022,INF204K01K15_Nippon India Small Cap Fund.xlsx,SC,165,True,Equity Candidate
Nippon India Small Cap Fund,INF204K01K15,,Piramal Finance Limited,INE202B01038,Other,Finance,Finance,,806058.0,18542.56,0.0022,INF204K01K15_Nippon India Small Cap Fund.xlsx,SC,166,True,Equity Candidate
Nippon India Small Cap Fund,INF204K01K15,,Narayana Hrudayalaya Limited,INE410P01011,Other,Healthcare Services,Healthcare Services,,944173.0,18007.27,0.0022,INF204K01K15_Nippon India Small Cap Fund.xlsx,SC,167,True,Equity Candidate
Nippon India Small Cap Fund,INF204K01K15,,Honda India Power Products Limited,INE634A01018,Other,Industrial Manufacturing,Industrial Manufacturing,,898730.0,18136.37,0.0022,INF204K01K15_Nippon India Small Cap Fund.xlsx,SC,168,True,Equity Candidate
Nippon India Small Cap Fund,INF204K01K15,,Net Current Assets,,Other,,,,,10424.78,0.0022,INF204K01K15_Nippon India Small Cap Fund.xlsx,SC,272,False,Other
Nippon India Small Cap Fund,INF204K01K15,,ZF Commercial Vehicle Control Systems India Limited,INE342J01019,Other,Auto Components,Auto Components,,669600.0,16971.68,0.0021,INF204K01K15_Nippon India Small Cap Fund.xlsx,SC,169,True,Equity Candidate
Nippon India Small Cap Fund,INF204K01K15,,Kaynes Technology India Limited,INE918Z01012,Other,Industrial Manufacturing,Industrial Manufacturing,,479269.0,17661.06,0.0021,INF204K01K15_Nippon India Small Cap Fund.xlsx,SC,170,True,Equity Candidate
Nippon India Small Cap Fund,INF204K01K15,,Praj Industries Limited,INE074A01025,Other,Industrial Manufacturing,Industrial Manufacturing,,5051724.0,17372.88,0.0021,INF204K01K15_Nippon India Small Cap Fund.xlsx,SC,171,True,Equity Candidate
Nippon India Small Cap Fund,INF204K01K15,,Sandhar Technologies Limited,INE278H01035,Other,Auto Components,Auto Components,,2482877.0,16226.84,0.002,INF204K01K15_Nippon India Small Cap Fund.xlsx,SC,172,True,Equity Candidate
Nippon India Small Cap Fund,INF204K01K15,,Chambal Fertilizers & Chemicals Limited,INE085A01013,Other,Fertilizers & Agrochemicals,Fertilizers & Agrochemicals,,4057980.0,16619.46,0.002,INF204K01K15_Nippon India Small Cap Fund.xlsx,SC,173,True,Equity Candidate
Nippon India Small Cap Fund,INF204K01K15,,CESC Limited,INE486A01021,Other,Power,Power,,11188202.0,16352.68,0.002,INF204K01K15_Nippon India Small Cap Fund.xlsx,SC,174,True,Equity Candidate
Nippon India Small Cap Fund,INF204K01K15,,Landmark Cars Limited,INE559R01029,Other,Automobiles,Automobiles,,3111032.0,16098.04,0.0019,INF204K01K15_Nippon India Small Cap Fund.xlsx,SC,175,True,Equity Candidate
Nippon India Small Cap Fund,INF204K01K15,,Fujiyama Power Systems Limited,INE12UR01024,Other,Electrical Equipment,Electrical Equipment,,3321083.0,15311.85,0.0019,INF204K01K15_Nippon India Small Cap Fund.xlsx,SC,176,True,Equity Candidate
Nippon India Small Cap Fund,INF204K01K15,,Aavas Financiers Limited,INE216P01012,Other,Finance,Finance,,1268993.0,16004.54,0.0019,INF204K01K15_Nippon India Small Cap Fund.xlsx,SC,177,True,Equity Candidate
Nippon India Small Cap Fund,INF204K01K15,,LMW Limited,INE269B01029,Other,Industrial Manufacturing,Industrial Manufacturing,,84041.0,15946.78,0.0019,INF204K01K15_Nippon India Small Cap Fund.xlsx,SC,178,True,Equity Candidate
Nippon India Small Cap Fund,INF204K01K15,,Brigade Enterprises Limited,INE791I01019,Other,Realty,Realty,,2443732.0,16027.22,0.0019,INF204K01K15_Nippon India Small Cap Fund.xlsx,SC,179,True,Equity Candidate
Nippon India Small Cap Fund,INF204K01K15,,DLF Limited,INE271C01023,Other,Realty,Realty,,2211533.0,15282.8,0.0019,INF204K01K15_Nippon India Small Cap Fund.xlsx,SC,180,True,Equity Candidate
Nippon India Small Cap Fund,INF204K01K15,,Bharat Dynamics Limited,INE171Z01026,Other,Aerospace & Defense,Aerospace & Defense,,1197856.0,15272.66,0.0018,INF204K01K15_Nippon India Small Cap Fund.xlsx,SC,181,True,Equity Candidate
Nippon India Small Cap Fund,INF204K01K15,,LG Balakrishnan & Bros Limited,INE337A01034,Other,Auto Components,Auto Components,,890918.0,15077.9,0.0018,INF204K01K15_Nippon India Small Cap Fund.xlsx,SC,182,True,Equity Candidate
Nippon India Small Cap Fund,INF204K01K15,,Computer Age Management Services Limited,INE596I01020,Other,Capital Markets,Capital Markets,,1888055.0,14764.59,0.0018,INF204K01K15_Nippon India Small Cap Fund.xlsx,SC,183,True,Equity Candidate
Nippon India Small Cap Fund,INF204K01K15,,Indigo Paints Limited,INE09VQ01012,Other,Consumer Durables,Consumer Durables,,1323874.0,15262.94,0.0018,INF204K01K15_Nippon India Small Cap Fund.xlsx,SC,184,True,Equity Candidate
Nippon India Small Cap Fund,INF204K01K15,,Doms Industries Limited,INE321T01012,Other,Household Products,Household Products,,650911.0,14531.59,0.0018,INF204K01K15_Nippon India Small Cap Fund.xlsx,SC,185,True,Equity Candidate
Nippon India Small Cap Fund,INF204K01K15,,Sanofi India Limited,INE058A01010,Other,Pharmaceuticals & Biotechnology,Pharmaceuticals & Biotechnology,,479885.0,14991.61,0.0018,INF204K01K15_Nippon India Small Cap Fund.xlsx,SC,186,True,Equity Candidate
Nippon India Small Cap Fund,INF204K01K15,,Seamec Limited,INE497B01018,Other,Transport Services,Transport Services,,911479.0,15265.45,0.0018,INF204K01K15_Nippon India Small Cap Fund.xlsx,SC,187,True,Equity Candidate
Nippon India Small Cap Fund,INF204K01K15,,Divgi Torqtransfer Systems Limited,INE753U01022,Other,Auto Components,Auto Components,,1152910.0,13681.58,0.0017,INF204K01K15_Nippon India Small Cap Fund.xlsx,SC,188,True,Equity Candidate
Nippon India Small Cap Fund,INF204K01K15,,CreditAccess Grameen Limited,INE741K01010,Other,Finance,Finance,,1038984.0,14166.55,0.0017,INF204K01K15_Nippon India Small Cap Fund.xlsx,SC,189,True,Equity Candidate
Nippon India Small Cap Fund,INF204K01K15,,KPIT Technologies Limited,INE04I401011,Other,IT - Software,IT - Software,,2401213.0,14047.1,0.0017,INF204K01K15_Nippon India Small Cap Fund.xlsx,SC,190,True,Equity Candidate
Nippon India Small Cap Fund,INF204K01K15,,Elgi Equipments Limited,INE285A01027,Other,Industrial Products,Industrial Products,,2193888.0,13763.36,0.0017,INF204K01K15_Nippon India Small Cap Fund.xlsx,SC,191,True,Equity Candidate
Nippon India Small Cap Fund,INF204K01K15,,FDC Limited,INE258B01022,Other,Pharmaceuticals & Biotechnology,Pharmaceuticals & Biotechnology,,4275331.0,14416.42,0.0017,INF204K01K15_Nippon India Small Cap Fund.xlsx,SC,192,True,Equity Candidate
Nippon India Small Cap Fund,INF204K01K15,,Automotive Axles Limited,INE449A01011,Other,Auto Components,Auto Components,,759930.0,13136.15,0.0016,INF204K01K15_Nippon India Small Cap Fund.xlsx,SC,193,True,Equity Candidate
Nippon India Small Cap Fund,INF204K01K15,,Canara Robeco Asset Management Company Ltd,INE218I01013,Other,Capital Markets,Capital Markets,,5123624.0,13285.56,0.0016,INF204K01K15_Nippon India Small Cap Fund.xlsx,SC,194,True,Equity Candidate
Nippon India Small Cap Fund,INF204K01K15,,UTI Asset Management Company Limited,INE094J01016,Other,Capital Markets,Capital Markets,,1509207.0,13138.4,0.0016,INF204K01K15_Nippon India Small Cap Fund.xlsx,SC,195,True,Equity Candidate
Nippon India Small Cap Fund,INF204K01K15,,Can Fin Homes Limited,INE477A01020,Other,Finance,Finance,,1644260.0,13076.8,0.0016,INF204K01K15_Nippon India Small Cap Fund.xlsx,SC,196,True,Equity Candidate
Nippon India Small Cap Fund,INF204K01K15,,Max Estates Limited,INE03EI01018,Other,Realty,Realty,,2510461.0,12866.11,0.0016,INF204K01K15_Nippon India Small Cap Fund.xlsx,SC,197,True,Equity Candidate
Nippon India Small Cap Fund,INF204K01K15,,Sharda Motor Industries Ltd.,INE597I01028,Other,Auto Components,Auto Components,,1433082.0,12652.68,0.0015,INF204K01K15_Nippon India Small Cap Fund.xlsx,SC,198,True,Equity Candidate
Nippon India Small Cap Fund,INF204K01K15,,Texmaco Rail & Engineering Limited,INE621L01012,Other,Industrial Manufacturing,Industrial Manufacturing,,11408783.0,12429.87,0.0015,INF204K01K15_Nippon India Small Cap Fund.xlsx,SC,199,True,Equity Candidate
Nippon India Small Cap Fund,INF204K01K15,,Swiggy Limited,INE00H001014,Other,Retailing,Retailing,,4472620.0,12608.32,0.0015,INF204K01K15_Nippon India Small Cap Fund.xlsx,SC,200,True,Equity Candidate
Nippon India Small Cap Fund,INF204K01K15,,Just Dial Limited,INE599M01018,Other,Retailing,Retailing,,1690305.0,12004.55,0.0015,INF204K01K15_Nippon India Small Cap Fund.xlsx,SC,201,True,Equity Candidate
Nippon India Small Cap Fund,INF204K01K15,,Escorts Kubota Limited,INE042A01014,Other,"Agricultural, Commercial & Construction Vehicles","Agricultural, Commercial & Construction Vehicles",,394076.0,11802.58,0.0014,INF204K01K15_Nippon India Small Cap Fund.xlsx,SC,202,True,Equity Candidate
Nippon India Small Cap Fund,INF204K01K15,,Asian Paints Limited,INE021A01026,Other,Consumer Durables,Consumer Durables,,442652.0,11746.21,0.0014,INF204K01K15_Nippon India Small Cap Fund.xlsx,SC,203,True,Equity Candidate
Nippon India Small Cap Fund,INF204K01K15,,Bajel Projects Limited,INE0KQN01018,Other,Electrical Equipment,Electrical Equipment,,6150393.0,11939.14,0.0014,INF204K01K15_Nippon India Small Cap Fund.xlsx,SC,204,True,Equity Candidate
Nippon India Small Cap Fund,INF204K01K15,,Zensar Technologies Limited,INE520A01027,Other,IT - Software,IT - Software,,2496604.0,11493.12,0.0014,INF204K01K15_Nippon India Small Cap Fund.xlsx,SC,205,True,Equity Candidate
Nippon India Small Cap Fund,INF204K01K15,,Vesuvius India Limited,INE386A01023,Other,Industrial Products,Industrial Products,,2880000.0,11743.2,0.0014,INF204K01K15_Nippon India Small Cap Fund.xlsx,SC,206,True,Equity Candidate
Nippon India Small Cap Fund,INF204K01K15,,NIIT Limited,INE161A01038,Other,Other Consumer Services,Other Consumer Services,,11111066.0,11271.07,0.0014,INF204K01K15_Nippon India Small Cap Fund.xlsx,SC,207,True,Equity Candidate
Nippon India Small Cap Fund,INF204K01K15,,Sanofi Consumer Healthcare India Limited,INE0UOS01011,Other,Pharmaceuticals & Biotechnology,Pharmaceuticals & Biotechnology,,272552.0,11284.2,0.0014,INF204K01K15_Nippon India Small Cap Fund.xlsx,SC,208,True,Equity Candidate
Nippon India Small Cap Fund,INF204K01K15,,Mishra Dhatu Nigam Limited,INE099Z01011,Other,Aerospace & Defense,Aerospace & Defense,,2589175.0,10723.07,0.0013,INF204K01K15_Nippon India Small Cap Fund.xlsx,SC,209,True,Equity Candidate
Nippon India Small Cap Fund,INF204K01K15,,Cyient Dlm Ltd,INE055S01018,Other,Aerospace & Defense,Aerospace & Defense,,1256139.0,10589.25,0.0013,INF204K01K15_Nippon India Small Cap Fund.xlsx,SC,210,True,Equity Candidate
Nippon India Small Cap Fund,INF204K01K15,,H.G. Infra Engineering Limited,INE926X01010,Other,Construction,Construction,,2214923.0,10854.23,0.0013,INF204K01K15_Nippon India Small Cap Fund.xlsx,SC,211,True,Equity Candidate
Nippon India Small Cap Fund,INF204K01K15,,G R Infraprojects Limited,INE201P01022,Other,Construction,Construction,,1191114.0,10436.54,0.0013,INF204K01K15_Nippon India Small Cap Fund.xlsx,SC,212,True,Equity Candidate
Nippon India Small Cap Fund,INF204K01K15,,Greenlam Industries Limited,INE544R01021,Other,Consumer Durables,Consumer Durables,,4422876.0,10964.31,0.0013,INF204K01K15_Nippon India Small Cap Fund.xlsx,SC,213,True,Equity Candidate
Nippon India Small Cap Fund,INF204K01K15,,Triveni Turbine Limited,INE152M01016,Other,Electrical Equipment,Electrical Equipment,,1842606.0,10653.03,0.0013,INF204K01K15_Nippon India Small Cap Fund.xlsx,SC,214,True,Equity Candidate
Nippon India Small Cap Fund,INF204K01K15,,Rainbow Childrens Medicare Limited,INE961O01016,Other,Healthcare Services,Healthcare Services,,785051.0,11106.12,0.0013,INF204K01K15_Nippon India Small Cap Fund.xlsx,SC,215,True,Equity Candidate
Nippon India Small Cap Fund,INF204K01K15,,Piramal Pharma Limited,INE0DK501011,Other,Pharmaceuticals & Biotechnology,Pharmaceuticals & Biotechnology,,4990259.0,10699.12,0.0013,INF204K01K15_Nippon India Small Cap Fund.xlsx,SC,216,True,Equity Candidate
Nippon India Small Cap Fund,INF204K01K15,,Equitas Small Finance Bank Limited,INE063P01018,Other,Banks,Banks,,13733036.0,10158.33,0.0012,INF204K01K15_Nippon India Small Cap Fund.xlsx,SC,217,True,Equity Candidate
Nippon India Small Cap Fund,INF204K01K15,,Bajaj Electricals Limited,INE193E01025,Other,Consumer Durables,Consumer Durables,,3092715.0,10045.14,0.0012,INF204K01K15_Nippon India Small Cap Fund.xlsx,SC,218,True,Equity Candidate
Nippon India Small Cap Fund,INF204K01K15,,Rishabh Instruments Ltd,INE0N2P01017,Other,Electrical Equipment,Electrical Equipment,,1346725.0,9500.47,0.0012,INF204K01K15_Nippon India Small Cap Fund.xlsx,SC,219,True,Equity Candidate
Nippon India Small Cap Fund,INF204K01K15,,Milky Mist Dairy Food Limited,INE00IT01020,Other,Food Products,Food Products,,4817119.0,10161.23,0.0012,INF204K01K15_Nippon India Small Cap Fund.xlsx,SC,220,True,Equity Candidate
Nippon India Small Cap Fund,INF204K01K15,,Venus Pipes And Tubes Limited,INE0JA001018,Other,Industrial Products,Industrial Products,,600000.0,9858.6,0.0012,INF204K01K15_Nippon India Small Cap Fund.xlsx,SC,221,True,Equity Candidate
Nippon India Small Cap Fund,INF204K01K15,,ICICI Prudential Life Insurance Company Limited,INE726G01019,Other,Insurance,Insurance,,1896344.0,9805.05,0.0012,INF204K01K15_Nippon India Small Cap Fund.xlsx,SC,222,True,Equity Candidate
Nippon India Small Cap Fund,INF204K01K15,,Campus Activewear Limited,INE278Y01022,Other,Consumer Durables,Consumer Durables,,4066385.0,9197.76,0.0011,INF204K01K15_Nippon India Small Cap Fund.xlsx,SC,223,True,Equity Candidate
Nippon India Small Cap Fund,INF204K01K15,,Inox Wind Limited,INE066P01011,Other,Electrical Equipment,Electrical Equipment,,12720455.0,8951.38,0.0011,INF204K01K15_Nippon India Small Cap Fund.xlsx,SC,224,True,Equity Candidate
Nippon India Small Cap Fund,INF204K01K15,,Saatvik Green Energy Limited,INE13B501022,Other,Electrical Equipment,Electrical Equipment,,2112376.0,8828.68,0.0011,INF204K01K15_Nippon India Small Cap Fund.xlsx,SC,225,True,Equity Candidate
Nippon India Small Cap Fund,INF204K01K15,,Sonata Software Limited,INE269A01021,Other,IT - Software,IT - Software,,3158666.0,9224.88,0.0011,INF204K01K15_Nippon India Small Cap Fund.xlsx,SC,226,True,Equity Candidate
Nippon India Small Cap Fund,INF204K01K15,,India Shelter Finance Corporation Limited,INE922K01024,Other,Finance,Finance,,1330048.0,8645.31,0.001,INF204K01K15_Nippon India Small Cap Fund.xlsx,SC,227,True,Equity Candidate
Nippon India Small Cap Fund,INF204K01K15,,Birlasoft Limited,INE836A01035,Other,IT - Software,IT - Software,,2901558.0,8450.79,0.001,INF204K01K15_Nippon India Small Cap Fund.xlsx,SC,228,True,Equity Candidate
Nippon India Small Cap Fund,INF204K01K15,,Arvind Limited,INE034A01011,Other,Textiles & Apparels,Textiles & Apparels,,1485148.0,8252.22,0.001,INF204K01K15_Nippon India Small Cap Fund.xlsx,SC,229,True,Equity Candidate
Nippon India Small Cap Fund,INF204K01K15,,Shiprocket Limited,INE0FOO01011,Other,Transport Services,Transport Services,,5885152.0,8173.89,0.001,INF204K01K15_Nippon India Small Cap Fund.xlsx,SC,230,True,Equity Candidate
Nippon India Small Cap Fund,INF204K01K15,,Fineotex Chemical Limited,INE045J01034,Other,Chemicals & Petrochemicals,Chemicals & Petrochemicals,,14829218.0,7531.76,0.0009,INF204K01K15_Nippon India Small Cap Fund.xlsx,SC,231,True,Equity Candidate
Nippon India Small Cap Fund,INF204K01K15,,Raymond Limited,INE301A01014,Other,Industrial Manufacturing,Industrial Manufacturing,,1238343.0,7824.47,0.0009,INF204K01K15_Nippon India Small Cap Fund.xlsx,SC,232,True,Equity Candidate
Nippon India Small Cap Fund,INF204K01K15,,Polyplex Corporation Limited,INE633B01018,Other,Industrial Products,Industrial Products,,657517.0,7775.8,0.0009,INF204K01K15_Nippon India Small Cap Fund.xlsx,SC,233,True,Equity Candidate
Nippon India Small Cap Fund,INF204K01K15,,RHI Magnesita India Limited,INE743M01012,Other,Industrial Products,Industrial Products,,1984176.0,7373.2,0.0009,INF204K01K15_Nippon India Small Cap Fund.xlsx,SC,234,True,Equity Candidate
Nippon India Small Cap Fund,INF204K01K15,,Urban Company Ltd.,INE0CAZ01013,Other,Retailing,Retailing,,4600506.0,7687.91,0.0009,INF204K01K15_Nippon India Small Cap Fund.xlsx,SC,235,True,Equity Candidate
Nippon India Small Cap Fund,INF204K01K15,,Vinati Organics Limited,INE410B01037,Other,Chemicals & Petrochemicals,Chemicals & Petrochemicals,,519708.0,6911.6,0.0008,INF204K01K15_Nippon India Small Cap Fund.xlsx,SC,236,True,Equity Candidate
Nippon India Small Cap Fund,INF204K01K15,,Archean Chemical Industries Limited,INE128X01021,Other,Chemicals & Petrochemicals,Chemicals & Petrochemicals,,1373373.0,6667.04,0.0008,INF204K01K15_Nippon India Small Cap Fund.xlsx,SC,237,True,Equity Candidate
Nippon India Small Cap Fund,INF204K01K15,,Kirloskar Ferrous Industries Limited,INE884B01025,Other,Ferrous Metals,Ferrous Metals,,1532554.0,6930.21,0.0008,INF204K01K15_Nippon India Small Cap Fund.xlsx,SC,238,True,Equity Candidate
Nippon India Small Cap Fund,INF204K01K15,,Hatsun Agro Product Limited,INE473B01035,Other,Food Products,Food Products,,564524.0,6720.38,0.0008,INF204K01K15_Nippon India Small Cap Fund.xlsx,SC,239,True,Equity Candidate
Nippon India Small Cap Fund,INF204K01K15,,Subros Ltd,INE287B01021,Other,Industrial Products,Industrial Products,,968256.0,6947.24,0.0008,INF204K01K15_Nippon India Small Cap Fund.xlsx,SC,240,True,Equity Candidate
Nippon India Small Cap Fund,INF204K01K15,,Indoco Remedies Limited,INE873D01024,Other,Pharmaceuticals & Biotechnology,Pharmaceuticals & Biotechnology,,2594559.0,6313.6,0.0008,INF204K01K15_Nippon India Small Cap Fund.xlsx,SC,241,True,Equity Candidate
Nippon India Small Cap Fund,INF204K01K15,,Vedant Fashions Limited,INE825V01034,Other,Retailing,Retailing,,1234652.0,6731.94,0.0008,INF204K01K15_Nippon India Small Cap Fund.xlsx,SC,242,True,Equity Candidate
Nippon India Small Cap Fund,INF204K01K15,,JK Lakshmi Cement Limited,INE786A01032,Other,Cement & Cement Products,Cement & Cement Products,,1063054.0,5643.75,0.0007,INF204K01K15_Nippon India Small Cap Fund.xlsx,SC,243,True,Equity Candidate
Nippon India Small Cap Fund,INF204K01K15,,PNC Infratech Limited,INE195J01029,Other,Construction,Construction,,3282291.0,6175.63,0.0007,INF204K01K15_Nippon India Small Cap Fund.xlsx,SC,244,True,Equity Candidate
Nippon India Small Cap Fund,INF204K01K15,,KEC International Limited,INE389H01022,Other,Construction,Construction,,1480930.0,6168.07,0.0007,INF204K01K15_Nippon India Small Cap Fund.xlsx,SC,245,True,Equity Candidate
Nippon India Small Cap Fund,INF204K01K15,,Pokarna Limited,INE637C01025,Other,Consumer Durables,Consumer Durables,,660727.0,5648.22,0.0007,INF204K01K15_Nippon India Small Cap Fund.xlsx,SC,246,True,Equity Candidate
Nippon India Small Cap Fund,INF204K01K15,,Laser Power And Infra Limited,INE17IR01028,Other,Industrial Products,Industrial Products,,1784029.0,5607.2,0.0007,INF204K01K15_Nippon India Small Cap Fund.xlsx,SC,247,True,Equity Candidate
Nippon India Small Cap Fund,INF204K01K15,,Go Fashion (India) Limited,INE0BJS01011,Other,Retailing,Retailing,,1675335.0,5492.59,0.0007,INF204K01K15_Nippon India Small Cap Fund.xlsx,SC,248,True,Equity Candidate
Nippon India Small Cap Fund,INF204K01K15,,Sanathan Textiles Limited,INE0JPD01013,Other,Textiles & Apparels,Textiles & Apparels,,1243351.0,5623.05,0.0007,INF204K01K15_Nippon India Small Cap Fund.xlsx,SC,249,True,Equity Candidate
Nippon India Small Cap Fund,INF204K01K15,,Protean eGov Technologies Limited,INE004A01022,Other,IT - Services,IT - Services,,902883.0,4702.67,0.0006,INF204K01K15_Nippon India Small Cap Fund.xlsx,SC,250,True,Equity Candidate
Nippon India Small Cap Fund,INF204K01K15,,Lohia Corp Limited,INE0QJW01029,Other,Industrial Manufacturing,Industrial Manufacturing,,894955.0,4935.23,0.0006,INF204K01K15_Nippon India Small Cap Fund.xlsx,SC,251,True,Equity Candidate
Nippon India Small Cap Fund,INF204K01K15,,Augmont Enterprises Limited,INE16W401027,Other,Non - Ferrous Metals,Non - Ferrous Metals,,458093.0,4160.17,0.0005,INF204K01K15_Nippon India Small Cap Fund.xlsx,SC,252,True,Equity Candidate
Nippon India Small Cap Fund,INF204K01K15,,Raymond Lifestyle Limited,INE02ID01020,Other,Textiles & Apparels,Textiles & Apparels,,607753.0,4027.88,0.0005,INF204K01K15_Nippon India Small Cap Fund.xlsx,SC,253,True,Equity Candidate
Nippon India Small Cap Fund,INF204K01K15,,Stanley Lifestyles Limited,INE01A001028,Other,Consumer Durables,Consumer Durables,,2526912.0,3451.0,0.0004,INF204K01K15_Nippon India Small Cap Fund.xlsx,SC,254,True,Equity Candidate
Nippon India Small Cap Fund,INF204K01K15,,Astec LifeSciences Limited,INE563J01010,Other,Fertilizers & Agrochemicals,Fertilizers & Agrochemicals,,526867.0,2954.14,0.0004,INF204K01K15_Nippon India Small Cap Fund.xlsx,SC,255,True,Equity Candidate
Nippon India Small Cap Fund,INF204K01K15,,Tempsens Instruments (India) Limited,INE1KZI01025,Other,Industrial Manufacturing,Industrial Manufacturing,,601433.0,3389.68,0.0004,INF204K01K15_Nippon India Small Cap Fund.xlsx,SC,256,True,Equity Candidate
Nippon India Small Cap Fund,INF204K01K15,,Studds Accessories Ltd,INE00Q601028,Other,Auto Components,Auto Components,,556582.0,2476.79,0.0003,INF204K01K15_Nippon India Small Cap Fund.xlsx,SC,257,True,Equity Candidate
Nippon India Small Cap Fund,INF204K01K15,,CMR Green Technologies Limited,INE00WV01027,Other,Industrial Products,Industrial Products,,1154393.0,2664.11,0.0003,INF204K01K15_Nippon India Small Cap Fund.xlsx,SC,258,True,Equity Candidate
Nippon India Small Cap Fund,INF204K01K15,,Kusumgar Limited,INE0ISX01025,Other,Textiles & Apparels,Textiles & Apparels,,246052.0,1430.67,0.0002,INF204K01K15_Nippon India Small Cap Fund.xlsx,SC,259,True,Equity Candidate
Nippon India Small Cap Fund,INF204K01K15,,Cash Margin - CCIL,,Other,,,,,1250.12,0.0002,INF204K01K15_Nippon India Small Cap Fund.xlsx,SC,270,False,Non-Equity
Nippon India Small Cap Fund,INF204K01K15,,Genus Prime Infra Limited,INE256D01014,Other,Chemicals & Petrochemicals,Chemicals & Petrochemicals,,1458388.0,590.94,0.0001,INF204K01K15_Nippon India Small Cap Fund.xlsx,SC,260,True,Equity Candidate
Nippon India Small Cap Fund,INF204K01K15,,Equity & Equity related,,Equity,,,,,,,INF204K01K15_Nippon India Small Cap Fund.xlsx,SC,5,False,Other
Nippon India Small Cap Fund,INF204K01K15,,(a) Listed / awaiting listing on Stock Exchanges,,Other,,,,,,,INF204K01K15_Nippon India Small Cap Fund.xlsx,SC,6,False,Other
Nippon India Small Cap Fund,INF204K01K15,,(b) UNLISTED,,Other,,,,,,,INF204K01K15_Nippon India Small Cap Fund.xlsx,SC,262,False,Other
Nippon India Small Cap Fund,INF204K01K15,,Money Market Instruments,,Other,,,,,,,INF204K01K15_Nippon India Small Cap Fund.xlsx,SC,265,False,Non-Equity
Nippon India Small Cap Fund,INF204K01K15,,Triparty Repo/ Reverse Repo Instrument,,Other,,,,,,,INF204K01K15_Nippon India Small Cap Fund.xlsx,SC,266,False,Non-Equity
Nippon India Small Cap Fund,INF204K01K15,,OTHERS,,Other,,,,,,,INF204K01K15_Nippon India Small Cap Fund.xlsx,SC,269,False,Other
Nippon India Small Cap Fund,INF204K01K15,,Scheme & Benchmark Riskometer(s) mentioned are as per the latest details available with the AMC.,,Other,,,,,,,INF204K01K15_Nippon India Small Cap Fund.xlsx,SC,274,False,Other
Nippon India Small Cap Fund,INF204K01K15,,Classification for Traded or Non Traded instruments are done on the basis of information provided by CRISIL and ICRA for last business day.,,Other,,,,,,,INF204K01K15_Nippon India Small Cap Fund.xlsx,SC,275,False,Other
Nippon India Small Cap Fund,INF204K01K15,,,NOTES:,Other,,,,,,,INF204K01K15_Nippon India Small Cap Fund.xlsx,SC,276,False,Other
Nippon India Small Cap Fund,INF204K01K15,,,(1) SECURITY MATURED AND BELOW INVESTMENT GRADE OR DEFAULT AS ON 31ST AUG 2026 IS RS.NIL AND ITS PERCENTAGE TO NET ASSET VALUE IS NIL,Other,,,,,,,INF204K01K15_Nippon India Small Cap Fund.xlsx,SC,277,False,Other
Nippon India Small Cap Fund,INF204K01K15,,,(2)  AGGREGATE VALUE OF ILLIQUID EQUITY SHARES OF THE FUND AMOUNTS TO RS.NIL AND THEIR PERCENTAGE TO NET ASSET VALUE IS NIL.,Other,,,,,,,INF204K01K15_Nippon India Small Cap Fund.xlsx,SC,278,False,Other
Nippon India Small Cap Fund,INF204K01K15,,,(3) PLAN/OPTION WISE PER UNIT NET ASSET VALUES (NAV) ARE AS FOLLOWS:,Other,,,,,,,INF204K01K15_Nippon India Small Cap Fund.xlsx,SC,279,False,Other
Nippon India Small Cap Fund,INF204K01K15,,NAV per unit (Rs),FACE VALUE PER UNIT RS 10 PER UNIT,Other,,,,,,,INF204K01K15_Nippon India Small Cap Fund.xlsx,SC,280,False,Other
Nippon India Small Cap Fund,INF204K01K15,,"As on July 31, 2026",PLAN/OPTION,Other,"As on August 31, 2026","As on August 31, 2026",,,,,INF204K01K15_Nippon India Small Cap Fund.xlsx,SC,281,False,Other
Nippon India Small Cap Fund,INF204K01K15,,179.9222,BONUS PLAN,Other,186.4546,186.4546,,,,,INF204K01K15_Nippon India Small Cap Fund.xlsx,SC,282,False,Other
Nippon India Small Cap Fund,INF204K01K15,,203.1573,DIRECT PLAN-BONUS PLAN,Other,210.6609,210.6609,,,,,INF204K01K15_Nippon India Small Cap Fund.xlsx,SC,283,False,Other
Nippon India Small Cap Fund,INF204K01K15,,203.1573,DIRECT PLAN-GROWTH PLAN,Other,210.6609,210.6609,,,,,INF204K01K15_Nippon India Small Cap Fund.xlsx,SC,284,False,Other
Nippon India Small Cap Fund,INF204K01K15,,108.044,DIRECT PLAN-IDCW PLAN,Other,112.0346,112.0346,,,,,INF204K01K15_Nippon India Small Cap Fund.xlsx,SC,285,False,Other
Nippon India Small Cap Fund,INF204K01K15,,179.9222,GROWTH PLAN,Other,186.4546,186.4546,,,,,INF204K01K15_Nippon India Small Cap Fund.xlsx,SC,286,False,Other
Nippon India Small Cap Fund,INF204K01K15,,92.4854,IDCW PLAN,Other,95.8433,95.8433,,,,,INF204K01K15_Nippon India Small Cap Fund.xlsx,SC,287,False,Other
Nippon India Small Cap Fund,INF204K01K15,,,"(4) DIVIDEND DECLARED DURING THE MONTH ENDED AUG 31, 2026 IS NIL.",Other,,,,,,,INF204K01K15_Nippon India Small Cap Fund.xlsx,SC,288,False,Other
Nippon India Small Cap Fund,INF204K01K15,,,"(5) TOTAL OUTSTANDING EXPOSURE IN DERIVATIVE INSTRUMENTS AS ON AUG 31, 2026 IS NIL. DISCLOSURE FOR DERIVATIVE TRANSACTIONS AS REQUIRED BY SEBI CIRCULAR CIR/IMD/DF/11/2010 DATED 18 AUGUST 2010, PLEASE REFER TO DERIVATIVE DISCLOSURE TABLE.",Other,,,,,,,INF204K01K15_Nippon India Small Cap Fund.xlsx,SC,289,False,Other
Nippon India Small Cap Fund,INF204K01K15,,,"(6) TOTAL MARKET VALUE OF INVESTMENTS IN FOREIGN SECURITIES/ADRS/GDRS AS AT AUG 31, 2026 IS NIL.",Other,,,,,,,INF204K01K15_Nippon India Small Cap Fund.xlsx,SC,290,False,Other
Nippon India Small Cap Fund,INF204K01K15,,,"(7)  DURING THE PERIOD, THE PORTFOLIO TURNOVER RATIO IS 0.21 TIMES.",Other,,,,,,,INF204K01K15_Nippon India Small Cap Fund.xlsx,SC,291,False,Other
Nippon India Small Cap Fund,INF204K01K15,,,(8) THE DETAILS OF REPO TRANSACTIONS OF THE SCHEME IN CORPORATE DEBT SECURITIES : NIL,Other,,,,,,,INF204K01K15_Nippon India Small Cap Fund.xlsx,SC,292,False,Other
Nippon India Small Cap Fund,INF204K01K15,,,HEDGING POSITIONS THROUGH FUTURES AS AT 31 AUG 2026: NIL.,Other,,,,,,,INF204K01K15_Nippon India Small Cap Fund.xlsx,SC,294,False,Other
Nippon India Small Cap Fund,INF204K01K15,,,TOTAL % OF EXISTING ASSETS HEDGED THROUGH FUTURES: NIL.,Other,,,,,,,INF204K01K15_Nippon India Small Cap Fund.xlsx,SC,295,False,Other
Nippon India Small Cap Fund,INF204K01K15,,,FOR THE MONTH ENDED 31 AUG 2026 FOLLOWING DETAILS SPECIFIED FOR HEDGING TRANSACTIONS THROUGH FUTURES WHICH HAVE BEEN SQUARED OFF/EXPIRED: NIL.,Other,,,,,,,INF204K01K15_Nippon India Small Cap Fund.xlsx,SC,296,False,Other
Nippon India Small Cap Fund,INF204K01K15,,,OTHER THAN HEDGING POSITION THROUGH FUTURES AS AT 31 AUG 2026: NIL.,Other,,,,,,,INF204K01K15_Nippon India Small Cap Fund.xlsx,SC,297,False,Other
Nippon India Small Cap Fund,INF204K01K15,,,TOTAL EXPOSURE DUE TO FUTURES (NON HEDGING POSITIONS) AS A % OF NET ASSETS: NIL.,Other,,,,,,,INF204K01K15_Nippon India Small Cap Fund.xlsx,SC,298,False,Other
Nippon India Small Cap Fund,INF204K01K15,,,FOR THE MONTH ENDED 31 AUG 2026 FOLLOWING DETAILS SPECIFIED FOR NON-HEDGING TRANSACTIONS THROUGH FUTURES WHICH HAVE BEEN SQUARED OFF/EXPIRED: NIL.,Other,,,,,,,INF204K01K15_Nippon India Small Cap Fund.xlsx,SC,299,False,Other
Nippon India Small Cap Fund,INF204K01K15,,,HEDGING POSITION THROUGH PUT OPTIONS AS AT 31 AUG 2026: NIL.,Other,,,,,,,INF204K01K15_Nippon India Small Cap Fund.xlsx,SC,300,False,Other
Nippon India Small Cap Fund,INF204K01K15,,,TOTAL % OF EXISTING ASSETS HEDGED THROUGH PUT OPTIONS: NIL.,Other,,,,,,,INF204K01K15_Nippon India Small Cap Fund.xlsx,SC,301,False,Other
Nippon India Small Cap Fund,INF204K01K15,,,FOR THE MONTH ENDED 31 AUG 2026 FOLLOWING DETAILS SPECIFIED FOR HEDGING TRANSACTIONS THROUGH OPTIONS WHICH HAVE ALREADY BEEN EXERCISED/EXPIRED: NIL.,Other,,,,,,,INF204K01K15_Nippon India Small Cap Fund.xlsx,SC,302,False,Other
Nippon India Small Cap Fund,INF204K01K15,,,OTHER THAN HEDGING POSITION THROUGH OPTIONS AS AT 31 AUG 2026: NIL.,Other,,,,,,,INF204K01K15_Nippon India Small Cap Fund.xlsx,SC,303,False,Other
Nippon India Small Cap Fund,INF204K01K15,,,TOTAL EXPOSURE THROUGH OPTIONS AS A % OF NET ASSETS: NIL.,Other,,,,,,,INF204K01K15_Nippon India Small Cap Fund.xlsx,SC,304,False,Other
Nippon India Small Cap Fund,INF204K01K15,,,FOR THE MONTH ENDED 31 AUG 2026 FOLLOWING DETAILS SPECIFIED WITH REGARD TO NON-HEDGING TRANSACTIONS THROUGH OPTIONS WHICH HAVE ALREADY BEEN EXERCISED/EXPIRED: NIL.,Other,,,,,,,INF204K01K15_Nippon India Small Cap Fund.xlsx,SC,305,False,Other
Nippon India Small Cap Fund,INF204K01K15,,,HEDGING POSITIONS THROUGH SWAPS AS AT 31 AUG 2026: NIL.,Other,,,,,,,INF204K01K15_Nippon India Small Cap Fund.xlsx,SC,306,False,Other
Nippon India Small Cap Fund,INF204K01K15,,,CALL OPTIONS WRITTEN AS AT 31 AUG 2026: NIL.,Other,,,,,,,INF204K01K15_Nippon India Small Cap Fund.xlsx,SC,307,False,Other
Nippon India Small Cap Fund,INF204K01K15,,,CALL OPTIONS WRITTEN AS PERCENTAGE OF TOTAL MARKET VALUE OF EQUITY SHARES HELD IN THE SCHEME: NIL.,Other,,,,,,,INF204K01K15_Nippon India Small Cap Fund.xlsx,SC,308,False,Other
Nippon India Small Cap Fund,INF204K01K15,,,FOR THE MONTH ENDED 31 AUG 2026 FOLLOWING DETAILS SPECIFIED WITH REGARD TO CALL OPTIONS WRITTEN WHICH HAVE ALREADY BEEN EXERCISED/EXPIRED: NIL.,Other,,,,,,,INF204K01K15_Nippon India Small Cap Fund.xlsx,SC,309,False,Other
Nippon India Small Cap Fund,INF204K01K15,,,SCHEME RISK-O-METER,Other,,,,,,,INF204K01K15_Nippon India Small Cap Fund.xlsx,SC,314,False,Other
Parag Parikh Flexi Cap Fund,INF879O01027,,Equity & Equity related,,Equity,,,,,,,INF879O01027_Parag Parikh Flexi Cap Fund.xlsx,PPFCF,5,False,Other
Parag Parikh Flexi Cap Fund,INF879O01027,,(a) Listed / awaiting listing on Stock Exchanges,,Other,,,,,,,INF879O01027_Parag Parikh Flexi Cap Fund.xlsx,PPFCF,6,False,Other
Parag Parikh Flexi Cap Fund,INF879O01027,,HDFC Bank Limited,INE040A01034,Other,Banks,Banks,,158729224.0,1125390.2,,INF879O01027_Parag Parikh Flexi Cap Fund.xlsx,PPFCF,7,True,Equity Candidate
Parag Parikh Flexi Cap Fund,INF879O01027,,ICICI Bank Limited,INE090A01021,Other,Banks,Banks,,57517280.0,836301.25,,INF879O01027_Parag Parikh Flexi Cap Fund.xlsx,PPFCF,8,True,Equity Candidate
Parag Parikh Flexi Cap Fund,INF879O01027,,Power Grid Corporation of India Limited,INE752E01010,Other,Power,Power,,312022782.0,822336.04,,INF879O01027_Parag Parikh Flexi Cap Fund.xlsx,PPFCF,9,True,Equity Candidate
Parag Parikh Flexi Cap Fund,INF879O01027,,ITC Limited,INE154A01025,Other,Diversified FMCG,Diversified FMCG,,303340607.0,775035.25,,INF879O01027_Parag Parikh Flexi Cap Fund.xlsx,PPFCF,10,True,Equity Candidate
Parag Parikh Flexi Cap Fund,INF879O01027,,Bajaj Holdings & Investment Limited,INE118A01012,Other,Finance,Finance,,6502156.0,757111.04,,INF879O01027_Parag Parikh Flexi Cap Fund.xlsx,PPFCF,11,True,Equity Candidate
Parag Parikh Flexi Cap Fund,INF879O01027,,Coal India Limited,INE522F01014,Other,Consumable Fuels,Consumable Fuels,,184059455.0,739458.86,,INF879O01027_Parag Parikh Flexi Cap Fund.xlsx,PPFCF,12,True,Equity Candidate
Parag Parikh Flexi Cap Fund,INF879O01027,,Kotak Mahindra Bank Limited,INE237A01036,Other,Banks,Banks,,154614519.0,648453.29,,INF879O01027_Parag Parikh Flexi Cap Fund.xlsx,PPFCF,13,True,Equity Candidate
Parag Parikh Flexi Cap Fund,INF879O01027,,HCL Technologies Limited,INE860A01027,Other,IT - Software,IT - Software,,46663705.0,612321.14,,INF879O01027_Parag Parikh Flexi Cap Fund.xlsx,PPFCF,14,True,Equity Candidate
Parag Parikh Flexi Cap Fund,INF879O01027,,Mahindra & Mahindra Limited,INE101A01026,Other,Automobiles,Automobiles,,17844840.0,585667.65,,INF879O01027_Parag Parikh Flexi Cap Fund.xlsx,PPFCF,15,True,Equity Candidate
Parag Parikh Flexi Cap Fund,INF879O01027,,Infosys Limited,INE009A01021,Other,IT - Software,IT - Software,,42739573.0,484581.28,,INF879O01027_Parag Parikh Flexi Cap Fund.xlsx,PPFCF,16,True,Equity Candidate
Parag Parikh Flexi Cap Fund,INF879O01027,,Axis Bank Limited,INE238A01034,Other,Banks,Banks,,33672018.0,437736.23,,INF879O01027_Parag Parikh Flexi Cap Fund.xlsx,PPFCF,17,True,Equity Candidate
Parag Parikh Flexi Cap Fund,INF879O01027,,Tata Consultancy Services Limited,INE467B01029,Other,IT - Software,IT - Software,,17700807.0,424695.46,,INF879O01027_Parag Parikh Flexi Cap Fund.xlsx,PPFCF,18,True,Equity Candidate
Parag Parikh Flexi Cap Fund,INF879O01027,,Bharti Airtel Limited,INE397D01024,Other,Telecom - Services,Telecom - Services,,22772058.0,412606.92,,INF879O01027_Parag Parikh Flexi Cap Fund.xlsx,PPFCF,19,True,Equity Candidate
Parag Parikh Flexi Cap Fund,INF879O01027,,Maruti Suzuki India Limited,INE585B01010,Other,Automobiles,Automobiles,,2913495.0,394691.17,,INF879O01027_Parag Parikh Flexi Cap Fund.xlsx,PPFCF,20,True,Equity Candidate
Parag Parikh Flexi Cap Fund,INF879O01027,,Zydus Lifesciences Limited,INE010B01027,Other,Pharmaceuticals & Biotechnology,Pharmaceuticals & Biotechnology,,19262784.0,223698.71,,INF879O01027_Parag Parikh Flexi Cap Fund.xlsx,PPFCF,21,True,Equity Candidate
Parag Parikh Flexi Cap Fund,INF879O01027,,Cipla Limited,INE059A01026,Other,Pharmaceuticals & Biotechnology,Pharmaceuticals & Biotechnology,,14351629.0,202243.16,,INF879O01027_Parag Parikh Flexi Cap Fund.xlsx,PPFCF,22,True,Equity Candidate
Parag Parikh Flexi Cap Fund,INF879O01027,,Indraprastha Gas Limited,INE203G01027,Other,Gas,Gas,,115020055.0,173093.68,,INF879O01027_Parag Parikh Flexi Cap Fund.xlsx,PPFCF,23,True,Equity Candidate
Parag Parikh Flexi Cap Fund,INF879O01027,,Dr. Reddy's Laboratories Limited,INE089A01031,Other,Pharmaceuticals & Biotechnology,Pharmaceuticals & Biotechnology,,14299581.0,165074.36,,INF879O01027_Parag Parikh Flexi Cap Fund.xlsx,PPFCF,24,True,Equity Candidate
Parag Parikh Flexi Cap Fund,INF879O01027,,Zydus Wellness Limited,INE768C01028,Other,Food Products,Food Products,,22157154.0,117521.54,,INF879O01027_Parag Parikh Flexi Cap Fund.xlsx,PPFCF,25,True,Equity Candidate
Parag Parikh Flexi Cap Fund,INF879O01027,,Indian Energy Exchange Limited,INE022Q01020,Other,Capital Markets,Capital Markets,,84096110.0,101335.81,,INF879O01027_Parag Parikh Flexi Cap Fund.xlsx,PPFCF,26,True,Equity Candidate
Parag Parikh Flexi Cap Fund,INF879O01027,,DLF Limited,INE271C01023,Other,Realty,Realty,,13709808.0,94741.63,,INF879O01027_Parag Parikh Flexi Cap Fund.xlsx,PPFCF,27,True,Equity Candidate
Parag Parikh Flexi Cap Fund,INF879O01027,,EID Parry India Limited,INE126A01031,Other,Food Products,Food Products,,10537979.0,84240.6,,INF879O01027_Parag Parikh Flexi Cap Fund.xlsx,PPFCF,28,True,Equity Candidate
Parag Parikh Flexi Cap Fund,INF879O01027,,Petronet LNG Limited,INE347G01014,Other,Gas,Gas,,23403868.0,70352.03,,INF879O01027_Parag Parikh Flexi Cap Fund.xlsx,PPFCF,29,True,Equity Candidate
Parag Parikh Flexi Cap Fund,INF879O01027,,Narayana Hrudayalaya Limited,INE410P01011,Other,Healthcare Services,Healthcare Services,,1995914.0,38066.07,,INF879O01027_Parag Parikh Flexi Cap Fund.xlsx,PPFCF,30,True,Equity Candidate
Parag Parikh Flexi Cap Fund,INF879O01027,,Mahanagar Gas Limited,INE002S01010,Other,Gas,Gas,,3439028.0,36773.53,,INF879O01027_Parag Parikh Flexi Cap Fund.xlsx,PPFCF,31,True,Equity Candidate
Parag Parikh Flexi Cap Fund,INF879O01027,,Central Depository Services (India) Limited,INE736A01011,Other,Capital Markets,Capital Markets,,2264603.0,31761.06,,INF879O01027_Parag Parikh Flexi Cap Fund.xlsx,PPFCF,32,True,Non-Equity
Parag Parikh Flexi Cap Fund,INF879O01027,,CMS Info System Limited,INE925R01014,Other,Commercial Services & Supplies,Commercial Services & Supplies,,9696747.0,23621.28,,INF879O01027_Parag Parikh Flexi Cap Fund.xlsx,PPFCF,33,True,Equity Candidate
Parag Parikh Flexi Cap Fund,INF879O01027,,CIE Automotive India Limited,INE536H01010,Other,Auto Components,Auto Components,,5898213.0,23064.96,,INF879O01027_Parag Parikh Flexi Cap Fund.xlsx,PPFCF,34,True,Equity Candidate
Parag Parikh Flexi Cap Fund,INF879O01027,,The Great Eastern Shipping Company Limited,INE017A01032,Other,Transport Services,Transport Services,,1273951.0,16584.29,,INF879O01027_Parag Parikh Flexi Cap Fund.xlsx,PPFCF,35,True,Equity Candidate
Parag Parikh Flexi Cap Fund,INF879O01027,,Maharashtra Scooters Limited,INE288A01013,Other,Finance,Finance,,110438.0,15101.29,,INF879O01027_Parag Parikh Flexi Cap Fund.xlsx,PPFCF,36,True,Equity Candidate
Parag Parikh Flexi Cap Fund,INF879O01027,,ICRA Limited,INE725G01011,Other,Capital Markets,Capital Markets,,287393.0,14129.39,,INF879O01027_Parag Parikh Flexi Cap Fund.xlsx,PPFCF,37,True,Equity Candidate
Parag Parikh Flexi Cap Fund,INF879O01027,,Indus Towers Limited,INE121J01017,Other,Telecom - Services,Telecom - Services,,865823.0,3366.32,,INF879O01027_Parag Parikh Flexi Cap Fund.xlsx,PPFCF,38,True,Equity Candidate
Parag Parikh Flexi Cap Fund,INF879O01027,,Nesco Limited,INE317F01035,Other,Commercial Services & Supplies,Commercial Services & Supplies,,193994.0,2019.28,,INF879O01027_Parag Parikh Flexi Cap Fund.xlsx,PPFCF,39,True,Equity Candidate
Parag Parikh Flexi Cap Fund,INF879O01027,,Swaraj Engines Limited,INE277A01016,Other,Industrial Products,Industrial Products,,47293.0,1688.03,,INF879O01027_Parag Parikh Flexi Cap Fund.xlsx,PPFCF,40,True,Equity Candidate
Parag Parikh Flexi Cap Fund,INF879O01027,,Arbitrage,,Other,,,,,,,INF879O01027_Parag Parikh Flexi Cap Fund.xlsx,PPFCF,42,False,Other
Parag Parikh Flexi Cap Fund,INF879O01027,,Bajaj Finance Limited,INE296A01032,Other,Finance,Finance,,5340000.0,56443.8,,INF879O01027_Parag Parikh Flexi Cap Fund.xlsx,PPFCF,43,True,Equity Candidate
Parag Parikh Flexi Cap Fund,INF879O01027,,Reliance Industries Limited,INE002A01018,Other,Petroleum Products,Petroleum Products,,4061000.0,51858.97,,INF879O01027_Parag Parikh Flexi Cap Fund.xlsx,PPFCF,44,True,Equity Candidate
Parag Parikh Flexi Cap Fund,INF879O01027,,Sun Pharmaceutical Industries Limited,INE044A01036,Other,Pharmaceuticals & Biotechnology,Pharmaceuticals & Biotechnology,,933450.0,18527.12,,INF879O01027_Parag Parikh Flexi Cap Fund.xlsx,PPFCF,45,True,Equity Candidate
Parag Parikh Flexi Cap Fund,INF879O01027,,Titan Company Limited,INE280A01028,Other,Consumer Durables,Consumer Durables,,324450.0,16554.74,,INF879O01027_Parag Parikh Flexi Cap Fund.xlsx,PPFCF,46,True,Equity Candidate
Parag Parikh Flexi Cap Fund,INF879O01027,,Hindustan Aeronautics Limited,INE066F01020,Other,Aerospace & Defense,Aerospace & Defense,,321600.0,15441.95,,INF879O01027_Parag Parikh Flexi Cap Fund.xlsx,PPFCF,47,True,Equity Candidate
Parag Parikh Flexi Cap Fund,INF879O01027,,Canara Bank,INE476A01022,Other,Banks,Banks,,11130750.0,14124.92,,INF879O01027_Parag Parikh Flexi Cap Fund.xlsx,PPFCF,48,True,Equity Candidate
Parag Parikh Flexi Cap Fund,INF879O01027,,State Bank of India,INE062A01020,Other,Banks,Banks,,1233000.0,13069.8,,INF879O01027_Parag Parikh Flexi Cap Fund.xlsx,PPFCF,49,True,Equity Candidate
Parag Parikh Flexi Cap Fund,INF879O01027,,Divi's Laboratories Limited,INE361B01024,Other,Pharmaceuticals & Biotechnology,Pharmaceuticals & Biotechnology,,135900.0,12865.65,,INF879O01027_Parag Parikh Flexi Cap Fund.xlsx,PPFCF,50,True,Equity Candidate
Parag Parikh Flexi Cap Fund,INF879O01027,,UltraTech Cement Limited,INE481G01011,Other,Cement & Cement Products,Cement & Cement Products,,112250.0,12852.63,,INF879O01027_Parag Parikh Flexi Cap Fund.xlsx,PPFCF,51,True,Equity Candidate
Parag Parikh Flexi Cap Fund,INF879O01027,,Hindalco Industries Limited,INE038A01020,Other,Non - Ferrous Metals,Non - Ferrous Metals,,846300.0,8593.75,,INF879O01027_Parag Parikh Flexi Cap Fund.xlsx,PPFCF,52,True,Equity Candidate
Parag Parikh Flexi Cap Fund,INF879O01027,,Oil & Natural Gas Corporation Limited,INE213A01029,Other,Oil,Oil,,3334500.0,7729.37,,INF879O01027_Parag Parikh Flexi Cap Fund.xlsx,PPFCF,53,True,Equity Candidate
Parag Parikh Flexi Cap Fund,INF879O01027,,Tata Steel Limited,INE081A01020,Other,Ferrous Metals,Ferrous Metals,,3660250.0,6747.67,,INF879O01027_Parag Parikh Flexi Cap Fund.xlsx,PPFCF,54,True,Equity Candidate
Parag Parikh Flexi Cap Fund,INF879O01027,,Hindustan Unilever Limited,INE030A01027,Other,Diversified FMCG,Diversified FMCG,,316500.0,6226.82,,INF879O01027_Parag Parikh Flexi Cap Fund.xlsx,PPFCF,55,True,Equity Candidate
Parag Parikh Flexi Cap Fund,INF879O01027,,Bharat Electronics Limited,INE263A01024,Other,Aerospace & Defense,Aerospace & Defense,,1484850.0,6153.96,,INF879O01027_Parag Parikh Flexi Cap Fund.xlsx,PPFCF,56,True,Equity Candidate
Parag Parikh Flexi Cap Fund,INF879O01027,,Grasim Industries Limited,INE047A01021,Other,Cement & Cement Products,Cement & Cement Products,,163000.0,5494.73,,INF879O01027_Parag Parikh Flexi Cap Fund.xlsx,PPFCF,57,True,Equity Candidate
Parag Parikh Flexi Cap Fund,INF879O01027,,IndusInd Bank Limited,INE095A01012,Other,Banks,Banks,,492100.0,5002.69,,INF879O01027_Parag Parikh Flexi Cap Fund.xlsx,PPFCF,58,True,Equity Candidate
Parag Parikh Flexi Cap Fund,INF879O01027,,Eicher Motors Limited,INE066A01021,Other,Automobiles,Automobiles,,54600.0,4342.61,,INF879O01027_Parag Parikh Flexi Cap Fund.xlsx,PPFCF,59,True,Equity Candidate
Parag Parikh Flexi Cap Fund,INF879O01027,,TVS Motor Company Limited,INE494B01023,Other,Automobiles,Automobiles,,96950.0,4208.89,,INF879O01027_Parag Parikh Flexi Cap Fund.xlsx,PPFCF,60,True,Equity Candidate
Parag Parikh Flexi Cap Fund,INF879O01027,,Bajaj Finserv Limited,INE918I01026,Other,Finance,Finance,,178500.0,3607.49,,INF879O01027_Parag Parikh Flexi Cap Fund.xlsx,PPFCF,61,True,Equity Candidate
Parag Parikh Flexi Cap Fund,INF879O01027,,IDFC First Bank Limited,INE092T01019,Other,Banks,Banks,,2801050.0,2408.06,,INF879O01027_Parag Parikh Flexi Cap Fund.xlsx,PPFCF,62,True,Equity Candidate
Parag Parikh Flexi Cap Fund,INF879O01027,,Ashok Leyland Limited,INE208A01029,Other,"Agricultural, Commercial & Construction Vehicles","Agricultural, Commercial & Construction Vehicles",,1345000.0,2362.36,,INF879O01027_Parag Parikh Flexi Cap Fund.xlsx,PPFCF,63,True,Equity Candidate
Parag Parikh Flexi Cap Fund,INF879O01027,,JSW Steel Limited,INE019A01038,Other,Ferrous Metals,Ferrous Metals,,120150.0,1571.2,,INF879O01027_Parag Parikh Flexi Cap Fund.xlsx,PPFCF,64,True,Equity Candidate
Parag Parikh Flexi Cap Fund,INF879O01027,,Tata Consumer Products Limited,INE192A01025,Other,Agricultural Food & other Products,Agricultural Food & other Products,,40150.0,416.56,,INF879O01027_Parag Parikh Flexi Cap Fund.xlsx,PPFCF,65,True,Equity Candidate
Parag Parikh Flexi Cap Fund,INF879O01027,,Lupin Limited,INE326A01037,Other,Pharmaceuticals & Biotechnology,Pharmaceuticals & Biotechnology,,5100.0,111.61,,INF879O01027_Parag Parikh Flexi Cap Fund.xlsx,PPFCF,66,True,Equity Candidate
Parag Parikh Flexi Cap Fund,INF879O01027,,JSW Energy Limited,INE121E01018,Other,Power,Power,,5375.0,27.97,,INF879O01027_Parag Parikh Flexi Cap Fund.xlsx,PPFCF,67,True,Equity Candidate
Parag Parikh Flexi Cap Fund,INF879O01027,,(b) Reits,,REIT/InvIT,,,,,,,INF879O01027_Parag Parikh Flexi Cap Fund.xlsx,PPFCF,69,False,Other
Parag Parikh Flexi Cap Fund,INF879O01027,,Embassy Office Parks REIT,INE041025011,REIT/InvIT,Realty,Realty,,83312247.0,365307.54,,INF879O01027_Parag Parikh Flexi Cap Fund.xlsx,PPFCF,70,True,Equity Candidate
Parag Parikh Flexi Cap Fund,INF879O01027,,Knowledge Realty Trust,INE1JAR25012,Other,Realty,Realty,,278438503.0,307591.01,,INF879O01027_Parag Parikh Flexi Cap Fund.xlsx,PPFCF,71,True,Equity Candidate
Parag Parikh Flexi Cap Fund,INF879O01027,,Brookfield India Real Estate Trust,INE0FDU25010,Other,Realty,Realty,,68921742.0,235512.48,,INF879O01027_Parag Parikh Flexi Cap Fund.xlsx,PPFCF,72,True,Equity Candidate
Parag Parikh Flexi Cap Fund,INF879O01027,,(c) Unlisted,,Other,,,,,,,INF879O01027_Parag Parikh Flexi Cap Fund.xlsx,PPFCF,74,False,Other
Parag Parikh Flexi Cap Fund,INF879O01027,,Equity & Equity related Foreign Investments,,Equity,,,,,,,INF879O01027_Parag Parikh Flexi Cap Fund.xlsx,PPFCF,77,False,Other
Parag Parikh Flexi Cap Fund,INF879O01027,,(a) Listed / awaiting listing on Stock Exchanges,,Other,,,,,,,INF879O01027_Parag Parikh Flexi Cap Fund.xlsx,PPFCF,78,False,Other
Parag Parikh Flexi Cap Fund,INF879O01027,,Alphabet Inc A,US02079K3059,Other,"Computer Software: Programming, Data Processing ##","Computer Software: Programming, Data Processing ##",,1889757.0,610341.07,,INF879O01027_Parag Parikh Flexi Cap Fund.xlsx,PPFCF,79,False,Other
Parag Parikh Flexi Cap Fund,INF879O01027,,Microsoft Corp,US5949181045,Other,Computer Software: Prepackaged Software ##,Computer Software: Prepackaged Software ##,,733019.0,353907.94,,INF879O01027_Parag Parikh Flexi Cap Fund.xlsx,PPFCF,80,False,Other
Parag Parikh Flexi Cap Fund,INF879O01027,,Amazon Com Inc,US0231351067,Other,Catalog/Specialty Distribution ##,Catalog/Specialty Distribution ##,,1390648.0,343815.13,,INF879O01027_Parag Parikh Flexi Cap Fund.xlsx,PPFCF,81,False,Other
Parag Parikh Flexi Cap Fund,INF879O01027,,Meta Platforms Registered Shares A,US30303M1027,Equity,"Computer Software: Programming, Data Processing ##","Computer Software: Programming, Data Processing ##",,591056.0,321959.7,,INF879O01027_Parag Parikh Flexi Cap Fund.xlsx,PPFCF,82,False,Other
Parag Parikh Flexi Cap Fund,INF879O01027,,(b) Unlisted,,Other,,,,,,,INF879O01027_Parag Parikh Flexi Cap Fund.xlsx,PPFCF,84,False,Other
Parag Parikh Flexi Cap Fund,INF879O01027,,Money Market Instruments,,Other,,,,,,,INF879O01027_Parag Parikh Flexi Cap Fund.xlsx,PPFCF,87,False,Non-Equity
Parag Parikh Flexi Cap Fund,INF879O01027,,Certificate of Deposit,,Debt,,,,,,,INF879O01027_Parag Parikh Flexi Cap Fund.xlsx,PPFCF,88,False,Non-Equity
Parag Parikh Flexi Cap Fund,INF879O01027,,Kotak Mahindra Bank Limited (18/12/2026),INE237AD6109,Other,CRISIL A1+,CRISIL A1+,,10000.0,49062.2,,INF879O01027_Parag Parikh Flexi Cap Fund.xlsx,PPFCF,89,True,Equity Candidate
Parag Parikh Flexi Cap Fund,INF879O01027,,Canara Bank (18/12/2026),INE476A16F78,Other,CRISIL A1+,CRISIL A1+,,9000.0,44153.42,,INF879O01027_Parag Parikh Flexi Cap Fund.xlsx,PPFCF,90,True,Equity Candidate
Parag Parikh Flexi Cap Fund,INF879O01027,,National Bank For Agriculture and Rural Development (18/09/2026),INE261F16AB5,Other,CRISIL A1+,CRISIL A1+,,8000.0,39885.76,,INF879O01027_Parag Parikh Flexi Cap Fund.xlsx,PPFCF,91,True,Equity Candidate
Parag Parikh Flexi Cap Fund,INF879O01027,,HDFC Bank Limited (10/09/2026) #,INE040A16HL8,Other,CARE A1+,CARE A1+,,7500.0,37443.68,,INF879O01027_Parag Parikh Flexi Cap Fund.xlsx,PPFCF,92,True,Equity Candidate
Parag Parikh Flexi Cap Fund,INF879O01027,,Kotak Mahindra Bank Limited (24/09/2026),INE237AD6042,Other,CRISIL A1+,CRISIL A1+,,7000.0,34866.51,,INF879O01027_Parag Parikh Flexi Cap Fund.xlsx,PPFCF,93,True,Equity Candidate
Parag Parikh Flexi Cap Fund,INF879O01027,,Small Industries Dev Bank of India (24/09/2026),INE556F16BK7,Other,CRISIL A1+,CRISIL A1+,,6000.0,29883.66,,INF879O01027_Parag Parikh Flexi Cap Fund.xlsx,PPFCF,94,True,Equity Candidate
Parag Parikh Flexi Cap Fund,INF879O01027,,Canara Bank (11/11/2026),INE476A16E38,Other,CRISIL A1+,CRISIL A1+,,6000.0,29631.99,,INF879O01027_Parag Parikh Flexi Cap Fund.xlsx,PPFCF,95,True,Equity Candidate
Parag Parikh Flexi Cap Fund,INF879O01027,,Indian Bank (22/01/2027),INE562A16QG2,Other,CRISIL A1+,CRISIL A1+,,6000.0,29227.65,,INF879O01027_Parag Parikh Flexi Cap Fund.xlsx,PPFCF,96,True,Equity Candidate
Parag Parikh Flexi Cap Fund,INF879O01027,,Axis Bank Limited (01/09/2026) #,INE238AD6CL0,Other,CRISIL A1+,CRISIL A1+,,5000.0,25000.0,,INF879O01027_Parag Parikh Flexi Cap Fund.xlsx,PPFCF,97,True,Equity Candidate
Parag Parikh Flexi Cap Fund,INF879O01027,,National Bank For Agriculture and Rural Development (19/01/2027),INE261F16AE9,Other,ICRA A1+,ICRA A1+,,5000.0,24359.98,,INF879O01027_Parag Parikh Flexi Cap Fund.xlsx,PPFCF,98,True,Equity Candidate
Parag Parikh Flexi Cap Fund,INF879O01027,,National Bank For Agriculture and Rural Development (14/01/2027) #,INE261F16AD1,Other,CRISIL A1+,CRISIL A1+,,4500.0,21944.03,,INF879O01027_Parag Parikh Flexi Cap Fund.xlsx,PPFCF,99,True,Equity Candidate
Parag Parikh Flexi Cap Fund,INF879O01027,,Small Industries Dev Bank of India (13/10/2026),INE556F16BL5,Other,CRISIL A1+,CRISIL A1+,,4000.0,19855.6,,INF879O01027_Parag Parikh Flexi Cap Fund.xlsx,PPFCF,100,True,Equity Candidate
Parag Parikh Flexi Cap Fund,INF879O01027,,Bank of Baroda (15/12/2026),INE028A16KW4,Other,IND A1+,IND A1+,,4000.0,19634.76,,INF879O01027_Parag Parikh Flexi Cap Fund.xlsx,PPFCF,101,True,Equity Candidate
Parag Parikh Flexi Cap Fund,INF879O01027,,Kotak Mahindra Bank Limited (08/01/2027) #,INE237AD6117,Other,CRISIL A1+,CRISIL A1+,,4000.0,19537.36,,INF879O01027_Parag Parikh Flexi Cap Fund.xlsx,PPFCF,102,True,Equity Candidate
Parag Parikh Flexi Cap Fund,INF879O01027,,ICICI Bank Limited (27/01/2027) #,INE090AD6279,Other,ICRA A1+,ICRA A1+,,4000.0,19469.5,,INF879O01027_Parag Parikh Flexi Cap Fund.xlsx,PPFCF,103,True,Equity Candidate
Parag Parikh Flexi Cap Fund,INF879O01027,,Small Industries Dev Bank of India (16/12/2026),INE556F16BT8,Other,CARE A1+,CARE A1+,,3500.0,17174.31,,INF879O01027_Parag Parikh Flexi Cap Fund.xlsx,PPFCF,104,True,Equity Candidate
Parag Parikh Flexi Cap Fund,INF879O01027,,National Bank For Agriculture and Rural Development (22/01/2027),INE261F16AF6,Other,ICRA A1+,ICRA A1+,,3000.0,14607.96,,INF879O01027_Parag Parikh Flexi Cap Fund.xlsx,PPFCF,105,True,Equity Candidate
Parag Parikh Flexi Cap Fund,INF879O01027,,National Bank For Agriculture and Rural Development (28/01/2027),INE261F16AH2,Other,CRISIL A1+,CRISIL A1+,,3000.0,14591.97,,INF879O01027_Parag Parikh Flexi Cap Fund.xlsx,PPFCF,106,True,Equity Candidate
Parag Parikh Flexi Cap Fund,INF879O01027,,Punjab National Bank (02/09/2026),INE160A16UO1,Other,CRISIL A1+,CRISIL A1+,,2000.0,9998.38,,INF879O01027_Parag Parikh Flexi Cap Fund.xlsx,PPFCF,107,True,Equity Candidate
Parag Parikh Flexi Cap Fund,INF879O01027,,HDFC Bank Limited (21/09/2026),INE040A16HR5,Other,CARE A1+,CARE A1+,,2000.0,9966.28,,INF879O01027_Parag Parikh Flexi Cap Fund.xlsx,PPFCF,108,True,Equity Candidate
Parag Parikh Flexi Cap Fund,INF879O01027,,Small Industries Dev Bank of India (10/11/2026),INE556F16BR2,Other,CARE A1+,CARE A1+,,2000.0,9877.91,,INF879O01027_Parag Parikh Flexi Cap Fund.xlsx,PPFCF,109,True,Equity Candidate
Parag Parikh Flexi Cap Fund,INF879O01027,,HDFC Bank Limited (13/11/2026) #,INE040A16HW5,Other,CARE A1+,CARE A1+,,2000.0,9872.64,,INF879O01027_Parag Parikh Flexi Cap Fund.xlsx,PPFCF,110,True,Equity Candidate
Parag Parikh Flexi Cap Fund,INF879O01027,,HDFC Bank Limited (22/01/2027),INE040A16IK8,Other,CARE A1+,CARE A1+,,2000.0,9740.87,,INF879O01027_Parag Parikh Flexi Cap Fund.xlsx,PPFCF,111,True,Equity Candidate
Parag Parikh Flexi Cap Fund,INF879O01027,,Bank of Baroda (04/02/2027) #,INE028A16LF7,Other,CARE A1+,CARE A1+,,2000.0,9719.19,,INF879O01027_Parag Parikh Flexi Cap Fund.xlsx,PPFCF,112,True,Equity Candidate
Parag Parikh Flexi Cap Fund,INF879O01027,,Bank of Baroda (05/02/2027),INE028A16LH3,Other,CARE A1+,CARE A1+,,2000.0,9717.65,,INF879O01027_Parag Parikh Flexi Cap Fund.xlsx,PPFCF,113,True,Equity Candidate
Parag Parikh Flexi Cap Fund,INF879O01027,,Bank of Baroda (16/09/2026),INE028A16KC6,Other,IND A1+,IND A1+,,1000.0,4987.55,,INF879O01027_Parag Parikh Flexi Cap Fund.xlsx,PPFCF,114,True,Equity Candidate
Parag Parikh Flexi Cap Fund,INF879O01027,,Axis Bank Limited (27/11/2026) #,INE238AD6BP3,Other,CRISIL A1+,CRISIL A1+,,1000.0,4924.87,,INF879O01027_Parag Parikh Flexi Cap Fund.xlsx,PPFCF,115,True,Equity Candidate
Parag Parikh Flexi Cap Fund,INF879O01027,,Punjab National Bank (05/02/2027) #,INE160A16UE2,Other,CRISIL A1+,CRISIL A1+,,1000.0,4858.76,,INF879O01027_Parag Parikh Flexi Cap Fund.xlsx,PPFCF,116,True,Equity Candidate
Parag Parikh Flexi Cap Fund,INF879O01027,,Small Industries Dev Bank of India (11/06/2027),INE556F16CE8,Other,CRISIL A1+,CRISIL A1+,,1000.0,4731.99,,INF879O01027_Parag Parikh Flexi Cap Fund.xlsx,PPFCF,117,True,Equity Candidate
Parag Parikh Flexi Cap Fund,INF879O01027,,HDFC Bank Limited (16/09/2026),INE040A16JQ3,Other,CARE A1+,CARE A1+,,500.0,2493.67,,INF879O01027_Parag Parikh Flexi Cap Fund.xlsx,PPFCF,118,True,Equity Candidate
Parag Parikh Flexi Cap Fund,INF879O01027,,Bank of Baroda (25/11/2026) #,INE028A16KK9,Other,IND A1+,IND A1+,,500.0,2463.4,,INF879O01027_Parag Parikh Flexi Cap Fund.xlsx,PPFCF,119,True,Equity Candidate
Parag Parikh Flexi Cap Fund,INF879O01027,,Bank of Baroda (07/12/2026) #,INE028A16MQ2,Other,IND A1+,IND A1+,,500.0,2457.84,,INF879O01027_Parag Parikh Flexi Cap Fund.xlsx,PPFCF,120,True,Equity Candidate
Parag Parikh Flexi Cap Fund,INF879O01027,,Commercial Paper,,Debt,,,,,,,INF879O01027_Parag Parikh Flexi Cap Fund.xlsx,PPFCF,122,False,Non-Equity
Parag Parikh Flexi Cap Fund,INF879O01027,,Bharat Petroleum Corporation Limited (24/09/2026),INE029A14BV8,Other,CRISIL A1+,CRISIL A1+,,10000.0,49805.9,,INF879O01027_Parag Parikh Flexi Cap Fund.xlsx,PPFCF,123,True,Equity Candidate
Parag Parikh Flexi Cap Fund,INF879O01027,,Export Import Bank of India (14/12/2026),INE514E14TQ3,Other,CRISIL A1+,CRISIL A1+,,9000.0,44175.56,,INF879O01027_Parag Parikh Flexi Cap Fund.xlsx,PPFCF,124,True,Equity Candidate
Parag Parikh Flexi Cap Fund,INF879O01027,,Hindustan Petroleum Corporation Limited (15/09/2026),INE094A14KC3,Other,CRISIL A1+,CRISIL A1+,,4000.0,19952.94,,INF879O01027_Parag Parikh Flexi Cap Fund.xlsx,PPFCF,125,True,Equity Candidate
Parag Parikh Flexi Cap Fund,INF879O01027,,REC Limited (21/09/2026),INE020B14706,Other,CRISIL A1+,CRISIL A1+,,4000.0,19932.28,,INF879O01027_Parag Parikh Flexi Cap Fund.xlsx,PPFCF,126,True,Equity Candidate
Parag Parikh Flexi Cap Fund,INF879O01027,,Bajaj Finance Limited (26/10/2026),INE296A14I67,Other,ICRA A1+,ICRA A1+,,4000.0,19792.28,,INF879O01027_Parag Parikh Flexi Cap Fund.xlsx,PPFCF,127,True,Equity Candidate
Parag Parikh Flexi Cap Fund,INF879O01027,,Hindustan Petroleum Corporation Limited (17/09/2026),INE094A14KD1,Other,CRISIL A1+,CRISIL A1+,,3000.0,14959.44,,INF879O01027_Parag Parikh Flexi Cap Fund.xlsx,PPFCF,128,True,Equity Candidate
Parag Parikh Flexi Cap Fund,INF879O01027,,Export Import Bank of India (22/09/2026),INE514E14TP5,Other,CRISIL A1+,CRISIL A1+,,3000.0,14947.34,,INF879O01027_Parag Parikh Flexi Cap Fund.xlsx,PPFCF,129,True,Equity Candidate
Parag Parikh Flexi Cap Fund,INF879O01027,,NTPC Limited (23/09/2026),INE733E14CD3,Other,CRISIL A1+,CRISIL A1+,,2500.0,12453.46,,INF879O01027_Parag Parikh Flexi Cap Fund.xlsx,PPFCF,130,True,Equity Candidate
Parag Parikh Flexi Cap Fund,INF879O01027,,Sundaram Finance Limited (17/08/2027),INE660A14ZE5,Other,CRISIL A1+,CRISIL A1+,,2000.0,9320.74,,INF879O01027_Parag Parikh Flexi Cap Fund.xlsx,PPFCF,131,True,Equity Candidate
Parag Parikh Flexi Cap Fund,INF879O01027,,Bajaj Finance Limited (04/11/2026),INE296A14D13,Other,ICRA A1+,ICRA A1+,,1000.0,4939.46,,INF879O01027_Parag Parikh Flexi Cap Fund.xlsx,PPFCF,132,True,Equity Candidate
Parag Parikh Flexi Cap Fund,INF879O01027,,Power Finance Corporation Limited (18/11/2026),INE134E14AZ1,Other,CRISIL A1+,CRISIL A1+,,1000.0,4932.74,,INF879O01027_Parag Parikh Flexi Cap Fund.xlsx,PPFCF,133,True,Equity Candidate
Parag Parikh Flexi Cap Fund,INF879O01027,,ICICI Securities Limited (28/09/2026),INE763G14J31,Other,CRISIL A1+,CRISIL A1+,,500.0,2487.65,,INF879O01027_Parag Parikh Flexi Cap Fund.xlsx,PPFCF,134,True,Equity Candidate
Parag Parikh Flexi Cap Fund,INF879O01027,,Treasury Bill,,Government Security,,,,,,,INF879O01027_Parag Parikh Flexi Cap Fund.xlsx,PPFCF,136,False,Non-Equity
Parag Parikh Flexi Cap Fund,INF879O01027,,364 Days Tbill (MD 15/10/2026),IN002025Z294,Government Security,Sovereign,Sovereign,,35000000.0,34785.63,,INF879O01027_Parag Parikh Flexi Cap Fund.xlsx,PPFCF,137,False,Non-Equity
Parag Parikh Flexi Cap Fund,INF879O01027,,364 Days Tbill (MD 15/01/2027),IN002025Z419,Government Security,Sovereign,Sovereign,,20500000.0,20083.21,,INF879O01027_Parag Parikh Flexi Cap Fund.xlsx,PPFCF,138,False,Non-Equity
Parag Parikh Flexi Cap Fund,INF879O01027,,364 Days Tbill (MD 01/07/2027),IN002026Z136,Government Security,Sovereign,Sovereign,,11000000.0,10499.18,,INF879O01027_Parag Parikh Flexi Cap Fund.xlsx,PPFCF,139,False,Non-Equity
Parag Parikh Flexi Cap Fund,INF879O01027,,Others,,Other,,,,,,,INF879O01027_Parag Parikh Flexi Cap Fund.xlsx,PPFCF,142,False,Other
Parag Parikh Flexi Cap Fund,INF879O01027,,Mutual Fund Units,,Other,,,,,,,INF879O01027_Parag Parikh Flexi Cap Fund.xlsx,PPFCF,143,False,Non-Equity
Parag Parikh Flexi Cap Fund,INF879O01027,,Parag Parikh Liquid Fund- Direct Plan- Growth,INF879O01068,Other,,,,3606676.67,56532.63,,INF879O01027_Parag Parikh Flexi Cap Fund.xlsx,PPFCF,144,False,Non-Equity
Parag Parikh Flexi Cap Fund,INF879O01027,,Reverse Repo / TREPS,,Other,,,,,,,INF879O01027_Parag Parikh Flexi Cap Fund.xlsx,PPFCF,146,False,Non-Equity
Parag Parikh Flexi Cap Fund,INF879O01027,,TRP_010926,,Other,,,,,715265.0,,INF879O01027_Parag Parikh Flexi Cap Fund.xlsx,PPFCF,147,False,Other
Parag Parikh Flexi Cap Fund,INF879O01027,,Net Receivables / (Payables),,Other,,,,,-210599.11,,INF879O01027_Parag Parikh Flexi Cap Fund.xlsx,PPFCF,150,False,Other
Parag Parikh Flexi Cap Fund,INF879O01027,,Derivatives,,Other,,,,,,,INF879O01027_Parag Parikh Flexi Cap Fund.xlsx,PPFCF,152,False,Other
Parag Parikh Flexi Cap Fund,INF879O01027,,Name of the Instrument,LONG / (SHORT),Other,Quantity,Quantity,,,,,INF879O01027_Parag Parikh Flexi Cap Fund.xlsx,PPFCF,153,False,Other
Parag Parikh Flexi Cap Fund,INF879O01027,,Index / Stock Futures,,Other,,,,,,,INF879O01027_Parag Parikh Flexi Cap Fund.xlsx,PPFCF,154,False,Non-Equity
Parag Parikh Flexi Cap Fund,INF879O01027,,Bajaj Finance Limited September 2026 Future,(SHORT),Other,-5340000,-5340000,,-57175.38,-0.0039,,INF879O01027_Parag Parikh Flexi Cap Fund.xlsx,PPFCF,155,False,Non-Equity
Parag Parikh Flexi Cap Fund,INF879O01027,,Reliance Industries Limited September 2026 Future,(SHORT),Other,-4061000,-4061000,,-52837.67,-0.0036,,INF879O01027_Parag Parikh Flexi Cap Fund.xlsx,PPFCF,156,False,Non-Equity
Parag Parikh Flexi Cap Fund,INF879O01027,,Sun Pharmaceutical Industries Limited September 2026 Future,(SHORT),Other,-933450,-933450,,-18088.39,-0.0012,,INF879O01027_Parag Parikh Flexi Cap Fund.xlsx,PPFCF,157,False,Non-Equity
Parag Parikh Flexi Cap Fund,INF879O01027,,Hindustan Aeronautics Limited September 2026 Future,(SHORT),Other,-321600,-321600,,-15571.87,-0.0011,,INF879O01027_Parag Parikh Flexi Cap Fund.xlsx,PPFCF,158,False,Non-Equity
Parag Parikh Flexi Cap Fund,INF879O01027,,Canara Bank September 2026 Future,(SHORT),Other,-11130750,-11130750,,-14119.36,-0.001,,INF879O01027_Parag Parikh Flexi Cap Fund.xlsx,PPFCF,159,False,Non-Equity
Parag Parikh Flexi Cap Fund,INF879O01027,,Divi's Laboratories Limited September 2026 Future,(SHORT),Other,-135900,-135900,,-12573.47,-0.0009,,INF879O01027_Parag Parikh Flexi Cap Fund.xlsx,PPFCF,160,False,Non-Equity
Parag Parikh Flexi Cap Fund,INF879O01027,,State Bank of India September 2026 Future,(SHORT),Other,-1233000,-1233000,,-12987.19,-0.0009,,INF879O01027_Parag Parikh Flexi Cap Fund.xlsx,PPFCF,161,False,Non-Equity
Parag Parikh Flexi Cap Fund,INF879O01027,,UltraTech Cement Limited September 2026 Future,(SHORT),Other,-99100,-99100,,-11483.71,-0.0008,,INF879O01027_Parag Parikh Flexi Cap Fund.xlsx,PPFCF,162,False,Non-Equity
Parag Parikh Flexi Cap Fund,INF879O01027,,Titan Company Limited October 2026 Future,(SHORT),Other,-206500,-206500,,-10711.77,-0.0007,,INF879O01027_Parag Parikh Flexi Cap Fund.xlsx,PPFCF,163,False,Non-Equity
Parag Parikh Flexi Cap Fund,INF879O01027,,Hindalco Industries Limited September 2026 Future,(SHORT),Other,-846300,-846300,,-8684.31,-0.0006,,INF879O01027_Parag Parikh Flexi Cap Fund.xlsx,PPFCF,164,False,Non-Equity
Parag Parikh Flexi Cap Fund,INF879O01027,,Tata Steel Limited September 2026 Future,(SHORT),Other,-3660250,-3660250,,-6707.04,-0.0005,,INF879O01027_Parag Parikh Flexi Cap Fund.xlsx,PPFCF,165,False,Non-Equity
Parag Parikh Flexi Cap Fund,INF879O01027,,Oil & Natural Gas Corporation Limited September 2026 Future,(SHORT),Other,-3334500,-3334500,,-7774.72,-0.0005,,INF879O01027_Parag Parikh Flexi Cap Fund.xlsx,PPFCF,166,False,Non-Equity
Parag Parikh Flexi Cap Fund,INF879O01027,,Grasim Industries Limited September 2026 Future,(SHORT),Other,-163000,-163000,,-5437.52,-0.0004,,INF879O01027_Parag Parikh Flexi Cap Fund.xlsx,PPFCF,167,False,Non-Equity
Parag Parikh Flexi Cap Fund,INF879O01027,,Titan Company Limited September 2026 Future,(SHORT),Other,-117950,-117950,,-6085.98,-0.0004,,INF879O01027_Parag Parikh Flexi Cap Fund.xlsx,PPFCF,168,False,Non-Equity
Parag Parikh Flexi Cap Fund,INF879O01027,,Bharat Electronics Limited September 2026 Future,(SHORT),Other,-1484850,-1484850,,-6162.13,-0.0004,,INF879O01027_Parag Parikh Flexi Cap Fund.xlsx,PPFCF,169,False,Non-Equity
Parag Parikh Flexi Cap Fund,INF879O01027,,Hindustan Unilever Limited September 2026 Future,(SHORT),Other,-316500,-316500,,-6364.18,-0.0004,,INF879O01027_Parag Parikh Flexi Cap Fund.xlsx,PPFCF,170,False,Non-Equity
Parag Parikh Flexi Cap Fund,INF879O01027,,TVS Motor Company Limited September 2026 Future,(SHORT),Other,-96950,-96950,,-4211.31,-0.0003,,INF879O01027_Parag Parikh Flexi Cap Fund.xlsx,PPFCF,171,False,Non-Equity
Parag Parikh Flexi Cap Fund,INF879O01027,,Eicher Motors Limited September 2026 Future,(SHORT),Other,-54600,-54600,,-4386.02,-0.0003,,INF879O01027_Parag Parikh Flexi Cap Fund.xlsx,PPFCF,172,False,Non-Equity
Parag Parikh Flexi Cap Fund,INF879O01027,,IndusInd Bank Limited September 2026 Future,(SHORT),Other,-492100,-492100,,-4934.78,-0.0003,,INF879O01027_Parag Parikh Flexi Cap Fund.xlsx,PPFCF,173,False,Non-Equity
Parag Parikh Flexi Cap Fund,INF879O01027,,IDFC First Bank Limited September 2026 Future,(SHORT),Other,-2801050,-2801050,,-2373.89,-0.0002,,INF879O01027_Parag Parikh Flexi Cap Fund.xlsx,PPFCF,174,False,Non-Equity
Parag Parikh Flexi Cap Fund,INF879O01027,,Ashok Leyland Limited September 2026 Future,(SHORT),Other,-1345000,-1345000,,-2381.73,-0.0002,,INF879O01027_Parag Parikh Flexi Cap Fund.xlsx,PPFCF,175,False,Non-Equity
Parag Parikh Flexi Cap Fund,INF879O01027,,Bajaj Finserv Limited September 2026 Future,(SHORT),Other,-178500,-178500,,-3577.68,-0.0002,,INF879O01027_Parag Parikh Flexi Cap Fund.xlsx,PPFCF,176,False,Non-Equity
Parag Parikh Flexi Cap Fund,INF879O01027,,UltraTech Cement Limited October 2026 Future,(SHORT),Other,-13150,-13150,,-1530.0,-0.0001,,INF879O01027_Parag Parikh Flexi Cap Fund.xlsx,PPFCF,177,False,Non-Equity
Parag Parikh Flexi Cap Fund,INF879O01027,,JSW Steel Limited September 2026 Future,(SHORT),Other,-120150,-120150,,-1593.19,-0.0001,,INF879O01027_Parag Parikh Flexi Cap Fund.xlsx,PPFCF,178,False,Non-Equity
Parag Parikh Flexi Cap Fund,INF879O01027,,JSW Energy Limited September 2026 Future,(SHORT),Other,-5375,-5375,,-28.49,0.0,,INF879O01027_Parag Parikh Flexi Cap Fund.xlsx,PPFCF,179,False,Non-Equity
Parag Parikh Flexi Cap Fund,INF879O01027,,Lupin Limited September 2026 Future,(SHORT),Other,-5100,-5100,,-110.69,0.0,,INF879O01027_Parag Parikh Flexi Cap Fund.xlsx,PPFCF,180,False,Non-Equity
Parag Parikh Flexi Cap Fund,INF879O01027,,Tata Consumer Products Limited September 2026 Future,(SHORT),Other,-40150,-40150,,-420.25,0.0,,INF879O01027_Parag Parikh Flexi Cap Fund.xlsx,PPFCF,181,False,Non-Equity
Parag Parikh Flexi Cap Fund,INF879O01027,,Index / Stock Options,,Other,,,,,,,INF879O01027_Parag Parikh Flexi Cap Fund.xlsx,PPFCF,183,False,Non-Equity
Parag Parikh Flexi Cap Fund,INF879O01027,,Power Grid Corporation of India Limited 290 Call September 2026 Option,,Other,-342000,-342000,,-1.03,0.0,,INF879O01027_Parag Parikh Flexi Cap Fund.xlsx,PPFCF,184,False,Non-Equity
Parag Parikh Flexi Cap Fund,INF879O01027,,Coal India Limited 430 Call September 2026 Option,,Other,-197100,-197100,,-1.58,0.0,,INF879O01027_Parag Parikh Flexi Cap Fund.xlsx,PPFCF,185,False,Non-Equity
Parag Parikh Flexi Cap Fund,INF879O01027,,Cipla Limited 1520 Call September 2026 Option,,Other,-340000,-340000,,-7.65,0.0,,INF879O01027_Parag Parikh Flexi Cap Fund.xlsx,PPFCF,186,False,Non-Equity
Parag Parikh Flexi Cap Fund,INF879O01027,,Dr. Reddy's Laboratories Limited 1240 Call September 2026 Option,,Other,-187500,-187500,,-7.88,0.0,,INF879O01027_Parag Parikh Flexi Cap Fund.xlsx,PPFCF,187,False,Non-Equity
Parag Parikh Flexi Cap Fund,INF879O01027,,Cipla Limited 1480 Call September 2026 Option,,Other,-127500,-127500,,-9.56,0.0,,INF879O01027_Parag Parikh Flexi Cap Fund.xlsx,PPFCF,188,False,Non-Equity
Parag Parikh Flexi Cap Fund,INF879O01027,,Dr. Reddy's Laboratories Limited 1260 Call September 2026 Option,,Other,-366875,-366875,,-9.91,0.0,,INF879O01027_Parag Parikh Flexi Cap Fund.xlsx,PPFCF,189,False,Non-Equity
Parag Parikh Flexi Cap Fund,INF879O01027,,Cipla Limited 1500 Call September 2026 Option,,Other,-257550,-257550,,-10.82,0.0,,INF879O01027_Parag Parikh Flexi Cap Fund.xlsx,PPFCF,190,False,Non-Equity
Parag Parikh Flexi Cap Fund,INF879O01027,,Power Grid Corporation of India Limited 285 Call September 2026 Option,,Other,-2477600,-2477600,,-12.39,0.0,,INF879O01027_Parag Parikh Flexi Cap Fund.xlsx,PPFCF,191,False,Non-Equity
Parag Parikh Flexi Cap Fund,INF879O01027,,Coal India Limited 425 Call September 2026 Option,,Other,-1086750,-1086750,,-13.04,0.0,,INF879O01027_Parag Parikh Flexi Cap Fund.xlsx,PPFCF,192,False,Non-Equity
Parag Parikh Flexi Cap Fund,INF879O01027,,Maruti Suzuki India Limited 14500 Call September 2026 Option,,Other,-35050,-35050,,-13.69,0.0,,INF879O01027_Parag Parikh Flexi Cap Fund.xlsx,PPFCF,193,False,Non-Equity
Parag Parikh Flexi Cap Fund,INF879O01027,,Maruti Suzuki India Limited 14200 Call September 2026 Option,,Other,-25000,-25000,,-18.66,0.0,,INF879O01027_Parag Parikh Flexi Cap Fund.xlsx,PPFCF,194,False,Non-Equity
Parag Parikh Flexi Cap Fund,INF879O01027,,Mahindra & Mahindra Limited 3600 Call September 2026 Option,,Other,-416600,-416600,,-54.99,0.0,,INF879O01027_Parag Parikh Flexi Cap Fund.xlsx,PPFCF,195,False,Non-Equity
Parag Parikh Flexi Cap Fund,INF879O01027,,# Traded,,Other,,,,,,,INF879O01027_Parag Parikh Flexi Cap Fund.xlsx,PPFCF,198,False,Other
Parag Parikh Flexi Cap Fund,INF879O01027,,$  Less Than 0.01% of Net Asset Value,,Other,,,,,,,INF879O01027_Parag Parikh Flexi Cap Fund.xlsx,PPFCF,199,False,Other
Parag Parikh Flexi Cap Fund,INF879O01027,,"~ Yield to Maturity (YTM) as on August 31, 2026",,Other,,,,,,,INF879O01027_Parag Parikh Flexi Cap Fund.xlsx,PPFCF,200,False,Other
Parag Parikh Flexi Cap Fund,INF879O01027,,"^ Pursuant to AMFI circular no. 135/BP/91/2020-21, Yield to Call (YTC) for AT-1 bonds and Tier-2 bonds as on August 31, 2026",,Debt,,,,,,,INF879O01027_Parag Parikh Flexi Cap Fund.xlsx,PPFCF,201,False,Non-Equity
Parag Parikh Flexi Cap Fund,INF879O01027,,Notes & Symbols :-,,Other,,,,,,,INF879O01027_Parag Parikh Flexi Cap Fund.xlsx,PPFCF,202,False,Other
Parag Parikh Flexi Cap Fund,INF879O01027,,^ The Name of the Industry is in accordance with Industry Classification as recommended by AMFI.,,Other,,,,,,,INF879O01027_Parag Parikh Flexi Cap Fund.xlsx,PPFCF,203,False,Other
Parag Parikh Flexi Cap Fund,INF879O01027,,## The Name of the Industry is in accordance with Industry Classification for Foreign Securities is as per NASDAQ.,,Other,,,,,,,INF879O01027_Parag Parikh Flexi Cap Fund.xlsx,PPFCF,204,False,Other
Parag Parikh Flexi Cap Fund,INF879O01027,,Notes:,,Other,,,,,,,INF879O01027_Parag Parikh Flexi Cap Fund.xlsx,PPFCF,205,False,Other
Parag Parikh Flexi Cap Fund,INF879O01027,,1.  Total value provided for securities classified as below investment grade or default and its percentage to NAV - NIL,,Other,,,,,,,INF879O01027_Parag Parikh Flexi Cap Fund.xlsx,PPFCF,206,False,Other
Parag Parikh Flexi Cap Fund,INF879O01027,,Name of security,ISIN CODE,Other,Net receivable/ market value,Net receivable/ market value,,,,,INF879O01027_Parag Parikh Flexi Cap Fund.xlsx,PPFCF,207,False,Other
Parag Parikh Flexi Cap Fund,INF879O01027,,NIL,NIL,Other,NIL,NIL,,,,,INF879O01027_Parag Parikh Flexi Cap Fund.xlsx,PPFCF,209,False,Other
Parag Parikh Flexi Cap Fund,INF879O01027,,2.   Total value and percentage of Illiquid Equity Shares: Nil,,Equity,,,,,,,INF879O01027_Parag Parikh Flexi Cap Fund.xlsx,PPFCF,210,False,Other
Parag Parikh Flexi Cap Fund,INF879O01027,,3.   Plan wise per unit Net Asset Value are as follows:,,Other,,,,,,,INF879O01027_Parag Parikh Flexi Cap Fund.xlsx,PPFCF,211,False,Other
Parag Parikh Flexi Cap Fund,INF879O01027,,Plan / Option,2026-07-31 00:00:00,Other,2026-08-31 00:00:00,2026-08-31 00:00:00,,,,,INF879O01027_Parag Parikh Flexi Cap Fund.xlsx,PPFCF,212,False,Non-Equity
Parag Parikh Flexi Cap Fund,INF879O01027,,Parag Parikh Flexi Cap Fund- Direct Plan Growth,92.0527,Other,90.7827,90.7827,,,,,INF879O01027_Parag Parikh Flexi Cap Fund.xlsx,PPFCF,213,False,Other
Parag Parikh Flexi Cap Fund,INF879O01027,,Parag Parikh Flexi Cap Fund- Regular Plan Growth,83.9207,Other,82.7201,82.7201,,,,,INF879O01027_Parag Parikh Flexi Cap Fund.xlsx,PPFCF,214,False,Other
Parag Parikh Flexi Cap Fund,INF879O01027,,Parag Parikh Flexi Cap Fund - Direct Plan - IDCW,92.0527,Other,90.7827,90.7827,,,,,INF879O01027_Parag Parikh Flexi Cap Fund.xlsx,PPFCF,215,False,Other
Parag Parikh Flexi Cap Fund,INF879O01027,,Parag Parikh Flexi Cap Fund - Regular Plan - IDCW,83.9205,Other,82.7195,82.7195,,,,,INF879O01027_Parag Parikh Flexi Cap Fund.xlsx,PPFCF,216,False,Other
Parag Parikh Flexi Cap Fund,INF879O01027,,4.   Total IDCW* (Net) declared during the period ended Aug 2026  - Nil,,Other,,,,,,,INF879O01027_Parag Parikh Flexi Cap Fund.xlsx,PPFCF,217,False,Other
Parag Parikh Flexi Cap Fund,INF879O01027,,5.   Total Bonus declared during the period ended Aug 2026  - Nil,,Other,,,,,,,INF879O01027_Parag Parikh Flexi Cap Fund.xlsx,PPFCF,218,False,Other
Parag Parikh Flexi Cap Fund,INF879O01027,,6.    Total outstanding exposure in derivative instruments as on 31 Aug 2026: Rs. (27847389270),,Other,,,,,,,INF879O01027_Parag Parikh Flexi Cap Fund.xlsx,PPFCF,219,False,Other
Parag Parikh Flexi Cap Fund,INF879O01027,,(Gross exposure means sum of all long and short positions in derivatives),,Other,,,,,,,INF879O01027_Parag Parikh Flexi Cap Fund.xlsx,PPFCF,220,False,Other
Parag Parikh Flexi Cap Fund,INF879O01027,,7.    Total investment in Foreign Securities / ADRs / GDRs as on 31 Aug 2026: Rs. 163002384372.4,,Other,,,,,,,INF879O01027_Parag Parikh Flexi Cap Fund.xlsx,PPFCF,221,False,Other
Parag Parikh Flexi Cap Fund,INF879O01027,,8.    Total Commission paid in the month of Aug 2026: Rs. 208126652.55,,Other,,,,,,,INF879O01027_Parag Parikh Flexi Cap Fund.xlsx,PPFCF,222,False,Other
Parag Parikh Flexi Cap Fund,INF879O01027,,9.    Total Brokerage paid for Buying/ Selling of Investment for Aug 2026 is Rs.13645379.87,,Other,,,,,,,INF879O01027_Parag Parikh Flexi Cap Fund.xlsx,PPFCF,223,False,Other
Parag Parikh Flexi Cap Fund,INF879O01027,,10.  Portfolio Turnover Ratio (Including Equity Arbitrage): 43,,Equity,,,,,,,INF879O01027_Parag Parikh Flexi Cap Fund.xlsx,PPFCF,224,False,Other
Parag Parikh Flexi Cap Fund,INF879O01027,,11.  Portfolio Turnover Ratio (Excluding Equity Arbitrage): 16.84,,Equity,,,,,,,INF879O01027_Parag Parikh Flexi Cap Fund.xlsx,PPFCF,225,False,Other
Parag Parikh Flexi Cap Fund,INF879O01027,,12.  Repo transactions in corporate debt securities during the period ending Aug 2026 is Nil.,,Other,,,,,,,INF879O01027_Parag Parikh Flexi Cap Fund.xlsx,PPFCF,226,False,Non-Equity
Parag Parikh Flexi Cap Fund,INF879O01027,,13.  Deviation from the valuation prices given by valuation agencies: Nil,,Other,,,,,,,INF879O01027_Parag Parikh Flexi Cap Fund.xlsx,PPFCF,227,False,Other
Parag Parikh Flexi Cap Fund,INF879O01027,,14.  Disclosure for investments in derivative instruments,,Other,,,,,,,INF879O01027_Parag Parikh Flexi Cap Fund.xlsx,PPFCF,228,False,Other
Parag Parikh Flexi Cap Fund,INF879O01027,,Underlying,SERIES,Other,Long / Short,Long / Short,,,,,INF879O01027_Parag Parikh Flexi Cap Fund.xlsx,PPFCF,229,False,Other
Parag Parikh Flexi Cap Fund,INF879O01027,,Ashok Leyland Limited,SEP26,Other,Short,Short,,174.95971078066916,177.08,,INF879O01027_Parag Parikh Flexi Cap Fund.xlsx,PPFCF,230,False,Other
Parag Parikh Flexi Cap Fund,INF879O01027,,Bajaj Finance Limited,SEP26,Other,Short,Short,,1100.49548779588,1070.7,,INF879O01027_Parag Parikh Flexi Cap Fund.xlsx,PPFCF,231,False,Other
Parag Parikh Flexi Cap Fund,INF879O01027,,Bajaj Finserv Limited,SEP26,Other,Short,Short,,2028.46772605042,2004.3,,INF879O01027_Parag Parikh Flexi Cap Fund.xlsx,PPFCF,232,False,Other
Parag Parikh Flexi Cap Fund,INF879O01027,,Bharat Electronics Limited,SEP26,Other,Short,Short,,413.1178510556622,415.0,,INF879O01027_Parag Parikh Flexi Cap Fund.xlsx,PPFCF,233,False,Other
Parag Parikh Flexi Cap Fund,INF879O01027,,Canara Bank,SEP26,Other,Short,Short,,130.06186149181323,126.85,,INF879O01027_Parag Parikh Flexi Cap Fund.xlsx,PPFCF,234,False,Other
Parag Parikh Flexi Cap Fund,INF879O01027,,Divi's Laboratories Limited,SEP26,Other,Short,Short,,8591.894763796909,9252.0,,INF879O01027_Parag Parikh Flexi Cap Fund.xlsx,PPFCF,235,False,Other
Parag Parikh Flexi Cap Fund,INF879O01027,,Eicher Motors Limited,SEP26,Other,Short,Short,,8077.664806593407,8033.0,,INF879O01027_Parag Parikh Flexi Cap Fund.xlsx,PPFCF,236,False,Other
Parag Parikh Flexi Cap Fund,INF879O01027,,Grasim Industries Limited,SEP26,Other,Short,Short,,3291.326829447853,3335.9,,INF879O01027_Parag Parikh Flexi Cap Fund.xlsx,PPFCF,237,False,Other
Parag Parikh Flexi Cap Fund,INF879O01027,,Hindustan Aeronautics Limited,SEP26,Other,Short,Short,,5041.490463121891,4842.0,,INF879O01027_Parag Parikh Flexi Cap Fund.xlsx,PPFCF,238,False,Other
Parag Parikh Flexi Cap Fund,INF879O01027,,Hindalco Industries Limited,SEP26,Other,Short,Short,,1041.8760717121588,1026.15,,INF879O01027_Parag Parikh Flexi Cap Fund.xlsx,PPFCF,239,False,Other
Parag Parikh Flexi Cap Fund,INF879O01027,,Hindustan Unilever Limited,SEP26,Other,Short,Short,,2038.505674407583,2010.8,,INF879O01027_Parag Parikh Flexi Cap Fund.xlsx,PPFCF,240,False,Other
Parag Parikh Flexi Cap Fund,INF879O01027,,IDFC First Bank Limited,SEP26,Other,Short,Short,,86.6806533121508,84.75,,INF879O01027_Parag Parikh Flexi Cap Fund.xlsx,PPFCF,241,False,Other
Parag Parikh Flexi Cap Fund,INF879O01027,,IndusInd Bank Limited,SEP26,Other,Short,Short,,1044.1,1002.8,,INF879O01027_Parag Parikh Flexi Cap Fund.xlsx,PPFCF,242,False,Other
Parag Parikh Flexi Cap Fund,INF879O01027,,JSW Energy Limited,SEP26,Other,Short,Short,,550.16,530.0,,INF879O01027_Parag Parikh Flexi Cap Fund.xlsx,PPFCF,243,False,Other
Parag Parikh Flexi Cap Fund,INF879O01027,,JSW Steel Limited,SEP26,Other,Short,Short,,1299.7286455264252,1326.0,,INF879O01027_Parag Parikh Flexi Cap Fund.xlsx,PPFCF,244,False,Other
Parag Parikh Flexi Cap Fund,INF879O01027,,Lupin Limited,SEP26,Other,Short,Short,,2220.05,2170.3,,INF879O01027_Parag Parikh Flexi Cap Fund.xlsx,PPFCF,245,False,Other
Parag Parikh Flexi Cap Fund,INF879O01027,,Oil & Natural Gas Corporation Limited,SEP26,Other,Short,Short,,241.49951174089068,233.16,,INF879O01027_Parag Parikh Flexi Cap Fund.xlsx,PPFCF,246,False,Other
Parag Parikh Flexi Cap Fund,INF879O01027,,Reliance Industries Limited,SEP26,Other,Short,Short,,1319.4885652548633,1301.1,,INF879O01027_Parag Parikh Flexi Cap Fund.xlsx,PPFCF,247,False,Other
Parag Parikh Flexi Cap Fund,INF879O01027,,TVS Motor Company Limited,SEP26,Other,Short,Short,,4395.2073923672,4343.8,,INF879O01027_Parag Parikh Flexi Cap Fund.xlsx,PPFCF,248,False,Other
Parag Parikh Flexi Cap Fund,INF879O01027,,State Bank of India,SEP26,Other,Short,Short,,1054.367373057583,1053.3,,INF879O01027_Parag Parikh Flexi Cap Fund.xlsx,PPFCF,249,False,Other
Parag Parikh Flexi Cap Fund,INF879O01027,,Sun Pharmaceutical Industries Limited,SEP26,Other,Short,Short,,1967.3066422304355,1937.8,,INF879O01027_Parag Parikh Flexi Cap Fund.xlsx,PPFCF,250,False,Other
Parag Parikh Flexi Cap Fund,INF879O01027,,Tata Steel Limited,SEP26,Other,Short,Short,,186.0794685964073,183.24,,INF879O01027_Parag Parikh Flexi Cap Fund.xlsx,PPFCF,251,False,Other
Parag Parikh Flexi Cap Fund,INF879O01027,,Tata Consumer Products Limited,SEP26,Other,Short,Short,,1066.2232727272726,1046.7,,INF879O01027_Parag Parikh Flexi Cap Fund.xlsx,PPFCF,252,False,Other
Parag Parikh Flexi Cap Fund,INF879O01027,,Titan Company Limited,OCT26,Other,Short,Short,,5113.9,5187.3,,INF879O01027_Parag Parikh Flexi Cap Fund.xlsx,PPFCF,253,False,Other
Parag Parikh Flexi Cap Fund,INF879O01027,,Titan Company Limited,SEP26,Other,Short,Short,,4769.843555489614,5159.8,,INF879O01027_Parag Parikh Flexi Cap Fund.xlsx,PPFCF,254,False,Other
Parag Parikh Flexi Cap Fund,INF879O01027,,UltraTech Cement Limited,OCT26,Other,Short,Short,,11573.3384,11635.0,,INF879O01027_Parag Parikh Flexi Cap Fund.xlsx,PPFCF,255,False,Other
Parag Parikh Flexi Cap Fund,INF879O01027,,UltraTech Cement Limited,SEP26,Other,Short,Short,,11601.07619727548,11588.0,,INF879O01027_Parag Parikh Flexi Cap Fund.xlsx,PPFCF,256,False,Other
Parag Parikh Flexi Cap Fund,INF879O01027,,Total %age of existing assets hedged through futures: (1.90%),,Other,,,,,,,INF879O01027_Parag Parikh Flexi Cap Fund.xlsx,PPFCF,257,False,Non-Equity
Parag Parikh Flexi Cap Fund,INF879O01027,,"For the period 01-Aug-2026 to 31-Aug-2026, the following details specified for hedging transactions through futures which have been squared off/expired :",,Other,,,,,,,INF879O01027_Parag Parikh Flexi Cap Fund.xlsx,PPFCF,258,False,Non-Equity
Parag Parikh Flexi Cap Fund,INF879O01027,,Total Number of contracts where futures were bought (opening balance),,Other,,,,,,,INF879O01027_Parag Parikh Flexi Cap Fund.xlsx,PPFCF,259,False,Non-Equity
Parag Parikh Flexi Cap Fund,INF879O01027,,Total Number of contracts where futures were bought,37066,Other,,,,,,,INF879O01027_Parag Parikh Flexi Cap Fund.xlsx,PPFCF,260,False,Non-Equity
Parag Parikh Flexi Cap Fund,INF879O01027,,Total Number of contracts where futures were sold (opening balance),37066,Other,,,,,,,INF879O01027_Parag Parikh Flexi Cap Fund.xlsx,PPFCF,261,False,Non-Equity
Parag Parikh Flexi Cap Fund,INF879O01027,,Total Number of contracts where futures were sold,0,Other,,,,,,,INF879O01027_Parag Parikh Flexi Cap Fund.xlsx,PPFCF,262,False,Non-Equity
Parag Parikh Flexi Cap Fund,INF879O01027,,Gross Notional Value of contracts where futures were bought (opening balance) Rs.,0,Other,,,,,,,INF879O01027_Parag Parikh Flexi Cap Fund.xlsx,PPFCF,263,False,Non-Equity
Parag Parikh Flexi Cap Fund,INF879O01027,,Gross Notional Value of contracts where futures were bought Rs.,27140356436.96061,Other,,,,,,,INF879O01027_Parag Parikh Flexi Cap Fund.xlsx,PPFCF,264,False,Non-Equity
Parag Parikh Flexi Cap Fund,INF879O01027,,Gross Notional Value of contracts where futures were sold (opening balance) Rs.,26012933203.850002,Other,,,,,,,INF879O01027_Parag Parikh Flexi Cap Fund.xlsx,PPFCF,265,False,Non-Equity
Parag Parikh Flexi Cap Fund,INF879O01027,,Gross Notional Value of contracts where futures were sold Rs.,0,Other,,,,,,,INF879O01027_Parag Parikh Flexi Cap Fund.xlsx,PPFCF,266,False,Non-Equity
Parag Parikh Flexi Cap Fund,INF879O01027,,Net Profit/Loss value on all contracts combined Rs.,-1127423233.1106071,Other,,,,,,,INF879O01027_Parag Parikh Flexi Cap Fund.xlsx,PPFCF,267,False,Other
Parag Parikh Flexi Cap Fund,INF879O01027,,Exposure created due to over hedging through futures (quantity of hedging position exceeding the quantity of existing position being hedged) is Nil.,,Other,,,,,,,INF879O01027_Parag Parikh Flexi Cap Fund.xlsx,PPFCF,268,False,Non-Equity
Parag Parikh Flexi Cap Fund,INF879O01027,,B. Other than Hedging Positions through Futures as on 31-Aug-2026 : Nil,,Other,,,,,,,INF879O01027_Parag Parikh Flexi Cap Fund.xlsx,PPFCF,269,False,Non-Equity
Parag Parikh Flexi Cap Fund,INF879O01027,,"For the period 01-Aug-2026 to 31-Aug-2026, the following details specified for Other than hedging transactions through futures which have been squared off/expired :",,Other,,,,,,,INF879O01027_Parag Parikh Flexi Cap Fund.xlsx,PPFCF,270,False,Non-Equity
Parag Parikh Flexi Cap Fund,INF879O01027,,Total Number of contracts where futures were bought (opening balance),,Other,,,,,,,INF879O01027_Parag Parikh Flexi Cap Fund.xlsx,PPFCF,271,False,Non-Equity
Parag Parikh Flexi Cap Fund,INF879O01027,,Total Number of contracts where futures were bought,6450,Other,,,,,,,INF879O01027_Parag Parikh Flexi Cap Fund.xlsx,PPFCF,272,False,Non-Equity
Parag Parikh Flexi Cap Fund,INF879O01027,,Total Number of contracts where futures were sold (opening balance),0,Other,,,,,,,INF879O01027_Parag Parikh Flexi Cap Fund.xlsx,PPFCF,273,False,Non-Equity
Parag Parikh Flexi Cap Fund,INF879O01027,,Total Number of contracts where futures were sold,6450,Other,,,,,,,INF879O01027_Parag Parikh Flexi Cap Fund.xlsx,PPFCF,274,False,Non-Equity
Parag Parikh Flexi Cap Fund,INF879O01027,,Gross Notional Value of contracts where futures were bought (opening balance) Rs.,0,Other,,,,,,,INF879O01027_Parag Parikh Flexi Cap Fund.xlsx,PPFCF,275,False,Non-Equity
Parag Parikh Flexi Cap Fund,INF879O01027,,Gross Notional Value of contracts where futures were bought Rs.,4138113809.9,Other,,,,,,,INF879O01027_Parag Parikh Flexi Cap Fund.xlsx,PPFCF,276,False,Non-Equity
Parag Parikh Flexi Cap Fund,INF879O01027,,Gross Notional Value of contracts where futures were sold (opening balance) Rs.,0,Other,,,,,,,INF879O01027_Parag Parikh Flexi Cap Fund.xlsx,PPFCF,277,False,Non-Equity
Parag Parikh Flexi Cap Fund,INF879O01027,,Gross Notional Value of contracts where futures were sold Rs.,4197995625,Other,,,,,,,INF879O01027_Parag Parikh Flexi Cap Fund.xlsx,PPFCF,278,False,Non-Equity
Parag Parikh Flexi Cap Fund,INF879O01027,,Net Profit/Loss value on all contracts combined Rs.,59881815.099999905,Other,,,,,,,INF879O01027_Parag Parikh Flexi Cap Fund.xlsx,PPFCF,279,False,Other
Parag Parikh Flexi Cap Fund,INF879O01027,,Exposure created due to over hedging through futures (quantity of hedging position exceeding the quantity of existing position being hedged) is Nil.,,Other,,,,,,,INF879O01027_Parag Parikh Flexi Cap Fund.xlsx,PPFCF,280,False,Non-Equity
Parag Parikh Flexi Cap Fund,INF879O01027,,C. Hedging Position through Put Option as on 31-Aug-2026 : Nil,,Other,,,,,,,INF879O01027_Parag Parikh Flexi Cap Fund.xlsx,PPFCF,281,False,Non-Equity
Parag Parikh Flexi Cap Fund,INF879O01027,,D. Other than Hedging Positions through Options as on 31-Aug-2026 :,,Other,,,,,,,INF879O01027_Parag Parikh Flexi Cap Fund.xlsx,PPFCF,282,False,Non-Equity
Parag Parikh Flexi Cap Fund,INF879O01027,,Underlying,CALL/PUT,Other,Number of Contracts,Number of Contracts,,,,,INF879O01027_Parag Parikh Flexi Cap Fund.xlsx,PPFCF,283,False,Other
Parag Parikh Flexi Cap Fund,INF879O01027,,Cipla Limited,CALL,Other,300,300,,7.0983,7.5,,INF879O01027_Parag Parikh Flexi Cap Fund.xlsx,PPFCF,284,False,Other
Parag Parikh Flexi Cap Fund,INF879O01027,,Cipla Limited,CALL,Other,606,606,,4.417452455833819,4.2,,INF879O01027_Parag Parikh Flexi Cap Fund.xlsx,PPFCF,285,False,Other
Parag Parikh Flexi Cap Fund,INF879O01027,,Cipla Limited,CALL,Other,800,800,,6.6663125,2.25,,INF879O01027_Parag Parikh Flexi Cap Fund.xlsx,PPFCF,286,False,Other
Parag Parikh Flexi Cap Fund,INF879O01027,,Coal India Limited,CALL,Other,805,805,,1.3003416149068323,1.2,,INF879O01027_Parag Parikh Flexi Cap Fund.xlsx,PPFCF,287,False,Other
Parag Parikh Flexi Cap Fund,INF879O01027,,Coal India Limited,CALL,Other,146,146,,1.9041,0.8,,INF879O01027_Parag Parikh Flexi Cap Fund.xlsx,PPFCF,288,False,Other
Parag Parikh Flexi Cap Fund,INF879O01027,,Dr. Reddy's Laboratories Limited,CALL,Other,300,300,,4.7683,4.2,,INF879O01027_Parag Parikh Flexi Cap Fund.xlsx,PPFCF,289,False,Other
Parag Parikh Flexi Cap Fund,INF879O01027,,Dr. Reddy's Laboratories Limited,CALL,Other,587,587,,5.615546330494038,2.7,,INF879O01027_Parag Parikh Flexi Cap Fund.xlsx,PPFCF,290,False,Other
Parag Parikh Flexi Cap Fund,INF879O01027,,Mahindra & Mahindra Limited,CALL,Other,2083,2083,,19.777474507921266,13.2,,INF879O01027_Parag Parikh Flexi Cap Fund.xlsx,PPFCF,291,False,Other
Parag Parikh Flexi Cap Fund,INF879O01027,,Maruti Suzuki India Limited,CALL,Other,500,500,,64.9001,74.65,,INF879O01027_Parag Parikh Flexi Cap Fund.xlsx,PPFCF,292,False,Other
Parag Parikh Flexi Cap Fund,INF879O01027,,Maruti Suzuki India Limited,CALL,Other,701,701,,64.80817717546363,39.05,,INF879O01027_Parag Parikh Flexi Cap Fund.xlsx,PPFCF,293,False,Other
Parag Parikh Flexi Cap Fund,INF879O01027,,Power Grid Corporation of India Limited,CALL,Other,1304,1304,,0.9285325153374232,0.5,,INF879O01027_Parag Parikh Flexi Cap Fund.xlsx,PPFCF,294,False,Other
Parag Parikh Flexi Cap Fund,INF879O01027,,Power Grid Corporation of India Limited,CALL,Other,180,180,,1.05,0.3,,INF879O01027_Parag Parikh Flexi Cap Fund.xlsx,PPFCF,295,False,Other
Parag Parikh Flexi Cap Fund,INF879O01027,,Total exposure through options as a % of net assets : 0.00%,,Other,,,,,,,INF879O01027_Parag Parikh Flexi Cap Fund.xlsx,PPFCF,296,False,Non-Equity
Parag Parikh Flexi Cap Fund,INF879O01027,,"For the period 01-Aug-2026 to 31-Aug-2026, the following details specified for non-hedging transactions through options which have already been exercised/expired : Nil",,Other,,,,,,,INF879O01027_Parag Parikh Flexi Cap Fund.xlsx,PPFCF,297,False,Non-Equity
Parag Parikh Flexi Cap Fund,INF879O01027,,E. Hedging Positions through swaps as on 31-Aug-2026: Nil,,Other,,,,,,,INF879O01027_Parag Parikh Flexi Cap Fund.xlsx,PPFCF,298,False,Non-Equity
Parag Parikh Flexi Cap Fund,INF879O01027,,Lumpsum Investment Performance (Compounded annual returns),,Other,,,,,,,INF879O01027_Parag Parikh Flexi Cap Fund.xlsx,PPFCF,299,False,Other
Parag Parikh Flexi Cap Fund,INF879O01027,,Date,SCHEME,Other,,,,,,,INF879O01027_Parag Parikh Flexi Cap Fund.xlsx,PPFCF,300,False,Other
Parag Parikh Flexi Cap Fund,INF879O01027,,,PPFCF,Other,PPFCF (Direct Plan),PPFCF (Direct Plan),,500.0,50.0,,INF879O01027_Parag Parikh Flexi Cap Fund.xlsx,PPFCF,301,False,Other
Parag Parikh Flexi Cap Fund,INF879O01027,,"Since Inception (24 May, 2013)",0.1724654903531495,Other,0.18070598291711648,0.18070598291711648,,0.1416262268141799,0.1244184010901032,,INF879O01027_Parag Parikh Flexi Cap Fund.xlsx,PPFCF,302,False,Other
Parag Parikh Flexi Cap Fund,INF879O01027,,"August 29, 2025 to August 31,2026 (Last 1 Year)",-0.009393287385825011,Other,-0.003177829509160013,-0.003177829509160013,,0.0531273144903199,-0.0035221009075575,,INF879O01027_Parag Parikh Flexi Cap Fund.xlsx,PPFCF,303,False,Other
Parag Parikh Flexi Cap Fund,INF879O01027,,"August 31, 2023 to August 31, 2026 (Last 3 Years)",0.13188550220938766,Other,0.13957045119167577,0.13957045119167577,,0.1253685255480301,0.0899394795217756,,INF879O01027_Parag Parikh Flexi Cap Fund.xlsx,PPFCF,304,False,Other
Parag Parikh Flexi Cap Fund,INF879O01027,,"August 31, 2021 to August 31, 2026 (Last 5 Years)",0.11588734029665315,Other,0.12462349060072686,0.12462349060072686,,0.1111961491740312,0.0831859860514327,,INF879O01027_Parag Parikh Flexi Cap Fund.xlsx,PPFCF,305,False,Other
Parag Parikh Flexi Cap Fund,INF879O01027,,"August 31, 2016 to August 31, 2026 (Last 10 Years)",0.1612508257431169,Other,0.17017709881061438,0.17017709881061438,,0.1330508567888755,0.1194684074148608,,INF879O01027_Parag Parikh Flexi Cap Fund.xlsx,PPFCF,306,False,Other
Parag Parikh Flexi Cap Fund,INF879O01027,,SIP Investment Performance - Parag Parikh Flexi Cap Fund - Regular Plan,,Other,,,,,,,INF879O01027_Parag Parikh Flexi Cap Fund.xlsx,PPFCF,307,False,Other
Parag Parikh Flexi Cap Fund,INF879O01027,,,"SINCE INCEPTION (24 MAY, 2013)",Other,"August 29, 2025 to August 31,2026 (Last 1 Year)","August 29, 2025 to August 31,2026 (Last 1 Year)",,31.0,31.0,,INF879O01027_Parag Parikh Flexi Cap Fund.xlsx,PPFCF,308,False,Other
Parag Parikh Flexi Cap Fund,INF879O01027,,Total Amount Invested,1600000,Other,120000,120000,,360000.0,600000.0,,INF879O01027_Parag Parikh Flexi Cap Fund.xlsx,PPFCF,309,False,Other
Parag Parikh Flexi Cap Fund,INF879O01027,,Market value of Investment,5206246.6306,Other,118097.1789,118097.1789,,389949.0884,791932.6772,,INF879O01027_Parag Parikh Flexi Cap Fund.xlsx,PPFCF,310,False,Other
Parag Parikh Flexi Cap Fund,INF879O01027,,Returns (Annualised) (%),16.3406,Other,-2.9332,-2.9332,,5.263,11.0462,,INF879O01027_Parag Parikh Flexi Cap Fund.xlsx,PPFCF,311,False,Other
Parag Parikh Flexi Cap Fund,INF879O01027,,Nifty 500 (TRI) Returns (Annualised) (%),13.7205,Other,5.0445,5.0445,,6.6358,10.8232,,INF879O01027_Parag Parikh Flexi Cap Fund.xlsx,PPFCF,312,False,Other
Parag Parikh Flexi Cap Fund,INF879O01027,,Nifty 50 (TRI) Returns (Annualised) (%),11.8391,Other,-3.0125,-3.0125,,3.1272,7.3483,,INF879O01027_Parag Parikh Flexi Cap Fund.xlsx,PPFCF,313,False,Other
Parag Parikh Flexi Cap Fund,INF879O01027,,SIP Investment Performance - Parag Parikh Flexi Cap Fund - Direct Plan,,Other,,,,,,,INF879O01027_Parag Parikh Flexi Cap Fund.xlsx,PPFCF,314,False,Other
Parag Parikh Flexi Cap Fund,INF879O01027,,,"SINCE INCEPTION (24 MAY, 2013)",Other,"August 29, 2025 to August 31,2026 (Last 1 Year)","August 29, 2025 to August 31,2026 (Last 1 Year)",,31.0,31.0,,INF879O01027_Parag Parikh Flexi Cap Fund.xlsx,PPFCF,315,False,Other
Parag Parikh Flexi Cap Fund,INF879O01027,,Total Amount Invested,1600000,Other,120000,120000,,360000.0,600000.0,,INF879O01027_Parag Parikh Flexi Cap Fund.xlsx,PPFCF,316,False,Other
Parag Parikh Flexi Cap Fund,INF879O01027,,Market value of Investment,5569656.4465,Other,118486.5515,118486.5515,,394124.9892,808225.878,,INF879O01027_Parag Parikh Flexi Cap Fund.xlsx,PPFCF,317,False,Other
Parag Parikh Flexi Cap Fund,INF879O01027,,Returns (Annualised) (%),17.23,Other,-2.3352,-2.3352,,5.9752,11.8671,,INF879O01027_Parag Parikh Flexi Cap Fund.xlsx,PPFCF,318,False,Other
Parag Parikh Flexi Cap Fund,INF879O01027,,Nifty 500 (TRI) Returns (Annualised) (%),13.7205,Other,5.0445,5.0445,,6.6358,10.8232,,INF879O01027_Parag Parikh Flexi Cap Fund.xlsx,PPFCF,319,False,Other
Parag Parikh Flexi Cap Fund,INF879O01027,,Nifty 50 (TRI) Returns (Annualised) (%),11.8391,Other,-3.0125,-3.0125,,3.1272,7.3483,,INF879O01027_Parag Parikh Flexi Cap Fund.xlsx,PPFCF,320,False,Other
Parag Parikh Flexi Cap Fund,INF879O01027,,Quantitative indicators,,Other,,,,,,,INF879O01027_Parag Parikh Flexi Cap Fund.xlsx,PPFCF,321,False,Other
Parag Parikh Flexi Cap Fund,INF879O01027,,Standard Deviation,0.09932935845194141,Other,,,,,,,INF879O01027_Parag Parikh Flexi Cap Fund.xlsx,PPFCF,322,False,Other
Parag Parikh Flexi Cap Fund,INF879O01027,,Standard Deviation( Benchmark ),0.152664502686253,Other,,,,,,,INF879O01027_Parag Parikh Flexi Cap Fund.xlsx,PPFCF,323,False,Other
Parag Parikh Flexi Cap Fund,INF879O01027,,Sharpe Ratio,0.803121485475198,Other,,,,,,,INF879O01027_Parag Parikh Flexi Cap Fund.xlsx,PPFCF,324,False,Other
Parag Parikh Flexi Cap Fund,INF879O01027,,Beta,0.6002801997258668,Other,,,,,,,INF879O01027_Parag Parikh Flexi Cap Fund.xlsx,PPFCF,325,False,Other
Parag Parikh Flexi Cap Fund,INF879O01027,,Information Ratio,-0.010700483782512055,Other,,,,,,,INF879O01027_Parag Parikh Flexi Cap Fund.xlsx,PPFCF,326,False,Other
Parag Parikh Flexi Cap Fund,INF879O01027,,Treynor Ratio,0.13289384182195618,Other,,,,,,,INF879O01027_Parag Parikh Flexi Cap Fund.xlsx,PPFCF,327,False,Other
Parag Parikh Flexi Cap Fund,INF879O01027,,VaR,-0.034134446146900976,Other,,,,,,,INF879O01027_Parag Parikh Flexi Cap Fund.xlsx,PPFCF,328,False,Other
Parag Parikh Flexi Cap Fund,INF879O01027,,Risk free rate of return (FIMMDA MIBOR),0.049653,Other,,,,,,,INF879O01027_Parag Parikh Flexi Cap Fund.xlsx,PPFCF,329,False,Other
Parag Parikh Flexi Cap Fund,INF879O01027,,Tracking Difference 3 year,0.006516976661357532,Other,,,,,,,INF879O01027_Parag Parikh Flexi Cap Fund.xlsx,PPFCF,330,False,Other
Parag Parikh Flexi Cap Fund,INF879O01027,,"Debt Quants as on  as on August 31, 2026",,Other,,,,,,,INF879O01027_Parag Parikh Flexi Cap Fund.xlsx,PPFCF,331,False,Other
Parag Parikh Flexi Cap Fund,INF879O01027,,Macaulay Duration (years),0.1185866052292065,Other,,,,,,,INF879O01027_Parag Parikh Flexi Cap Fund.xlsx,PPFCF,332,False,Other
Parag Parikh Flexi Cap Fund,INF879O01027,,This Product is suitable for investors who are seeking*,,Other,,,,,,,INF879O01027_Parag Parikh Flexi Cap Fund.xlsx,PPFCF,333,False,Other
Parag Parikh Flexi Cap Fund,INF879O01027,,-     To generate long-term capital growth from an actively managed portfolio primarily of Equity and Equity related Securities.,,Equity,,,,,,,INF879O01027_Parag Parikh Flexi Cap Fund.xlsx,PPFCF,334,False,Other
Parag Parikh Flexi Cap Fund,INF879O01027,,"-     Scheme shall invest in Indian equities, foreign equities and related instruments and debt securities.",,Other,,,,,,,INF879O01027_Parag Parikh Flexi Cap Fund.xlsx,PPFCF,335,False,Other
Parag Parikh Flexi Cap Fund,INF879O01027,,*   Investors should consult their financial advisers if in doubt about whether the product is suitable for them.,,Other,,,,,,,INF879O01027_Parag Parikh Flexi Cap Fund.xlsx,PPFCF,336,False,Other
Parag Parikh Flexi Cap Fund,INF879O01027,,Scheme's Riskometer,AMFI TIER 1 BENCHMARK'S RISKOMETER,Other,,,,,,,INF879O01027_Parag Parikh Flexi Cap Fund.xlsx,PPFCF,337,False,Other
Parag Parikh Flexi Cap Fund,INF879O01027,,,(NIFTY 500 TRI),Other,,,,,,,INF879O01027_Parag Parikh Flexi Cap Fund.xlsx,PPFCF,338,False,Other
SBI CONTRA FUND,INF200K01RA0,2026-08-31,EQUITY & EQUITY RELATED,,Equity,,,,,,,INF200K01RA0_SBI CONTRA FUND.xlsx,SCF,7,False,Other
SBI CONTRA FUND,INF200K01RA0,2026-08-31,a) Listed/awaiting listing on Stock Exchanges,,Other,,,,,,,INF200K01RA0_SBI CONTRA FUND.xlsx,SCF,8,False,Other
SBI CONTRA FUND,INF200K01RA0,2026-08-31,Equity Shares,,Equity,,,,,,,INF200K01RA0_SBI CONTRA FUND.xlsx,SCF,9,False,Other
SBI CONTRA FUND,INF200K01RA0,2026-08-31,Reliance Industries Ltd.,INE002A01018,Other,Petroleum Products,Petroleum Products,,17717567.0,226253.33,,INF200K01RA0_SBI CONTRA FUND.xlsx,SCF,10,True,Equity Candidate
SBI CONTRA FUND,INF200K01RA0,2026-08-31,ICICI Bank Ltd.,INE090A01021,Other,Banks,Banks,,14881550.0,216377.74,,INF200K01RA0_SBI CONTRA FUND.xlsx,SCF,11,True,Equity Candidate
SBI CONTRA FUND,INF200K01RA0,2026-08-31,HDFC Bank Ltd.,INE040A01034,Other,Banks,Banks,,30449258.0,215885.24,,INF200K01RA0_SBI CONTRA FUND.xlsx,SCF,12,True,Equity Candidate
SBI CONTRA FUND,INF200K01RA0,2026-08-31,Biocon Ltd.,INE376G01013,Other,Pharmaceuticals & Biotechnology,Pharmaceuticals & Biotechnology,,40073925.0,165104.57,,INF200K01RA0_SBI CONTRA FUND.xlsx,SCF,13,True,Equity Candidate
SBI CONTRA FUND,INF200K01RA0,2026-08-31,Kotak Mahindra Bank Ltd.,INE237A01036,Other,Banks,Banks,,32585889.0,136665.22,,INF200K01RA0_SBI CONTRA FUND.xlsx,SCF,14,True,Equity Candidate
SBI CONTRA FUND,INF200K01RA0,2026-08-31,Punjab National Bank,INE160A01022,Other,Banks,Banks,,115846832.0,132331.84,,INF200K01RA0_SBI CONTRA FUND.xlsx,SCF,15,True,Equity Candidate
SBI CONTRA FUND,INF200K01RA0,2026-08-31,Indus Towers Ltd.,INE121J01017,Other,Telecom - Services,Telecom - Services,,32126692.0,124908.58,,INF200K01RA0_SBI CONTRA FUND.xlsx,SCF,16,True,Equity Candidate
SBI CONTRA FUND,INF200K01RA0,2026-08-31,GAIL (India) Ltd.,INE129A01019,Other,Gas,Gas,,61513788.0,109186.97,,INF200K01RA0_SBI CONTRA FUND.xlsx,SCF,17,True,Equity Candidate
SBI CONTRA FUND,INF200K01RA0,2026-08-31,Torrent Power Ltd.,INE813H01021,Other,Power,Power,,8982410.0,109145.26,,INF200K01RA0_SBI CONTRA FUND.xlsx,SCF,18,True,Equity Candidate
SBI CONTRA FUND,INF200K01RA0,2026-08-31,Mahindra & Mahindra Financial Services Ltd.,INE774D01024,Other,Finance,Finance,,27007230.0,100736.97,,INF200K01RA0_SBI CONTRA FUND.xlsx,SCF,19,True,Equity Candidate
SBI CONTRA FUND,INF200K01RA0,2026-08-31,Tata Steel Ltd.,INE081A01020,Other,Ferrous Metals,Ferrous Metals,,52067300.0,95986.07,,INF200K01RA0_SBI CONTRA FUND.xlsx,SCF,20,True,Equity Candidate
SBI CONTRA FUND,INF200K01RA0,2026-08-31,Tech Mahindra Ltd.,INE669C01036,Other,IT - Software,IT - Software,,5295681.0,86213.69,,INF200K01RA0_SBI CONTRA FUND.xlsx,SCF,21,True,Equity Candidate
SBI CONTRA FUND,INF200K01RA0,2026-08-31,State Bank of India,INE062A01020,Other,Banks,Banks,,7500519.0,79505.5,,INF200K01RA0_SBI CONTRA FUND.xlsx,SCF,22,True,Equity Candidate
SBI CONTRA FUND,INF200K01RA0,2026-08-31,ITC Ltd.,INE154A01025,Other,Diversified FMCG,Diversified FMCG,,31014741.0,79242.66,,INF200K01RA0_SBI CONTRA FUND.xlsx,SCF,23,True,Equity Candidate
SBI CONTRA FUND,INF200K01RA0,2026-08-31,FSN E-Commerce Ventures Ltd.,INE388Y01029,Other,Retailing,Retailing,,22188917.0,77561.36,,INF200K01RA0_SBI CONTRA FUND.xlsx,SCF,24,True,Equity Candidate
SBI CONTRA FUND,INF200K01RA0,2026-08-31,Dabur India Ltd.,INE016A01026,Other,Personal Products,Personal Products,,18846663.0,71805.79,,INF200K01RA0_SBI CONTRA FUND.xlsx,SCF,25,True,Equity Candidate
SBI CONTRA FUND,INF200K01RA0,2026-08-31,Aster DM Quality Care Ltd.,INE914M01019,Other,Healthcare Services,Healthcare Services,,9199605.0,69549.01,,INF200K01RA0_SBI CONTRA FUND.xlsx,SCF,26,True,Equity Candidate
SBI CONTRA FUND,INF200K01RA0,2026-08-31,JSW Infrastructure Ltd.,INE880J01026,Other,Transport Infrastructure,Transport Infrastructure,,20000000.0,68000.0,,INF200K01RA0_SBI CONTRA FUND.xlsx,SCF,27,True,Equity Candidate
SBI CONTRA FUND,INF200K01RA0,2026-08-31,Bajaj Auto Ltd.,INE917I01010,Other,Automobiles,Automobiles,,557588.0,67635.42,,INF200K01RA0_SBI CONTRA FUND.xlsx,SCF,28,True,Equity Candidate
SBI CONTRA FUND,INF200K01RA0,2026-08-31,Axis Bank Ltd.,INE238A01034,Other,Banks,Banks,,4904255.0,63755.32,,INF200K01RA0_SBI CONTRA FUND.xlsx,SCF,29,True,Equity Candidate
SBI CONTRA FUND,INF200K01RA0,2026-08-31,Delhivery Ltd.,INE148O01028,Other,Transport Services,Transport Services,,13884606.0,63341.57,,INF200K01RA0_SBI CONTRA FUND.xlsx,SCF,30,True,Equity Candidate
SBI CONTRA FUND,INF200K01RA0,2026-08-31,Bandhan Bank Ltd.,INE545U01014,Other,Banks,Banks,,38278980.0,62586.13,,INF200K01RA0_SBI CONTRA FUND.xlsx,SCF,31,True,Equity Candidate
SBI CONTRA FUND,INF200K01RA0,2026-08-31,Tata Motors Ltd.,INE1TAE01010,Other,"Agricultural, Commercial & Construction Vehicles","Agricultural, Commercial & Construction Vehicles",,12394339.0,58389.73,,INF200K01RA0_SBI CONTRA FUND.xlsx,SCF,32,True,Equity Candidate
SBI CONTRA FUND,INF200K01RA0,2026-08-31,Hindalco Industries Ltd.,INE038A01020,Other,Non - Ferrous Metals,Non - Ferrous Metals,,5640000.0,57271.38,,INF200K01RA0_SBI CONTRA FUND.xlsx,SCF,33,True,Equity Candidate
SBI CONTRA FUND,INF200K01RA0,2026-08-31,Bharti Airtel Ltd.,INE397D01024,Other,Telecom - Services,Telecom - Services,,3152051.0,57112.01,,INF200K01RA0_SBI CONTRA FUND.xlsx,SCF,34,True,Equity Candidate
SBI CONTRA FUND,INF200K01RA0,2026-08-31,Samvardhana Motherson International Ltd.,INE775A01035,Other,Auto Components,Auto Components,,33270766.0,56786.54,,INF200K01RA0_SBI CONTRA FUND.xlsx,SCF,35,True,Equity Candidate
SBI CONTRA FUND,INF200K01RA0,2026-08-31,ICICI Prudential Life Insurance Company Ltd.,INE726G01019,Other,Insurance,Insurance,,10936099.0,56545.1,,INF200K01RA0_SBI CONTRA FUND.xlsx,SCF,36,True,Equity Candidate
SBI CONTRA FUND,INF200K01RA0,2026-08-31,Oil & Natural Gas Corporation Ltd.,INE213A01029,Other,Oil,Oil,,23896662.0,55392.46,,INF200K01RA0_SBI CONTRA FUND.xlsx,SCF,37,True,Equity Candidate
SBI CONTRA FUND,INF200K01RA0,2026-08-31,Cipla Ltd.,INE059A01026,Other,Pharmaceuticals & Biotechnology,Pharmaceuticals & Biotechnology,,3836985.0,54070.79,,INF200K01RA0_SBI CONTRA FUND.xlsx,SCF,38,True,Equity Candidate
SBI CONTRA FUND,INF200K01RA0,2026-08-31,Maruti Suzuki India Ltd.,INE585B01010,Other,Automobiles,Automobiles,,393463.0,53302.43,,INF200K01RA0_SBI CONTRA FUND.xlsx,SCF,39,True,Equity Candidate
SBI CONTRA FUND,INF200K01RA0,2026-08-31,NHPC Ltd.,INE848E01016,Other,Power,Power,,67000000.0,51402.4,,INF200K01RA0_SBI CONTRA FUND.xlsx,SCF,40,True,Equity Candidate
SBI CONTRA FUND,INF200K01RA0,2026-08-31,Tata Motors Passenger Vehicles Ltd.,INE155A01022,Other,Automobiles,Automobiles,,16394339.0,50633.92,,INF200K01RA0_SBI CONTRA FUND.xlsx,SCF,41,True,Equity Candidate
SBI CONTRA FUND,INF200K01RA0,2026-08-31,Indian Oil Corporation Ltd.,INE242A01010,Other,Petroleum Products,Petroleum Products,,36049578.0,50155.78,,INF200K01RA0_SBI CONTRA FUND.xlsx,SCF,42,True,Equity Candidate
SBI CONTRA FUND,INF200K01RA0,2026-08-31,UPL Ltd.,INE628A01036,Other,Fertilizers & Agrochemicals,Fertilizers & Agrochemicals,,8755000.0,49224.99,,INF200K01RA0_SBI CONTRA FUND.xlsx,SCF,43,True,Equity Candidate
SBI CONTRA FUND,INF200K01RA0,2026-08-31,One 97 Communications Ltd.,INE982J01020,Other,Financial Technology (Fintech),Financial Technology (Fintech),,2749563.0,47212.75,,INF200K01RA0_SBI CONTRA FUND.xlsx,SCF,44,True,Equity Candidate
SBI CONTRA FUND,INF200K01RA0,2026-08-31,United Spirits Ltd.,INE854D01024,Other,Beverages,Beverages,,2937085.0,43762.57,,INF200K01RA0_SBI CONTRA FUND.xlsx,SCF,45,True,Equity Candidate
SBI CONTRA FUND,INF200K01RA0,2026-08-31,Larsen & Toubro Ltd.,INE018A01030,Other,Construction,Construction,,1005000.0,40651.25,,INF200K01RA0_SBI CONTRA FUND.xlsx,SCF,46,True,Equity Candidate
SBI CONTRA FUND,INF200K01RA0,2026-08-31,JSW Energy Ltd.,INE121E01018,Other,Power,Power,,7523810.0,39153.91,,INF200K01RA0_SBI CONTRA FUND.xlsx,SCF,47,True,Equity Candidate
SBI CONTRA FUND,INF200K01RA0,2026-08-31,JSW Steel Ltd.,INE019A01038,Other,Ferrous Metals,Ferrous Metals,,2900000.0,37923.3,,INF200K01RA0_SBI CONTRA FUND.xlsx,SCF,48,True,Equity Candidate
SBI CONTRA FUND,INF200K01RA0,2026-08-31,Grasim Industries Ltd.,INE047A01021,Other,Cement & Cement Products,Cement & Cement Products,,1115585.0,37606.37,,INF200K01RA0_SBI CONTRA FUND.xlsx,SCF,49,True,Equity Candidate
SBI CONTRA FUND,INF200K01RA0,2026-08-31,Petronet LNG Ltd.,INE347G01014,Other,Gas,Gas,,10827622.0,32547.83,,INF200K01RA0_SBI CONTRA FUND.xlsx,SCF,50,True,Equity Candidate
SBI CONTRA FUND,INF200K01RA0,2026-08-31,Whirlpool of India Ltd.,INE716A01013,Other,Consumer Durables,Consumer Durables,,4040000.0,32447.26,,INF200K01RA0_SBI CONTRA FUND.xlsx,SCF,51,True,Equity Candidate
SBI CONTRA FUND,INF200K01RA0,2026-08-31,Mankind Pharma Ltd.,INE634S01028,Other,Pharmaceuticals & Biotechnology,Pharmaceuticals & Biotechnology,,1328039.0,32127.92,,INF200K01RA0_SBI CONTRA FUND.xlsx,SCF,52,True,Equity Candidate
SBI CONTRA FUND,INF200K01RA0,2026-08-31,Gland Pharma Ltd.,INE068V01023,Other,Pharmaceuticals & Biotechnology,Pharmaceuticals & Biotechnology,,1113026.0,32119.7,,INF200K01RA0_SBI CONTRA FUND.xlsx,SCF,53,True,Equity Candidate
SBI CONTRA FUND,INF200K01RA0,2026-08-31,CESC Ltd.,INE486A01021,Other,Power,Power,,21853430.0,31940.97,,INF200K01RA0_SBI CONTRA FUND.xlsx,SCF,54,True,Equity Candidate
SBI CONTRA FUND,INF200K01RA0,2026-08-31,Infosys Ltd.,INE009A01021,Other,IT - Software,IT - Software,,2767311.0,31375.77,,INF200K01RA0_SBI CONTRA FUND.xlsx,SCF,55,True,Equity Candidate
SBI CONTRA FUND,INF200K01RA0,2026-08-31,Prism Johnson Ltd.,INE010A01011,Other,Cement & Cement Products,Cement & Cement Products,,28111012.0,31265.07,,INF200K01RA0_SBI CONTRA FUND.xlsx,SCF,56,True,Equity Candidate
SBI CONTRA FUND,INF200K01RA0,2026-08-31,Grindwell Norton Ltd.,INE536A01023,Other,Industrial Products,Industrial Products,,1496647.0,30277.17,,INF200K01RA0_SBI CONTRA FUND.xlsx,SCF,57,True,Equity Candidate
SBI CONTRA FUND,INF200K01RA0,2026-08-31,Apar Industries Ltd.,INE372A01015,Other,Electrical Equipment,Electrical Equipment,,168864.0,29892.31,,INF200K01RA0_SBI CONTRA FUND.xlsx,SCF,58,True,Equity Candidate
SBI CONTRA FUND,INF200K01RA0,2026-08-31,Neogen Chemicals Ltd.,INE136S01016,Other,Chemicals & Petrochemicals,Chemicals & Petrochemicals,,1248272.0,27476.96,,INF200K01RA0_SBI CONTRA FUND.xlsx,SCF,59,True,Equity Candidate
SBI CONTRA FUND,INF200K01RA0,2026-08-31,Aurobindo Pharma Ltd.,INE406A01037,Other,Pharmaceuticals & Biotechnology,Pharmaceuticals & Biotechnology,,1564966.0,26870.47,,INF200K01RA0_SBI CONTRA FUND.xlsx,SCF,60,True,Equity Candidate
SBI CONTRA FUND,INF200K01RA0,2026-08-31,Nuvoco Vistas Corporation Ltd.,INE118D01016,Other,Cement & Cement Products,Cement & Cement Products,,8370435.0,26693.32,,INF200K01RA0_SBI CONTRA FUND.xlsx,SCF,61,True,Equity Candidate
SBI CONTRA FUND,INF200K01RA0,2026-08-31,Ashiana Housing Ltd.,INE365D01021,Other,Realty,Realty,,7189147.0,26376.98,,INF200K01RA0_SBI CONTRA FUND.xlsx,SCF,62,True,Equity Candidate
SBI CONTRA FUND,INF200K01RA0,2026-08-31,Life Insurance Corporation of India,INE0J1Y01017,Other,Insurance,Insurance,,6202440.0,25926.2,,INF200K01RA0_SBI CONTRA FUND.xlsx,SCF,63,True,Equity Candidate
SBI CONTRA FUND,INF200K01RA0,2026-08-31,NMDC Ltd.,INE584A01023,Other,Minerals & Mining,Minerals & Mining,,28539000.0,25171.4,,INF200K01RA0_SBI CONTRA FUND.xlsx,SCF,64,True,Equity Candidate
SBI CONTRA FUND,INF200K01RA0,2026-08-31,Equitas Small Finance Bank Ltd.,INE063P01018,Other,Banks,Banks,,33102195.0,24485.69,,INF200K01RA0_SBI CONTRA FUND.xlsx,SCF,65,True,Equity Candidate
SBI CONTRA FUND,INF200K01RA0,2026-08-31,Hero MotoCorp Ltd.,INE158A01026,Other,Automobiles,Automobiles,,448770.0,24457.97,,INF200K01RA0_SBI CONTRA FUND.xlsx,SCF,66,True,Equity Candidate
SBI CONTRA FUND,INF200K01RA0,2026-08-31,Tata Consultancy Services Ltd.,INE467B01029,Other,IT - Software,IT - Software,,932400.0,22371.07,,INF200K01RA0_SBI CONTRA FUND.xlsx,SCF,67,True,Equity Candidate
SBI CONTRA FUND,INF200K01RA0,2026-08-31,K.P.R. Mill Ltd.,INE930H01031,Other,Textiles & Apparels,Textiles & Apparels,,1886132.0,22211.09,,INF200K01RA0_SBI CONTRA FUND.xlsx,SCF,68,True,Equity Candidate
SBI CONTRA FUND,INF200K01RA0,2026-08-31,Lupin Ltd.,INE326A01037,Other,Pharmaceuticals & Biotechnology,Pharmaceuticals & Biotechnology,,995000.0,21774.58,,INF200K01RA0_SBI CONTRA FUND.xlsx,SCF,69,True,Equity Candidate
SBI CONTRA FUND,INF200K01RA0,2026-08-31,Carborundum Universal Ltd.,INE120A01034,Other,Industrial Products,Industrial Products,,1813724.0,20070.67,,INF200K01RA0_SBI CONTRA FUND.xlsx,SCF,70,True,Equity Candidate
SBI CONTRA FUND,INF200K01RA0,2026-08-31,Rallis India Ltd.,INE613A01020,Other,Fertilizers & Agrochemicals,Fertilizers & Agrochemicals,,9179514.0,19019.04,,INF200K01RA0_SBI CONTRA FUND.xlsx,SCF,71,True,Equity Candidate
SBI CONTRA FUND,INF200K01RA0,2026-08-31,The Ramco Cements Ltd.,INE331A01037,Other,Cement & Cement Products,Cement & Cement Products,,2106875.0,18531.02,,INF200K01RA0_SBI CONTRA FUND.xlsx,SCF,72,True,Equity Candidate
SBI CONTRA FUND,INF200K01RA0,2026-08-31,ACC Ltd.,INE012A01025,Other,Cement & Cement Products,Cement & Cement Products,,1443171.0,18422.08,,INF200K01RA0_SBI CONTRA FUND.xlsx,SCF,73,True,Equity Candidate
SBI CONTRA FUND,INF200K01RA0,2026-08-31,HDFC Asset Management Co. Ltd.,INE127D01025,Other,Capital Markets,Capital Markets,,648536.0,17005.26,,INF200K01RA0_SBI CONTRA FUND.xlsx,SCF,74,True,Equity Candidate
SBI CONTRA FUND,INF200K01RA0,2026-08-31,E.I.D-Parry (India) Ltd.,INE126A01031,Other,Food Products,Food Products,,2018414.0,16135.2,,INF200K01RA0_SBI CONTRA FUND.xlsx,SCF,75,True,Equity Candidate
SBI CONTRA FUND,INF200K01RA0,2026-08-31,G R Infra projects Ltd.,INE201P01022,Other,Construction,Construction,,1805754.0,15822.02,,INF200K01RA0_SBI CONTRA FUND.xlsx,SCF,76,True,Equity Candidate
SBI CONTRA FUND,INF200K01RA0,2026-08-31,Disa India Ltd.,INE131C01011,Other,Industrial Manufacturing,Industrial Manufacturing,,114711.0,13861.68,,INF200K01RA0_SBI CONTRA FUND.xlsx,SCF,77,True,Equity Candidate
SBI CONTRA FUND,INF200K01RA0,2026-08-31,WENDT (India) Ltd.,INE274C01019,Other,Industrial Products,Industrial Products,,166363.0,13592.69,,INF200K01RA0_SBI CONTRA FUND.xlsx,SCF,78,True,Equity Candidate
SBI CONTRA FUND,INF200K01RA0,2026-08-31,Indian Energy Exchange Ltd.,INE022Q01020,Other,Capital Markets,Capital Markets,,11172975.0,13463.43,,INF200K01RA0_SBI CONTRA FUND.xlsx,SCF,79,True,Equity Candidate
SBI CONTRA FUND,INF200K01RA0,2026-08-31,Syngene International Ltd.,INE398R01022,Other,Healthcare Services,Healthcare Services,,2852228.0,11430.3,,INF200K01RA0_SBI CONTRA FUND.xlsx,SCF,80,True,Equity Candidate
SBI CONTRA FUND,INF200K01RA0,2026-08-31,Timken India Ltd.,INE325A01013,Other,Industrial Products,Industrial Products,,362333.0,11412.04,,INF200K01RA0_SBI CONTRA FUND.xlsx,SCF,81,True,Equity Candidate
SBI CONTRA FUND,INF200K01RA0,2026-08-31,Ingersoll Rand (India) Ltd.,INE177A01018,Other,Industrial Products,Industrial Products,,229555.0,11129.97,,INF200K01RA0_SBI CONTRA FUND.xlsx,SCF,82,True,Equity Candidate
SBI CONTRA FUND,INF200K01RA0,2026-08-31,HCL Technologies Ltd.,INE860A01027,Other,IT - Software,IT - Software,,766100.0,10052.76,,INF200K01RA0_SBI CONTRA FUND.xlsx,SCF,83,True,Equity Candidate
SBI CONTRA FUND,INF200K01RA0,2026-08-31,V-Guard Industries Ltd.,INE951I01027,Other,Consumer Durables,Consumer Durables,,2706470.0,9373.86,,INF200K01RA0_SBI CONTRA FUND.xlsx,SCF,84,True,Equity Candidate
SBI CONTRA FUND,INF200K01RA0,2026-08-31,Sanofi India Ltd.,INE058A01010,Other,Pharmaceuticals & Biotechnology,Pharmaceuticals & Biotechnology,,251576.0,7859.23,,INF200K01RA0_SBI CONTRA FUND.xlsx,SCF,85,True,Equity Candidate
SBI CONTRA FUND,INF200K01RA0,2026-08-31,Gateway Distriparks Ltd.,INE079J01017,Other,Transport Services,Transport Services,,9934596.0,5343.82,,INF200K01RA0_SBI CONTRA FUND.xlsx,SCF,86,True,Equity Candidate
SBI CONTRA FUND,INF200K01RA0,2026-08-31,Bank of India,INE084A01016,Other,Banks,Banks,,3286400.0,4653.21,,INF200K01RA0_SBI CONTRA FUND.xlsx,SCF,87,True,Equity Candidate
SBI CONTRA FUND,INF200K01RA0,2026-08-31,Greenply Industries Ltd.,INE461C01038,Other,Consumer Durables,Consumer Durables,,1350179.0,3918.22,,INF200K01RA0_SBI CONTRA FUND.xlsx,SCF,88,True,Equity Candidate
SBI CONTRA FUND,INF200K01RA0,2026-08-31,Motherson Sumi Wiring India Ltd.,INE0FS801015,Other,Auto Components,Auto Components,,10586727.0,3894.86,,INF200K01RA0_SBI CONTRA FUND.xlsx,SCF,89,True,Equity Candidate
SBI CONTRA FUND,INF200K01RA0,2026-08-31,Automotive Axles Ltd.,INE449A01011,Other,Auto Components,Auto Components,,200000.0,3457.2,,INF200K01RA0_SBI CONTRA FUND.xlsx,SCF,90,True,Equity Candidate
SBI CONTRA FUND,INF200K01RA0,2026-08-31,Sula Vineyards Ltd.,INE142Q01026,Other,Beverages,Beverages,,2036417.0,2997.61,,INF200K01RA0_SBI CONTRA FUND.xlsx,SCF,91,True,Equity Candidate
SBI CONTRA FUND,INF200K01RA0,2026-08-31,NMDC Steel Ltd.,INE0NNS01018,Other,Ferrous Metals,Ferrous Metals,,2606407.0,1203.9,,INF200K01RA0_SBI CONTRA FUND.xlsx,SCF,92,True,Equity Candidate
SBI CONTRA FUND,INF200K01RA0,2026-08-31,Real Estate Investment Trust,,Other,,,,,,,INF200K01RA0_SBI CONTRA FUND.xlsx,SCF,94,False,Other
SBI CONTRA FUND,INF200K01RA0,2026-08-31,Embassy Office Parks Reit,INE041025011,REIT/InvIT,Realty,Realty,,10516950.0,46114.72,,INF200K01RA0_SBI CONTRA FUND.xlsx,SCF,95,True,Equity Candidate
SBI CONTRA FUND,INF200K01RA0,2026-08-31,Foreign Securities and /or overseas ETF,,ETF,,,,,,,INF200K01RA0_SBI CONTRA FUND.xlsx,SCF,97,False,Other
SBI CONTRA FUND,INF200K01RA0,2026-08-31,Cognizant Technology Solutions Corporation,US1924461023,Other,IT - Services,IT - Services,,1079430.0,66538.43,,INF200K01RA0_SBI CONTRA FUND.xlsx,SCF,98,False,Other
SBI CONTRA FUND,INF200K01RA0,2026-08-31,Epam Systems Inc,US29414B1044,Other,IT - Services,IT - Services,,454663.0,51135.85,,INF200K01RA0_SBI CONTRA FUND.xlsx,SCF,99,False,Other
SBI CONTRA FUND,INF200K01RA0,2026-08-31,b) Unlisted,,Other,,,,,,,INF200K01RA0_SBI CONTRA FUND.xlsx,SCF,101,False,Other
SBI CONTRA FUND,INF200K01RA0,2026-08-31,DEBT INSTRUMENTS,,Other,,,,,,,INF200K01RA0_SBI CONTRA FUND.xlsx,SCF,102,False,Other
SBI CONTRA FUND,INF200K01RA0,2026-08-31,a) Listed/awaiting listing on the stock exchanges,,Other,,,,,,,INF200K01RA0_SBI CONTRA FUND.xlsx,SCF,103,False,Other
SBI CONTRA FUND,INF200K01RA0,2026-08-31,Non-convertible Preference Shares,,Equity,,,,,,,INF200K01RA0_SBI CONTRA FUND.xlsx,SCF,104,False,Other
SBI CONTRA FUND,INF200K01RA0,2026-08-31,Securitised Debt Instruments,,Other,,,,,,,INF200K01RA0_SBI CONTRA FUND.xlsx,SCF,105,False,Other
SBI CONTRA FUND,INF200K01RA0,2026-08-31,Central Government Securities,,Government Security,,,,,,,INF200K01RA0_SBI CONTRA FUND.xlsx,SCF,106,False,Non-Equity
SBI CONTRA FUND,INF200K01RA0,2026-08-31,State Government Securities,,Government Security,,,,,,,INF200K01RA0_SBI CONTRA FUND.xlsx,SCF,107,False,Non-Equity
SBI CONTRA FUND,INF200K01RA0,2026-08-31,b) Privately Placed/Unlisted,,Other,,,,,,,INF200K01RA0_SBI CONTRA FUND.xlsx,SCF,108,False,Other
SBI CONTRA FUND,INF200K01RA0,2026-08-31,MONEY MARKET INSTRUMENTS,,Other,,,,,,,INF200K01RA0_SBI CONTRA FUND.xlsx,SCF,109,False,Non-Equity
SBI CONTRA FUND,INF200K01RA0,2026-08-31,Commercial Paper,,Debt,,,,,,,INF200K01RA0_SBI CONTRA FUND.xlsx,SCF,110,False,Non-Equity
SBI CONTRA FUND,INF200K01RA0,2026-08-31,Certificate of Deposits,,Debt,,,,,,,INF200K01RA0_SBI CONTRA FUND.xlsx,SCF,111,False,Non-Equity
SBI CONTRA FUND,INF200K01RA0,2026-08-31,Treasury Bills,,Government Security,,,,,,,INF200K01RA0_SBI CONTRA FUND.xlsx,SCF,112,False,Non-Equity
SBI CONTRA FUND,INF200K01RA0,2026-08-31,91 DAY T-BILL 03.09.26,IN002026X099,Government Security,Sovereign,Sovereign,,50000000.0,49985.75,,INF200K01RA0_SBI CONTRA FUND.xlsx,SCF,113,False,Non-Equity
SBI CONTRA FUND,INF200K01RA0,2026-08-31,364 DAY T-BILL 06.11.26,IN002025Z328,Government Security,Sovereign,Sovereign,,42500000.0,42100.63,,INF200K01RA0_SBI CONTRA FUND.xlsx,SCF,114,False,Non-Equity
SBI CONTRA FUND,INF200K01RA0,2026-08-31,91 DAY T-BILL 19.11.26,IN002026X206,Government Security,Sovereign,Sovereign,,30000000.0,29662.29,,INF200K01RA0_SBI CONTRA FUND.xlsx,SCF,115,False,Non-Equity
SBI CONTRA FUND,INF200K01RA0,2026-08-31,182 DAY T-BILL 05.11.26,IN002026Y055,Government Security,Sovereign,Sovereign,,7500000.0,7430.59,,INF200K01RA0_SBI CONTRA FUND.xlsx,SCF,116,False,Non-Equity
SBI CONTRA FUND,INF200K01RA0,2026-08-31,364 DAY T-BILL 19.11.26,IN002025Z344,Government Security,Sovereign,Sovereign,,1500000.0,1483.11,,INF200K01RA0_SBI CONTRA FUND.xlsx,SCF,117,False,Non-Equity
SBI CONTRA FUND,INF200K01RA0,2026-08-31,STRIPS,,Other,,,,,,,INF200K01RA0_SBI CONTRA FUND.xlsx,SCF,119,False,Other
SBI CONTRA FUND,INF200K01RA0,2026-08-31,Bills Re- Discounting,,Other,,,,,,,INF200K01RA0_SBI CONTRA FUND.xlsx,SCF,120,False,Other
SBI CONTRA FUND,INF200K01RA0,2026-08-31,OTHERS,,Other,,,,,,,INF200K01RA0_SBI CONTRA FUND.xlsx,SCF,121,False,Other
SBI CONTRA FUND,INF200K01RA0,2026-08-31,Mutual Fund Units / Exchange Traded Funds,,Other,,,,,,,INF200K01RA0_SBI CONTRA FUND.xlsx,SCF,122,False,Non-Equity
SBI CONTRA FUND,INF200K01RA0,2026-08-31,Alternative Investment Funds,,Other,,,,,,,INF200K01RA0_SBI CONTRA FUND.xlsx,SCF,123,False,Other
SBI CONTRA FUND,INF200K01RA0,2026-08-31,Short Term Deposits,,Other,,,,,,,INF200K01RA0_SBI CONTRA FUND.xlsx,SCF,124,False,Non-Equity
SBI CONTRA FUND,INF200K01RA0,2026-08-31,Term Deposits Placed as Margins,,Other,,,,,,,INF200K01RA0_SBI CONTRA FUND.xlsx,SCF,125,False,Non-Equity
SBI CONTRA FUND,INF200K01RA0,2026-08-31,TREPS / Reverse Repo Investments,,Other,,,,,,,INF200K01RA0_SBI CONTRA FUND.xlsx,SCF,126,False,Non-Equity
SBI CONTRA FUND,INF200K01RA0,2026-08-31,TREPS,,Other,,,,,338500.46,,INF200K01RA0_SBI CONTRA FUND.xlsx,SCF,127,False,Other
SBI CONTRA FUND,INF200K01RA0,2026-08-31,Other Current Assets / (Liabilities),,Other,,,,,,,INF200K01RA0_SBI CONTRA FUND.xlsx,SCF,129,False,Other
SBI CONTRA FUND,INF200K01RA0,2026-08-31,Margin amount for Derivative positions,,Other,,,,,2014.0,,INF200K01RA0_SBI CONTRA FUND.xlsx,SCF,130,False,Other
SBI CONTRA FUND,INF200K01RA0,2026-08-31,Net Receivable / Payable,,Other,,,,,-4862.2,,INF200K01RA0_SBI CONTRA FUND.xlsx,SCF,131,False,Other
SBI CONTRA FUND,INF200K01RA0,2026-08-31,GRAND TOTAL (AUM),,Other,,,,,4758939.35,,INF200K01RA0_SBI CONTRA FUND.xlsx,SCF,133,False,Other
SBI CONTRA FUND,INF200K01RA0,2026-08-31,DERIVATIVES,,Other,,,,,,,INF200K01RA0_SBI CONTRA FUND.xlsx,SCF,134,False,Other
SBI CONTRA FUND,INF200K01RA0,2026-08-31,Name of the Instrument,LONG / SHORT,Other,Industry ^,Industry ^,,,,,INF200K01RA0_SBI CONTRA FUND.xlsx,SCF,135,False,Other
SBI CONTRA FUND,INF200K01RA0,2026-08-31,Index Futures,,Other,,,,,,,INF200K01RA0_SBI CONTRA FUND.xlsx,SCF,136,False,Non-Equity
SBI CONTRA FUND,INF200K01RA0,2026-08-31,Nifty Index 29-09-2026,LONG,Other,Index,Index,,499980.0,121252.14972,,INF200K01RA0_SBI CONTRA FUND.xlsx,SCF,137,False,Other
SBI CONTRA FUND,INF200K01RA0,2026-08-31,Bank Nifty Index  29-09-2026,LONG,Other,Index,Index,,240000.0,138929.28,,INF200K01RA0_SBI CONTRA FUND.xlsx,SCF,138,False,Other
SBI CONTRA FUND,INF200K01RA0,2026-08-31,Stock Futures,,Other,,,,,,,INF200K01RA0_SBI CONTRA FUND.xlsx,SCF,139,False,Non-Equity
SBI CONTRA FUND,INF200K01RA0,2026-08-31,FSN E-Commerce Ventures Ltd. 29.09.2026,SHORT,Other,Retailing,Retailing,,-7359375.0,-25084.4296875,,INF200K01RA0_SBI CONTRA FUND.xlsx,SCF,140,False,Other
SBI CONTRA FUND,INF200K01RA0,2026-08-31,Petronet LNG Ltd. 29.09.2026,SHORT,Other,Gas,Gas,,-294500.0,-858.4675,,INF200K01RA0_SBI CONTRA FUND.xlsx,SCF,141,False,Other
SBI CONTRA FUND,INF200K01RA0,2026-08-31,Wipro Ltd. 29.09.2026,LONG,Other,IT - Software,IT - Software,,15000000.0,26757.0,,INF200K01RA0_SBI CONTRA FUND.xlsx,SCF,142,False,Other
SBI CONTRA FUND,INF200K01RA0,2026-08-31,Derivatives Total,,Other,,,,,260995.5325325,,INF200K01RA0_SBI CONTRA FUND.xlsx,SCF,143,False,Other
SBI CONTRA FUND,INF200K01RA0,2026-08-31,Notes & Symbols :-,,Other,,,,,,,INF200K01RA0_SBI CONTRA FUND.xlsx,SCF,144,False,Other
SBI CONTRA FUND,INF200K01RA0,2026-08-31,#  -> Less Than 0.005% ; A**  -> Awaiting Listing on Stock Exchanges ;  T** -> Thinly Traded Securities ;  N** -> Non Traded Securities ; I**  -> Illiquid Shares ; R** -> Rights Entitlement ; P**    Preference Shares ; W** Warrants ; PP* Partly Paid; S** --> Suspended forTrading,,Equity,,,,,,,INF200K01RA0_SBI CONTRA FUND.xlsx,SCF,145,False,Other
SBI CONTRA FUND,INF200K01RA0,2026-08-31,1. Non Convertible Debentures and  Bonds are considered as Traded based on information provided by external agencies.,,Debt,,,,,,,INF200K01RA0_SBI CONTRA FUND.xlsx,SCF,146,False,Non-Equity
SBI CONTRA FUND,INF200K01RA0,2026-08-31,"2. ^Industry classification as recommended by AMFI and wherever not available, internal classification has been used.",,Other,,,,,,,INF200K01RA0_SBI CONTRA FUND.xlsx,SCF,147,False,Other
SBI CONTRA FUND,INF200K01RA0,2026-08-31,"3. ## YTC represents Yield to Call. It is disclosed for Perpetual Bond issued by Banks (i.e. AT-1 Bond / Tier 1 Bond / Tier 2 Bond), as per AMFI Best Practices Guidelines Circular no. 91/2020-21 dated March 24, 2021 on Valuation of AT-1 Bonds and Tier 2 Bonds. 
As per SEBI Circular SEBI/HO/IMD/PoD1/CIR/P/2024/106 dated August 05, 2024, valuation of AT-1 Bonds are done on Yield to Call basis w.e.f. August 07, 2024. YTC of AT-1 Bonds are now same as it’s YTM% and hence it is not disclosed separately under YTC%.",,Debt,,,,,,,INF200K01RA0_SBI CONTRA FUND.xlsx,SCF,148,False,Non-Equity
SBI CONTRA FUND,INF200K01RA0,2026-08-31,4. Total number of instances of deviation in valuation of securities of the scheme from the valuation price given by the valuation agencies during the period are: Nil,,Other,,,,,,,INF200K01RA0_SBI CONTRA FUND.xlsx,SCF,149,False,Other
SBI CONTRA FUND,INF200K01RA0,2026-08-31,(A)  Securities is in default beyond its maturity date and its percentage to NAV :,,Other,NIL,NIL,,,,,INF200K01RA0_SBI CONTRA FUND.xlsx,SCF,150,False,Other
SBI CONTRA FUND,INF200K01RA0,2026-08-31,(B)  Total value and percentage of illiquid equity shares :,,Equity,NIL,NIL,,,,,INF200K01RA0_SBI CONTRA FUND.xlsx,SCF,151,False,Other
SBI CONTRA FUND,INF200K01RA0,2026-08-31,"(C)  NAV at the beginning and end of the month period and dividend bonus etc, if applicable, declared during the period  :",,Other,,,,,,,INF200K01RA0_SBI CONTRA FUND.xlsx,SCF,152,False,Other
SBI CONTRA FUND,INF200K01RA0,2026-08-31,(i) NAV at the beginning and end of the month period :,,Other,,,,,,,INF200K01RA0_SBI CONTRA FUND.xlsx,SCF,153,False,Other
SBI CONTRA FUND,INF200K01RA0,2026-08-31,Plan Name:,NAV AS ON 31.07.2026 (RS.),Other,NAV as on 31.08.2026 (Rs.),NAV as on 31.08.2026 (Rs.),,,,,INF200K01RA0_SBI CONTRA FUND.xlsx,SCF,154,False,Other
SBI CONTRA FUND,INF200K01RA0,2026-08-31,Regular Plan - IDCW Option,65.9849,Other,65.6482,65.6482,,,,,INF200K01RA0_SBI CONTRA FUND.xlsx,SCF,155,False,Non-Equity
SBI CONTRA FUND,INF200K01RA0,2026-08-31,Regular Plan - Growth Option,380.5241,Other,378.5821,378.5821,,,,,INF200K01RA0_SBI CONTRA FUND.xlsx,SCF,156,False,Non-Equity
SBI CONTRA FUND,INF200K01RA0,2026-08-31,Direct Plan - IDCW Option,88.4154,Other,88.0214,88.0214,,,,,INF200K01RA0_SBI CONTRA FUND.xlsx,SCF,157,False,Non-Equity
SBI CONTRA FUND,INF200K01RA0,2026-08-31,Direct Plan - Growth Option,418.9438,Other,417.0771,417.0771,,,,,INF200K01RA0_SBI CONTRA FUND.xlsx,SCF,158,False,Non-Equity
SBI CONTRA FUND,INF200K01RA0,2026-08-31,"IDCW: IDCW stands for ‘Income Distribution cum Capital Withdrawal’. Investors may note that the amounts can be distributed out of investors’ capital (Equalization Reserve), which is part of the sale price that represents realized gains. In line with SEBI Circular no. SEBI/HO/IMD/DF3/CIR/P/2020/194 dated October 5, 2020, nomenclature of Dividend plans / options has been rephrased with Income Distribution cum Capital Withdrawal (IDCW) options w.e.f April 1, 2021. For details on IDCW, please refer notice cum addendum dated March 27, 2021.",,Other,,,,,,,INF200K01RA0_SBI CONTRA FUND.xlsx,SCF,159,False,Non-Equity
SBI CONTRA FUND,INF200K01RA0,2026-08-31,"(ii) Dividend declared by the Scheme during the month ending August 31, 2026:",,Other,NIL,NIL,,,,,INF200K01RA0_SBI CONTRA FUND.xlsx,SCF,160,False,Other
SBI CONTRA FUND,INF200K01RA0,2026-08-31,"(iii) Bonus declared by the Scheme during the month ending August 31, 2026:",,Other,NIL,NIL,,,,,INF200K01RA0_SBI CONTRA FUND.xlsx,SCF,161,False,Other
SBI CONTRA FUND,INF200K01RA0,2026-08-31,(D)  Total outstanding exposure in derivative instruments at the end of the period :,,Other,,,,,,,INF200K01RA0_SBI CONTRA FUND.xlsx,SCF,162,False,Other
SBI CONTRA FUND,INF200K01RA0,2026-08-31,Hedging Positions through Futures as on  31-August-2026 :,,Other,,,,,,,INF200K01RA0_SBI CONTRA FUND.xlsx,SCF,163,False,Non-Equity
SBI CONTRA FUND,INF200K01RA0,2026-08-31,Underlying,SERIES,Other,Long / Short,Long / Short,,,,,INF200K01RA0_SBI CONTRA FUND.xlsx,SCF,164,False,Other
SBI CONTRA FUND,INF200K01RA0,2026-08-31,FSN E-Commerce Ventures Ltd.,2026-09-29 00:00:00,Other,Short,Short,,334.52113,340.85,,INF200K01RA0_SBI CONTRA FUND.xlsx,SCF,165,False,Other
SBI CONTRA FUND,INF200K01RA0,2026-08-31,Petronet LNG Ltd.,2026-09-29 00:00:00,Other,Short,Short,,291.180322,291.5,,INF200K01RA0_SBI CONTRA FUND.xlsx,SCF,166,False,Other
SBI CONTRA FUND,INF200K01RA0,2026-08-31,Total %age of existing assets hedged through futures: 0.55%,,Other,,,,,,,INF200K01RA0_SBI CONTRA FUND.xlsx,SCF,167,False,Non-Equity
SBI CONTRA FUND,INF200K01RA0,2026-08-31,"For the period 01-August-2026 to 31-August-2026, the following details specified for hedging transactions through futures which have been squared off/expired :",,Other,,,,,,,INF200K01RA0_SBI CONTRA FUND.xlsx,SCF,168,False,Non-Equity
SBI CONTRA FUND,INF200K01RA0,2026-08-31,Total Number of contracts where futures were bought (opening balance),,Other,,,,0.0,,,INF200K01RA0_SBI CONTRA FUND.xlsx,SCF,169,False,Non-Equity
SBI CONTRA FUND,INF200K01RA0,2026-08-31,Total Number of contracts where futures were bought,,Other,,,,2886.0,,,INF200K01RA0_SBI CONTRA FUND.xlsx,SCF,170,False,Non-Equity
SBI CONTRA FUND,INF200K01RA0,2026-08-31,Total Number of contracts where futures were sold (opening balance),,Other,,,,2355.0,,,INF200K01RA0_SBI CONTRA FUND.xlsx,SCF,171,False,Non-Equity
SBI CONTRA FUND,INF200K01RA0,2026-08-31,Total Number of contracts where futures were sold,,Other,,,,531.0,,,INF200K01RA0_SBI CONTRA FUND.xlsx,SCF,172,False,Non-Equity
SBI CONTRA FUND,INF200K01RA0,2026-08-31,Gross Notional Value of contracts where futures were bought (opening balance) Rs.,,Other,,,,0.0,,,INF200K01RA0_SBI CONTRA FUND.xlsx,SCF,173,False,Non-Equity
SBI CONTRA FUND,INF200K01RA0,2026-08-31,Gross Notional Value of contracts where futures were bought Rs.,,Other,,,,2907390763.5,,,INF200K01RA0_SBI CONTRA FUND.xlsx,SCF,174,False,Non-Equity
SBI CONTRA FUND,INF200K01RA0,2026-08-31,Gross Notional Value of contracts where futures were sold (opening balance) Rs.,,Other,,,,2396039737.19,,,INF200K01RA0_SBI CONTRA FUND.xlsx,SCF,175,False,Non-Equity
SBI CONTRA FUND,INF200K01RA0,2026-08-31,Gross Notional Value of contracts where futures were sold Rs.,,Other,,,,456618013.83,,,INF200K01RA0_SBI CONTRA FUND.xlsx,SCF,176,False,Non-Equity
SBI CONTRA FUND,INF200K01RA0,2026-08-31,Net Profit/Loss value on all contracts combined Rs.,,Other,,,,-54733012.48000002,,,INF200K01RA0_SBI CONTRA FUND.xlsx,SCF,177,False,Other
SBI CONTRA FUND,INF200K01RA0,2026-08-31,Other than Hedging Positions through Futures as on 31-August-2026 :,,Other,,,,,,,INF200K01RA0_SBI CONTRA FUND.xlsx,SCF,178,False,Non-Equity
SBI CONTRA FUND,INF200K01RA0,2026-08-31,Underlying,SERIES,Other,Long / Short,Long / Short,,,,,INF200K01RA0_SBI CONTRA FUND.xlsx,SCF,179,False,Other
SBI CONTRA FUND,INF200K01RA0,2026-08-31,Bank Nifty Index  29-09-2026,2026-09-29 00:00:00,Other,Long,Long,,58035.612788,57887.2,,INF200K01RA0_SBI CONTRA FUND.xlsx,SCF,180,False,Other
SBI CONTRA FUND,INF200K01RA0,2026-08-31,Nifty Index 29-09-2026,2026-09-29 00:00:00,Other,Long,Long,,24355.525038,24251.4,,INF200K01RA0_SBI CONTRA FUND.xlsx,SCF,181,False,Other
SBI CONTRA FUND,INF200K01RA0,2026-08-31,Wipro Ltd.,2026-09-29 00:00:00,Other,Long,Long,,181.0447,178.38,,INF200K01RA0_SBI CONTRA FUND.xlsx,SCF,182,False,Other
SBI CONTRA FUND,INF200K01RA0,2026-08-31,Total exposure due to futures (non hedging positions) as a %age of net assets : 6.03%,,Other,,,,,,,INF200K01RA0_SBI CONTRA FUND.xlsx,SCF,183,False,Non-Equity
SBI CONTRA FUND,INF200K01RA0,2026-08-31,"For the period 01-August-2026 to 31-August-2026, the following details specified for non-hedging transactions through futures which have been squared off/expired :",,Other,,,,,,,INF200K01RA0_SBI CONTRA FUND.xlsx,SCF,184,False,Non-Equity
SBI CONTRA FUND,INF200K01RA0,2026-08-31,Total Number of contracts where futures were bought (opening balance),,Other,,,,30663.0,,,INF200K01RA0_SBI CONTRA FUND.xlsx,SCF,185,False,Non-Equity
SBI CONTRA FUND,INF200K01RA0,2026-08-31,Total Number of contracts where futures were bought,,Other,,,,1918.0,,,INF200K01RA0_SBI CONTRA FUND.xlsx,SCF,186,False,Non-Equity
SBI CONTRA FUND,INF200K01RA0,2026-08-31,Total Number of contracts where futures were sold (opening balance),,Other,,,,,,,INF200K01RA0_SBI CONTRA FUND.xlsx,SCF,187,False,Non-Equity
SBI CONTRA FUND,INF200K01RA0,2026-08-31,Total Number of contracts where futures were sold,,Other,,,,32581.0,,,INF200K01RA0_SBI CONTRA FUND.xlsx,SCF,188,False,Non-Equity
SBI CONTRA FUND,INF200K01RA0,2026-08-31,Gross Notional Value of contracts where futures were bought (opening balance) Rs.,,Other,,,,43110572715.490005,,,INF200K01RA0_SBI CONTRA FUND.xlsx,SCF,189,False,Non-Equity
SBI CONTRA FUND,INF200K01RA0,2026-08-31,Gross Notional Value of contracts where futures were bought Rs.,,Other,,,,1047880516.64,,,INF200K01RA0_SBI CONTRA FUND.xlsx,SCF,190,False,Non-Equity
SBI CONTRA FUND,INF200K01RA0,2026-08-31,Gross Notional Value of contracts where futures were sold (opening balance) Rs.,,Other,,,,0.0,,,INF200K01RA0_SBI CONTRA FUND.xlsx,SCF,191,False,Non-Equity
SBI CONTRA FUND,INF200K01RA0,2026-08-31,Gross Notional Value of contracts where futures were sold Rs.,,Other,,,,44768178879.5,,,INF200K01RA0_SBI CONTRA FUND.xlsx,SCF,192,False,Non-Equity
SBI CONTRA FUND,INF200K01RA0,2026-08-31,Net Profit/Loss value on all contracts combined Rs.,,Other,,,,609725647.3699951,,,INF200K01RA0_SBI CONTRA FUND.xlsx,SCF,193,False,Other
SBI CONTRA FUND,INF200K01RA0,2026-08-31,"i) Hedging Positions through Options as on August 31, 2026 :",,Other,,,,,,,INF200K01RA0_SBI CONTRA FUND.xlsx,SCF,194,False,Non-Equity
SBI CONTRA FUND,INF200K01RA0,2026-08-31,a) through Covered Call Options :,,Other,,,,,,,INF200K01RA0_SBI CONTRA FUND.xlsx,SCF,195,False,Non-Equity
SBI CONTRA FUND,INF200K01RA0,2026-08-31,Underlying,SERIES,Other,Call/Put,Call/Put,,,,,INF200K01RA0_SBI CONTRA FUND.xlsx,SCF,196,False,Other
SBI CONTRA FUND,INF200K01RA0,2026-08-31,Total %age of existing assets hedged through Options,,Other,,,,,,,INF200K01RA0_SBI CONTRA FUND.xlsx,SCF,198,False,Non-Equity
SBI CONTRA FUND,INF200K01RA0,2026-08-31,b) through Put Options :,,Other,,,,,,,INF200K01RA0_SBI CONTRA FUND.xlsx,SCF,199,False,Non-Equity
SBI CONTRA FUND,INF200K01RA0,2026-08-31,Underlying,SERIES,Other,Call/Put,Call/Put,,,,,INF200K01RA0_SBI CONTRA FUND.xlsx,SCF,200,False,Other
SBI CONTRA FUND,INF200K01RA0,2026-08-31,Nil,,Other,,,,,,,INF200K01RA0_SBI CONTRA FUND.xlsx,SCF,202,False,Other
SBI CONTRA FUND,INF200K01RA0,2026-08-31,Total %age of existing assets hedged through Options,,Other,,,,,,,INF200K01RA0_SBI CONTRA FUND.xlsx,SCF,203,False,Non-Equity
SBI CONTRA FUND,INF200K01RA0,2026-08-31,"ii) For the month ended August 31, 2026, details of hedging transactions through Options which have already been exercised/expired are :",,Other,,,,,,,INF200K01RA0_SBI CONTRA FUND.xlsx,SCF,204,False,Non-Equity
SBI CONTRA FUND,INF200K01RA0,2026-08-31,Scheme Name,FOR THE YEAR ENDED,Other,Call/Put,Call/Put,,,,,INF200K01RA0_SBI CONTRA FUND.xlsx,SCF,206,False,Other
SBI CONTRA FUND,INF200K01RA0,2026-08-31,SBI CONTRA FUND,2026-08-31 00:00:00,Other,Call,Call,,,6121.0,,INF200K01RA0_SBI CONTRA FUND.xlsx,SCF,207,False,Other
SBI CONTRA FUND,INF200K01RA0,2026-08-31,"i) Other than Hedging Positions through Options as on August 31, 2026 : NIL",,Other,,,,,,,INF200K01RA0_SBI CONTRA FUND.xlsx,SCF,208,False,Non-Equity
SBI CONTRA FUND,INF200K01RA0,2026-08-31,"ii) For the month ended August 31, 2026, details of non-hedging transactions through Options which have already been exercised/expired are : NIL (Previous Year : NIL)",,Other,,,,,,,INF200K01RA0_SBI CONTRA FUND.xlsx,SCF,209,False,Non-Equity
SBI CONTRA FUND,INF200K01RA0,2026-08-31,Hedging Positions through Swaps as on 31-August-2026 : Nil,,Other,,,,,,,INF200K01RA0_SBI CONTRA FUND.xlsx,SCF,210,False,Non-Equity
SBI CONTRA FUND,INF200K01RA0,2026-08-31,(E)  Total investments in foreign securities / ADRs / GDRs at the end of the period :,,Other,Rs. 117674.29 Lakhs,Rs. 117674.29 Lakhs,,,,,INF200K01RA0_SBI CONTRA FUND.xlsx,SCF,211,False,Other
SBI CONTRA FUND,INF200K01RA0,2026-08-31,(F)  Portfolio turnover ratio (Equity Schemes) :,,Equity,1.5241774999157558,1.5241774999157558,,,,,INF200K01RA0_SBI CONTRA FUND.xlsx,SCF,212,False,Other
SBI CONTRA FUND,INF200K01RA0,2026-08-31,(G)  The Average maturity period (Debt Schemes) :,,Other,N.A.,N.A.,,,,,INF200K01RA0_SBI CONTRA FUND.xlsx,SCF,213,False,Other
SBI CONTRA FUND,INF200K01RA0,2026-08-31,"(H) Repo transactions in corporate debt securities during the month ending August 31, 2026 :",,Other,NIL,NIL,,,,,INF200K01RA0_SBI CONTRA FUND.xlsx,SCF,214,False,Non-Equity
SBI CONTRA FUND,INF200K01RA0,2026-08-31,"Portfolio Turnover Ratio = Lower of purchases or sales of securities during the twelve months ended August 31, 2026 / Average Net Assets during the twelve months ended August 31, 2026.",,Other,,,,,,,INF200K01RA0_SBI CONTRA FUND.xlsx,SCF,215,False,Other
SBI CONTRA FUND,INF200K01RA0,2026-08-31,Scheme Risk-O-Meter,,Other,Benchmark Risk-O-Meter,Benchmark Risk-O-Meter,,,,,INF200K01RA0_SBI CONTRA FUND.xlsx,SCF,216,False,Other
SBI LIQUID FUND,INF200K01UT4,2026-08-31,EQUITY & EQUITY RELATED,,Equity,,,,,,,INF200K01UT4_SBI LIQUID FUND.xlsx,SLF,7,False,Other
SBI LIQUID FUND,INF200K01UT4,2026-08-31,a) Listed/awaiting listing on Stock Exchanges,,Other,,,,,,,INF200K01UT4_SBI LIQUID FUND.xlsx,SLF,8,False,Other
SBI LIQUID FUND,INF200K01UT4,2026-08-31,Foreign Securities and /or overseas ETF,,ETF,,,,,,,INF200K01UT4_SBI LIQUID FUND.xlsx,SLF,9,False,Other
SBI LIQUID FUND,INF200K01UT4,2026-08-31,b) Unlisted,,Other,,,,,,,INF200K01UT4_SBI LIQUID FUND.xlsx,SLF,10,False,Other
SBI LIQUID FUND,INF200K01UT4,2026-08-31,DEBT INSTRUMENTS,,Other,,,,,,,INF200K01UT4_SBI LIQUID FUND.xlsx,SLF,11,False,Other
SBI LIQUID FUND,INF200K01UT4,2026-08-31,a) Listed/awaiting listing on the stock exchanges,,Other,,,,,,,INF200K01UT4_SBI LIQUID FUND.xlsx,SLF,12,False,Other
SBI LIQUID FUND,INF200K01UT4,2026-08-31,Non Convertible Debenture,,Debt,,,,,,,INF200K01UT4_SBI LIQUID FUND.xlsx,SLF,13,False,Non-Equity
SBI LIQUID FUND,INF200K01UT4,2026-08-31,Tata Capital Housing Finance Ltd.,INE033L07IC6,Other,CRISIL AAA,CRISIL AAA,,22500.0,22510.53,,INF200K01UT4_SBI LIQUID FUND.xlsx,SLF,14,True,Equity Candidate
SBI LIQUID FUND,INF200K01UT4,2026-08-31,Toyota Financial Services India Ltd.,INE692Q07449,Other,[ICRA]AAA,[ICRA]AAA,,20000.0,20002.94,,INF200K01UT4_SBI LIQUID FUND.xlsx,SLF,15,True,Equity Candidate
SBI LIQUID FUND,INF200K01UT4,2026-08-31,National Bank for Agriculture and Rural Development,INE261F08EB4,Other,CRISIL AAA,CRISIL AAA,,15000.0,15008.94,,INF200K01UT4_SBI LIQUID FUND.xlsx,SLF,16,True,Equity Candidate
SBI LIQUID FUND,INF200K01UT4,2026-08-31,Jamnagar Utilities & Power Pvt. Ltd.,INE936D07174,Other,CRISIL AAA,CRISIL AAA,,1000.0,9993.88,,INF200K01UT4_SBI LIQUID FUND.xlsx,SLF,17,True,Equity Candidate
SBI LIQUID FUND,INF200K01UT4,2026-08-31,REC Ltd.,INE020B08FH7,Other,CRISIL AAA,CRISIL AAA,,5000.0,5004.39,,INF200K01UT4_SBI LIQUID FUND.xlsx,SLF,18,True,Equity Candidate
SBI LIQUID FUND,INF200K01UT4,2026-08-31,Non-convertible Preference Shares,,Equity,,,,,,,INF200K01UT4_SBI LIQUID FUND.xlsx,SLF,20,False,Other
SBI LIQUID FUND,INF200K01UT4,2026-08-31,Securitised Debt Instruments,,Other,,,,,,,INF200K01UT4_SBI LIQUID FUND.xlsx,SLF,21,False,Other
SBI LIQUID FUND,INF200K01UT4,2026-08-31,Central Government Securities,,Government Security,,,,,,,INF200K01UT4_SBI LIQUID FUND.xlsx,SLF,22,False,Non-Equity
SBI LIQUID FUND,INF200K01UT4,2026-08-31,6.97% CGL 2026,IN0020160035,Government Security,Sovereign,Sovereign,,3000000.0,3000.67,,INF200K01UT4_SBI LIQUID FUND.xlsx,SLF,23,False,Other
SBI LIQUID FUND,INF200K01UT4,2026-08-31,State Government Securities,,Government Security,,,,,,,INF200K01UT4_SBI LIQUID FUND.xlsx,SLF,25,False,Non-Equity
SBI LIQUID FUND,INF200K01UT4,2026-08-31,6.04% State Government of Gujarat 2026,IN1520210130,Government Security,Sovereign,Sovereign,,10000000.0,10006.75,,INF200K01UT4_SBI LIQUID FUND.xlsx,SLF,26,False,Non-Equity
SBI LIQUID FUND,INF200K01UT4,2026-08-31,b) Privately Placed/Unlisted,,Other,,,,,,,INF200K01UT4_SBI LIQUID FUND.xlsx,SLF,28,False,Other
SBI LIQUID FUND,INF200K01UT4,2026-08-31,MONEY MARKET INSTRUMENTS,,Other,,,,,,,INF200K01UT4_SBI LIQUID FUND.xlsx,SLF,29,False,Non-Equity
SBI LIQUID FUND,INF200K01UT4,2026-08-31,Commercial Paper,,Debt,,,,,,,INF200K01UT4_SBI LIQUID FUND.xlsx,SLF,30,False,Non-Equity
SBI LIQUID FUND,INF200K01UT4,2026-08-31,National Bank for Agriculture and Rural Development,INE261F14PY0,Other,CRISIL A1+,CRISIL A1+,,49000.0,242184.22,,INF200K01UT4_SBI LIQUID FUND.xlsx,SLF,31,True,Equity Candidate
SBI LIQUID FUND,INF200K01UT4,2026-08-31,Small Industries Development Bank of India,INE556F14MO1,Other,CRISIL A1+,CRISIL A1+,,40000.0,198040.8,,INF200K01UT4_SBI LIQUID FUND.xlsx,SLF,32,True,Equity Candidate
SBI LIQUID FUND,INF200K01UT4,2026-08-31,National Bank for Agriculture and Rural Development,INE261F14PN3,Other,CRISIL A1+,CRISIL A1+,,31500.0,157447.24,,INF200K01UT4_SBI LIQUID FUND.xlsx,SLF,33,True,Equity Candidate
SBI LIQUID FUND,INF200K01UT4,2026-08-31,Interise Trust,INE790Z14059,Other,[ICRA]A1+,[ICRA]A1+,,30000.0,149973.15,,INF200K01UT4_SBI LIQUID FUND.xlsx,SLF,34,True,Equity Candidate
SBI LIQUID FUND,INF200K01UT4,2026-08-31,L&T Metro Rail (Hyderabad) Ltd.,INE128M14BJ8,Other,CRISIL A1+,CRISIL A1+,,26300.0,131003.98,,INF200K01UT4_SBI LIQUID FUND.xlsx,SLF,35,True,Equity Candidate
SBI LIQUID FUND,INF200K01UT4,2026-08-31,Tata Steel Ltd.,INE081A14HL7,Other,[ICRA]A1+,[ICRA]A1+,,24000.0,119184.72,,INF200K01UT4_SBI LIQUID FUND.xlsx,SLF,36,True,Equity Candidate
SBI LIQUID FUND,INF200K01UT4,2026-08-31,Titan Company Ltd.,INE280A14609,Other,[ICRA]A1+,[ICRA]A1+,,20000.0,98840.5,,INF200K01UT4_SBI LIQUID FUND.xlsx,SLF,37,True,Equity Candidate
SBI LIQUID FUND,INF200K01UT4,2026-08-31,ICICI Securities Ltd.,INE763G14K53,Other,CRISIL A1+,CRISIL A1+,,15000.0,74876.78,,INF200K01UT4_SBI LIQUID FUND.xlsx,SLF,38,True,Equity Candidate
SBI LIQUID FUND,INF200K01UT4,2026-08-31,HDFC Securities Ltd.,INE700G14VA3,Other,CRISIL A1+,CRISIL A1+,,15000.0,74367.98,,INF200K01UT4_SBI LIQUID FUND.xlsx,SLF,39,True,Equity Candidate
SBI LIQUID FUND,INF200K01UT4,2026-08-31,Reliance Retail Ventures Ltd.,INE929O14FH0,Other,CRISIL A1+,CRISIL A1+,,15000.0,74145.75,,INF200K01UT4_SBI LIQUID FUND.xlsx,SLF,40,True,Equity Candidate
SBI LIQUID FUND,INF200K01UT4,2026-08-31,Aditya Birla Capital Ltd.,INE674K14CV8,Other,CRISIL A1+,CRISIL A1+,,15000.0,74015.03,,INF200K01UT4_SBI LIQUID FUND.xlsx,SLF,41,True,Equity Candidate
SBI LIQUID FUND,INF200K01UT4,2026-08-31,ICICI Securities Ltd.,INE763G14L11,Other,CRISIL A1+,CRISIL A1+,,14500.0,72274.16,,INF200K01UT4_SBI LIQUID FUND.xlsx,SLF,42,True,Equity Candidate
SBI LIQUID FUND,INF200K01UT4,2026-08-31,PNB Housing Finance Ltd.,INE572E14KL1,Other,CRISIL A1+,CRISIL A1+,,14000.0,69831.02,,INF200K01UT4_SBI LIQUID FUND.xlsx,SLF,43,True,Equity Candidate
SBI LIQUID FUND,INF200K01UT4,2026-08-31,Small Industries Development Bank of India,INE556F14MN3,Other,CRISIL A1+,CRISIL A1+,,14000.0,69677.93,,INF200K01UT4_SBI LIQUID FUND.xlsx,SLF,44,True,Equity Candidate
SBI LIQUID FUND,INF200K01UT4,2026-08-31,Larsen & Toubro Ltd.,INE018A14LX6,Other,CRISIL A1+,CRISIL A1+,,12000.0,59970.24,,INF200K01UT4_SBI LIQUID FUND.xlsx,SLF,45,True,Equity Candidate
SBI LIQUID FUND,INF200K01UT4,2026-08-31,L&T Metro Rail (Hyderabad) Ltd.,INE128M14BK6,Other,CRISIL A1+,CRISIL A1+,,12000.0,59184.96,,INF200K01UT4_SBI LIQUID FUND.xlsx,SLF,46,True,Equity Candidate
SBI LIQUID FUND,INF200K01UT4,2026-08-31,Jio Credit Ltd.,INE282H14121,Other,CRISIL A1+,CRISIL A1+,,11000.0,54830.05,,INF200K01UT4_SBI LIQUID FUND.xlsx,SLF,47,True,Equity Candidate
SBI LIQUID FUND,INF200K01UT4,2026-08-31,LIC Housing Finance Ltd.,INE115A14FW4,Other,CRISIL A1+,CRISIL A1+,,10000.0,49932.55,,INF200K01UT4_SBI LIQUID FUND.xlsx,SLF,48,True,Equity Candidate
SBI LIQUID FUND,INF200K01UT4,2026-08-31,Tata Steel Ltd.,INE081A14HC6,Other,[ICRA]A1+,[ICRA]A1+,,10000.0,49931.55,,INF200K01UT4_SBI LIQUID FUND.xlsx,SLF,49,True,Equity Candidate
SBI LIQUID FUND,INF200K01UT4,2026-08-31,HDFC Securities Ltd.,INE700G14UG2,Other,CRISIL A1+,CRISIL A1+,,10000.0,49927.0,,INF200K01UT4_SBI LIQUID FUND.xlsx,SLF,50,True,Equity Candidate
SBI LIQUID FUND,INF200K01UT4,2026-08-31,Poonawalla Fincorp Ltd.,INE511C14ZP2,Other,CRISIL A1+,CRISIL A1+,,10000.0,49926.7,,INF200K01UT4_SBI LIQUID FUND.xlsx,SLF,51,True,Equity Candidate
SBI LIQUID FUND,INF200K01UT4,2026-08-31,Motilal Oswal Financial Services Ltd.,INE338I14MW1,Other,CRISIL A1+,CRISIL A1+,,10000.0,49925.5,,INF200K01UT4_SBI LIQUID FUND.xlsx,SLF,52,True,Equity Candidate
SBI LIQUID FUND,INF200K01UT4,2026-08-31,ICICI Securities Ltd.,INE763G14K61,Other,CRISIL A1+,CRISIL A1+,,10000.0,49908.75,,INF200K01UT4_SBI LIQUID FUND.xlsx,SLF,53,True,Equity Candidate
SBI LIQUID FUND,INF200K01UT4,2026-08-31,ICICI Securities Ltd.,INE763G14I81,Other,CRISIL A1+,CRISIL A1+,,10000.0,49872.15,,INF200K01UT4_SBI LIQUID FUND.xlsx,SLF,54,True,Equity Candidate
SBI LIQUID FUND,INF200K01UT4,2026-08-31,Kotak Securities Ltd.,INE028E14XC6,Other,CRISIL A1+,CRISIL A1+,,10000.0,49862.7,,INF200K01UT4_SBI LIQUID FUND.xlsx,SLF,55,True,Equity Candidate
SBI LIQUID FUND,INF200K01UT4,2026-08-31,Bharat Heavy Electricals Ltd.,INE257A14AJ2,Other,CRISIL A1+,CRISIL A1+,,10000.0,49787.55,,INF200K01UT4_SBI LIQUID FUND.xlsx,SLF,56,True,Equity Candidate
SBI LIQUID FUND,INF200K01UT4,2026-08-31,NTPC Ltd.,INE733E14CE1,Other,CRISIL A1+,CRISIL A1+,,10000.0,49707.85,,INF200K01UT4_SBI LIQUID FUND.xlsx,SLF,57,True,Equity Candidate
SBI LIQUID FUND,INF200K01UT4,2026-08-31,NTPC Ltd.,INE733E14CF8,Other,CRISIL A1+,CRISIL A1+,,10000.0,49673.7,,INF200K01UT4_SBI LIQUID FUND.xlsx,SLF,58,True,Equity Candidate
SBI LIQUID FUND,INF200K01UT4,2026-08-31,HDB Financial Services Ltd.,INE756I14GP0,Other,CRISIL A1+,CRISIL A1+,,10000.0,49673.1,,INF200K01UT4_SBI LIQUID FUND.xlsx,SLF,59,True,Equity Candidate
SBI LIQUID FUND,INF200K01UT4,2026-08-31,HDFC Securities Ltd.,INE700G14VD7,Other,CRISIL A1+,CRISIL A1+,,10000.0,49464.95,,INF200K01UT4_SBI LIQUID FUND.xlsx,SLF,60,True,Equity Candidate
SBI LIQUID FUND,INF200K01UT4,2026-08-31,Aditya Birla Housing Finance Ltd.,INE831R14GM9,Other,CRISIL A1+,CRISIL A1+,,10000.0,49396.7,,INF200K01UT4_SBI LIQUID FUND.xlsx,SLF,61,True,Equity Candidate
SBI LIQUID FUND,INF200K01UT4,2026-08-31,Bajaj Finance Ltd.,INE296A14D13,Other,CRISIL A1+,CRISIL A1+,,10000.0,49394.6,,INF200K01UT4_SBI LIQUID FUND.xlsx,SLF,62,True,Equity Candidate
SBI LIQUID FUND,INF200K01UT4,2026-08-31,HDFC Securities Ltd.,INE700G14VH8,Other,CRISIL A1+,CRISIL A1+,,10000.0,49375.7,,INF200K01UT4_SBI LIQUID FUND.xlsx,SLF,63,True,Equity Candidate
SBI LIQUID FUND,INF200K01UT4,2026-08-31,National Bank for Agriculture and Rural Development,INE261F14QB6,Other,CRISIL A1+,CRISIL A1+,,10000.0,49365.15,,INF200K01UT4_SBI LIQUID FUND.xlsx,SLF,64,True,Equity Candidate
SBI LIQUID FUND,INF200K01UT4,2026-08-31,Axis Securities Ltd.,INE110O14JJ5,Other,CRISIL A1+,CRISIL A1+,,10000.0,49318.4,,INF200K01UT4_SBI LIQUID FUND.xlsx,SLF,65,True,Equity Candidate
SBI LIQUID FUND,INF200K01UT4,2026-08-31,PNB Housing Finance Ltd.,INE572E14KM9,Other,CRISIL A1+,CRISIL A1+,,8000.0,39853.72,,INF200K01UT4_SBI LIQUID FUND.xlsx,SLF,66,True,Equity Candidate
SBI LIQUID FUND,INF200K01UT4,2026-08-31,ICICI Home Finance Co. Ltd.,INE071G14IF5,Other,[ICRA]A1+,[ICRA]A1+,,8000.0,39538.72,,INF200K01UT4_SBI LIQUID FUND.xlsx,SLF,67,True,Equity Candidate
SBI LIQUID FUND,INF200K01UT4,2026-08-31,Cholamandalam Investment & Finance Co. Ltd.,INE121A14YW3,Other,CRISIL A1+,CRISIL A1+,,8000.0,39492.96,,INF200K01UT4_SBI LIQUID FUND.xlsx,SLF,68,True,Equity Candidate
SBI LIQUID FUND,INF200K01UT4,2026-08-31,Embassy Office Parks Reit,INE041014114,REIT/InvIT,CRISIL A1+,CRISIL A1+,,8000.0,39485.04,,INF200K01UT4_SBI LIQUID FUND.xlsx,SLF,69,True,Equity Candidate
SBI LIQUID FUND,INF200K01UT4,2026-08-31,Bajaj Financial Securities Ltd.,INE01C314GT2,Other,CRISIL A1+,CRISIL A1+,,8000.0,39439.2,,INF200K01UT4_SBI LIQUID FUND.xlsx,SLF,70,True,Equity Candidate
SBI LIQUID FUND,INF200K01UT4,2026-08-31,Kotak Securities Ltd.,INE028E14XB8,Other,CRISIL A1+,CRISIL A1+,,7000.0,34910.65,,INF200K01UT4_SBI LIQUID FUND.xlsx,SLF,71,True,Equity Candidate
SBI LIQUID FUND,INF200K01UT4,2026-08-31,Godrej Finance Ltd.,INE02KN14739,Other,CRISIL A1+,CRISIL A1+,,7000.0,34908.72,,INF200K01UT4_SBI LIQUID FUND.xlsx,SLF,72,True,Equity Candidate
SBI LIQUID FUND,INF200K01UT4,2026-08-31,Hindustan Petroleum Corporation Ltd.,INE094A14KD1,Other,CRISIL A1+,CRISIL A1+,,7000.0,34905.36,,INF200K01UT4_SBI LIQUID FUND.xlsx,SLF,73,True,Equity Candidate
SBI LIQUID FUND,INF200K01UT4,2026-08-31,Birla Group Holding Pvt. Ltd.,INE09OL14JO3,Other,CRISIL A1+,CRISIL A1+,,7000.0,34888.95,,INF200K01UT4_SBI LIQUID FUND.xlsx,SLF,74,True,Equity Candidate
SBI LIQUID FUND,INF200K01UT4,2026-08-31,L&T Metro Rail (Hyderabad) Ltd.,INE128M14BI0,Other,CRISIL A1+,CRISIL A1+,,6900.0,34442.11,,INF200K01UT4_SBI LIQUID FUND.xlsx,SLF,75,True,Equity Candidate
SBI LIQUID FUND,INF200K01UT4,2026-08-31,IGH Holdings Pvt Ltd.,INE02FN14929,Other,CRISIL A1+,CRISIL A1+,,6000.0,30000.0,,INF200K01UT4_SBI LIQUID FUND.xlsx,SLF,76,True,Equity Candidate
SBI LIQUID FUND,INF200K01UT4,2026-08-31,Kotak Securities Ltd.,INE028E14WU0,Other,CRISIL A1+,CRISIL A1+,,6000.0,29989.38,,INF200K01UT4_SBI LIQUID FUND.xlsx,SLF,77,True,Equity Candidate
SBI LIQUID FUND,INF200K01UT4,2026-08-31,Bajaj Financial Securities Ltd.,INE01C314GA2,Other,CRISIL A1+,CRISIL A1+,,6000.0,29956.35,,INF200K01UT4_SBI LIQUID FUND.xlsx,SLF,78,True,Equity Candidate
SBI LIQUID FUND,INF200K01UT4,2026-08-31,Motilal Oswal Financial Services Ltd.,INE338I14MY7,Other,CRISIL A1+,CRISIL A1+,,6000.0,29921.55,,INF200K01UT4_SBI LIQUID FUND.xlsx,SLF,79,True,Equity Candidate
SBI LIQUID FUND,INF200K01UT4,2026-08-31,SMFG India Credit Company Ltd.,INE535H14JT6,Other,CRISIL A1+,CRISIL A1+,,6000.0,29907.39,,INF200K01UT4_SBI LIQUID FUND.xlsx,SLF,80,True,Equity Candidate
SBI LIQUID FUND,INF200K01UT4,2026-08-31,Kotak Securities Ltd.,INE028E14XE2,Other,CRISIL A1+,CRISIL A1+,,6000.0,29906.67,,INF200K01UT4_SBI LIQUID FUND.xlsx,SLF,81,True,Equity Candidate
SBI LIQUID FUND,INF200K01UT4,2026-08-31,Birla Group Holding Pvt. Ltd.,INE09OL14JP0,Other,CRISIL A1+,CRISIL A1+,,6000.0,29888.07,,INF200K01UT4_SBI LIQUID FUND.xlsx,SLF,82,True,Equity Candidate
SBI LIQUID FUND,INF200K01UT4,2026-08-31,Kotak Securities Ltd.,INE028E14XM5,Other,CRISIL A1+,CRISIL A1+,,6000.0,29632.41,,INF200K01UT4_SBI LIQUID FUND.xlsx,SLF,83,True,Equity Candidate
SBI LIQUID FUND,INF200K01UT4,2026-08-31,Bajaj Financial Securities Ltd.,INE01C314FZ1,Other,CRISIL A1+,CRISIL A1+,,5500.0,27470.44,,INF200K01UT4_SBI LIQUID FUND.xlsx,SLF,84,True,Equity Candidate
SBI LIQUID FUND,INF200K01UT4,2026-08-31,Motilal Oswal Financial Services Ltd.,INE338I14NC1,Other,CRISIL A1+,CRISIL A1+,,5500.0,27143.27,,INF200K01UT4_SBI LIQUID FUND.xlsx,SLF,85,True,Equity Candidate
SBI LIQUID FUND,INF200K01UT4,2026-08-31,Reliance Retail Ventures Ltd.,INE929O14FA5,Other,CRISIL A1+,CRISIL A1+,,5000.0,24995.85,,INF200K01UT4_SBI LIQUID FUND.xlsx,SLF,86,True,Equity Candidate
SBI LIQUID FUND,INF200K01UT4,2026-08-31,Small Industries Development Bank of India,INE556F14MI3,Other,CRISIL A1+,CRISIL A1+,,5000.0,24991.78,,INF200K01UT4_SBI LIQUID FUND.xlsx,SLF,87,True,Equity Candidate
SBI LIQUID FUND,INF200K01UT4,2026-08-31,Reliance Retail Ventures Ltd.,INE929O14FB3,Other,CRISIL A1+,CRISIL A1+,,5000.0,24970.68,,INF200K01UT4_SBI LIQUID FUND.xlsx,SLF,88,True,Equity Candidate
SBI LIQUID FUND,INF200K01UT4,2026-08-31,ICICI Securities Ltd.,INE763G14K38,Other,CRISIL A1+,CRISIL A1+,,5000.0,24968.05,,INF200K01UT4_SBI LIQUID FUND.xlsx,SLF,89,True,Equity Candidate
SBI LIQUID FUND,INF200K01UT4,2026-08-31,Bajaj Financial Securities Ltd.,INE01C314GB0,Other,CRISIL A1+,CRISIL A1+,,5000.0,24959.08,,INF200K01UT4_SBI LIQUID FUND.xlsx,SLF,90,True,Equity Candidate
SBI LIQUID FUND,INF200K01UT4,2026-08-31,Kotak Securities Ltd.,INE028E14XA0,Other,CRISIL A1+,CRISIL A1+,,5000.0,24954.53,,INF200K01UT4_SBI LIQUID FUND.xlsx,SLF,91,True,Equity Candidate
SBI LIQUID FUND,INF200K01UT4,2026-08-31,Godrej Finance Ltd.,INE02KN14721,Other,CRISIL A1+,CRISIL A1+,,5000.0,24953.58,,INF200K01UT4_SBI LIQUID FUND.xlsx,SLF,92,True,Equity Candidate
SBI LIQUID FUND,INF200K01UT4,2026-08-31,Small Industries Development Bank of India,INE556F14ML7,Other,CRISIL A1+,CRISIL A1+,,5000.0,24940.33,,INF200K01UT4_SBI LIQUID FUND.xlsx,SLF,93,True,Equity Candidate
SBI LIQUID FUND,INF200K01UT4,2026-08-31,Manappuram Finance Ltd.,INE522D14OT3,Other,CRISIL A1+,CRISIL A1+,,5000.0,24927.93,,INF200K01UT4_SBI LIQUID FUND.xlsx,SLF,94,True,Equity Candidate
SBI LIQUID FUND,INF200K01UT4,2026-08-31,Motilal Oswal Financial Services Ltd.,INE338I14NA5,Other,CRISIL A1+,CRISIL A1+,,5000.0,24925.05,,INF200K01UT4_SBI LIQUID FUND.xlsx,SLF,95,True,Equity Candidate
SBI LIQUID FUND,INF200K01UT4,2026-08-31,Axis Finance Ltd.,INE891K14QA2,Other,CRISIL A1+,CRISIL A1+,,5000.0,24923.1,,INF200K01UT4_SBI LIQUID FUND.xlsx,SLF,96,True,Equity Candidate
SBI LIQUID FUND,INF200K01UT4,2026-08-31,TVS Credit Services Ltd.,INE729N14IR9,Other,CRISIL A1+,CRISIL A1+,,5000.0,24921.4,,INF200K01UT4_SBI LIQUID FUND.xlsx,SLF,97,True,Equity Candidate
SBI LIQUID FUND,INF200K01UT4,2026-08-31,REC Ltd.,INE020B14706,Other,CRISIL A1+,CRISIL A1+,,5000.0,24915.35,,INF200K01UT4_SBI LIQUID FUND.xlsx,SLF,98,True,Equity Candidate
SBI LIQUID FUND,INF200K01UT4,2026-08-31,DSP Finance Pvt. Ltd.,INE422H14529,Other,CRISIL A1+,CRISIL A1+,,5000.0,24893.7,,INF200K01UT4_SBI LIQUID FUND.xlsx,SLF,99,True,Equity Candidate
SBI LIQUID FUND,INF200K01UT4,2026-08-31,Poonawalla Fincorp Ltd.,INE511C14ZT4,Other,CRISIL A1+,CRISIL A1+,,5000.0,24801.25,,INF200K01UT4_SBI LIQUID FUND.xlsx,SLF,100,True,Equity Candidate
SBI LIQUID FUND,INF200K01UT4,2026-08-31,ICICI Securities Ltd.,INE763G14M51,Other,CRISIL A1+,CRISIL A1+,,5000.0,24688.93,,INF200K01UT4_SBI LIQUID FUND.xlsx,SLF,101,True,Equity Candidate
SBI LIQUID FUND,INF200K01UT4,2026-08-31,Julius Baer Capital (India) Pvt. Ltd.,INE824H14UV7,Other,CRISIL A1+,CRISIL A1+,,5000.0,24675.63,,INF200K01UT4_SBI LIQUID FUND.xlsx,SLF,102,True,Equity Candidate
SBI LIQUID FUND,INF200K01UT4,2026-08-31,IGH Holdings Pvt Ltd.,INE02FN14937,Other,CRISIL A1+,CRISIL A1+,,4000.0,19992.74,,INF200K01UT4_SBI LIQUID FUND.xlsx,SLF,103,True,Equity Candidate
SBI LIQUID FUND,INF200K01UT4,2026-08-31,TATA Capital Ltd.,INE976I14QM0,Other,CRISIL A1+,CRISIL A1+,,4000.0,19945.9,,INF200K01UT4_SBI LIQUID FUND.xlsx,SLF,104,True,Equity Candidate
SBI LIQUID FUND,INF200K01UT4,2026-08-31,CESC Ltd.,INE486A14GD7,Other,[ICRA]A1+,[ICRA]A1+,,4000.0,19940.96,,INF200K01UT4_SBI LIQUID FUND.xlsx,SLF,105,True,Equity Candidate
SBI LIQUID FUND,INF200K01UT4,2026-08-31,Tata Projects Ltd.,INE725H14EE6,Other,CRISIL A1+,CRISIL A1+,,4000.0,19929.46,,INF200K01UT4_SBI LIQUID FUND.xlsx,SLF,106,True,Equity Candidate
SBI LIQUID FUND,INF200K01UT4,2026-08-31,Tata Steel Ltd.,INE081A14HK9,Other,[ICRA]A1+,[ICRA]A1+,,4000.0,19916.84,,INF200K01UT4_SBI LIQUID FUND.xlsx,SLF,107,True,Equity Candidate
SBI LIQUID FUND,INF200K01UT4,2026-08-31,PNB Housing Finance Ltd.,INE572E14KQ0,Other,CRISIL A1+,CRISIL A1+,,4000.0,19802.22,,INF200K01UT4_SBI LIQUID FUND.xlsx,SLF,108,True,Equity Candidate
SBI LIQUID FUND,INF200K01UT4,2026-08-31,Godrej Finance Ltd.,INE02KN14770,Other,CRISIL A1+,CRISIL A1+,,4000.0,19745.42,,INF200K01UT4_SBI LIQUID FUND.xlsx,SLF,109,True,Equity Candidate
SBI LIQUID FUND,INF200K01UT4,2026-08-31,Tata Projects Ltd.,INE725H14EI7,Other,CRISIL A1+,CRISIL A1+,,4000.0,19743.36,,INF200K01UT4_SBI LIQUID FUND.xlsx,SLF,110,True,Equity Candidate
SBI LIQUID FUND,INF200K01UT4,2026-08-31,CESC Ltd.,INE486A14GG0,Other,[ICRA]A1+,[ICRA]A1+,,4000.0,19739.9,,INF200K01UT4_SBI LIQUID FUND.xlsx,SLF,111,True,Equity Candidate
SBI LIQUID FUND,INF200K01UT4,2026-08-31,Tata Projects Ltd.,INE725H14EJ5,Other,CRISIL A1+,CRISIL A1+,,4000.0,19729.3,,INF200K01UT4_SBI LIQUID FUND.xlsx,SLF,112,True,Equity Candidate
SBI LIQUID FUND,INF200K01UT4,2026-08-31,Manappuram Finance Ltd.,INE522D14PU8,Other,CRISIL A1+,CRISIL A1+,,4000.0,19708.72,,INF200K01UT4_SBI LIQUID FUND.xlsx,SLF,113,True,Equity Candidate
SBI LIQUID FUND,INF200K01UT4,2026-08-31,Axis Securities Ltd.,INE110O14IQ2,Other,CRISIL A1+,CRISIL A1+,,3000.0,14992.02,,INF200K01UT4_SBI LIQUID FUND.xlsx,SLF,114,True,Equity Candidate
SBI LIQUID FUND,INF200K01UT4,2026-08-31,Hero FinCorp Ltd.,INE957N14KN1,Other,CRISIL A1+,CRISIL A1+,,3000.0,14976.9,,INF200K01UT4_SBI LIQUID FUND.xlsx,SLF,115,True,Equity Candidate
SBI LIQUID FUND,INF200K01UT4,2026-08-31,Hero FinCorp Ltd.,INE957N14KO9,Other,CRISIL A1+,CRISIL A1+,,3000.0,14974.02,,INF200K01UT4_SBI LIQUID FUND.xlsx,SLF,116,True,Equity Candidate
SBI LIQUID FUND,INF200K01UT4,2026-08-31,Godrej Properties Ltd.,INE484J14D57,Other,[ICRA]A1+,[ICRA]A1+,,3000.0,14957.61,,INF200K01UT4_SBI LIQUID FUND.xlsx,SLF,117,True,Equity Candidate
SBI LIQUID FUND,INF200K01UT4,2026-08-31,Godrej Properties Ltd.,INE484J14D65,Other,[ICRA]A1+,[ICRA]A1+,,3000.0,14954.97,,INF200K01UT4_SBI LIQUID FUND.xlsx,SLF,118,True,Equity Candidate
SBI LIQUID FUND,INF200K01UT4,2026-08-31,DSP Finance Pvt. Ltd.,INE422H14495,Other,CRISIL A1+,CRISIL A1+,,3000.0,14953.56,,INF200K01UT4_SBI LIQUID FUND.xlsx,SLF,119,True,Equity Candidate
SBI LIQUID FUND,INF200K01UT4,2026-08-31,Power Finance Corporation Ltd.,INE134E14AZ1,Other,CRISIL A1+,CRISIL A1+,,3000.0,14798.21,,INF200K01UT4_SBI LIQUID FUND.xlsx,SLF,120,True,Equity Candidate
SBI LIQUID FUND,INF200K01UT4,2026-08-31,TATA Capital Ltd.,INE976I14RP1,Other,CRISIL A1+,CRISIL A1+,,2500.0,12484.26,,INF200K01UT4_SBI LIQUID FUND.xlsx,SLF,121,True,Equity Candidate
SBI LIQUID FUND,INF200K01UT4,2026-08-31,IGH Holdings Pvt Ltd.,INE02FN14945,Other,CRISIL A1+,CRISIL A1+,,2500.0,12483.73,,INF200K01UT4_SBI LIQUID FUND.xlsx,SLF,122,True,Equity Candidate
SBI LIQUID FUND,INF200K01UT4,2026-08-31,Godrej Properties Ltd.,INE484J14F30,Other,[ICRA]A1+,[ICRA]A1+,,2500.0,12351.64,,INF200K01UT4_SBI LIQUID FUND.xlsx,SLF,123,True,Equity Candidate
SBI LIQUID FUND,INF200K01UT4,2026-08-31,Birla Group Holding Pvt. Ltd.,INE09OL14JM7,Other,CRISIL A1+,CRISIL A1+,,2000.0,9983.3,,INF200K01UT4_SBI LIQUID FUND.xlsx,SLF,124,True,Equity Candidate
SBI LIQUID FUND,INF200K01UT4,2026-08-31,Godrej Properties Ltd.,INE484J14D40,Other,[ICRA]A1+,[ICRA]A1+,,2000.0,9973.5,,INF200K01UT4_SBI LIQUID FUND.xlsx,SLF,125,True,Equity Candidate
SBI LIQUID FUND,INF200K01UT4,2026-08-31,Godrej Properties Ltd.,INE484J14F48,Other,[ICRA]A1+,[ICRA]A1+,,2000.0,9879.51,,INF200K01UT4_SBI LIQUID FUND.xlsx,SLF,126,True,Equity Candidate
SBI LIQUID FUND,INF200K01UT4,2026-08-31,Tata Housing Development Co. Ltd.,INE582L14JT0,Other,IND A1+,IND A1+,,2000.0,9876.01,,INF200K01UT4_SBI LIQUID FUND.xlsx,SLF,127,True,Equity Candidate
SBI LIQUID FUND,INF200K01UT4,2026-08-31,Godrej Properties Ltd.,INE484J14F55,Other,[ICRA]A1+,[ICRA]A1+,,2000.0,9870.5,,INF200K01UT4_SBI LIQUID FUND.xlsx,SLF,128,True,Equity Candidate
SBI LIQUID FUND,INF200K01UT4,2026-08-31,Godrej Properties Ltd.,INE484J14F63,Other,[ICRA]A1+,[ICRA]A1+,,2000.0,9868.7,,INF200K01UT4_SBI LIQUID FUND.xlsx,SLF,129,True,Equity Candidate
SBI LIQUID FUND,INF200K01UT4,2026-08-31,National Bank for Agriculture and Rural Development,INE261F14QA8,Other,CRISIL A1+,CRISIL A1+,,1000.0,4938.24,,INF200K01UT4_SBI LIQUID FUND.xlsx,SLF,130,True,Equity Candidate
SBI LIQUID FUND,INF200K01UT4,2026-08-31,Astec Lifesciences Ltd.,INE563J14DP5,Other,[ICRA]A1+,[ICRA]A1+,,500.0,2492.26,,INF200K01UT4_SBI LIQUID FUND.xlsx,SLF,131,True,Equity Candidate
SBI LIQUID FUND,INF200K01UT4,2026-08-31,Astec Lifesciences Ltd.,INE563J14DO8,Other,[ICRA]A1+,[ICRA]A1+,,500.0,2490.33,,INF200K01UT4_SBI LIQUID FUND.xlsx,SLF,132,True,Equity Candidate
SBI LIQUID FUND,INF200K01UT4,2026-08-31,Certificate of Deposits,,Debt,,,,,,,INF200K01UT4_SBI LIQUID FUND.xlsx,SLF,134,False,Non-Equity
SBI LIQUID FUND,INF200K01UT4,2026-08-31,HDFC Bank Ltd.,INE040A16KA5,Other,CRISIL A1+,CRISIL A1+,,50000.0,246907.25,,INF200K01UT4_SBI LIQUID FUND.xlsx,SLF,135,True,Equity Candidate
SBI LIQUID FUND,INF200K01UT4,2026-08-31,Punjab National Bank,INE160A16VS0,Other,CRISIL A1+,CRISIL A1+,,50000.0,246847.75,,INF200K01UT4_SBI LIQUID FUND.xlsx,SLF,136,True,Equity Candidate
SBI LIQUID FUND,INF200K01UT4,2026-08-31,Canara Bank,INE476A16K55,Other,CRISIL A1+,CRISIL A1+,,44000.0,218309.74,,INF200K01UT4_SBI LIQUID FUND.xlsx,SLF,137,True,Equity Candidate
SBI LIQUID FUND,INF200K01UT4,2026-08-31,HDFC Bank Ltd.,INE040A16JO8,Other,CRISIL A1+,CRISIL A1+,,36000.0,179821.98,,INF200K01UT4_SBI LIQUID FUND.xlsx,SLF,138,True,Equity Candidate
SBI LIQUID FUND,INF200K01UT4,2026-08-31,Bank of Baroda,INE028A16MS8,Other,IND A1+,IND A1+,,30000.0,149653.65,,INF200K01UT4_SBI LIQUID FUND.xlsx,SLF,139,True,Equity Candidate
SBI LIQUID FUND,INF200K01UT4,2026-08-31,Union Bank of India,INE692A16MX1,Other,[ICRA]A1+,[ICRA]A1+,,30000.0,148847.55,,INF200K01UT4_SBI LIQUID FUND.xlsx,SLF,140,True,Equity Candidate
SBI LIQUID FUND,INF200K01UT4,2026-08-31,Bank of Baroda,INE028A16KH5,Other,IND A1+,IND A1+,,30000.0,148314.9,,INF200K01UT4_SBI LIQUID FUND.xlsx,SLF,141,True,Equity Candidate
SBI LIQUID FUND,INF200K01UT4,2026-08-31,HDFC Bank Ltd.,INE040A16JY7,Other,CRISIL A1+,CRISIL A1+,,28000.0,138444.04,,INF200K01UT4_SBI LIQUID FUND.xlsx,SLF,142,True,Equity Candidate
SBI LIQUID FUND,INF200K01UT4,2026-08-31,Union Bank of India,INE692A16MS1,Other,[ICRA]A1+,[ICRA]A1+,,25000.0,124125.13,,INF200K01UT4_SBI LIQUID FUND.xlsx,SLF,143,True,Equity Candidate
SBI LIQUID FUND,INF200K01UT4,2026-08-31,Punjab National Bank,INE160A16VJ9,Other,CRISIL A1+,CRISIL A1+,,20000.0,99733.8,,INF200K01UT4_SBI LIQUID FUND.xlsx,SLF,144,True,Equity Candidate
SBI LIQUID FUND,INF200K01UT4,2026-08-31,HDFC Bank Ltd.,INE040A16JT7,Other,CRISIL A1+,CRISIL A1+,,20000.0,99227.6,,INF200K01UT4_SBI LIQUID FUND.xlsx,SLF,145,True,Equity Candidate
SBI LIQUID FUND,INF200K01UT4,2026-08-31,Central Bank of India,INE483A16KZ4,Other,CRISIL A1+,CRISIL A1+,,20000.0,98784.3,,INF200K01UT4_SBI LIQUID FUND.xlsx,SLF,146,True,Equity Candidate
SBI LIQUID FUND,INF200K01UT4,2026-08-31,Punjab & Sind Bank,INE608A16TN3,Other,[ICRA]A1+,[ICRA]A1+,,20000.0,98497.3,,INF200K01UT4_SBI LIQUID FUND.xlsx,SLF,147,True,Equity Candidate
SBI LIQUID FUND,INF200K01UT4,2026-08-31,IDFC First Bank Ltd.,INE092T16ZP2,Other,CRISIL A1+,CRISIL A1+,,18500.0,92359.03,,INF200K01UT4_SBI LIQUID FUND.xlsx,SLF,148,True,Equity Candidate
SBI LIQUID FUND,INF200K01UT4,2026-08-31,HDFC Bank Ltd.,INE040A16JQ3,Other,CRISIL A1+,CRISIL A1+,,15500.0,77303.85,,INF200K01UT4_SBI LIQUID FUND.xlsx,SLF,149,True,Equity Candidate
SBI LIQUID FUND,INF200K01UT4,2026-08-31,HDFC Bank Ltd.,INE040A16HL8,Other,CRISIL A1+,CRISIL A1+,,15000.0,74887.35,,INF200K01UT4_SBI LIQUID FUND.xlsx,SLF,150,True,Equity Candidate
SBI LIQUID FUND,INF200K01UT4,2026-08-31,IDFC First Bank Ltd.,INE092T16ZQ0,Other,CRISIL A1+,CRISIL A1+,,15000.0,74873.03,,INF200K01UT4_SBI LIQUID FUND.xlsx,SLF,151,True,Equity Candidate
SBI LIQUID FUND,INF200K01UT4,2026-08-31,Punjab National Bank,INE160A16VR2,Other,CRISIL A1+,CRISIL A1+,,15000.0,74618.25,,INF200K01UT4_SBI LIQUID FUND.xlsx,SLF,152,True,Equity Candidate
SBI LIQUID FUND,INF200K01UT4,2026-08-31,Punjab National Bank,INE160A16VE0,Other,CRISIL A1+,CRISIL A1+,,14000.0,70000.0,,INF200K01UT4_SBI LIQUID FUND.xlsx,SLF,153,True,Equity Candidate
SBI LIQUID FUND,INF200K01UT4,2026-08-31,Bank of Baroda,INE028A16MR0,Other,IND A1+,IND A1+,,14000.0,69885.34,,INF200K01UT4_SBI LIQUID FUND.xlsx,SLF,154,True,Equity Candidate
SBI LIQUID FUND,INF200K01UT4,2026-08-31,Punjab & Sind Bank,INE608A16TK9,Other,[ICRA]A1+,[ICRA]A1+,,12000.0,59859.84,,INF200K01UT4_SBI LIQUID FUND.xlsx,SLF,155,True,Equity Candidate
SBI LIQUID FUND,INF200K01UT4,2026-08-31,Punjab & Sind Bank,INE608A16TL7,Other,[ICRA]A1+,[ICRA]A1+,,10000.0,49874.05,,INF200K01UT4_SBI LIQUID FUND.xlsx,SLF,156,True,Equity Candidate
SBI LIQUID FUND,INF200K01UT4,2026-08-31,Karur Vysya Bank Ltd.,INE036D16KL4,Other,CRISIL A1+,CRISIL A1+,,10000.0,49391.25,,INF200K01UT4_SBI LIQUID FUND.xlsx,SLF,157,True,Equity Candidate
SBI LIQUID FUND,INF200K01UT4,2026-08-31,The Jammu & Kashmir Bank Ltd.,INE168A16NQ4,Other,CRISIL A1+,CRISIL A1+,,10000.0,49273.7,,INF200K01UT4_SBI LIQUID FUND.xlsx,SLF,158,True,Equity Candidate
SBI LIQUID FUND,INF200K01UT4,2026-08-31,Union Bank of India,INE692A16ML6,Other,[ICRA]A1+,[ICRA]A1+,,9000.0,44873.06,,INF200K01UT4_SBI LIQUID FUND.xlsx,SLF,159,True,Equity Candidate
SBI LIQUID FUND,INF200K01UT4,2026-08-31,Central Bank of India,INE483A16KV3,Other,CRISIL A1+,CRISIL A1+,,8000.0,39940.24,,INF200K01UT4_SBI LIQUID FUND.xlsx,SLF,160,True,Equity Candidate
SBI LIQUID FUND,INF200K01UT4,2026-08-31,IDBI Bank Ltd.,INE008A161B2,Other,CRISIL A1+,CRISIL A1+,,6000.0,29949.42,,INF200K01UT4_SBI LIQUID FUND.xlsx,SLF,161,True,Equity Candidate
SBI LIQUID FUND,INF200K01UT4,2026-08-31,DBS Bank Ltd.,INE01GA16301,Other,CRISIL A1+,CRISIL A1+,,6000.0,29898.03,,INF200K01UT4_SBI LIQUID FUND.xlsx,SLF,162,True,Equity Candidate
SBI LIQUID FUND,INF200K01UT4,2026-08-31,Bank of Baroda,INE028A16MO7,Other,IND A1+,IND A1+,,5000.0,24987.98,,INF200K01UT4_SBI LIQUID FUND.xlsx,SLF,163,True,Equity Candidate
SBI LIQUID FUND,INF200K01UT4,2026-08-31,Bank of Baroda,INE028A16MP4,Other,IND A1+,IND A1+,,5000.0,24975.5,,INF200K01UT4_SBI LIQUID FUND.xlsx,SLF,164,True,Equity Candidate
SBI LIQUID FUND,INF200K01UT4,2026-08-31,The Jammu & Kashmir Bank Ltd.,INE168A16NG5,Other,CRISIL A1+,CRISIL A1+,,5000.0,24937.93,,INF200K01UT4_SBI LIQUID FUND.xlsx,SLF,165,True,Equity Candidate
SBI LIQUID FUND,INF200K01UT4,2026-08-31,Bank of Baroda,INE028A16MW0,Other,IND A1+,IND A1+,,4500.0,22224.2,,INF200K01UT4_SBI LIQUID FUND.xlsx,SLF,166,True,Equity Candidate
SBI LIQUID FUND,INF200K01UT4,2026-08-31,Canara Bank,INE476A16J41,Other,CRISIL A1+,CRISIL A1+,,4000.0,20000.0,,INF200K01UT4_SBI LIQUID FUND.xlsx,SLF,167,True,Equity Candidate
SBI LIQUID FUND,INF200K01UT4,2026-08-31,Axis Bank Ltd.,INE238AD6CQ9,Other,CRISIL A1+,CRISIL A1+,,3500.0,17455.88,,INF200K01UT4_SBI LIQUID FUND.xlsx,SLF,168,True,Equity Candidate
SBI LIQUID FUND,INF200K01UT4,2026-08-31,Bank of Baroda,INE028A16MM1,Other,IND A1+,IND A1+,,2500.0,12500.0,,INF200K01UT4_SBI LIQUID FUND.xlsx,SLF,169,True,Equity Candidate
SBI LIQUID FUND,INF200K01UT4,2026-08-31,Treasury Bills,,Government Security,,,,,,,INF200K01UT4_SBI LIQUID FUND.xlsx,SLF,171,False,Non-Equity
SBI LIQUID FUND,INF200K01UT4,2026-08-31,91 DAY T-BILL 10.09.26,IN002026X107,Government Security,Sovereign,Sovereign,,650000000.0,649171.25,,INF200K01UT4_SBI LIQUID FUND.xlsx,SLF,172,False,Non-Equity
SBI LIQUID FUND,INF200K01UT4,2026-08-31,91 DAY T-BILL 24.09.26,IN002026X123,Government Security,Sovereign,Sovereign,,175000000.0,174450.33,,INF200K01UT4_SBI LIQUID FUND.xlsx,SLF,173,False,Non-Equity
SBI LIQUID FUND,INF200K01UT4,2026-08-31,91 DAY T-BILL 15.10.26,IN002026X156,Government Security,Sovereign,Sovereign,,175000000.0,173928.13,,INF200K01UT4_SBI LIQUID FUND.xlsx,SLF,174,False,Non-Equity
SBI LIQUID FUND,INF200K01UT4,2026-08-31,91 DAY T-BILL 05.11.26,IN002026X180,Government Security,Sovereign,Sovereign,,170000000.0,168426.65,,INF200K01UT4_SBI LIQUID FUND.xlsx,SLF,175,False,Non-Equity
SBI LIQUID FUND,INF200K01UT4,2026-08-31,182 DAY T-BILL 10.09.26,IN002025Y495,Government Security,Sovereign,Sovereign,,100000000.0,99872.5,,INF200K01UT4_SBI LIQUID FUND.xlsx,SLF,176,False,Non-Equity
SBI LIQUID FUND,INF200K01UT4,2026-08-31,364 DAY T-BILL 08.10.26,IN002025Z286,Government Security,Sovereign,Sovereign,,92500000.0,92022.42,,INF200K01UT4_SBI LIQUID FUND.xlsx,SLF,177,False,Non-Equity
SBI LIQUID FUND,INF200K01UT4,2026-08-31,91 DAY T-BILL 17.09.26,IN002026X115,Government Security,Sovereign,Sovereign,,75000000.0,74835.98,,INF200K01UT4_SBI LIQUID FUND.xlsx,SLF,178,False,Non-Equity
SBI LIQUID FUND,INF200K01UT4,2026-08-31,364 DAY T-BILL 17.09.26,IN002025Z252,Government Security,Sovereign,Sovereign,,48000000.0,47895.02,,INF200K01UT4_SBI LIQUID FUND.xlsx,SLF,179,False,Non-Equity
SBI LIQUID FUND,INF200K01UT4,2026-08-31,364 DAY T-BILL 02.10.26,IN002025Z278,Government Security,Sovereign,Sovereign,,33000000.0,32858.33,,INF200K01UT4_SBI LIQUID FUND.xlsx,SLF,180,False,Non-Equity
SBI LIQUID FUND,INF200K01UT4,2026-08-31,182 DAY T-BILL 12.11.26,IN002026Y063,Government Security,Sovereign,Sovereign,,10000000.0,9897.58,,INF200K01UT4_SBI LIQUID FUND.xlsx,SLF,181,False,Non-Equity
SBI LIQUID FUND,INF200K01UT4,2026-08-31,STRIPS,,Other,,,,,,,INF200K01UT4_SBI LIQUID FUND.xlsx,SLF,183,False,Other
SBI LIQUID FUND,INF200K01UT4,2026-08-31,Bills Re- Discounting,,Other,,,,,,,INF200K01UT4_SBI LIQUID FUND.xlsx,SLF,184,False,Other
SBI LIQUID FUND,INF200K01UT4,2026-08-31,OTHERS,,Other,,,,,,,INF200K01UT4_SBI LIQUID FUND.xlsx,SLF,185,False,Other
SBI LIQUID FUND,INF200K01UT4,2026-08-31,Mutual Fund Units / Exchange Traded Funds,,Other,,,,,,,INF200K01UT4_SBI LIQUID FUND.xlsx,SLF,186,False,Non-Equity
SBI LIQUID FUND,INF200K01UT4,2026-08-31,Alternative Investment Funds,,Other,,,,,,,INF200K01UT4_SBI LIQUID FUND.xlsx,SLF,187,False,Other
SBI LIQUID FUND,INF200K01UT4,2026-08-31,Corporate Debt Market Development Fund-A2,INF0RQ622028,Other,CDMDF,CDMDF,,169786.288,20324.48,,INF200K01UT4_SBI LIQUID FUND.xlsx,SLF,188,False,Other
SBI LIQUID FUND,INF200K01UT4,2026-08-31,Short Term Deposits,,Other,,,,,,,INF200K01UT4_SBI LIQUID FUND.xlsx,SLF,190,False,Non-Equity
SBI LIQUID FUND,INF200K01UT4,2026-08-31,Term Deposits Placed as Margins,,Other,,,,,,,INF200K01UT4_SBI LIQUID FUND.xlsx,SLF,191,False,Non-Equity
SBI LIQUID FUND,INF200K01UT4,2026-08-31,TREPS / Reverse Repo Investments,,Other,,,,,,,INF200K01UT4_SBI LIQUID FUND.xlsx,SLF,192,False,Non-Equity
SBI LIQUID FUND,INF200K01UT4,2026-08-31,TREPS,,Other,,,,,332701.4,,INF200K01UT4_SBI LIQUID FUND.xlsx,SLF,193,False,Other
SBI LIQUID FUND,INF200K01UT4,2026-08-31,TREPS,TREP30092026,Government Security,Sovereign,Sovereign,,,29871.72,,INF200K01UT4_SBI LIQUID FUND.xlsx,SLF,194,False,Other
SBI LIQUID FUND,INF200K01UT4,2026-08-31,Other Current Assets / (Liabilities),,Other,,,,,,,INF200K01UT4_SBI LIQUID FUND.xlsx,SLF,196,False,Other
SBI LIQUID FUND,INF200K01UT4,2026-08-31,Margin amount for Derivative positions,,Other,,,,,,,INF200K01UT4_SBI LIQUID FUND.xlsx,SLF,197,False,Other
SBI LIQUID FUND,INF200K01UT4,2026-08-31,Net Receivable / Payable,,Other,,,,,2927.58,,INF200K01UT4_SBI LIQUID FUND.xlsx,SLF,198,False,Other
SBI LIQUID FUND,INF200K01UT4,2026-08-31,GRAND TOTAL (AUM),,Other,,,,,9219168.77,,INF200K01UT4_SBI LIQUID FUND.xlsx,SLF,200,False,Other
SBI LIQUID FUND,INF200K01UT4,2026-08-31,Notes & Symbols :-,,Other,,,,,,,INF200K01UT4_SBI LIQUID FUND.xlsx,SLF,201,False,Other
SBI LIQUID FUND,INF200K01UT4,2026-08-31,#  -> Less Than 0.005% ; A**  -> Awaiting Listing on Stock Exchanges ;  T** -> Thinly Traded Securities ;  N** -> Non Traded Securities ; I**  -> Illiquid Shares ; R** -> Rights Entitlement ; P**    Preference Shares ; W** Warrants ; PP* Partly Paid; S** --> Suspended forTrading,,Equity,,,,,,,INF200K01UT4_SBI LIQUID FUND.xlsx,SLF,202,False,Other
SBI LIQUID FUND,INF200K01UT4,2026-08-31,1. Non Convertible Debentures and  Bonds are considered as Traded based on information provided by external agencies.,,Debt,,,,,,,INF200K01UT4_SBI LIQUID FUND.xlsx,SLF,203,False,Non-Equity
SBI LIQUID FUND,INF200K01UT4,2026-08-31,"2. ^Industry classification as recommended by AMFI and wherever not available, internal classification has been used.",,Other,,,,,,,INF200K01UT4_SBI LIQUID FUND.xlsx,SLF,204,False,Other
SBI LIQUID FUND,INF200K01UT4,2026-08-31,"3. ## YTC represents Yield to Call. It is disclosed for Perpetual Bond issued by Banks (i.e. AT-1 Bond / Tier 1 Bond / Tier 2 Bond), as per AMFI Best Practices Guidelines Circular no. 91/2020-21 dated March 24, 2021 on Valuation of AT-1 Bonds and Tier 2 Bonds. 
As per SEBI Circular SEBI/HO/IMD/PoD1/CIR/P/2024/106 dated August 05, 2024, valuation of AT-1 Bonds are done on Yield to Call basis w.e.f. August 07, 2024. YTC of AT-1 Bonds are now same as it’s YTM% and hence it is not disclosed separately under YTC%.",,Debt,,,,,,,INF200K01UT4_SBI LIQUID FUND.xlsx,SLF,205,False,Non-Equity
SBI LIQUID FUND,INF200K01UT4,2026-08-31,4. Total number of instances of deviation in valuation of securities of the scheme from the valuation price given by the valuation agencies during the period are: Nil,,Other,,,,,,,INF200K01UT4_SBI LIQUID FUND.xlsx,SLF,206,False,Other
SBI LIQUID FUND,INF200K01UT4,2026-08-31,5. Aggregate investments by other schemes of SBI Mutual Fund at the end of the period is Rs.274825.85 Lakhs,,Other,,,,,,,INF200K01UT4_SBI LIQUID FUND.xlsx,SLF,207,False,Non-Equity
SBI LIQUID FUND,INF200K01UT4,2026-08-31,(A)  Securities is in default beyond its maturity date and its percentage to NAV :,,Other,NIL,NIL,,,,,INF200K01UT4_SBI LIQUID FUND.xlsx,SLF,208,False,Other
SBI LIQUID FUND,INF200K01UT4,2026-08-31,(B)  Total value and percentage of illiquid equity shares :,,Equity,NIL,NIL,,,,,INF200K01UT4_SBI LIQUID FUND.xlsx,SLF,209,False,Other
SBI LIQUID FUND,INF200K01UT4,2026-08-31,"(C)  NAV at the beginning and end of the month period and dividend bonus etc, if applicable, declared during the period  :",,Other,,,,,,,INF200K01UT4_SBI LIQUID FUND.xlsx,SLF,210,False,Other
SBI LIQUID FUND,INF200K01UT4,2026-08-31,(i) NAV at the beginning and end of the month period :,,Other,,,,,,,INF200K01UT4_SBI LIQUID FUND.xlsx,SLF,211,False,Other
SBI LIQUID FUND,INF200K01UT4,2026-08-31,Plan Name:,NAV AS ON 31.07.2026 (RS.),Other,NAV as on 31.08.2026 (Rs.),NAV as on 31.08.2026 (Rs.),,,,,INF200K01UT4_SBI LIQUID FUND.xlsx,SLF,212,False,Other
SBI LIQUID FUND,INF200K01UT4,2026-08-31,Institutional Plan - Daily IDCW Option,1413.4565,Other,1421.0218,1421.0218,,,,,INF200K01UT4_SBI LIQUID FUND.xlsx,SLF,213,False,Non-Equity
SBI LIQUID FUND,INF200K01UT4,2026-08-31,Institutional Plan - Growth Option,4399.675,Other,4423.2214,4423.2214,,,,,INF200K01UT4_SBI LIQUID FUND.xlsx,SLF,214,False,Non-Equity
SBI LIQUID FUND,INF200K01UT4,2026-08-31,Regular Plan - Daily IDCW Option,1140.7391,Other,1140.7391,1140.7391,,,,,INF200K01UT4_SBI LIQUID FUND.xlsx,SLF,215,False,Non-Equity
SBI LIQUID FUND,INF200K01UT4,2026-08-31,Regular Plan - Fortnightly IDCW Option,1430.3668,Other,1438.023,1438.023,,,,,INF200K01UT4_SBI LIQUID FUND.xlsx,SLF,216,False,Non-Equity
SBI LIQUID FUND,INF200K01UT4,2026-08-31,Regular Plan - Growth Option,4358.4655,Other,4381.7942,4381.7942,,,,,INF200K01UT4_SBI LIQUID FUND.xlsx,SLF,217,False,Non-Equity
SBI LIQUID FUND,INF200K01UT4,2026-08-31,Regular Plan - Weekly IDCW Option,1378.6058,Other,1379.308,1379.308,,,,,INF200K01UT4_SBI LIQUID FUND.xlsx,SLF,218,False,Non-Equity
SBI LIQUID FUND,INF200K01UT4,2026-08-31,Direct Plan - Daily IDCW Option,1144.0484,Other,1144.0484,1144.0484,,,,,INF200K01UT4_SBI LIQUID FUND.xlsx,SLF,219,False,Non-Equity
SBI LIQUID FUND,INF200K01UT4,2026-08-31,Direct Plan - Fortnightly IDCW Option,1439.345,Other,1447.1739,1447.1739,,,,,INF200K01UT4_SBI LIQUID FUND.xlsx,SLF,220,False,Non-Equity
SBI LIQUID FUND,INF200K01UT4,2026-08-31,Direct Plan - Growth Option,4407.7284,Other,4431.7033,4431.7033,,,,,INF200K01UT4_SBI LIQUID FUND.xlsx,SLF,221,False,Non-Equity
SBI LIQUID FUND,INF200K01UT4,2026-08-31,Direct Plan - Weekly IDCW Option,1385.4972,Other,1386.2189,1386.2189,,,,,INF200K01UT4_SBI LIQUID FUND.xlsx,SLF,222,False,Non-Equity
SBI LIQUID FUND,INF200K01UT4,2026-08-31,"IDCW: IDCW stands for ‘Income Distribution cum Capital Withdrawal’. Investors may note that the amounts can be distributed out of investors’ capital (Equalization Reserve), which is part of the sale price that represents realized gains. In line with SEBI Circular no. SEBI/HO/IMD/DF3/CIR/P/2020/194 dated October 5, 2020, nomenclature of Dividend plans / options has been rephrased with Income Distribution cum Capital Withdrawal (IDCW) options w.e.f April 1, 2021. For details on IDCW, please refer notice cum addendum dated March 27, 2021.",,Other,,,,,,,INF200K01UT4_SBI LIQUID FUND.xlsx,SLF,223,False,Non-Equity
SBI LIQUID FUND,INF200K01UT4,2026-08-31,"(ii) Dividend declared by the Scheme during the month ending August 31, 2026:",,Other,,,,,,,INF200K01UT4_SBI LIQUID FUND.xlsx,SLF,224,False,Other
SBI LIQUID FUND,INF200K01UT4,2026-08-31,Regular Plan - Daily IDCW Option,,Other,,,,,,,INF200K01UT4_SBI LIQUID FUND.xlsx,SLF,225,False,Non-Equity
SBI LIQUID FUND,INF200K01UT4,2026-08-31,Record date,"DIVIDEND 
 INDIVIDUALS/HUF 
 (RS. PER UNIT)",Other,"Dividend 
Others 
(Rs. Per Unit)","Dividend 
Others 
(Rs. Per Unit)",,,,,INF200K01UT4_SBI LIQUID FUND.xlsx,SLF,226,False,Other
SBI LIQUID FUND,INF200K01UT4,2026-08-31,2026-08-02 00:00:00,0.3836,Other,0.3836,0.3836,,,,,INF200K01UT4_SBI LIQUID FUND.xlsx,SLF,227,False,Other
SBI LIQUID FUND,INF200K01UT4,2026-08-31,2026-08-03 00:00:00,0.25661,Other,0.25661,0.25661,,,,,INF200K01UT4_SBI LIQUID FUND.xlsx,SLF,228,False,Other
SBI LIQUID FUND,INF200K01UT4,2026-08-31,2026-08-04 00:00:00,0.23415,Other,0.23415,0.23415,,,,,INF200K01UT4_SBI LIQUID FUND.xlsx,SLF,229,False,Other
SBI LIQUID FUND,INF200K01UT4,2026-08-31,2026-08-05 00:00:00,0.24797,Other,0.24797,0.24797,,,,,INF200K01UT4_SBI LIQUID FUND.xlsx,SLF,230,False,Other
SBI LIQUID FUND,INF200K01UT4,2026-08-31,2026-08-06 00:00:00,0.21264,Other,0.21264,0.21264,,,,,INF200K01UT4_SBI LIQUID FUND.xlsx,SLF,231,False,Other
SBI LIQUID FUND,INF200K01UT4,2026-08-31,2026-08-07 00:00:00,0.21753,Other,0.21753,0.21753,,,,,INF200K01UT4_SBI LIQUID FUND.xlsx,SLF,232,False,Other
SBI LIQUID FUND,INF200K01UT4,2026-08-31,2026-08-09 00:00:00,0.36756,Other,0.36756,0.36756,,,,,INF200K01UT4_SBI LIQUID FUND.xlsx,SLF,233,False,Other
SBI LIQUID FUND,INF200K01UT4,2026-08-31,2026-08-10 00:00:00,0.25527,Other,0.25527,0.25527,,,,,INF200K01UT4_SBI LIQUID FUND.xlsx,SLF,234,False,Other
SBI LIQUID FUND,INF200K01UT4,2026-08-31,2026-08-11 00:00:00,0.21889,Other,0.21889,0.21889,,,,,INF200K01UT4_SBI LIQUID FUND.xlsx,SLF,235,False,Other
SBI LIQUID FUND,INF200K01UT4,2026-08-31,2026-08-12 00:00:00,0.14736,Other,0.14736,0.14736,,,,,INF200K01UT4_SBI LIQUID FUND.xlsx,SLF,236,False,Other
SBI LIQUID FUND,INF200K01UT4,2026-08-31,2026-08-13 00:00:00,0.23591,Other,0.23591,0.23591,,,,,INF200K01UT4_SBI LIQUID FUND.xlsx,SLF,237,False,Other
SBI LIQUID FUND,INF200K01UT4,2026-08-31,2026-08-14 00:00:00,0.1816,Other,0.1816,0.1816,,,,,INF200K01UT4_SBI LIQUID FUND.xlsx,SLF,238,False,Other
SBI LIQUID FUND,INF200K01UT4,2026-08-31,2026-08-16 00:00:00,0.36712,Other,0.36712,0.36712,,,,,INF200K01UT4_SBI LIQUID FUND.xlsx,SLF,239,False,Other
SBI LIQUID FUND,INF200K01UT4,2026-08-31,2026-08-17 00:00:00,0.16931,Other,0.16931,0.16931,,,,,INF200K01UT4_SBI LIQUID FUND.xlsx,SLF,240,False,Other
SBI LIQUID FUND,INF200K01UT4,2026-08-31,2026-08-18 00:00:00,0.15097,Other,0.15097,0.15097,,,,,INF200K01UT4_SBI LIQUID FUND.xlsx,SLF,241,False,Other
SBI LIQUID FUND,INF200K01UT4,2026-08-31,2026-08-19 00:00:00,0.18185,Other,0.18185,0.18185,,,,,INF200K01UT4_SBI LIQUID FUND.xlsx,SLF,242,False,Other
SBI LIQUID FUND,INF200K01UT4,2026-08-31,2026-08-20 00:00:00,0.10291,Other,0.10291,0.10291,,,,,INF200K01UT4_SBI LIQUID FUND.xlsx,SLF,243,False,Other
SBI LIQUID FUND,INF200K01UT4,2026-08-31,2026-08-21 00:00:00,0.15064,Other,0.15064,0.15064,,,,,INF200K01UT4_SBI LIQUID FUND.xlsx,SLF,244,False,Other
SBI LIQUID FUND,INF200K01UT4,2026-08-31,2026-08-23 00:00:00,0.37301,Other,0.37301,0.37301,,,,,INF200K01UT4_SBI LIQUID FUND.xlsx,SLF,245,False,Other
SBI LIQUID FUND,INF200K01UT4,2026-08-31,2026-08-24 00:00:00,0.20976,Other,0.20976,0.20976,,,,,INF200K01UT4_SBI LIQUID FUND.xlsx,SLF,246,False,Other
SBI LIQUID FUND,INF200K01UT4,2026-08-31,2026-08-25 00:00:00,0.21936,Other,0.21936,0.21936,,,,,INF200K01UT4_SBI LIQUID FUND.xlsx,SLF,247,False,Other
SBI LIQUID FUND,INF200K01UT4,2026-08-31,2026-08-26 00:00:00,0.18324,Other,0.18324,0.18324,,,,,INF200K01UT4_SBI LIQUID FUND.xlsx,SLF,248,False,Other
SBI LIQUID FUND,INF200K01UT4,2026-08-31,2026-08-27 00:00:00,0.23571,Other,0.23571,0.23571,,,,,INF200K01UT4_SBI LIQUID FUND.xlsx,SLF,249,False,Other
SBI LIQUID FUND,INF200K01UT4,2026-08-31,2026-08-28 00:00:00,0.20698,Other,0.20698,0.20698,,,,,INF200K01UT4_SBI LIQUID FUND.xlsx,SLF,250,False,Other
SBI LIQUID FUND,INF200K01UT4,2026-08-31,2026-08-30 00:00:00,0.36952,Other,0.36952,0.36952,,,,,INF200K01UT4_SBI LIQUID FUND.xlsx,SLF,251,False,Other
SBI LIQUID FUND,INF200K01UT4,2026-08-31,2026-08-31 00:00:00,0.21136,Other,0.21136,0.21136,,,,,INF200K01UT4_SBI LIQUID FUND.xlsx,SLF,252,False,Other
SBI LIQUID FUND,INF200K01UT4,2026-08-31,Regular Plan - Weekly IDCW Option,,Other,,,,,,,INF200K01UT4_SBI LIQUID FUND.xlsx,SLF,253,False,Non-Equity
SBI LIQUID FUND,INF200K01UT4,2026-08-31,Record date,"DIVIDEND 
 INDIVIDUALS/HUF 
 (RS. PER UNIT)",Other,"Dividend 
Others 
(Rs. Per Unit)","Dividend 
Others 
(Rs. Per Unit)",,,,,INF200K01UT4_SBI LIQUID FUND.xlsx,SLF,254,False,Other
SBI LIQUID FUND,INF200K01UT4,2026-08-31,2026-08-07 00:00:00,1.87713,Other,1.87713,1.87713,,,,,INF200K01UT4_SBI LIQUID FUND.xlsx,SLF,255,False,Other
SBI LIQUID FUND,INF200K01UT4,2026-08-31,2026-08-14 00:00:00,1.70059,Other,1.70059,1.70059,,,,,INF200K01UT4_SBI LIQUID FUND.xlsx,SLF,256,False,Other
SBI LIQUID FUND,INF200K01UT4,2026-08-31,2026-08-21 00:00:00,1.35732,Other,1.35732,1.35732,,,,,INF200K01UT4_SBI LIQUID FUND.xlsx,SLF,257,False,Other
SBI LIQUID FUND,INF200K01UT4,2026-08-31,2026-08-28 00:00:00,1.72668,Other,1.72668,1.72668,,,,,INF200K01UT4_SBI LIQUID FUND.xlsx,SLF,258,False,Other
SBI LIQUID FUND,INF200K01UT4,2026-08-31,Direct Plan - Daily IDCW Option,,Other,,,,,,,INF200K01UT4_SBI LIQUID FUND.xlsx,SLF,259,False,Non-Equity
SBI LIQUID FUND,INF200K01UT4,2026-08-31,Record date,"DIVIDEND 
 INDIVIDUALS/HUF 
 (RS. PER UNIT)",Other,"Dividend 
Others 
(Rs. Per Unit)","Dividend 
Others 
(Rs. Per Unit)",,,,,INF200K01UT4_SBI LIQUID FUND.xlsx,SLF,260,False,Other
SBI LIQUID FUND,INF200K01UT4,2026-08-31,2026-08-02 00:00:00,0.39057,Other,0.39057,0.39057,,,,,INF200K01UT4_SBI LIQUID FUND.xlsx,SLF,261,False,Other
SBI LIQUID FUND,INF200K01UT4,2026-08-31,2026-08-03 00:00:00,0.26027,Other,0.26027,0.26027,,,,,INF200K01UT4_SBI LIQUID FUND.xlsx,SLF,262,False,Other
SBI LIQUID FUND,INF200K01UT4,2026-08-31,2026-08-04 00:00:00,0.23777,Other,0.23777,0.23777,,,,,INF200K01UT4_SBI LIQUID FUND.xlsx,SLF,263,False,Other
SBI LIQUID FUND,INF200K01UT4,2026-08-31,2026-08-05 00:00:00,0.2516,Other,0.2516,0.2516,,,,,INF200K01UT4_SBI LIQUID FUND.xlsx,SLF,264,False,Other
SBI LIQUID FUND,INF200K01UT4,2026-08-31,2026-08-06 00:00:00,0.2162,Other,0.2162,0.2162,,,,,INF200K01UT4_SBI LIQUID FUND.xlsx,SLF,265,False,Other
SBI LIQUID FUND,INF200K01UT4,2026-08-31,2026-08-07 00:00:00,0.22107,Other,0.22107,0.22107,,,,,INF200K01UT4_SBI LIQUID FUND.xlsx,SLF,266,False,Other
SBI LIQUID FUND,INF200K01UT4,2026-08-31,2026-08-09 00:00:00,0.37448,Other,0.37448,0.37448,,,,,INF200K01UT4_SBI LIQUID FUND.xlsx,SLF,267,False,Other
SBI LIQUID FUND,INF200K01UT4,2026-08-31,2026-08-10 00:00:00,0.25892,Other,0.25892,0.25892,,,,,INF200K01UT4_SBI LIQUID FUND.xlsx,SLF,268,False,Other
SBI LIQUID FUND,INF200K01UT4,2026-08-31,2026-08-11 00:00:00,0.22245,Other,0.22245,0.22245,,,,,INF200K01UT4_SBI LIQUID FUND.xlsx,SLF,269,False,Other
SBI LIQUID FUND,INF200K01UT4,2026-08-31,2026-08-12 00:00:00,0.15069,Other,0.15069,0.15069,,,,,INF200K01UT4_SBI LIQUID FUND.xlsx,SLF,270,False,Other
SBI LIQUID FUND,INF200K01UT4,2026-08-31,2026-08-13 00:00:00,0.23952,Other,0.23952,0.23952,,,,,INF200K01UT4_SBI LIQUID FUND.xlsx,SLF,271,False,Other
SBI LIQUID FUND,INF200K01UT4,2026-08-31,2026-08-14 00:00:00,0.18504,Other,0.18504,0.18504,,,,,INF200K01UT4_SBI LIQUID FUND.xlsx,SLF,272,False,Other
SBI LIQUID FUND,INF200K01UT4,2026-08-31,2026-08-16 00:00:00,0.37405,Other,0.37405,0.37405,,,,,INF200K01UT4_SBI LIQUID FUND.xlsx,SLF,273,False,Other
SBI LIQUID FUND,INF200K01UT4,2026-08-31,2026-08-17 00:00:00,0.17272,Other,0.17272,0.17272,,,,,INF200K01UT4_SBI LIQUID FUND.xlsx,SLF,274,False,Other
SBI LIQUID FUND,INF200K01UT4,2026-08-31,2026-08-18 00:00:00,0.15436,Other,0.15436,0.15436,,,,,INF200K01UT4_SBI LIQUID FUND.xlsx,SLF,275,False,Other
SBI LIQUID FUND,INF200K01UT4,2026-08-31,2026-08-19 00:00:00,0.18529,Other,0.18529,0.18529,,,,,INF200K01UT4_SBI LIQUID FUND.xlsx,SLF,276,False,Other
SBI LIQUID FUND,INF200K01UT4,2026-08-31,2026-08-20 00:00:00,0.10616,Other,0.10616,0.10616,,,,,INF200K01UT4_SBI LIQUID FUND.xlsx,SLF,277,False,Other
SBI LIQUID FUND,INF200K01UT4,2026-08-31,2026-08-21 00:00:00,0.154,Other,0.154,0.154,,,,,INF200K01UT4_SBI LIQUID FUND.xlsx,SLF,278,False,Other
SBI LIQUID FUND,INF200K01UT4,2026-08-31,2026-08-23 00:00:00,0.37999,Other,0.37999,0.37999,,,,,INF200K01UT4_SBI LIQUID FUND.xlsx,SLF,279,False,Other
SBI LIQUID FUND,INF200K01UT4,2026-08-31,2026-08-24 00:00:00,0.21331,Other,0.21331,0.21331,,,,,INF200K01UT4_SBI LIQUID FUND.xlsx,SLF,280,False,Other
SBI LIQUID FUND,INF200K01UT4,2026-08-31,2026-08-25 00:00:00,0.22292,Other,0.22292,0.22292,,,,,INF200K01UT4_SBI LIQUID FUND.xlsx,SLF,281,False,Other
SBI LIQUID FUND,INF200K01UT4,2026-08-31,2026-08-26 00:00:00,0.1867,Other,0.1867,0.1867,,,,,INF200K01UT4_SBI LIQUID FUND.xlsx,SLF,282,False,Other
SBI LIQUID FUND,INF200K01UT4,2026-08-31,2026-08-27 00:00:00,0.24081,Other,0.24081,0.24081,,,,,INF200K01UT4_SBI LIQUID FUND.xlsx,SLF,283,False,Other
SBI LIQUID FUND,INF200K01UT4,2026-08-31,2026-08-28 00:00:00,0.21198,Other,0.21198,0.21198,,,,,INF200K01UT4_SBI LIQUID FUND.xlsx,SLF,284,False,Other
SBI LIQUID FUND,INF200K01UT4,2026-08-31,2026-08-30 00:00:00,0.37944,Other,0.37944,0.37944,,,,,INF200K01UT4_SBI LIQUID FUND.xlsx,SLF,285,False,Other
SBI LIQUID FUND,INF200K01UT4,2026-08-31,2026-08-31 00:00:00,0.21638,Other,0.21638,0.21638,,,,,INF200K01UT4_SBI LIQUID FUND.xlsx,SLF,286,False,Other
SBI LIQUID FUND,INF200K01UT4,2026-08-31,Direct Plan - Weekly IDCW Option,,Other,,,,,,,INF200K01UT4_SBI LIQUID FUND.xlsx,SLF,287,False,Non-Equity
SBI LIQUID FUND,INF200K01UT4,2026-08-31,Record date,"DIVIDEND 
 INDIVIDUALS/HUF 
 (RS. PER UNIT)",Other,"Dividend 
Others 
(Rs. Per Unit)","Dividend 
Others 
(Rs. Per Unit)",,,,,INF200K01UT4_SBI LIQUID FUND.xlsx,SLF,288,False,Other
SBI LIQUID FUND,INF200K01UT4,2026-08-31,2026-08-07 00:00:00,1.91147,Other,1.91147,1.91147,,,,,INF200K01UT4_SBI LIQUID FUND.xlsx,SLF,289,False,Other
SBI LIQUID FUND,INF200K01UT4,2026-08-31,2026-08-14 00:00:00,1.734,Other,1.734,1.734,,,,,INF200K01UT4_SBI LIQUID FUND.xlsx,SLF,290,False,Other
SBI LIQUID FUND,INF200K01UT4,2026-08-31,2026-08-21 00:00:00,1.38573,Other,1.38573,1.38573,,,,,INF200K01UT4_SBI LIQUID FUND.xlsx,SLF,291,False,Other
SBI LIQUID FUND,INF200K01UT4,2026-08-31,2026-08-28 00:00:00,1.76388,Other,1.76388,1.76388,,,,,INF200K01UT4_SBI LIQUID FUND.xlsx,SLF,292,False,Other
SBI LIQUID FUND,INF200K01UT4,2026-08-31,"(iii) Bonus declared by the Scheme during the month ending August 31, 2026:",,Other,NIL,NIL,,,,,INF200K01UT4_SBI LIQUID FUND.xlsx,SLF,293,False,Other
SBI LIQUID FUND,INF200K01UT4,2026-08-31,(D)  Total outstanding exposure in derivative instruments at the end of the period :,,Other,NIL,NIL,,,,,INF200K01UT4_SBI LIQUID FUND.xlsx,SLF,294,False,Other
SBI LIQUID FUND,INF200K01UT4,2026-08-31,(E)  Total investments in foreign securities / ADRs / GDRs at the end of the period :,,Other,NIL,NIL,,,,,INF200K01UT4_SBI LIQUID FUND.xlsx,SLF,295,False,Other
SBI LIQUID FUND,INF200K01UT4,2026-08-31,(F)  Portfolio turnover ratio (Equity Schemes) :,,Equity,N.A.,N.A.,,,,,INF200K01UT4_SBI LIQUID FUND.xlsx,SLF,296,False,Other
SBI LIQUID FUND,INF200K01UT4,2026-08-31,(G)  The Average maturity period (Debt Schemes) :,,Other,0.09 Years,0.09 Years,,,,,INF200K01UT4_SBI LIQUID FUND.xlsx,SLF,297,False,Other
SBI LIQUID FUND,INF200K01UT4,2026-08-31,"(H) Repo transactions in corporate debt securities during the month ending August 31, 2026 :",,Other,NIL,NIL,,,,,INF200K01UT4_SBI LIQUID FUND.xlsx,SLF,298,False,Non-Equity
SBI LIQUID FUND,INF200K01UT4,2026-08-31,Scheme Risk-O-Meter,,Other,Benchmark Risk-O-Meter,Benchmark Risk-O-Meter,,,,,INF200K01UT4_SBI LIQUID FUND.xlsx,SLF,299,False,Other
SBI Nifty 50 ETF,INF200KA1FS1,2026-08-31,EQUITY & EQUITY RELATED,,Equity,,,,,,,INF200KA1FS1_SBI Nifty 50 ETF.xlsx,SETFNIF50,7,False,Other
SBI Nifty 50 ETF,INF200KA1FS1,2026-08-31,a) Listed/awaiting listing on Stock Exchanges,,Other,,,,,,,INF200KA1FS1_SBI Nifty 50 ETF.xlsx,SETFNIF50,8,False,Other
SBI Nifty 50 ETF,INF200KA1FS1,2026-08-31,Equity Shares,,Equity,,,,,,,INF200KA1FS1_SBI Nifty 50 ETF.xlsx,SETFNIF50,9,False,Other
SBI Nifty 50 ETF,INF200KA1FS1,2026-08-31,HDFC Bank Ltd.,INE040A01034,Other,Banks,Banks,,297027438.0,2105924.54,,INF200KA1FS1_SBI Nifty 50 ETF.xlsx,SETFNIF50,10,True,Equity Candidate
SBI Nifty 50 ETF,INF200KA1FS1,2026-08-31,ICICI Bank Ltd.,INE090A01021,Other,Banks,Banks,,138952494.0,2020369.26,,INF200KA1FS1_SBI Nifty 50 ETF.xlsx,SETFNIF50,11,True,Equity Candidate
SBI Nifty 50 ETF,INF200KA1FS1,2026-08-31,Reliance Industries Ltd.,INE002A01018,Other,Petroleum Products,Petroleum Products,,131037667.0,1673351.01,,INF200KA1FS1_SBI Nifty 50 ETF.xlsx,SETFNIF50,12,True,Equity Candidate
SBI Nifty 50 ETF,INF200KA1FS1,2026-08-31,Bharti Airtel Ltd.,INE397D01024,Other,Telecom - Services,Telecom - Services,,58982965.0,1068712.34,,INF200KA1FS1_SBI Nifty 50 ETF.xlsx,SETFNIF50,13,True,Equity Candidate
SBI Nifty 50 ETF,INF200KA1FS1,2026-08-31,Larsen & Toubro Ltd.,INE018A01030,Other,Construction,Construction,,22702749.0,918303.49,,INF200KA1FS1_SBI Nifty 50 ETF.xlsx,SETFNIF50,14,True,Equity Candidate
SBI Nifty 50 ETF,INF200KA1FS1,2026-08-31,State Bank of India,INE062A01020,Other,Banks,Banks,,80175614.0,849861.51,,INF200KA1FS1_SBI Nifty 50 ETF.xlsx,SETFNIF50,15,True,Equity Candidate
SBI Nifty 50 ETF,INF200KA1FS1,2026-08-31,Infosys Ltd.,INE009A01021,Other,IT - Software,IT - Software,,68034280.0,771372.67,,INF200KA1FS1_SBI Nifty 50 ETF.xlsx,SETFNIF50,16,True,Equity Candidate
SBI Nifty 50 ETF,INF200KA1FS1,2026-08-31,Axis Bank Ltd.,INE238A01034,Other,Banks,Banks,,55705864.0,724176.23,,INF200KA1FS1_SBI Nifty 50 ETF.xlsx,SETFNIF50,17,True,Equity Candidate
SBI Nifty 50 ETF,INF200KA1FS1,2026-08-31,Kotak Mahindra Bank Ltd.,INE237A01036,Other,Banks,Banks,,142809221.0,598941.87,,INF200KA1FS1_SBI Nifty 50 ETF.xlsx,SETFNIF50,18,True,Equity Candidate
SBI Nifty 50 ETF,INF200KA1FS1,2026-08-31,Mahindra & Mahindra Ltd.,INE101A01026,Other,Automobiles,Automobiles,,17317050.0,568345.58,,INF200KA1FS1_SBI Nifty 50 ETF.xlsx,SETFNIF50,19,True,Equity Candidate
SBI Nifty 50 ETF,INF200KA1FS1,2026-08-31,Bajaj Finance Ltd.,INE296A01032,Other,Finance,Finance,,51987763.0,549510.65,,INF200KA1FS1_SBI Nifty 50 ETF.xlsx,SETFNIF50,20,True,Equity Candidate
SBI Nifty 50 ETF,INF200KA1FS1,2026-08-31,ITC Ltd.,INE154A01025,Other,Diversified FMCG,Diversified FMCG,,186978687.0,477730.55,,INF200KA1FS1_SBI Nifty 50 ETF.xlsx,SETFNIF50,21,True,Equity Candidate
SBI Nifty 50 ETF,INF200KA1FS1,2026-08-31,Tata Consultancy Services Ltd.,INE467B01029,Other,IT - Software,IT - Software,,19803694.0,475150.03,,INF200KA1FS1_SBI Nifty 50 ETF.xlsx,SETFNIF50,22,True,Equity Candidate
SBI Nifty 50 ETF,INF200KA1FS1,2026-08-31,Eternal Ltd.,INE758T01015,Other,Retailing,Retailing,,140229585.0,460093.27,,INF200KA1FS1_SBI Nifty 50 ETF.xlsx,SETFNIF50,23,True,Equity Candidate
SBI Nifty 50 ETF,INF200KA1FS1,2026-08-31,Titan Company Ltd.,INE280A01028,Other,Consumer Durables,Consumer Durables,,8008278.0,408614.38,,INF200KA1FS1_SBI Nifty 50 ETF.xlsx,SETFNIF50,24,True,Equity Candidate
SBI Nifty 50 ETF,INF200KA1FS1,2026-08-31,Sun Pharmaceutical Industries Ltd.,INE044A01036,Other,Pharmaceuticals & Biotechnology,Pharmaceuticals & Biotechnology,,20538836.0,407654.82,,INF200KA1FS1_SBI Nifty 50 ETF.xlsx,SETFNIF50,25,True,Equity Candidate
SBI Nifty 50 ETF,INF200KA1FS1,2026-08-31,Maruti Suzuki India Ltd.,INE585B01010,Other,Automobiles,Automobiles,,2530403.0,342793.69,,INF200KA1FS1_SBI Nifty 50 ETF.xlsx,SETFNIF50,26,True,Equity Candidate
SBI Nifty 50 ETF,INF200KA1FS1,2026-08-31,Hindustan Unilever Ltd.,INE030A01027,Other,Diversified FMCG,Diversified FMCG,,17208529.0,338560.6,,INF200KA1FS1_SBI Nifty 50 ETF.xlsx,SETFNIF50,27,True,Equity Candidate
SBI Nifty 50 ETF,INF200KA1FS1,2026-08-31,Shriram Finance Ltd.,INE721A01047,Other,Finance,Finance,,27164868.0,301502.87,,INF200KA1FS1_SBI Nifty 50 ETF.xlsx,SETFNIF50,28,True,Equity Candidate
SBI Nifty 50 ETF,INF200KA1FS1,2026-08-31,NTPC Ltd.,INE733E01010,Other,Power,Power,,91957066.0,301067.43,,INF200KA1FS1_SBI Nifty 50 ETF.xlsx,SETFNIF50,29,True,Equity Candidate
SBI Nifty 50 ETF,INF200KA1FS1,2026-08-31,Tata Steel Ltd.,INE081A01020,Other,Ferrous Metals,Ferrous Metals,,160335403.0,295578.32,,INF200KA1FS1_SBI Nifty 50 ETF.xlsx,SETFNIF50,30,True,Equity Candidate
SBI Nifty 50 ETF,INF200KA1FS1,2026-08-31,Bharat Electronics Ltd.,INE263A01024,Other,Aerospace & Defense,Aerospace & Defense,,69473502.0,287932.93,,INF200KA1FS1_SBI Nifty 50 ETF.xlsx,SETFNIF50,31,True,Equity Candidate
SBI Nifty 50 ETF,INF200KA1FS1,2026-08-31,Hindalco Industries Ltd.,INE038A01020,Other,Non - Ferrous Metals,Non - Ferrous Metals,,28084598.0,285185.05,,INF200KA1FS1_SBI Nifty 50 ETF.xlsx,SETFNIF50,32,True,Equity Candidate
SBI Nifty 50 ETF,INF200KA1FS1,2026-08-31,HCL Technologies Ltd.,INE860A01027,Other,IT - Software,IT - Software,,20449745.0,268341.55,,INF200KA1FS1_SBI Nifty 50 ETF.xlsx,SETFNIF50,33,True,Equity Candidate
SBI Nifty 50 ETF,INF200KA1FS1,2026-08-31,Ultratech Cement Ltd.,INE481G01011,Other,Cement & Cement Products,Cement & Cement Products,,2295355.0,262818.15,,INF200KA1FS1_SBI Nifty 50 ETF.xlsx,SETFNIF50,34,True,Equity Candidate
SBI Nifty 50 ETF,INF200KA1FS1,2026-08-31,Bajaj Auto Ltd.,INE917I01010,Other,Automobiles,Automobiles,,2148253.0,260583.09,,INF200KA1FS1_SBI Nifty 50 ETF.xlsx,SETFNIF50,35,True,Equity Candidate
SBI Nifty 50 ETF,INF200KA1FS1,2026-08-31,Grasim Industries Ltd.,INE047A01021,Other,Cement & Cement Products,Cement & Cement Products,,7318576.0,246709.2,,INF200KA1FS1_SBI Nifty 50 ETF.xlsx,SETFNIF50,36,True,Equity Candidate
SBI Nifty 50 ETF,INF200KA1FS1,2026-08-31,JSW Steel Ltd.,INE019A01038,Other,Ferrous Metals,Ferrous Metals,,18193084.0,237910.96,,INF200KA1FS1_SBI Nifty 50 ETF.xlsx,SETFNIF50,37,True,Equity Candidate
SBI Nifty 50 ETF,INF200KA1FS1,2026-08-31,Asian Paints Ltd.,INE021A01026,Other,Consumer Durables,Consumer Durables,,8771744.0,232767.0,,INF200KA1FS1_SBI Nifty 50 ETF.xlsx,SETFNIF50,38,True,Equity Candidate
SBI Nifty 50 ETF,INF200KA1FS1,2026-08-31,Power Grid Corporation of India Ltd.,INE752E01010,Other,Power,Power,,87839473.0,231500.93,,INF200KA1FS1_SBI Nifty 50 ETF.xlsx,SETFNIF50,39,True,Equity Candidate
SBI Nifty 50 ETF,INF200KA1FS1,2026-08-31,Interglobe Aviation Ltd.,INE646L01027,Other,Transport Services,Transport Services,,4390567.0,229802.28,,INF200KA1FS1_SBI Nifty 50 ETF.xlsx,SETFNIF50,40,True,Equity Candidate
SBI Nifty 50 ETF,INF200KA1FS1,2026-08-31,Adani Ports and Special Economic Zone Ltd.,INE742F01042,Other,Transport Infrastructure,Transport Infrastructure,,14309757.0,227968.74,,INF200KA1FS1_SBI Nifty 50 ETF.xlsx,SETFNIF50,41,True,Equity Candidate
SBI Nifty 50 ETF,INF200KA1FS1,2026-08-31,Bajaj Finserv Ltd.,INE918I01026,Other,Finance,Finance,,11229212.0,226942.37,,INF200KA1FS1_SBI Nifty 50 ETF.xlsx,SETFNIF50,42,True,Equity Candidate
SBI Nifty 50 ETF,INF200KA1FS1,2026-08-31,Eicher Motors Ltd.,INE066A01021,Other,Automobiles,Automobiles,,2673169.0,212610.5,,INF200KA1FS1_SBI Nifty 50 ETF.xlsx,SETFNIF50,43,True,Equity Candidate
SBI Nifty 50 ETF,INF200KA1FS1,2026-08-31,Nestle India Ltd.,INE239A01024,Other,Food Products,Food Products,,13907696.0,208128.67,,INF200KA1FS1_SBI Nifty 50 ETF.xlsx,SETFNIF50,44,True,Equity Candidate
SBI Nifty 50 ETF,INF200KA1FS1,2026-08-31,Tech Mahindra Ltd.,INE669C01036,Other,IT - Software,IT - Software,,12318668.0,200547.92,,INF200KA1FS1_SBI Nifty 50 ETF.xlsx,SETFNIF50,45,True,Equity Candidate
SBI Nifty 50 ETF,INF200KA1FS1,2026-08-31,Coal India Ltd.,INE522F01014,Other,Consumable Fuels,Consumable Fuels,,46461247.0,186658.06,,INF200KA1FS1_SBI Nifty 50 ETF.xlsx,SETFNIF50,46,True,Equity Candidate
SBI Nifty 50 ETF,INF200KA1FS1,2026-08-31,Trent Ltd.,INE849A01020,Other,Retailing,Retailing,,6454393.0,185880.06,,INF200KA1FS1_SBI Nifty 50 ETF.xlsx,SETFNIF50,47,True,Equity Candidate
SBI Nifty 50 ETF,INF200KA1FS1,2026-08-31,Apollo Hospitals Enterprise Ltd.,INE437A01024,Other,Healthcare Services,Healthcare Services,,1996123.0,177625.01,,INF200KA1FS1_SBI Nifty 50 ETF.xlsx,SETFNIF50,48,True,Equity Candidate
SBI Nifty 50 ETF,INF200KA1FS1,2026-08-31,Oil & Natural Gas Corporation Ltd.,INE213A01029,Other,Oil,Oil,,75346735.0,174653.73,,INF200KA1FS1_SBI Nifty 50 ETF.xlsx,SETFNIF50,49,True,Equity Candidate
SBI Nifty 50 ETF,INF200KA1FS1,2026-08-31,Adani Enterprises Ltd.,INE423A01024,Other,Metals & Minerals Trading,Metals & Minerals Trading,,5597304.0,160032.52,,INF200KA1FS1_SBI Nifty 50 ETF.xlsx,SETFNIF50,50,True,Equity Candidate
SBI Nifty 50 ETF,INF200KA1FS1,2026-08-31,Cipla Ltd.,INE059A01026,Other,Pharmaceuticals & Biotechnology,Pharmaceuticals & Biotechnology,,10914247.0,153803.57,,INF200KA1FS1_SBI Nifty 50 ETF.xlsx,SETFNIF50,51,True,Equity Candidate
SBI Nifty 50 ETF,INF200KA1FS1,2026-08-31,Jio Financial Services Ltd.,INE758E01017,Other,Finance,Finance,,63642628.0,153601.48,,INF200KA1FS1_SBI Nifty 50 ETF.xlsx,SETFNIF50,52,True,Equity Candidate
SBI Nifty 50 ETF,INF200KA1FS1,2026-08-31,SBI Life Insurance Co. Ltd.,INE123W01016,Other,Insurance,Insurance,,8715392.0,151691.4,,INF200KA1FS1_SBI Nifty 50 ETF.xlsx,SETFNIF50,53,True,Equity Candidate
SBI Nifty 50 ETF,INF200KA1FS1,2026-08-31,Max Healthcare Institute Ltd.,INE027H01010,Other,Healthcare Services,Healthcare Services,,14435799.0,150435.46,,INF200KA1FS1_SBI Nifty 50 ETF.xlsx,SETFNIF50,54,True,Equity Candidate
SBI Nifty 50 ETF,INF200KA1FS1,2026-08-31,Dr. Reddy's Laboratories Ltd.,INE089A01031,Other,Pharmaceuticals & Biotechnology,Pharmaceuticals & Biotechnology,,11823928.0,136495.42,,INF200KA1FS1_SBI Nifty 50 ETF.xlsx,SETFNIF50,55,True,Equity Candidate
SBI Nifty 50 ETF,INF200KA1FS1,2026-08-31,Tata Consumer Products Ltd.,INE192A01025,Other,Agricultural Food & other Products,Agricultural Food & other Products,,12631645.0,131053.32,,INF200KA1FS1_SBI Nifty 50 ETF.xlsx,SETFNIF50,56,True,Equity Candidate
SBI Nifty 50 ETF,INF200KA1FS1,2026-08-31,Tata Motors Passenger Vehicles Ltd.,INE155A01022,Other,Automobiles,Automobiles,,40538024.0,125201.69,,INF200KA1FS1_SBI Nifty 50 ETF.xlsx,SETFNIF50,57,True,Equity Candidate
SBI Nifty 50 ETF,INF200KA1FS1,2026-08-31,HDFC Life Insurance Company Ltd.,INE795G01014,Other,Insurance,Insurance,,20866144.0,113376.19,,INF200KA1FS1_SBI Nifty 50 ETF.xlsx,SETFNIF50,58,True,Equity Candidate
SBI Nifty 50 ETF,INF200KA1FS1,2026-08-31,Wipro Ltd.,INE075A01022,Other,IT - Software,IT - Software,,52530688.0,96919.12,,INF200KA1FS1_SBI Nifty 50 ETF.xlsx,SETFNIF50,59,True,Equity Candidate
SBI Nifty 50 ETF,INF200KA1FS1,2026-08-31,Foreign Securities and /or overseas ETF,,ETF,,,,,,,INF200KA1FS1_SBI Nifty 50 ETF.xlsx,SETFNIF50,61,False,Other
SBI Nifty 50 ETF,INF200KA1FS1,2026-08-31,b) Unlisted,,Other,,,,,,,INF200KA1FS1_SBI Nifty 50 ETF.xlsx,SETFNIF50,62,False,Other
SBI Nifty 50 ETF,INF200KA1FS1,2026-08-31,DEBT INSTRUMENTS,,Other,,,,,,,INF200KA1FS1_SBI Nifty 50 ETF.xlsx,SETFNIF50,63,False,Other
SBI Nifty 50 ETF,INF200KA1FS1,2026-08-31,a) Listed/awaiting listing on the stock exchanges,,Other,,,,,,,INF200KA1FS1_SBI Nifty 50 ETF.xlsx,SETFNIF50,64,False,Other
SBI Nifty 50 ETF,INF200KA1FS1,2026-08-31,Non-convertible Preference Shares,,Equity,,,,,,,INF200KA1FS1_SBI Nifty 50 ETF.xlsx,SETFNIF50,65,False,Other
SBI Nifty 50 ETF,INF200KA1FS1,2026-08-31,Securitised Debt Instruments,,Other,,,,,,,INF200KA1FS1_SBI Nifty 50 ETF.xlsx,SETFNIF50,66,False,Other
SBI Nifty 50 ETF,INF200KA1FS1,2026-08-31,Central Government Securities,,Government Security,,,,,,,INF200KA1FS1_SBI Nifty 50 ETF.xlsx,SETFNIF50,67,False,Non-Equity
SBI Nifty 50 ETF,INF200KA1FS1,2026-08-31,State Government Securities,,Government Security,,,,,,,INF200KA1FS1_SBI Nifty 50 ETF.xlsx,SETFNIF50,68,False,Non-Equity
SBI Nifty 50 ETF,INF200KA1FS1,2026-08-31,b) Privately Placed/Unlisted,,Other,,,,,,,INF200KA1FS1_SBI Nifty 50 ETF.xlsx,SETFNIF50,69,False,Other
SBI Nifty 50 ETF,INF200KA1FS1,2026-08-31,MONEY MARKET INSTRUMENTS,,Other,,,,,,,INF200KA1FS1_SBI Nifty 50 ETF.xlsx,SETFNIF50,70,False,Non-Equity
SBI Nifty 50 ETF,INF200KA1FS1,2026-08-31,Commercial Paper,,Debt,,,,,,,INF200KA1FS1_SBI Nifty 50 ETF.xlsx,SETFNIF50,71,False,Non-Equity
SBI Nifty 50 ETF,INF200KA1FS1,2026-08-31,Certificate of Deposits,,Debt,,,,,,,INF200KA1FS1_SBI Nifty 50 ETF.xlsx,SETFNIF50,72,False,Non-Equity
SBI Nifty 50 ETF,INF200KA1FS1,2026-08-31,Treasury Bills,,Government Security,,,,,,,INF200KA1FS1_SBI Nifty 50 ETF.xlsx,SETFNIF50,73,False,Non-Equity
SBI Nifty 50 ETF,INF200KA1FS1,2026-08-31,STRIPS,,Other,,,,,,,INF200KA1FS1_SBI Nifty 50 ETF.xlsx,SETFNIF50,74,False,Other
SBI Nifty 50 ETF,INF200KA1FS1,2026-08-31,Bills Re- Discounting,,Other,,,,,,,INF200KA1FS1_SBI Nifty 50 ETF.xlsx,SETFNIF50,75,False,Other
SBI Nifty 50 ETF,INF200KA1FS1,2026-08-31,OTHERS,,Other,,,,,,,INF200KA1FS1_SBI Nifty 50 ETF.xlsx,SETFNIF50,76,False,Other
SBI Nifty 50 ETF,INF200KA1FS1,2026-08-31,Mutual Fund Units / Exchange Traded Funds,,Other,,,,,,,INF200KA1FS1_SBI Nifty 50 ETF.xlsx,SETFNIF50,77,False,Non-Equity
SBI Nifty 50 ETF,INF200KA1FS1,2026-08-31,Alternative Investment Funds,,Other,,,,,,,INF200KA1FS1_SBI Nifty 50 ETF.xlsx,SETFNIF50,78,False,Other
SBI Nifty 50 ETF,INF200KA1FS1,2026-08-31,Short Term Deposits,,Other,,,,,,,INF200KA1FS1_SBI Nifty 50 ETF.xlsx,SETFNIF50,79,False,Non-Equity
SBI Nifty 50 ETF,INF200KA1FS1,2026-08-31,Term Deposits Placed as Margins,,Other,,,,,,,INF200KA1FS1_SBI Nifty 50 ETF.xlsx,SETFNIF50,80,False,Non-Equity
SBI Nifty 50 ETF,INF200KA1FS1,2026-08-31,TREPS / Reverse Repo Investments,,Other,,,,,,,INF200KA1FS1_SBI Nifty 50 ETF.xlsx,SETFNIF50,81,False,Non-Equity
SBI Nifty 50 ETF,INF200KA1FS1,2026-08-31,TREPS,,Other,,,,,3509.74,,INF200KA1FS1_SBI Nifty 50 ETF.xlsx,SETFNIF50,82,False,Other
SBI Nifty 50 ETF,INF200KA1FS1,2026-08-31,Other Current Assets / (Liabilities),,Other,,,,,,,INF200KA1FS1_SBI Nifty 50 ETF.xlsx,SETFNIF50,84,False,Other
SBI Nifty 50 ETF,INF200KA1FS1,2026-08-31,Margin amount for Derivative positions,,Other,,,,,,,INF200KA1FS1_SBI Nifty 50 ETF.xlsx,SETFNIF50,85,False,Other
SBI Nifty 50 ETF,INF200KA1FS1,2026-08-31,Net Receivable / Payable,,Other,,,,,1096.66,,INF200KA1FS1_SBI Nifty 50 ETF.xlsx,SETFNIF50,86,False,Other
SBI Nifty 50 ETF,INF200KA1FS1,2026-08-31,GRAND TOTAL (AUM),,Other,,,,,21379397.88,,INF200KA1FS1_SBI Nifty 50 ETF.xlsx,SETFNIF50,88,False,Other
SBI Nifty 50 ETF,INF200KA1FS1,2026-08-31,Notes & Symbols :-,,Other,,,,,,,INF200KA1FS1_SBI Nifty 50 ETF.xlsx,SETFNIF50,89,False,Other
SBI Nifty 50 ETF,INF200KA1FS1,2026-08-31,#  -> Less Than 0.005% ; A**  -> Awaiting Listing on Stock Exchanges ;  T** -> Thinly Traded Securities ;  N** -> Non Traded Securities ; I**  -> Illiquid Shares ; R** -> Rights Entitlement ; P**    Preference Shares ; W** Warrants ; PP* Partly Paid; S** --> Suspended forTrading,,Equity,,,,,,,INF200KA1FS1_SBI Nifty 50 ETF.xlsx,SETFNIF50,90,False,Other
SBI Nifty 50 ETF,INF200KA1FS1,2026-08-31,1. Non Convertible Debentures and  Bonds are considered as Traded based on information provided by external agencies.,,Debt,,,,,,,INF200KA1FS1_SBI Nifty 50 ETF.xlsx,SETFNIF50,91,False,Non-Equity
SBI Nifty 50 ETF,INF200KA1FS1,2026-08-31,"2. ^Industry classification as recommended by AMFI and wherever not available, internal classification has been used.",,Other,,,,,,,INF200KA1FS1_SBI Nifty 50 ETF.xlsx,SETFNIF50,92,False,Other
SBI Nifty 50 ETF,INF200KA1FS1,2026-08-31,"3. ## YTC represents Yield to Call. It is disclosed for Perpetual Bond issued by Banks (i.e. AT-1 Bond / Tier 1 Bond / Tier 2 Bond), as per AMFI Best Practices Guidelines Circular no. 91/2020-21 dated March 24, 2021 on Valuation of AT-1 Bonds and Tier 2 Bonds. 
As per SEBI Circular SEBI/HO/IMD/PoD1/CIR/P/2024/106 dated August 05, 2024, valuation of AT-1 Bonds are done on Yield to Call basis w.e.f. August 07, 2024. YTC of AT-1 Bonds are now same as it’s YTM% and hence it is not disclosed separately under YTC%.",,Debt,,,,,,,INF200KA1FS1_SBI Nifty 50 ETF.xlsx,SETFNIF50,93,False,Non-Equity
SBI Nifty 50 ETF,INF200KA1FS1,2026-08-31,4. Total number of instances of deviation in valuation of securities of the scheme from the valuation price given by the valuation agencies during the period are: Nil,,Other,,,,,,,INF200KA1FS1_SBI Nifty 50 ETF.xlsx,SETFNIF50,94,False,Other
SBI Nifty 50 ETF,INF200KA1FS1,2026-08-31,(A)  Securities is in default beyond its maturity date and its percentage to NAV :,,Other,NIL,NIL,,,,,INF200KA1FS1_SBI Nifty 50 ETF.xlsx,SETFNIF50,95,False,Other
SBI Nifty 50 ETF,INF200KA1FS1,2026-08-31,(B)  Total value and percentage of illiquid equity shares :,,Equity,NIL,NIL,,,,,INF200KA1FS1_SBI Nifty 50 ETF.xlsx,SETFNIF50,96,False,Other
SBI Nifty 50 ETF,INF200KA1FS1,2026-08-31,"(C)  NAV at the beginning and end of the month period and dividend bonus etc, if applicable, declared during the period  :",,Other,,,,,,,INF200KA1FS1_SBI Nifty 50 ETF.xlsx,SETFNIF50,97,False,Other
SBI Nifty 50 ETF,INF200KA1FS1,2026-08-31,(i) NAV at the beginning and end of the month period :,,Other,,,,,,,INF200KA1FS1_SBI Nifty 50 ETF.xlsx,SETFNIF50,98,False,Other
SBI Nifty 50 ETF,INF200KA1FS1,2026-08-31,Plan Name:,NAV AS ON 31.07.2026 (RS.),Other,NAV as on 31.08.2026 (Rs.),NAV as on 31.08.2026 (Rs.),,,,,INF200KA1FS1_SBI Nifty 50 ETF.xlsx,SETFNIF50,99,False,Other
SBI Nifty 50 ETF,INF200KA1FS1,2026-08-31,Single Plan,262.4906,Other,259.4917,259.4917,,,,,INF200KA1FS1_SBI Nifty 50 ETF.xlsx,SETFNIF50,100,False,Other
SBI Nifty 50 ETF,INF200KA1FS1,2026-08-31,"(ii) Dividend declared by the Scheme during the month ending August 31, 2026:",,Other,NIL,NIL,,,,,INF200KA1FS1_SBI Nifty 50 ETF.xlsx,SETFNIF50,101,False,Other
SBI Nifty 50 ETF,INF200KA1FS1,2026-08-31,"(iii) Bonus declared by the Scheme during the month ending August 31, 2026:",,Other,NIL,NIL,,,,,INF200KA1FS1_SBI Nifty 50 ETF.xlsx,SETFNIF50,102,False,Other
SBI Nifty 50 ETF,INF200KA1FS1,2026-08-31,(D)  Total outstanding exposure in derivative instruments at the end of the period :,,Other,NIL,NIL,,,,,INF200KA1FS1_SBI Nifty 50 ETF.xlsx,SETFNIF50,103,False,Other
SBI Nifty 50 ETF,INF200KA1FS1,2026-08-31,(E)  Total investments in foreign securities / ADRs / GDRs at the end of the period :,,Other,NIL,NIL,,,,,INF200KA1FS1_SBI Nifty 50 ETF.xlsx,SETFNIF50,104,False,Other
SBI Nifty 50 ETF,INF200KA1FS1,2026-08-31,(F)  Portfolio turnover ratio (Equity Schemes) :,,Equity,0.050428857141721385,0.050428857141721385,,,,,INF200KA1FS1_SBI Nifty 50 ETF.xlsx,SETFNIF50,105,False,Other
SBI Nifty 50 ETF,INF200KA1FS1,2026-08-31,(G)  The Average maturity period (Debt Schemes) :,,Other,N.A.,N.A.,,,,,INF200KA1FS1_SBI Nifty 50 ETF.xlsx,SETFNIF50,106,False,Other
SBI Nifty 50 ETF,INF200KA1FS1,2026-08-31,"(H) Repo transactions in corporate debt securities during the month ending August 31, 2026 :",,Other,NIL,NIL,,,,,INF200KA1FS1_SBI Nifty 50 ETF.xlsx,SETFNIF50,107,False,Non-Equity
SBI Nifty 50 ETF,INF200KA1FS1,2026-08-31,"Portfolio Turnover Ratio = Lower of purchases or sales of securities during the twelve months ended August 31, 2026 / Average Net Assets during the twelve months ended August 31, 2026.",,Other,,,,,,,INF200KA1FS1_SBI Nifty 50 ETF.xlsx,SETFNIF50,108,False,Other
SBI Nifty 50 ETF,INF200KA1FS1,2026-08-31,Scheme Risk-O-Meter,,Other,Benchmark Risk-O-Meter,Benchmark Risk-O-Meter,,,,,INF200KA1FS1_SBI Nifty 50 ETF.xlsx,SETFNIF50,109,False,Other
UTI Nifty 50 Index Fund,INF789F01XA0,2026-08-31,NIFTYNSESEP2026FUT,,Other,long,long,,24371.59,24251.4,160.52973,INF789F01XA0_UTI Nifty 50 Index Fund.xlsx,Portfolio,91,False,Non-Equity
UTI Nifty 50 Index Fund,INF789F01XA0,2026-08-31,EQ - HDFC BANK LIMITED,INE040A01034,Other,Banks,Banks,,40975419.0,290515.72,9.85,INF789F01XA0_UTI Nifty 50 Index Fund.xlsx,Portfolio,8,True,Equity Candidate
UTI Nifty 50 Index Fund,INF789F01XA0,2026-08-31,EQ - ICICI BANK LTD,INE090A01021,Other,Banks,Banks,,19168725.0,278713.26,9.45,INF789F01XA0_UTI Nifty 50 Index Fund.xlsx,Portfolio,9,True,Equity Candidate
UTI Nifty 50 Index Fund,INF789F01XA0,2026-08-31,EQ - RELIANCE INDUSTRIES LTD.,INE002A01018,Other,Petroleum Products,Petroleum Products,,18076860.0,230841.5,7.83,INF789F01XA0_UTI Nifty 50 Index Fund.xlsx,Portfolio,10,True,Equity Candidate
UTI Nifty 50 Index Fund,INF789F01XA0,2026-08-31,EQ - BHARTI AIRTEL LTD.,INE397D01024,Other,Telecom - Services,Telecom - Services,,8136797.0,147430.62,5.0,INF789F01XA0_UTI Nifty 50 Index Fund.xlsx,Portfolio,11,True,Equity Candidate
UTI Nifty 50 Index Fund,INF789F01XA0,2026-08-31,EQ - LARSEN & TOUBRO LTD.,INE018A01030,Other,Construction,Construction,,3131881.0,126681.45,4.3,INF789F01XA0_UTI Nifty 50 Index Fund.xlsx,Portfolio,12,True,Equity Candidate
UTI Nifty 50 Index Fund,INF789F01XA0,2026-08-31,EQ - STATE BANK OF INDIA,INE062A01020,Other,Banks,Banks,,11060356.0,117239.77,3.98,INF789F01XA0_UTI Nifty 50 Index Fund.xlsx,Portfolio,13,True,Equity Candidate
UTI Nifty 50 Index Fund,INF789F01XA0,2026-08-31,EQ - INFOSYS LTD.,INE009A01021,Other,IT - Software,IT - Software,,9385439.0,106412.11,3.61,INF789F01XA0_UTI Nifty 50 Index Fund.xlsx,Portfolio,14,True,Equity Candidate
UTI Nifty 50 Index Fund,INF789F01XA0,2026-08-31,EQ - AXIS BANK LTD.,INE238A01034,Other,Banks,Banks,,7684715.0,99901.3,3.39,INF789F01XA0_UTI Nifty 50 Index Fund.xlsx,Portfolio,15,True,Equity Candidate
UTI Nifty 50 Index Fund,INF789F01XA0,2026-08-31,EQ - KOTAK MAHINDRA BANK LTD.,INE237A01036,Other,Banks,Banks,,19700767.0,82625.02,2.8,INF789F01XA0_UTI Nifty 50 Index Fund.xlsx,Portfolio,16,True,Equity Candidate
UTI Nifty 50 Index Fund,INF789F01XA0,2026-08-31,EQ - MAHINDRA & MAHINDRA LTD.,INE101A01026,Other,Automobiles,Automobiles,,2388915.0,78404.19,2.66,INF789F01XA0_UTI Nifty 50 Index Fund.xlsx,Portfolio,17,True,Equity Candidate
UTI Nifty 50 Index Fund,INF789F01XA0,2026-08-31,EQ - BAJAJ FINANCE LTD.,INE296A01032,Other,Finance,Finance,,7171794.0,75805.86,2.57,INF789F01XA0_UTI Nifty 50 Index Fund.xlsx,Portfolio,18,True,Equity Candidate
UTI Nifty 50 Index Fund,INF789F01XA0,2026-08-31,EQ - ITC LTD.,INE154A01025,Other,Diversified FMCG,Diversified FMCG,,25794011.0,65903.7,2.24,INF789F01XA0_UTI Nifty 50 Index Fund.xlsx,Portfolio,19,True,Equity Candidate
UTI Nifty 50 Index Fund,INF789F01XA0,2026-08-31,EQ - TATA CONSULTANCY SERVICES LTD.,INE467B01029,Other,IT - Software,IT - Software,,2731953.0,65547.75,2.22,INF789F01XA0_UTI Nifty 50 Index Fund.xlsx,Portfolio,20,True,Equity Candidate
UTI Nifty 50 Index Fund,INF789F01XA0,2026-08-31,EQ - ETERNAL LIMITED,INE758T01015,Other,Retailing,Retailing,,19344899.0,63470.61,2.15,INF789F01XA0_UTI Nifty 50 Index Fund.xlsx,Portfolio,21,True,Equity Candidate
UTI Nifty 50 Index Fund,INF789F01XA0,2026-08-31,EQ - TITAN COMPANY LTD.,INE280A01028,Other,Consumer Durables,Consumer Durables,,1104754.0,56368.97,1.91,INF789F01XA0_UTI Nifty 50 Index Fund.xlsx,Portfolio,22,True,Equity Candidate
UTI Nifty 50 Index Fund,INF789F01XA0,2026-08-31,EQ - SUN PHARMACEUTICALS INDUSTRIES,INE044A01036,Other,Pharmaceuticals & Biotechnology,Pharmaceuticals & Biotechnology,,2833365.0,56236.63,1.91,INF789F01XA0_UTI Nifty 50 Index Fund.xlsx,Portfolio,23,True,Equity Candidate
UTI Nifty 50 Index Fund,INF789F01XA0,2026-08-31,EQ - MARUTI SUZUKI INDIA LTD.,INE585B01010,Other,Automobiles,Automobiles,,349075.0,47289.19,1.6,INF789F01XA0_UTI Nifty 50 Index Fund.xlsx,Portfolio,24,True,Equity Candidate
UTI Nifty 50 Index Fund,INF789F01XA0,2026-08-31,EQ - HINDUSTAN UNILEVER LTD,INE030A01027,Other,Diversified FMCG,Diversified FMCG,,2373946.0,46705.01,1.58,INF789F01XA0_UTI Nifty 50 Index Fund.xlsx,Portfolio,25,True,Equity Candidate
UTI Nifty 50 Index Fund,INF789F01XA0,2026-08-31,EQ - SHRIRAM FINANCE LTD,INE721A01047,Other,Finance,Finance,,3747436.0,41592.79,1.41,INF789F01XA0_UTI Nifty 50 Index Fund.xlsx,Portfolio,26,True,Equity Candidate
UTI Nifty 50 Index Fund,INF789F01XA0,2026-08-31,EQ - NTPC LTD.,INE733E01010,Other,Power,Power,,12685630.0,41532.75,1.41,INF789F01XA0_UTI Nifty 50 Index Fund.xlsx,Portfolio,27,True,Equity Candidate
UTI Nifty 50 Index Fund,INF789F01XA0,2026-08-31,EQ - TATA STEEL LTD.,INE081A01020,Other,Ferrous Metals,Ferrous Metals,,22118534.0,40775.52,1.38,INF789F01XA0_UTI Nifty 50 Index Fund.xlsx,Portfolio,28,True,Equity Candidate
UTI Nifty 50 Index Fund,INF789F01XA0,2026-08-31,EQ - BHARAT ELECTRONICS LTD.,INE263A01024,Other,Aerospace & Defense,Aerospace & Defense,,9583981.0,39720.81,1.35,INF789F01XA0_UTI Nifty 50 Index Fund.xlsx,Portfolio,29,True,Equity Candidate
UTI Nifty 50 Index Fund,INF789F01XA0,2026-08-31,EQ - HINDALCO INDUSTRIES LTD.,INE038A01020,Other,Non - Ferrous Metals,Non - Ferrous Metals,,3874317.0,39341.75,1.33,INF789F01XA0_UTI Nifty 50 Index Fund.xlsx,Portfolio,30,True,Equity Candidate
UTI Nifty 50 Index Fund,INF789F01XA0,2026-08-31,EQ - HCL TECHNOLOGIES LTD.,INE860A01027,Other,IT - Software,IT - Software,,2821076.0,37018.16,1.26,INF789F01XA0_UTI Nifty 50 Index Fund.xlsx,Portfolio,31,True,Equity Candidate
UTI Nifty 50 Index Fund,INF789F01XA0,2026-08-31,EQ - ULTRATECH CEMENT LTD.,INE481G01011,Other,Cement & Cement Products,Cement & Cement Products,,316648.0,36256.2,1.23,INF789F01XA0_UTI Nifty 50 Index Fund.xlsx,Portfolio,32,True,Equity Candidate
UTI Nifty 50 Index Fund,INF789F01XA0,2026-08-31,EQ - BAJAJ AUTO LTD.,INE917I01010,Other,Automobiles,Automobiles,,296355.0,35947.86,1.22,INF789F01XA0_UTI Nifty 50 Index Fund.xlsx,Portfolio,33,True,Equity Candidate
UTI Nifty 50 Index Fund,INF789F01XA0,2026-08-31,EQ - GRASIM INDUSTRIES LTD.,INE047A01021,Other,Cement & Cement Products,Cement & Cement Products,,1009611.0,34033.99,1.15,INF789F01XA0_UTI Nifty 50 Index Fund.xlsx,Portfolio,34,True,Equity Candidate
UTI Nifty 50 Index Fund,INF789F01XA0,2026-08-31,EQ - JSW STEEL LTD.,INE019A01038,Other,Ferrous Metals,Ferrous Metals,,2509767.0,32820.22,1.11,INF789F01XA0_UTI Nifty 50 Index Fund.xlsx,Portfolio,35,True,Equity Candidate
UTI Nifty 50 Index Fund,INF789F01XA0,2026-08-31,EQ - ASIAN PAINTS (INDIA) LTD.,INE021A01026,Other,Consumer Durables,Consumer Durables,,1210077.0,32110.6,1.09,INF789F01XA0_UTI Nifty 50 Index Fund.xlsx,Portfolio,36,True,Equity Candidate
UTI Nifty 50 Index Fund,INF789F01XA0,2026-08-31,EQ - POWER GRID CORPORATION OF INDI,INE752E01010,Other,Power,Power,,12117595.0,31935.92,1.08,INF789F01XA0_UTI Nifty 50 Index Fund.xlsx,Portfolio,37,True,Equity Candidate
UTI Nifty 50 Index Fund,INF789F01XA0,2026-08-31,EQ - INTERGLOBE AVIATION LTD,INE646L01027,Other,Transport Services,Transport Services,,605685.0,31701.55,1.08,INF789F01XA0_UTI Nifty 50 Index Fund.xlsx,Portfolio,38,True,Equity Candidate
UTI Nifty 50 Index Fund,INF789F01XA0,2026-08-31,EQ - ADANI PORTS AND SPECIAL ECONO,INE742F01042,Other,Transport Infrastructure,Transport Infrastructure,,1974054.0,31448.65,1.07,INF789F01XA0_UTI Nifty 50 Index Fund.xlsx,Portfolio,39,True,Equity Candidate
UTI Nifty 50 Index Fund,INF789F01XA0,2026-08-31,EQ - BAJAJ FINSERV LTD.,INE918I01026,Other,Finance,Finance,,1549089.0,31307.09,1.06,INF789F01XA0_UTI Nifty 50 Index Fund.xlsx,Portfolio,40,True,Equity Candidate
UTI Nifty 50 Index Fund,INF789F01XA0,2026-08-31,EQ - EICHER MOTORS LTD,INE066A01021,Other,Automobiles,Automobiles,,368769.0,29330.04,0.99,INF789F01XA0_UTI Nifty 50 Index Fund.xlsx,Portfolio,41,True,Equity Candidate
UTI Nifty 50 Index Fund,INF789F01XA0,2026-08-31,EQ - NESTLE INDIA LTD.,INE239A01024,Other,Food Products,Food Products,,1918591.0,28711.71,0.97,INF789F01XA0_UTI Nifty 50 Index Fund.xlsx,Portfolio,42,True,Equity Candidate
UTI Nifty 50 Index Fund,INF789F01XA0,2026-08-31,EQ - TECH MAHINDRA LTD.,INE669C01036,Other,IT - Software,IT - Software,,1699380.0,27665.91,0.94,INF789F01XA0_UTI Nifty 50 Index Fund.xlsx,Portfolio,43,True,Equity Candidate
UTI Nifty 50 Index Fund,INF789F01XA0,2026-08-31,EQ - COAL INDIA LTD.,INE522F01014,Other,Consumable Fuels,Consumable Fuels,,6409403.0,25749.78,0.87,INF789F01XA0_UTI Nifty 50 Index Fund.xlsx,Portfolio,44,True,Equity Candidate
UTI Nifty 50 Index Fund,INF789F01XA0,2026-08-31,EQ - TRENT LIMITED,INE849A01020,Other,Retailing,Retailing,,890394.0,25642.46,0.87,INF789F01XA0_UTI Nifty 50 Index Fund.xlsx,Portfolio,45,True,Equity Candidate
UTI Nifty 50 Index Fund,INF789F01XA0,2026-08-31,EQ - APOLLO HOSPITALS ENTERPRISE LT,INE437A01024,Other,Healthcare Services,Healthcare Services,,275369.0,24503.71,0.83,INF789F01XA0_UTI Nifty 50 Index Fund.xlsx,Portfolio,46,True,Equity Candidate
UTI Nifty 50 Index Fund,INF789F01XA0,2026-08-31,EQ - OIL & NATURAL GAS CORPORATION,INE213A01029,Other,Oil,Oil,,10394209.0,24093.78,0.82,INF789F01XA0_UTI Nifty 50 Index Fund.xlsx,Portfolio,47,True,Equity Candidate
UTI Nifty 50 Index Fund,INF789F01XA0,2026-08-31,EQ - ADANI ENTERPRISES LTD.,INE423A01024,Other,Metals & Minerals Trading,Metals & Minerals Trading,,772157.0,22076.74,0.75,INF789F01XA0_UTI Nifty 50 Index Fund.xlsx,Portfolio,48,True,Equity Candidate
UTI Nifty 50 Index Fund,INF789F01XA0,2026-08-31,EQ - CIPLA LTD.,INE059A01026,Other,Pharmaceuticals & Biotechnology,Pharmaceuticals & Biotechnology,,1505640.0,21217.48,0.72,INF789F01XA0_UTI Nifty 50 Index Fund.xlsx,Portfolio,49,True,Equity Candidate
UTI Nifty 50 Index Fund,INF789F01XA0,2026-08-31,EQ - JIO FINANCIAL SERVICES LTD,INE758E01017,Other,Finance,Finance,,8779611.0,21189.59,0.72,INF789F01XA0_UTI Nifty 50 Index Fund.xlsx,Portfolio,50,True,Equity Candidate
UTI Nifty 50 Index Fund,INF789F01XA0,2026-08-31,EQ - SBI LIFE INSURANCE COMPANY LTD,INE123W01016,Other,Insurance,Insurance,,1202302.0,20926.07,0.71,INF789F01XA0_UTI Nifty 50 Index Fund.xlsx,Portfolio,51,True,Equity Candidate
UTI Nifty 50 Index Fund,INF789F01XA0,2026-08-31,EQ - MAX HEALTHCARE INSTITUTE LTD,INE027H01010,Other,Healthcare Services,Healthcare Services,,1991442.0,20752.82,0.7,INF789F01XA0_UTI Nifty 50 Index Fund.xlsx,Portfolio,52,True,Equity Candidate
UTI Nifty 50 Index Fund,INF789F01XA0,2026-08-31,EQ - DR REDDYS LABORATORIES LTD.,INE089A01031,Other,Pharmaceuticals & Biotechnology,Pharmaceuticals & Biotechnology,,1631129.0,18829.75,0.64,INF789F01XA0_UTI Nifty 50 Index Fund.xlsx,Portfolio,53,True,Equity Candidate
UTI Nifty 50 Index Fund,INF789F01XA0,2026-08-31,EQ - TATA CONSUMER PRODUCTS LTD,INE192A01025,Other,Agricultural Food & other Products,Agricultural Food & other Products,,1742554.0,18079.0,0.61,INF789F01XA0_UTI Nifty 50 Index Fund.xlsx,Portfolio,54,True,Equity Candidate
UTI Nifty 50 Index Fund,INF789F01XA0,2026-08-31,EQ - TATA MOTORS PASSENGER VEHICLES LTD.,INE155A01022,Other,Automobiles,Automobiles,,5592284.0,17271.77,0.59,INF789F01XA0_UTI Nifty 50 Index Fund.xlsx,Portfolio,55,True,Equity Candidate
UTI Nifty 50 Index Fund,INF789F01XA0,2026-08-31,EQ - HDFC LIFE INSURANCE COMPANY LI,INE795G01014,Other,Insurance,Insurance,,2878518.0,15640.43,0.53,INF789F01XA0_UTI Nifty 50 Index Fund.xlsx,Portfolio,56,True,Equity Candidate
UTI Nifty 50 Index Fund,INF789F01XA0,2026-08-31,EQ - WIPRO LIMITED,INE075A01022,Other,IT - Software,IT - Software,,7246694.0,13370.15,0.45,INF789F01XA0_UTI Nifty 50 Index Fund.xlsx,Portfolio,57,True,Equity Candidate
UTI Nifty 50 Index Fund,INF789F01XA0,2026-08-31,182 DAYS T-BILL - 22/10/2026,IN002026Y030,Government Security,SOV,SOV,,50000000.0,496.46,0.02,INF789F01XA0_UTI Nifty 50 Index Fund.xlsx,Portfolio,61,False,Non-Equity
UTI Nifty 50 Index Fund,INF789F01XA0,2026-08-31,EQUITY AND EQUITY RELATED,,Equity,,,,,,,INF789F01XA0_UTI Nifty 50 Index Fund.xlsx,Portfolio,6,False,Other
UTI Nifty 50 Index Fund,INF789F01XA0,2026-08-31,(a)  Listed/awaiting listing on Stock Exchanges,,Other,,,,,,,INF789F01XA0_UTI Nifty 50 Index Fund.xlsx,Portfolio,7,False,Other
UTI Nifty 50 Index Fund,INF789F01XA0,2026-08-31,TOTAL:(a)  Listed/awaiting listing on Stock Exchanges,,Other,,,,,2948687.71,,INF789F01XA0_UTI Nifty 50 Index Fund.xlsx,Portfolio,58,False,Other
UTI Nifty 50 Index Fund,INF789F01XA0,2026-08-31,TOTAL:  EQUITY AND EQUITY RELATED,,Equity,,,,,2948687.71,,INF789F01XA0_UTI Nifty 50 Index Fund.xlsx,Portfolio,59,False,Other
UTI Nifty 50 Index Fund,INF789F01XA0,2026-08-31,MONEY MARKET INSTRUMENTS,,Other,,,,,,,INF789F01XA0_UTI Nifty 50 Index Fund.xlsx,Portfolio,60,False,Non-Equity
UTI Nifty 50 Index Fund,INF789F01XA0,2026-08-31,TOTAL:,,Other,,,,,496.46,,INF789F01XA0_UTI Nifty 50 Index Fund.xlsx,Portfolio,62,False,Other
UTI Nifty 50 Index Fund,INF789F01XA0,2026-08-31,TOTAL:  MONEY MARKET INSTRUMENTS,,Other,,,,,496.46,,INF789F01XA0_UTI Nifty 50 Index Fund.xlsx,Portfolio,63,False,Non-Equity
UTI Nifty 50 Index Fund,INF789F01XA0,2026-08-31,Others,,Other,,,,,,,INF789F01XA0_UTI Nifty 50 Index Fund.xlsx,Portfolio,64,False,Other
UTI Nifty 50 Index Fund,INF789F01XA0,2026-08-31,NET CURRENT ASSETS,,Other,,,,,-641.089999999851,,INF789F01XA0_UTI Nifty 50 Index Fund.xlsx,Portfolio,65,False,Other
UTI Nifty 50 Index Fund,INF789F01XA0,2026-08-31,TOTAL :,,Other,,,,,-641.089999999851,,INF789F01XA0_UTI Nifty 50 Index Fund.xlsx,Portfolio,66,False,Other
UTI Nifty 50 Index Fund,INF789F01XA0,2026-08-31,TOTAL : Others,,Other,,,,,-641.089999999851,,INF789F01XA0_UTI Nifty 50 Index Fund.xlsx,Portfolio,67,False,Other
UTI Nifty 50 Index Fund,INF789F01XA0,2026-08-31,TOTAL : UTI Nifty 50 Index Fund,,Other,,,,,2948543.08,,INF789F01XA0_UTI Nifty 50 Index Fund.xlsx,Portfolio,68,False,Other
UTI Nifty 50 Index Fund,INF789F01XA0,2026-08-31,*  Percentage to NAV less than 0.01,,Other,,,,,,,INF789F01XA0_UTI Nifty 50 Index Fund.xlsx,Portfolio,69,False,Other
UTI Nifty 50 Index Fund,INF789F01XA0,2026-08-31,$  Exposure to below Investment Grade/Default,,Other,,,,,,,INF789F01XA0_UTI Nifty 50 Index Fund.xlsx,Portfolio,70,False,Other
UTI Nifty 50 Index Fund,INF789F01XA0,2026-08-31,** Non traded securities,,Other,,,,,,,INF789F01XA0_UTI Nifty 50 Index Fund.xlsx,Portfolio,71,False,Other
UTI Nifty 50 Index Fund,INF789F01XA0,2026-08-31,(a)Details of Default beyond Maturity Date (Fig. in Lakhs) :NIL,,Other,,,,,,,INF789F01XA0_UTI Nifty 50 Index Fund.xlsx,Portfolio,72,False,Other
UTI Nifty 50 Index Fund,INF789F01XA0,2026-08-31,a1) Exposure to Credit Default Swap/Repo in Corporate Bond (Fig in lakhs):NIL,,Debt,,,,,,,INF789F01XA0_UTI Nifty 50 Index Fund.xlsx,Portfolio,73,False,Non-Equity
UTI Nifty 50 Index Fund,INF789F01XA0,2026-08-31,(b)Total value of nontraded Equity shares: 0 lacs i.e.0% to NAV,,Equity,,,,,,,INF789F01XA0_UTI Nifty 50 Index Fund.xlsx,Portfolio,74,False,Other
UTI Nifty 50 Index Fund,INF789F01XA0,2026-08-31,(c)NAV at beginning of half year: 2443323.52 lacs  NAV at end:2948543.08 lacs,,Other,,,,,,,INF789F01XA0_UTI Nifty 50 Index Fund.xlsx,Portfolio,75,False,Other
UTI Nifty 50 Index Fund,INF789F01XA0,2026-08-31,Gross Distributable Amount / Dividend%  : For details refer to Dividend Table,,Other,,,,,,,INF789F01XA0_UTI Nifty 50 Index Fund.xlsx,Portfolio,76,False,Other
UTI Nifty 50 Index Fund,INF789F01XA0,2026-08-31,Bonus Ratio:,,Other,,,,,,,INF789F01XA0_UTI Nifty 50 Index Fund.xlsx,Portfolio,77,False,Other
UTI Nifty 50 Index Fund,INF789F01XA0,2026-08-31,(e)Total investments in foreign securities/Overseas ETFs/ADRs/GDRs: NIL,,ETF,,,,,,,INF789F01XA0_UTI Nifty 50 Index Fund.xlsx,Portfolio,78,False,Other
UTI Nifty 50 Index Fund,INF789F01XA0,2026-08-31,(f)Average Portfolio turnover  (%):4.84,,Other,,,,,,,INF789F01XA0_UTI Nifty 50 Index Fund.xlsx,Portfolio,79,False,Other
UTI Nifty 50 Index Fund,INF789F01XA0,2026-08-31,Scheme Riskometer,,Other,,,,,,,INF789F01XA0_UTI Nifty 50 Index Fund.xlsx,Portfolio,80,False,Other
UTI Nifty 50 Index Fund,INF789F01XA0,2026-08-31,Nifty 50 TRI,,Other,,,,,,,INF789F01XA0_UTI Nifty 50 Index Fund.xlsx,Portfolio,81,False,Other
UTI Nifty 50 Index Fund,INF789F01XA0,2026-08-31,Portfolio disclosure for derivative positions for the period 01/04/2026 to 31/08/2026,,Other,,,,,,,INF789F01XA0_UTI Nifty 50 Index Fund.xlsx,Portfolio,83,False,Other
UTI Nifty 50 Index Fund,INF789F01XA0,2026-08-31,SCHEME: UTI Nifty 50 Index Fund,,Other,,,,,,,INF789F01XA0_UTI Nifty 50 Index Fund.xlsx,Portfolio,84,False,Other
UTI Nifty 50 Index Fund,INF789F01XA0,2026-08-31,Hedging Positions through Futures as on 31/08/2026,,Other,,,,,,,INF789F01XA0_UTI Nifty 50 Index Fund.xlsx,Portfolio,85,False,Non-Equity
UTI Nifty 50 Index Fund,INF789F01XA0,2026-08-31,Underlying,,Other,Long/Short,Long/Short,,,,,INF789F01XA0_UTI Nifty 50 Index Fund.xlsx,Portfolio,86,False,Other
UTI Nifty 50 Index Fund,INF789F01XA0,2026-08-31,For the period ended 31/08/2026 for hedging transactions through futures squared off or expired,,Other,,,,,,,INF789F01XA0_UTI Nifty 50 Index Fund.xlsx,Portfolio,88,False,Non-Equity
UTI Nifty 50 Index Fund,INF789F01XA0,2026-08-31,Other than Hedging Positions through Futures as on 31/08/2026,,Other,,,,,,,INF789F01XA0_UTI Nifty 50 Index Fund.xlsx,Portfolio,89,False,Non-Equity
UTI Nifty 50 Index Fund,INF789F01XA0,2026-08-31,Underlying,,Other,Long/Short,Long/Short,,,,,INF789F01XA0_UTI Nifty 50 Index Fund.xlsx,Portfolio,90,False,Other
UTI Nifty 50 Index Fund,INF789F01XA0,2026-08-31,Total exposure due to futures (non hedging positions) as a %age of net assets 0.05,,Other,,,,,,,INF789F01XA0_UTI Nifty 50 Index Fund.xlsx,Portfolio,92,False,Non-Equity
UTI Nifty 50 Index Fund,INF789F01XA0,2026-08-31,For the period ended 31/08/2026 for non hedging transactions through futures squared off or expired,,Other,,,,,,,INF789F01XA0_UTI Nifty 50 Index Fund.xlsx,Portfolio,93,False,Non-Equity
UTI Nifty 50 Index Fund,INF789F01XA0,2026-08-31,Total number of contracts where futures were bought 588.47,,Other,,,,,,,INF789F01XA0_UTI Nifty 50 Index Fund.xlsx,Portfolio,94,False,Non-Equity
UTI Nifty 50 Index Fund,INF789F01XA0,2026-08-31,Total number of contracts where futures were sold 588.47,,Other,,,,,,,INF789F01XA0_UTI Nifty 50 Index Fund.xlsx,Portfolio,95,False,Non-Equity
UTI Nifty 50 Index Fund,INF789F01XA0,2026-08-31,Gross Notional value of contracts where futures were bought in Rs. 1082366267.76,,Other,,,,,,,INF789F01XA0_UTI Nifty 50 Index Fund.xlsx,Portfolio,96,False,Non-Equity
UTI Nifty 50 Index Fund,INF789F01XA0,2026-08-31,Gross Notional value of contracts where futures were sold in Rs. 1077966338.1,,Other,,,,,,,INF789F01XA0_UTI Nifty 50 Index Fund.xlsx,Portfolio,97,False,Non-Equity
UTI Nifty 50 Index Fund,INF789F01XA0,2026-08-31,Net profit/Loss value on all contracts combined  in Rs. -4399929.66,,Other,,,,,,,INF789F01XA0_UTI Nifty 50 Index Fund.xlsx,Portfolio,98,False,Other
UTI Nifty 50 Index Fund,INF789F01XA0,2026-08-31,Note:,,Other,,,,,,,INF789F01XA0_UTI Nifty 50 Index Fund.xlsx,Portfolio,99,False,Other
UTI Nifty 50 Index Fund,INF789F01XA0,2026-08-31,Hedging Positions through options/Credit default Swaps and other than Hedging Positions through options/CDS during the period 01/04/2026 to 31/08/2026across all schemes : Nil,,Other,,,,,,,INF789F01XA0_UTI Nifty 50 Index Fund.xlsx,Portfolio,100,False,Non-Equity
