fund_isin,fund_name,portfolio_date,record_type,section,instrument_name,instrument_isin,industry_or_rating,quantity,market_value_lakh,market_value_inr,pct_of_nav,yield_pct,yield_to_call_pct,coupon_pct,position,price_when_purchased,current_price,margin_maintained_lakh,source_file,source_sheet,source_row,raw_row_json
INF109K016L0,ICICI Prudential Large Cap Fund,31-08-2026,portfolio,,Equity & Equity Related Instruments (Note -1),,,,7641440.37,7.64144E+11,95.27377542,,,,,,,,INF109K016L0_ICICI Prudential Large Cap Fund.xlsx,BLUECHIP,5,"[null, ""Equity & Equity Related Instruments (Note -1)"", null, null, null, null, 7641440.370000001, 0.9527377542131003, null, null, null, null, null]"
INF109K016L0,ICICI Prudential Large Cap Fund,31-08-2026,portfolio,,Listed / Awaiting Listing On Stock Exchanges,,,,7641440.37,7.64144E+11,95.2724365,,,,,,,,INF109K016L0_ICICI Prudential Large Cap Fund.xlsx,BLUECHIP,7,"[null, ""Listed / Awaiting Listing On Stock Exchanges"", null, null, null, null, 7641440.370000001, 0.9527243649744003, null, null, null, null, null]"
INF109K016L0,ICICI Prudential Large Cap Fund,31-08-2026,portfolio,,ICICI Bank Ltd.,INE090A01021,Banks,51526976,749202.23,74920223000,9.340951238,,,,,,,,INF109K016L0_ICICI Prudential Large Cap Fund.xlsx,BLUECHIP,8,"[null, ""ICICI Bank Ltd."", ""INE090A01021"", null, ""Banks"", 51526976, 749202.23, 0.0934095123766, null, null, null, null, null]"
INF109K016L0,ICICI Prudential Large Cap Fund,31-08-2026,portfolio,,HDFC Bank Ltd.,INE040A01034,Banks,88896473,630275.99,63027599000,7.858195095,,,,,,,,INF109K016L0_ICICI Prudential Large Cap Fund.xlsx,BLUECHIP,9,"[null, ""HDFC Bank Ltd."", ""INE040A01034"", null, ""Banks"", 88896473, 630275.99, 0.0785819509488, null, null, null, null, null]"
INF109K016L0,ICICI Prudential Large Cap Fund,31-08-2026,portfolio,,Reliance Industries Ltd.,INE002A01018,Petroleum Products,35095500,448169.54,44816954000,5.587716709,,,,,,,,INF109K016L0_ICICI Prudential Large Cap Fund.xlsx,BLUECHIP,10,"[null, ""Reliance Industries Ltd."", ""INE002A01018"", null, ""Petroleum Products"", 35095500, 448169.54, 0.0558771670947, null, null, null, null, null]"
INF109K016L0,ICICI Prudential Large Cap Fund,31-08-2026,portfolio,,Larsen & Toubro Ltd.,INE018A01030,Construction,8151556,329722.29,32972229000,4.110932549,,,,,,,,INF109K016L0_ICICI Prudential Large Cap Fund.xlsx,BLUECHIP,11,"[null, ""Larsen & Toubro Ltd."", ""INE018A01030"", null, ""Construction"", 8151556, 329722.29, 0.0411093254869, null, null, null, null, null]"
INF109K016L0,ICICI Prudential Large Cap Fund,31-08-2026,portfolio,,Axis Bank Ltd.,INE238A01034,Banks,25159230,327069.99,32706999000,4.077864034,,,,,,,,INF109K016L0_ICICI Prudential Large Cap Fund.xlsx,BLUECHIP,12,"[null, ""Axis Bank Ltd."", ""INE238A01034"", null, ""Banks"", 25159230, 327069.99, 0.0407786403398, null, null, null, null, null]"
INF109K016L0,ICICI Prudential Large Cap Fund,31-08-2026,portfolio,,Bharti Airtel Ltd.,INE397D01024,Telecom - Services,17604129,318969.21,31896921000,3.976864614,,,,,,,,INF109K016L0_ICICI Prudential Large Cap Fund.xlsx,BLUECHIP,13,"[null, ""Bharti Airtel Ltd."", ""INE397D01024"", null, ""Telecom - Services"", 17604129, 318969.21, 0.0397686461361, null, null, null, null, null]"
INF109K016L0,ICICI Prudential Large Cap Fund,31-08-2026,portfolio,,Maruti Suzuki India Ltd.,INE585B01010,Automobiles,1735675,235131.89,23513189000,2.93159234,,,,,,,,INF109K016L0_ICICI Prudential Large Cap Fund.xlsx,BLUECHIP,14,"[null, ""Maruti Suzuki India Ltd."", ""INE585B01010"", null, ""Automobiles"", 1735675, 235131.89, 0.0293159234044, null, null, null, null, null]"
INF109K016L0,ICICI Prudential Large Cap Fund,31-08-2026,portfolio,,Ultratech Cement Ltd.,INE481G01011,Cement & Cement Products,2037703,233316.99,23331699000,2.908964415,,,,,,,,INF109K016L0_ICICI Prudential Large Cap Fund.xlsx,BLUECHIP,15,"[null, ""Ultratech Cement Ltd."", ""INE481G01011"", null, ""Cement & Cement Products"", 2037703, 233316.99, 0.0290896441473, null, null, null, null, null]"
INF109K016L0,ICICI Prudential Large Cap Fund,31-08-2026,portfolio,,Infosys Ltd.,INE009A01021,It - Software,19372450,219644.84,21964484000,2.738501913,,,,,,,,INF109K016L0_ICICI Prudential Large Cap Fund.xlsx,BLUECHIP,16,"[null, ""Infosys Ltd."", ""INE009A01021"", null, ""It - Software"", 19372450, 219644.84, 0.0273850191295, null, null, null, null, null]"
INF109K016L0,ICICI Prudential Large Cap Fund,31-08-2026,portfolio,,Life Insurance Corporation of India,INE0J1Y01017,Insurance,50070055,209292.83,20929283000,2.609434464,,,,,,,,INF109K016L0_ICICI Prudential Large Cap Fund.xlsx,BLUECHIP,17,"[null, ""Life Insurance Corporation of India"", ""INE0J1Y01017"", null, ""Insurance"", 50070055, 209292.83, 0.0260943446394, null, null, null, null, null]"
INF109K016L0,ICICI Prudential Large Cap Fund,31-08-2026,portfolio,,Kotak Mahindra Bank Ltd.,INE237A01036,Banks,47293906,198350.64,19835064000,2.473008731,,,,,,,,INF109K016L0_ICICI Prudential Large Cap Fund.xlsx,BLUECHIP,18,"[null, ""Kotak Mahindra Bank Ltd."", ""INE237A01036"", null, ""Banks"", 47293906, 198350.64, 0.0247300873116, null, null, null, null, null]"
INF109K016L0,ICICI Prudential Large Cap Fund,31-08-2026,portfolio,,Mahindra & Mahindra Ltd.,INE101A01026,Automobiles,6040087,198235.66,19823566000,2.471575176,,,,,,,,INF109K016L0_ICICI Prudential Large Cap Fund.xlsx,BLUECHIP,19,"[null, ""Mahindra & Mahindra Ltd."", ""INE101A01026"", null, ""Automobiles"", 6040087, 198235.66, 0.024715751762, null, null, null, null, null]"
INF109K016L0,ICICI Prudential Large Cap Fund,31-08-2026,portfolio,,Sun Pharmaceutical Industries Ltd.,INE044A01036,Pharmaceuticals & Biotechnology,9068753,179996.61,17999661000,2.244173188,,,,,,,,INF109K016L0_ICICI Prudential Large Cap Fund.xlsx,BLUECHIP,20,"[null, ""Sun Pharmaceutical Industries Ltd."", ""INE044A01036"", null, ""Pharmaceuticals & Biotechnology"", 9068753, 179996.61, 0.0224417318799, null, null, null, null, null]"
INF109K016L0,ICICI Prudential Large Cap Fund,31-08-2026,portfolio,,NTPC Ltd.,INE733E01010,Power,48904762,160114.19,16011419000,1.996281887,,,,,,,,INF109K016L0_ICICI Prudential Large Cap Fund.xlsx,BLUECHIP,21,"[null, ""NTPC Ltd."", ""INE733E01010"", null, ""Power"", 48904762, 160114.19, 0.0199628188673, null, null, null, null, null]"
INF109K016L0,ICICI Prudential Large Cap Fund,31-08-2026,portfolio,,Asian Paints Ltd.,INE021A01026,Consumer Durables,4672403,123986.89,12398689000,1.545851637,,,,,,,,INF109K016L0_ICICI Prudential Large Cap Fund.xlsx,BLUECHIP,22,"[null, ""Asian Paints Ltd."", ""INE021A01026"", null, ""Consumer Durables"", 4672403, 123986.89, 0.0154585163688, null, null, null, null, null]"
INF109K016L0,ICICI Prudential Large Cap Fund,31-08-2026,portfolio,,Tata Steel Ltd.,INE081A01020,Ferrous Metals,64923760,119686.95,11968695000,1.492240571,,,,,,,,INF109K016L0_ICICI Prudential Large Cap Fund.xlsx,BLUECHIP,23,"[null, ""Tata Steel Ltd."", ""INE081A01020"", null, ""Ferrous Metals"", 64923760, 119686.95, 0.0149224057132, null, null, null, null, null]"
INF109K016L0,ICICI Prudential Large Cap Fund,31-08-2026,portfolio,,State Bank Of India,INE062A01020,Banks,10638103,112763.89,11276389000,1.405924803,,,,,,,,INF109K016L0_ICICI Prudential Large Cap Fund.xlsx,BLUECHIP,24,"[null, ""State Bank Of India"", ""INE062A01020"", null, ""Banks"", 10638103, 112763.89, 0.0140592480332, null, null, null, null, null]"
INF109K016L0,ICICI Prudential Large Cap Fund,31-08-2026,portfolio,,Interglobe Aviation Ltd.,INE646L01027,Transport Services,2079636,108848.15,10884815000,1.357103891,,,,,,,,INF109K016L0_ICICI Prudential Large Cap Fund.xlsx,BLUECHIP,25,"[null, ""Interglobe Aviation Ltd."", ""INE646L01027"", null, ""Transport Services"", 2079636, 108848.15, 0.0135710389097, null, null, null, null, null]"
INF109K016L0,ICICI Prudential Large Cap Fund,31-08-2026,portfolio,,DLF Ltd.,INE271C01023,Realty,15286236,105635.53,10563553000,1.317049383,,,,,,,,INF109K016L0_ICICI Prudential Large Cap Fund.xlsx,BLUECHIP,26,"[null, ""DLF Ltd."", ""INE271C01023"", null, ""Realty"", 15286236, 105635.53, 0.013170493829, null, null, null, null, null]"
INF109K016L0,ICICI Prudential Large Cap Fund,31-08-2026,portfolio,,Avenue Supermarts Ltd.,INE192R01011,Retailing,2250209,87758.15,8775815000,1.094156647,,,,,,,,INF109K016L0_ICICI Prudential Large Cap Fund.xlsx,BLUECHIP,27,"[null, ""Avenue Supermarts Ltd."", ""INE192R01011"", null, ""Retailing"", 2250209, 87758.15, 0.0109415664694, null, null, null, null, null]"
INF109K016L0,ICICI Prudential Large Cap Fund,31-08-2026,portfolio,,HDFC Asset Management Company Ltd.,INE127D01025,Capital Markets,3321984,87105.74,8710574000,1.086022488,,,,,,,,INF109K016L0_ICICI Prudential Large Cap Fund.xlsx,BLUECHIP,28,"[null, ""HDFC Asset Management Company Ltd."", ""INE127D01025"", null, ""Capital Markets"", 3321984, 87105.74, 0.0108602248802, null, null, null, null, null]"
INF109K016L0,ICICI Prudential Large Cap Fund,31-08-2026,portfolio,,HDFC Life Insurance Company Ltd.,INE795G01014,Insurance,15865925,86207.5,8620750000,1.074823354,,,,,,,,INF109K016L0_ICICI Prudential Large Cap Fund.xlsx,BLUECHIP,29,"[null, ""HDFC Life Insurance Company Ltd."", ""INE795G01014"", null, ""Insurance"", 15865925, 86207.5, 0.0107482335419, null, null, null, null, null]"
INF109K016L0,ICICI Prudential Large Cap Fund,31-08-2026,portfolio,,Hindustan Aeronautics Ltd.,INE066F01020,Aerospace & Defense,1758387,84430.71,8443071000,1.052670579,,,,,,,,INF109K016L0_ICICI Prudential Large Cap Fund.xlsx,BLUECHIP,30,"[null, ""Hindustan Aeronautics Ltd."", ""INE066F01020"", null, ""Aerospace & Defense"", 1758387, 84430.71, 0.0105267057877, null, null, null, null, null]"
INF109K016L0,ICICI Prudential Large Cap Fund,31-08-2026,portfolio,,ICICI Prudential Life Insurance Company Ltd.,INE726G01019,Insurance,16298942,84273.68,8427368000,1.05071275,,,,,,,,INF109K016L0_ICICI Prudential Large Cap Fund.xlsx,BLUECHIP,31,"[null, ""ICICI Prudential Life Insurance Company Ltd."", ""INE726G01019"", null, ""Insurance"", 16298942, 84273.68, 0.0105071275014, null, null, null, null, null]"
INF109K016L0,ICICI Prudential Large Cap Fund,31-08-2026,portfolio,,Hero Motocorp Ltd.,INE158A01026,Automobiles,1472661,80260.02,8026002000,1.000670985,,,,,,,,INF109K016L0_ICICI Prudential Large Cap Fund.xlsx,BLUECHIP,32,"[null, ""Hero Motocorp Ltd."", ""INE158A01026"", null, ""Automobiles"", 1472661, 80260.02, 0.0100067098459, null, null, null, null, null]"
INF109K016L0,ICICI Prudential Large Cap Fund,31-08-2026,portfolio,,Oil & Natural Gas Corporation Ltd.,INE213A01029,Oil,33259679,77095.94,7709594000,0.961221667,,,,,,,,INF109K016L0_ICICI Prudential Large Cap Fund.xlsx,BLUECHIP,33,"[null, ""Oil & Natural Gas Corporation Ltd."", ""INE213A01029"", null, ""Oil"", 33259679, 77095.94, 0.0096122166662, null, null, null, null, null]"
INF109K016L0,ICICI Prudential Large Cap Fund,31-08-2026,portfolio,,Power Grid Corporation Of India Ltd.,INE752E01010,Power,28327135,74656.16,7465616000,0.930802822,,,,,,,,INF109K016L0_ICICI Prudential Large Cap Fund.xlsx,BLUECHIP,34,"[null, ""Power Grid Corporation Of India Ltd."", ""INE752E01010"", null, ""Power"", 28327135, 74656.16, 0.0093080282229, null, null, null, null, null]"
INF109K016L0,ICICI Prudential Large Cap Fund,31-08-2026,portfolio,,SBI Life Insurance Company Ltd.,INE123W01016,Insurance,4277841,74455.82,7445582000,0.92830501,,,,,,,,INF109K016L0_ICICI Prudential Large Cap Fund.xlsx,BLUECHIP,35,"[null, ""SBI Life Insurance Company Ltd."", ""INE123W01016"", null, ""Insurance"", 4277841, 74455.82, 0.0092830501049, null, null, null, null, null]"
INF109K016L0,ICICI Prudential Large Cap Fund,31-08-2026,portfolio,,Britannia Industries Ltd.,INE216A01030,Food Products,1395286,73252.52,7325252000,0.91330243,,,,,,,,INF109K016L0_ICICI Prudential Large Cap Fund.xlsx,BLUECHIP,36,"[null, ""Britannia Industries Ltd."", ""INE216A01030"", null, ""Food Products"", 1395286, 73252.52, 0.0091330243018, null, null, null, null, null]"
INF109K016L0,ICICI Prudential Large Cap Fund,31-08-2026,portfolio,,Dr. Reddy's Laboratories Ltd.,INE089A01031,Pharmaceuticals & Biotechnology,6297574,72699.19,7269919000,0.906403587,,,,,,,,INF109K016L0_ICICI Prudential Large Cap Fund.xlsx,BLUECHIP,37,"[null, ""Dr. Reddy's Laboratories Ltd."", ""INE089A01031"", null, ""Pharmaceuticals & Biotechnology"", 6297574, 72699.19, 0.0090640358719, null, null, null, null, null]"
INF109K016L0,ICICI Prudential Large Cap Fund,31-08-2026,portfolio,,United Spirits Ltd.,INE854D01024,Beverages,4714972,70253.08,7025308000,0.875905821,,,,,,,,INF109K016L0_ICICI Prudential Large Cap Fund.xlsx,BLUECHIP,38,"[null, ""United Spirits Ltd."", ""INE854D01024"", null, ""Beverages"", 4714972, 70253.08, 0.0087590582128, null, null, null, null, null]"
INF109K016L0,ICICI Prudential Large Cap Fund,31-08-2026,portfolio,,Hindustan Unilever Ltd.,INE030A01027,Diversified Fmcg,3476890,68404.33,6840433000,0.852855858,,,,,,,,INF109K016L0_ICICI Prudential Large Cap Fund.xlsx,BLUECHIP,39,"[null, ""Hindustan Unilever Ltd."", ""INE030A01027"", null, ""Diversified Fmcg"", 3476890, 68404.33, 0.0085285585839, null, null, null, null, null]"
INF109K016L0,ICICI Prudential Large Cap Fund,31-08-2026,portfolio,,Cummins India Ltd.,INE298A01020,Industrial Products,1250399,63832.87,6383287000,0.795859519,,,,,,,,INF109K016L0_ICICI Prudential Large Cap Fund.xlsx,BLUECHIP,40,"[null, ""Cummins India Ltd."", ""INE298A01020"", null, ""Industrial Products"", 1250399, 63832.87, 0.007958595185, null, null, null, null, null]"
INF109K016L0,ICICI Prudential Large Cap Fund,31-08-2026,portfolio,,ITC Ltd.,INE154A01025,Diversified Fmcg,24952881,63754.61,6375461000,0.794883783,,,,,,,,INF109K016L0_ICICI Prudential Large Cap Fund.xlsx,BLUECHIP,41,"[null, ""ITC Ltd."", ""INE154A01025"", null, ""Diversified Fmcg"", 24952881, 63754.61, 0.0079488378349, null, null, null, null, null]"
INF109K016L0,ICICI Prudential Large Cap Fund,31-08-2026,portfolio,,Hyundai Motor India Ltd.,INE0V6F01027,Automobiles,2861338,63092.5,6309250000,0.786628686,,,,,,,,INF109K016L0_ICICI Prudential Large Cap Fund.xlsx,BLUECHIP,42,"[null, ""Hyundai Motor India Ltd."", ""INE0V6F01027"", null, ""Automobiles"", 2861338, 63092.5, 0.007866286863, null, null, null, null, null]"
INF109K016L0,ICICI Prudential Large Cap Fund,31-08-2026,portfolio,,Siemens Ltd.,INE003A01024,Electrical Equipment,1443326,58166.04,5816604000,0.725206255,,,,,,,,INF109K016L0_ICICI Prudential Large Cap Fund.xlsx,BLUECHIP,43,"[null, ""Siemens Ltd."", ""INE003A01024"", null, ""Electrical Equipment"", 1443326, 58166.04, 0.0072520625482, null, null, null, null, null]"
INF109K016L0,ICICI Prudential Large Cap Fund,31-08-2026,portfolio,,Trent Ltd.,INE849A01020,Retailing,1984960,57164.86,5716486000,0.712723679,,,,,,,,INF109K016L0_ICICI Prudential Large Cap Fund.xlsx,BLUECHIP,44,"[null, ""Trent Ltd."", ""INE849A01020"", null, ""Retailing"", 1984960, 57164.86, 0.0071272367911, null, null, null, null, null]"
INF109K016L0,ICICI Prudential Large Cap Fund,31-08-2026,portfolio,,Tata Motors Ltd.,INE1TAE01010,"Agricultural, Commercial & Construction Vehicles",11939582,56247.37,5624737000,0.701284539,,,,,,,,INF109K016L0_ICICI Prudential Large Cap Fund.xlsx,BLUECHIP,45,"[null, ""Tata Motors Ltd."", ""INE1TAE01010"", null, ""Agricultural, Commercial & Construction Vehicles"", 11939582, 56247.37, 0.0070128453891, null, null, null, null, null]"
INF109K016L0,ICICI Prudential Large Cap Fund,31-08-2026,portfolio,,Vedanta Aluminium Metal Ltd.,INE1CDF01017,Non - Ferrous Metals,12790181,55656.47,5565647000,0.693917278,,,,,,,,INF109K016L0_ICICI Prudential Large Cap Fund.xlsx,BLUECHIP,46,"[null, ""Vedanta Aluminium Metal Ltd."", ""INE1CDF01017"", null, ""Non - Ferrous Metals"", 12790181, 55656.47, 0.0069391727829, null, null, null, null, null]"
INF109K016L0,ICICI Prudential Large Cap Fund,31-08-2026,portfolio,,Shree Cements Ltd.,INE070A01015,Cement & Cement Products,232629,53969.93,5396993000,0.672889728,,,,,,,,INF109K016L0_ICICI Prudential Large Cap Fund.xlsx,BLUECHIP,47,"[null, ""Shree Cements Ltd."", ""INE070A01015"", null, ""Cement & Cement Products"", 232629, 53969.93, 0.0067288972755, null, null, null, null, null]"
INF109K016L0,ICICI Prudential Large Cap Fund,31-08-2026,portfolio,,BSE Ltd.,INE118H01025,Capital Markets,1619026,53136.43,5313643000,0.662497763,,,,,,,,INF109K016L0_ICICI Prudential Large Cap Fund.xlsx,BLUECHIP,48,"[null, ""BSE Ltd."", ""INE118H01025"", null, ""Capital Markets"", 1619026, 53136.43, 0.0066249776321, null, null, null, null, null]"
INF109K016L0,ICICI Prudential Large Cap Fund,31-08-2026,portfolio,,MAX Healthcare Institute Ltd,INE027H01010,Healthcare Services,5022059,52334.88,5233488000,0.652504147,,,,,,,,INF109K016L0_ICICI Prudential Large Cap Fund.xlsx,BLUECHIP,49,"[null, ""MAX Healthcare Institute Ltd"", ""INE027H01010"", null, ""Healthcare Services"", 5022059, 52334.88, 0.0065250414712, null, null, null, null, null]"
INF109K016L0,ICICI Prudential Large Cap Fund,31-08-2026,portfolio,,Bharat Petroleum Corporation Ltd.,INE029A01011,Petroleum Products,15087750,48891.85,4889185000,0.609576919,,,,,,,,INF109K016L0_ICICI Prudential Large Cap Fund.xlsx,BLUECHIP,50,"[null, ""Bharat Petroleum Corporation Ltd."", ""INE029A01011"", null, ""Petroleum Products"", 15087750, 48891.85, 0.0060957691859, null, null, null, null, null]"
INF109K016L0,ICICI Prudential Large Cap Fund,31-08-2026,portfolio,,Info Edge (India) Ltd.,INE663F01032,Retailing,3670670,48195.9,4819590000,0.600899909,,,,,,,,INF109K016L0_ICICI Prudential Large Cap Fund.xlsx,BLUECHIP,51,"[null, ""Info Edge (India) Ltd."", ""INE663F01032"", null, ""Retailing"", 3670670, 48195.9, 0.006008999089, null, null, null, null, null]"
INF109K016L0,ICICI Prudential Large Cap Fund,31-08-2026,portfolio,,TVS Motor Company Ltd.,INE494B01023,Automobiles,1093587,47475.89,4747589000,0.591922922,,,,,,,,INF109K016L0_ICICI Prudential Large Cap Fund.xlsx,BLUECHIP,52,"[null, ""TVS Motor Company Ltd."", ""INE494B01023"", null, ""Automobiles"", 1093587, 47475.89, 0.005919229224, null, null, null, null, null]"
INF109K016L0,ICICI Prudential Large Cap Fund,31-08-2026,portfolio,,Container Corporation Of India Ltd.,INE111A01025,Transport Services,8493750,43479.51,4347951000,0.542096602,,,,,,,,INF109K016L0_ICICI Prudential Large Cap Fund.xlsx,BLUECHIP,53,"[null, ""Container Corporation Of India Ltd."", ""INE111A01025"", null, ""Transport Services"", 8493750, 43479.51, 0.0054209660153, null, null, null, null, null]"
INF109K016L0,ICICI Prudential Large Cap Fund,31-08-2026,portfolio,,Page Industries Ltd.,INE761H01022,Textiles & Apparels,120545,43155.11,4315511000,0.538052027,,,,,,,,INF109K016L0_ICICI Prudential Large Cap Fund.xlsx,BLUECHIP,54,"[null, ""Page Industries Ltd."", ""INE761H01022"", null, ""Textiles & Apparels"", 120545, 43155.11, 0.0053805202657, null, null, null, null, null]"
INF109K016L0,ICICI Prudential Large Cap Fund,31-08-2026,portfolio,,Tech Mahindra Ltd.,INE669C01036,It - Software,2551468,41537.9,4153790000,0.517888873,,,,,,,,INF109K016L0_ICICI Prudential Large Cap Fund.xlsx,BLUECHIP,55,"[null, ""Tech Mahindra Ltd."", ""INE669C01036"", null, ""It - Software"", 2551468, 41537.9, 0.0051788887282, null, null, null, null, null]"
INF109K016L0,ICICI Prudential Large Cap Fund,31-08-2026,portfolio,,Eicher Motors Ltd.,INE066A01021,Automobiles,509157,40495.8,4049580000,0.504896112,,,,,,,,INF109K016L0_ICICI Prudential Large Cap Fund.xlsx,BLUECHIP,56,"[null, ""Eicher Motors Ltd."", ""INE066A01021"", null, ""Automobiles"", 509157, 40495.8, 0.0050489611213, null, null, null, null, null]"
INF109K016L0,ICICI Prudential Large Cap Fund,31-08-2026,portfolio,,Eternal Ltd.,INE758T01015,Retailing,12183034,39972.53,3997253000,0.498372053,,,,,,,,INF109K016L0_ICICI Prudential Large Cap Fund.xlsx,BLUECHIP,57,"[null, ""Eternal Ltd."", ""INE758T01015"", null, ""Retailing"", 12183034, 39972.53, 0.0049837205313, null, null, null, null, null]"
INF109K016L0,ICICI Prudential Large Cap Fund,31-08-2026,portfolio,,ICICI Lombard General Insurance Company Ltd.,INE765G01017,Insurance,2522182,39520.07,3952007000,0.492730844,,,,,,,,INF109K016L0_ICICI Prudential Large Cap Fund.xlsx,BLUECHIP,58,"[null, ""ICICI Lombard General Insurance Company Ltd."", ""INE765G01017"", null, ""Insurance"", 2522182, 39520.07, 0.0049273084355, null, null, null, null, null]"
INF109K016L0,ICICI Prudential Large Cap Fund,31-08-2026,portfolio,,Swiggy Ltd,INE00H001014,Retailing,13995585,39453.55,3945355000,0.491901481,,,,,,,,INF109K016L0_ICICI Prudential Large Cap Fund.xlsx,BLUECHIP,59,"[null, ""Swiggy Ltd"", ""INE00H001014"", null, ""Retailing"", 13995585, 39453.55, 0.0049190148126, null, null, null, null, null]"
INF109K016L0,ICICI Prudential Large Cap Fund,31-08-2026,portfolio,,Tata Motors Passenger Vehicles Ltd.,INE155A01022,Automobiles,11862330,36636.81,3663681000,0.456782751,,,,,,,,INF109K016L0_ICICI Prudential Large Cap Fund.xlsx,BLUECHIP,60,"[null, ""Tata Motors Passenger Vehicles Ltd."", ""INE155A01022"", null, ""Automobiles"", 11862330, 36636.81, 0.0045678275105, null, null, null, null, null]"
INF109K016L0,ICICI Prudential Large Cap Fund,31-08-2026,portfolio,,Godrej Consumer Products Ltd.,INE102D01028,Personal Products,3976435,35839.61,3583961000,0.44684337,,,,,,,,INF109K016L0_ICICI Prudential Large Cap Fund.xlsx,BLUECHIP,61,"[null, ""Godrej Consumer Products Ltd."", ""INE102D01028"", null, ""Personal Products"", 3976435, 35839.61, 0.0044684337016, null, null, null, null, null]"
INF109K016L0,ICICI Prudential Large Cap Fund,31-08-2026,portfolio,,Procter & Gamble Hygiene and Health Care Ltd.,INE179A01014,Personal Products,444037,35431.93,3543193000,0.441760472,,,,,,,,INF109K016L0_ICICI Prudential Large Cap Fund.xlsx,BLUECHIP,62,"[null, ""Procter & Gamble Hygiene and Health Care Ltd."", ""INE179A01014"", null, ""Personal Products"", 444037, 35431.93, 0.0044176047151, null, null, null, null, null]"
INF109K016L0,ICICI Prudential Large Cap Fund,31-08-2026,portfolio,,Havells India Ltd.,INE176B01034,Consumer Durables,2773321,34502.89,3450289000,0.430177327,,,,,,,,INF109K016L0_ICICI Prudential Large Cap Fund.xlsx,BLUECHIP,63,"[null, ""Havells India Ltd."", ""INE176B01034"", null, ""Consumer Durables"", 2773321, 34502.89, 0.0043017732748, null, null, null, null, null]"
INF109K016L0,ICICI Prudential Large Cap Fund,31-08-2026,portfolio,,Titan Company Ltd.,INE280A01028,Consumer Durables,637522,32528.92,3252892000,0.405566139,,,,,,,,INF109K016L0_ICICI Prudential Large Cap Fund.xlsx,BLUECHIP,64,"[null, ""Titan Company Ltd."", ""INE280A01028"", null, ""Consumer Durables"", 637522, 32528.92, 0.0040556613871, null, null, null, null, null]"
INF109K016L0,ICICI Prudential Large Cap Fund,31-08-2026,portfolio,,Biocon Ltd.,INE376G01013,Pharmaceuticals & Biotechnology,7380605,30408.09,3040809000,0.379123919,,,,,,,,INF109K016L0_ICICI Prudential Large Cap Fund.xlsx,BLUECHIP,65,"[null, ""Biocon Ltd."", ""INE376G01013"", null, ""Pharmaceuticals & Biotechnology"", 7380605, 30408.09, 0.0037912391947, null, null, null, null, null]"
INF109K016L0,ICICI Prudential Large Cap Fund,31-08-2026,portfolio,,Zydus Lifesciences Ltd.,INE010B01027,Pharmaceuticals & Biotechnology,2481016,28812.04,2881204000,0.359224586,,,,,,,,INF109K016L0_ICICI Prudential Large Cap Fund.xlsx,BLUECHIP,66,"[null, ""Zydus Lifesciences Ltd."", ""INE010B01027"", null, ""Pharmaceuticals & Biotechnology"", 2481016, 28812.04, 0.0035922458572, null, null, null, null, null]"
INF109K016L0,ICICI Prudential Large Cap Fund,31-08-2026,portfolio,,NHPC Ltd.,INE848E01016,Power,36774826,28213.65,2821365000,0.351763941,,,,,,,,INF109K016L0_ICICI Prudential Large Cap Fund.xlsx,BLUECHIP,67,"[null, ""NHPC Ltd."", ""INE848E01016"", null, ""Power"", 36774826, 28213.65, 0.003517639408, null, null, null, null, null]"
INF109K016L0,ICICI Prudential Large Cap Fund,31-08-2026,portfolio,,Adani Enterprises Ltd.,INE423A01024,Metals & Minerals Trading,889865,25442.13,2544213000,0.317209007,,,,,,,,INF109K016L0_ICICI Prudential Large Cap Fund.xlsx,BLUECHIP,68,"[null, ""Adani Enterprises Ltd."", ""INE423A01024"", null, ""Metals & Minerals Trading"", 889865, 25442.13, 0.0031720900738, null, null, null, null, null]"
INF109K016L0,ICICI Prudential Large Cap Fund,31-08-2026,portfolio,,Cipla Ltd.,INE059A01026,Pharmaceuticals & Biotechnology,1791007,25238.87,2523887000,0.314674789,,,,,,,,INF109K016L0_ICICI Prudential Large Cap Fund.xlsx,BLUECHIP,69,"[null, ""Cipla Ltd."", ""INE059A01026"", null, ""Pharmaceuticals & Biotechnology"", 1791007, 25238.87, 0.0031467478942, null, null, null, null, null]"
INF109K016L0,ICICI Prudential Large Cap Fund,31-08-2026,portfolio,,ITC Hotels Ltd,INE379A01028,Leisure Services,14797369,23689.11,2368911000,0.295352593,,,,,,,,INF109K016L0_ICICI Prudential Large Cap Fund.xlsx,BLUECHIP,70,"[null, ""ITC Hotels Ltd"", ""INE379A01028"", null, ""Leisure Services"", 14797369, 23689.11, 0.0029535259308, null, null, null, null, null]"
INF109K016L0,ICICI Prudential Large Cap Fund,31-08-2026,portfolio,,Bank Of Baroda,INE028A01039,Banks,9775000,23323.15,2332315000,0.290789854,,,,,,,,INF109K016L0_ICICI Prudential Large Cap Fund.xlsx,BLUECHIP,71,"[null, ""Bank Of Baroda"", ""INE028A01039"", null, ""Banks"", 9775000, 23323.15, 0.002907898537, null, null, null, null, null]"
INF109K016L0,ICICI Prudential Large Cap Fund,31-08-2026,portfolio,,United Breweries Ltd.,INE686F01025,Beverages,1739694,22763.9,2276390000,0.283817201,,,,,,,,INF109K016L0_ICICI Prudential Large Cap Fund.xlsx,BLUECHIP,72,"[null, ""United Breweries Ltd."", ""INE686F01025"", null, ""Beverages"", 1739694, 22763.9, 0.0028381720097, null, null, null, null, null]"
INF109K016L0,ICICI Prudential Large Cap Fund,31-08-2026,portfolio,,Grasim Industries Ltd.,INE047A01021,Cement & Cement Products,629849,21232.21,2123221000,0.264720299,,,,,,,,INF109K016L0_ICICI Prudential Large Cap Fund.xlsx,BLUECHIP,73,"[null, ""Grasim Industries Ltd."", ""INE047A01021"", null, ""Cement & Cement Products"", 629849, 21232.21, 0.0026472029892, null, null, null, null, null]"
INF109K016L0,ICICI Prudential Large Cap Fund,31-08-2026,portfolio,,ABB India Ltd.,INE117A01022,Electrical Equipment,256046,19558.07,1955807000,0.24384735,,,,,,,,INF109K016L0_ICICI Prudential Large Cap Fund.xlsx,BLUECHIP,74,"[null, ""ABB India Ltd."", ""INE117A01022"", null, ""Electrical Equipment"", 256046, 19558.07, 0.0024384734969, null, null, null, null, null]"
INF109K016L0,ICICI Prudential Large Cap Fund,31-08-2026,portfolio,,Bajaj Finserv Ltd.,INE918I01026,Finance,964495,19492.44,1949244000,0.243029084,,,,,,,,INF109K016L0_ICICI Prudential Large Cap Fund.xlsx,BLUECHIP,75,"[null, ""Bajaj Finserv Ltd."", ""INE918I01026"", null, ""Finance"", 964495, 19492.44, 0.002430290838, null, null, null, null, null]"
INF109K016L0,ICICI Prudential Large Cap Fund,31-08-2026,portfolio,,Supreme Industries Ltd.,INE195A01028,Industrial Products,452625,16108.92,1610892000,0.200843818,,,,,,,,INF109K016L0_ICICI Prudential Large Cap Fund.xlsx,BLUECHIP,76,"[null, ""Supreme Industries Ltd."", ""INE195A01028"", null, ""Industrial Products"", 452625, 16108.92, 0.0020084381784, null, null, null, null, null]"
INF109K016L0,ICICI Prudential Large Cap Fund,31-08-2026,portfolio,,Ge Vernova T&D India Ltd.,INE200A01026,Electrical Equipment,357465,15890.03,1589003000,0.198114727,,,,,,,,INF109K016L0_ICICI Prudential Large Cap Fund.xlsx,BLUECHIP,77,"[null, ""Ge Vernova T&D India Ltd."", ""INE200A01026"", null, ""Electrical Equipment"", 357465, 15890.03, 0.0019811472717, null, null, null, null, null]"
INF109K016L0,ICICI Prudential Large Cap Fund,31-08-2026,portfolio,,Jindal Steel Ltd.,INE749A01030,Ferrous Metals,1298381,15488.39,1548839000,0.193107134,,,,,,,,INF109K016L0_ICICI Prudential Large Cap Fund.xlsx,BLUECHIP,78,"[null, ""Jindal Steel Ltd."", ""INE749A01030"", null, ""Ferrous Metals"", 1298381, 15488.39, 0.0019310713442, null, null, null, null, null]"
INF109K016L0,ICICI Prudential Large Cap Fund,31-08-2026,portfolio,,HCL Technologies Ltd.,INE860A01027,It - Software,1164466,15280.12,1528012000,0.190510452,,,,,,,,INF109K016L0_ICICI Prudential Large Cap Fund.xlsx,BLUECHIP,79,"[null, ""HCL Technologies Ltd."", ""INE860A01027"", null, ""It - Software"", 1164466, 15280.12, 0.0019051045246, null, null, null, null, null]"
INF109K016L0,ICICI Prudential Large Cap Fund,31-08-2026,portfolio,,Tata Power Company Ltd.,INE245A01021,Power,4364811,15145.89,1514589000,0.188836891,,,,,,,,INF109K016L0_ICICI Prudential Large Cap Fund.xlsx,BLUECHIP,80,"[null, ""Tata Power Company Ltd."", ""INE245A01021"", null, ""Power"", 4364811, 15145.89, 0.0018883689113, null, null, null, null, null]"
INF109K016L0,ICICI Prudential Large Cap Fund,31-08-2026,portfolio,,Hindalco Industries Ltd.,INE038A01020,Non - Ferrous Metals,1350000,13708.58,1370858000,0.170916706,,,,,,,,INF109K016L0_ICICI Prudential Large Cap Fund.xlsx,BLUECHIP,81,"[null, ""Hindalco Industries Ltd."", ""INE038A01020"", null, ""Non - Ferrous Metals"", 1350000, 13708.58, 0.0017091670605, null, null, null, null, null]"
INF109K016L0,ICICI Prudential Large Cap Fund,31-08-2026,portfolio,,Lupin Ltd.,INE326A01037,Pharmaceuticals & Biotechnology,617817,13520.31,1352031000,0.168569381,,,,,,,,INF109K016L0_ICICI Prudential Large Cap Fund.xlsx,BLUECHIP,82,"[null, ""Lupin Ltd."", ""INE326A01037"", null, ""Pharmaceuticals & Biotechnology"", 617817, 13520.31, 0.0016856938136, null, null, null, null, null]"
INF109K016L0,ICICI Prudential Large Cap Fund,31-08-2026,portfolio,,Bharat Electronics Ltd.,INE263A01024,Aerospace & Defense,2422500,10040.05,1004005000,0.125177974,,,,,,,,INF109K016L0_ICICI Prudential Large Cap Fund.xlsx,BLUECHIP,83,"[null, ""Bharat Electronics Ltd."", ""INE263A01024"", null, ""Aerospace & Defense"", 2422500, 10040.05, 0.0012517797427, null, null, null, null, null]"
INF109K016L0,ICICI Prudential Large Cap Fund,31-08-2026,portfolio,,Wipro Ltd.,INE075A01022,It - Software,4666573,8609.83,860983000,0.107346186,,,,,,,,INF109K016L0_ICICI Prudential Large Cap Fund.xlsx,BLUECHIP,84,"[null, ""Wipro Ltd."", ""INE075A01022"", null, ""It - Software"", 4666573, 8609.83, 0.0010734618634, null, null, null, null, null]"
INF109K016L0,ICICI Prudential Large Cap Fund,31-08-2026,portfolio,,Apollo Hospitals Enterprise Ltd.,INE437A01024,Healthcare Services,72144,6419.73,641973000,0.080040318,,,,,,,,INF109K016L0_ICICI Prudential Large Cap Fund.xlsx,BLUECHIP,85,"[null, ""Apollo Hospitals Enterprise Ltd."", ""INE437A01024"", null, ""Healthcare Services"", 72144, 6419.73, 0.000800403182, null, null, null, null, null]"
INF109K016L0,ICICI Prudential Large Cap Fund,31-08-2026,portfolio,,Oil India Ltd.,INE274J01014,Oil,1307859,6318.92,631892000,0.078783433,,,,,,,,INF109K016L0_ICICI Prudential Large Cap Fund.xlsx,BLUECHIP,86,"[null, ""Oil India Ltd."", ""INE274J01014"", null, ""Oil"", 1307859, 6318.92, 0.0007878343287, null, null, null, null, null]"
INF109K016L0,ICICI Prudential Large Cap Fund,31-08-2026,portfolio,,Hexaware Technologies Ltd.,INE093A01041,It - Software,1078483,5982.88,598288000,0.074593732,,,,,,,,INF109K016L0_ICICI Prudential Large Cap Fund.xlsx,BLUECHIP,87,"[null, ""Hexaware Technologies Ltd."", ""INE093A01041"", null, ""It - Software"", 1078483, 5982.88, 0.0007459373197, null, null, null, null, null]"
INF109K016L0,ICICI Prudential Large Cap Fund,31-08-2026,portfolio,,Adani Ports and Special Economic Zone Ltd.,INE742F01042,Transport Infrastructure,300000,4779.3,477930000,0.059587661,,,,,,,,INF109K016L0_ICICI Prudential Large Cap Fund.xlsx,BLUECHIP,88,"[null, ""Adani Ports and Special Economic Zone Ltd."", ""INE742F01042"", null, ""Transport Infrastructure"", 300000, 4779.3, 0.0005958766066, null, null, null, null, null]"
INF109K016L0,ICICI Prudential Large Cap Fund,31-08-2026,portfolio,,Gmr Airports Ltd.,INE776C01039,Transport Infrastructure,5000000,4681.5,468150000,0.058368304,,,,,,,,INF109K016L0_ICICI Prudential Large Cap Fund.xlsx,BLUECHIP,89,"[null, ""Gmr Airports Ltd."", ""INE776C01039"", null, ""Transport Infrastructure"", 5000000, 4681.5, 0.000583683036, null, null, null, null, null]"
INF109K016L0,ICICI Prudential Large Cap Fund,31-08-2026,portfolio,,National Aluminium Company Ltd.,INE139A01034,Non - Ferrous Metals,1125000,4291.88,429188000,0.053510575,,,,,,,,INF109K016L0_ICICI Prudential Large Cap Fund.xlsx,BLUECHIP,90,"[null, ""National Aluminium Company Ltd."", ""INE139A01034"", null, ""Non - Ferrous Metals"", 1125000, 4291.88, 0.0005351057457, null, null, null, null, null]"
INF109K016L0,ICICI Prudential Large Cap Fund,31-08-2026,portfolio,,The Indian Hotels Company Ltd.,INE053A01029,Leisure Services,441659,3259,325900000,0.040632768,,,,,,,,INF109K016L0_ICICI Prudential Large Cap Fund.xlsx,BLUECHIP,91,"[null, ""The Indian Hotels Company Ltd."", ""INE053A01029"", null, ""Leisure Services"", 441659, 3259, 0.0004063276758, null, null, null, null, null]"
INF109K016L0,ICICI Prudential Large Cap Fund,31-08-2026,portfolio,,Unlisted,,,,,,,,,,,,,,INF109K016L0_ICICI Prudential Large Cap Fund.xlsx,BLUECHIP,93,"[null, ""Unlisted"", null, null, null, null, ""Nil"", ""Nil"", null, null, null, null, null]"
INF109K016L0,ICICI Prudential Large Cap Fund,31-08-2026,portfolio,,Debt Instruments,,,,107.39,10739000,,,,,,,,,INF109K016L0_ICICI Prudential Large Cap Fund.xlsx,BLUECHIP,95,"[null, ""Debt Instruments"", null, null, null, null, 107.39, ""^"", null, null, null, null, null]"
INF109K016L0,ICICI Prudential Large Cap Fund,31-08-2026,portfolio,,Listed / Awaiting Listing On Stock Exchanges,,,,,,,,,,,,,,INF109K016L0_ICICI Prudential Large Cap Fund.xlsx,BLUECHIP,97,"[null, ""Listed / Awaiting Listing On Stock Exchanges"", null, null, null, null, ""Nil"", ""Nil"", null, null, null, null, null]"
INF109K016L0,ICICI Prudential Large Cap Fund,31-08-2026,portfolio,,Securitized Debt Instruments,,,,,,,,,,,,,,INF109K016L0_ICICI Prudential Large Cap Fund.xlsx,BLUECHIP,99,"[null, ""Securitized Debt Instruments"", null, null, null, null, ""Nil"", ""Nil"", null, null, null, null, null]"
INF109K016L0,ICICI Prudential Large Cap Fund,31-08-2026,portfolio,,Privately Placed/Unlisted,,,,107.39,10739000,,,,,,,,,INF109K016L0_ICICI Prudential Large Cap Fund.xlsx,BLUECHIP,101,"[null, ""Privately Placed/Unlisted"", null, null, null, null, 107.39, ""^"", null, null, null, null, null]"
INF109K016L0,ICICI Prudential Large Cap Fund,31-08-2026,portfolio,Non Convertible Preference Shares,TVS Motor Company Ltd.,INE494B04019,CARE A1+,1073928,107.39,10739000,,,,,,,,,INF109K016L0_ICICI Prudential Large Cap Fund.xlsx,BLUECHIP,103,"[null, ""TVS Motor Company Ltd."", ""INE494B04019"", null, ""CARE A1+"", 1073928, 107.39, ""^"", null, null, null, null, null]"
INF109K016L0,ICICI Prudential Large Cap Fund,31-08-2026,portfolio,Non Convertible Preference Shares,Term Deposits,,,,,,,,,,,,,,INF109K016L0_ICICI Prudential Large Cap Fund.xlsx,BLUECHIP,105,"[null, ""Term Deposits"", null, null, null, null, ""Nil"", ""Nil"", null, null, null, null, null]"
INF109K016L0,ICICI Prudential Large Cap Fund,31-08-2026,portfolio,Non Convertible Preference Shares,Deposits (maturity not exceeding 91 days),,,,,,,,,,,,,,INF109K016L0_ICICI Prudential Large Cap Fund.xlsx,BLUECHIP,107,"[null, ""Deposits (maturity not exceeding 91 days)"", null, null, null, null, ""Nil"", ""Nil"", null, null, null, null, null]"
INF109K016L0,ICICI Prudential Large Cap Fund,31-08-2026,portfolio,Non Convertible Preference Shares,Deposits (Placed as Margin),,,,,,,,,,,,,,INF109K016L0_ICICI Prudential Large Cap Fund.xlsx,BLUECHIP,109,"[null, ""Deposits (Placed as Margin)"", null, null, null, null, ""Nil"", ""Nil"", null, null, null, null, null]"
INF109K016L0,ICICI Prudential Large Cap Fund,31-08-2026,portfolio,Non Convertible Preference Shares,Money Market Instruments,,,,101132.94,10113294000,1.260911705,,,,,,,,INF109K016L0_ICICI Prudential Large Cap Fund.xlsx,BLUECHIP,111,"[null, ""Money Market Instruments"", null, null, null, null, 101132.94, 0.0126091170476, null, null, null, null, null]"
INF109K016L0,ICICI Prudential Large Cap Fund,31-08-2026,portfolio,Non Convertible Preference Shares,Certificate of Deposits,,,,,,,,,,,,,,INF109K016L0_ICICI Prudential Large Cap Fund.xlsx,BLUECHIP,113,"[null, ""Certificate of Deposits"", null, null, null, null, ""Nil"", ""Nil"", null, null, null, null, null]"
INF109K016L0,ICICI Prudential Large Cap Fund,31-08-2026,portfolio,Non Convertible Preference Shares,Commercial Papers,,,,39945.56,3994556000,0.498035795,,,,,,,,INF109K016L0_ICICI Prudential Large Cap Fund.xlsx,BLUECHIP,115,"[null, ""Commercial Papers"", null, null, null, null, 39945.56, 0.0049803579484, null, null, null, null, null]"
INF109K016L0,ICICI Prudential Large Cap Fund,31-08-2026,portfolio,Non Convertible Preference Shares,Reliance Retail Ventures Ltd **,INE929O14FB3,CRISIL A1+,5000,24970.68,2497068000,0.311331033,,,,,,,,INF109K016L0_ICICI Prudential Large Cap Fund.xlsx,BLUECHIP,116,"[null, ""Reliance Retail Ventures Ltd **"", ""INE929O14FB3"", null, ""CRISIL A1+"", 5000, 24970.68, 0.0031133103307, 6.13, null, null, null, null]"
INF109K016L0,ICICI Prudential Large Cap Fund,31-08-2026,portfolio,Non Convertible Preference Shares,Reliance Retail Ventures Ltd **,INE929O14FC1,CRISIL A1+,3000,14974.88,1497488000,0.186704762,,,,,,,,INF109K016L0_ICICI Prudential Large Cap Fund.xlsx,BLUECHIP,117,"[null, ""Reliance Retail Ventures Ltd **"", ""INE929O14FC1"", null, ""CRISIL A1+"", 3000, 14974.88, 0.0018670476177, 6.13, null, null, null, null]"
INF109K016L0,ICICI Prudential Large Cap Fund,31-08-2026,portfolio,Non Convertible Preference Shares,Treasury Bills,,,,61187.38,6118738000,0.76287591,,,,,,,,INF109K016L0_ICICI Prudential Large Cap Fund.xlsx,BLUECHIP,119,"[null, ""Treasury Bills"", null, null, null, null, 61187.380000000005, 0.0076287590992, null, null, null, null, null]"
INF109K016L0,ICICI Prudential Large Cap Fund,31-08-2026,portfolio,Non Convertible Preference Shares,91 Days Treasury Bills,IN002026X131,SOV,50000000,49790.9,4979090000,0.620786151,,,,,,,,INF109K016L0_ICICI Prudential Large Cap Fund.xlsx,BLUECHIP,120,"[null, ""91 Days Treasury Bills"", ""IN002026X131"", null, ""SOV"", 50000000, 49790.9, 0.0062078615139, 5.11, null, null, null, null]"
INF109K016L0,ICICI Prudential Large Cap Fund,31-08-2026,portfolio,Non Convertible Preference Shares,91 Days Treasury Bills,IN002026X180,SOV,10000000,9907.45,990745000,0.123524736,,,,,,,,INF109K016L0_ICICI Prudential Large Cap Fund.xlsx,BLUECHIP,121,"[null, ""91 Days Treasury Bills"", ""IN002026X180"", null, ""SOV"", 10000000, 9907.45, 0.0012352473555, 5.25, null, null, null, null]"
INF109K016L0,ICICI Prudential Large Cap Fund,31-08-2026,portfolio,Non Convertible Preference Shares,364 Days Treasury Bills,IN002025Z302,SOV,1500000,1489.03,148903000,0.018565023,,,,,,,,INF109K016L0_ICICI Prudential Large Cap Fund.xlsx,BLUECHIP,122,"[null, ""364 Days Treasury Bills"", ""IN002025Z302"", null, ""SOV"", 1500000, 1489.03, 0.0001856502298, 5.17, null, null, null, null]"
INF109K016L0,ICICI Prudential Large Cap Fund,31-08-2026,portfolio,Non Convertible Preference Shares,Units of Real Estate Investment Trust (REITs),,,,,,,,,,,,,,INF109K016L0_ICICI Prudential Large Cap Fund.xlsx,BLUECHIP,124,"[null, ""Units of Real Estate Investment Trust (REITs)"", null, null, null, null, ""Nil"", ""Nil"", null, null, null, null, null]"
INF109K016L0,ICICI Prudential Large Cap Fund,31-08-2026,portfolio,Non Convertible Preference Shares,Units of an Alternative Investment Fund (AIF),,,,,,,,,,,,,,INF109K016L0_ICICI Prudential Large Cap Fund.xlsx,BLUECHIP,126,"[null, ""Units of an Alternative Investment Fund (AIF)"", null, null, null, null, ""Nil"", ""Nil"", null, null, null, null, null]"
INF109K016L0,ICICI Prudential Large Cap Fund,31-08-2026,portfolio,Non Convertible Preference Shares,TREPS,,,,281068.6,28106860000,3.504324977,,,,,,,,INF109K016L0_ICICI Prudential Large Cap Fund.xlsx,BLUECHIP,128,"[null, ""TREPS"", null, null, null, null, 281068.6, 0.035043249765, null, null, null, null, null]"
INF109K016L0,ICICI Prudential Large Cap Fund,31-08-2026,portfolio,Non Convertible Preference Shares,Others,,,,11535.44187,1153544187,0.143822316,,,,,,,,INF109K016L0_ICICI Prudential Large Cap Fund.xlsx,BLUECHIP,130,"[null, ""Others"", null, null, null, null, 11535.4418668, 0.0014382231614, null, null, null, null, null]"
INF109K016L0,ICICI Prudential Large Cap Fund,31-08-2026,portfolio,Non Convertible Preference Shares,Cash Margin - Derivatives,,,,11535.44187,1153544187,0.143822316,,,,,,,,INF109K016L0_ICICI Prudential Large Cap Fund.xlsx,BLUECHIP,131,"[null, ""Cash Margin - Derivatives"", null, null, null, null, 11535.4418668, 0.0014382231614, null, null, null, null, null]"
INF109K016L0,ICICI Prudential Large Cap Fund,31-08-2026,portfolio,Non Convertible Preference Shares,Net Current Assets,,,,-14664.45452,-1466445452,-0.182834419,,,,,,,,INF109K016L0_ICICI Prudential Large Cap Fund.xlsx,BLUECHIP,133,"[null, ""Net Current Assets"", null, null, null, null, -14664.45451613143, -0.0018283441916903558, null, null, null, null, null]"
INF109K016L0,ICICI Prudential Large Cap Fund,31-08-2026,portfolio,Non Convertible Preference Shares,Total Net Assets,,,,8020620.287,8.02062E+11,100,,,,,,,,INF109K016L0_ICICI Prudential Large Cap Fund.xlsx,BLUECHIP,134,"[null, ""Total Net Assets"", null, null, null, null, 8020620.28735067, 0.9999999999954096, null, null, null, null, null]"
INF109K016L0,ICICI Prudential Large Cap Fund,31-08-2026,portfolio,Details of Stock Future / Index Future,Company/Issuer/Instrument Name,ISIN,Industry/Rating,,,,,,,,,,,,INF109K016L0_ICICI Prudential Large Cap Fund.xlsx,BLUECHIP,137,"[null, ""Company/Issuer/Instrument Name"", ""ISIN"", ""Coupon"", ""Industry/Rating"", ""Quantity"", ""Exposure/Market Value(Rs.Lakh)"", ""% to Nav"", null, null, null, null, null]"
INF109K016L0,ICICI Prudential Large Cap Fund,31-08-2026,portfolio,Stock / Index Futures,Hindalco Industries Ltd. $$,,Non - Ferrous Metals,1540000,15802.71,1580271000,0.197026033,,,,,,,,INF109K016L0_ICICI Prudential Large Cap Fund.xlsx,BLUECHIP,139,"[null, ""Hindalco Industries Ltd. $$"", null, null, ""Non - Ferrous Metals"", 1540000, 15802.71, 0.0019702603332, null, null, null, null, null]"
INF109K016L0,ICICI Prudential Large Cap Fund,31-08-2026,portfolio,Stock / Index Futures,Kotak Mahindra Bank Ltd. $$,,Banks,2000000,8535,853500000,0.106413216,,,,,,,,INF109K016L0_ICICI Prudential Large Cap Fund.xlsx,BLUECHIP,140,"[null, ""Kotak Mahindra Bank Ltd. $$"", null, null, ""Banks"", 2000000, 8535, 0.0010641321611, null, null, null, null, null]"
INF109K016L0,ICICI Prudential Large Cap Fund,31-08-2026,portfolio,Stock / Index Futures,Bharat Electronics Ltd. $$,,Aerospace & Defense,1812600,7522.29,752229000,0.093786886,,,,,,,,INF109K016L0_ICICI Prudential Large Cap Fund.xlsx,BLUECHIP,141,"[null, ""Bharat Electronics Ltd. $$"", null, null, ""Aerospace & Defense"", 1812600, 7522.29, 0.0009378688593, null, null, null, null, null]"
INF109K016L0,ICICI Prudential Large Cap Fund,31-08-2026,portfolio,Stock / Index Futures,Jindal Steel Ltd. $$,,Ferrous Metals,561875,6573.94,657394000,0.081962987,,,,,,,,INF109K016L0_ICICI Prudential Large Cap Fund.xlsx,BLUECHIP,142,"[null, ""Jindal Steel Ltd. $$"", null, null, ""Ferrous Metals"", 561875, 6573.94, 0.0008196298745, null, null, null, null, null]"
INF109K016L0,ICICI Prudential Large Cap Fund,31-08-2026,portfolio,Stock / Index Futures,Trent Ltd. $$,,Retailing,5625,163.5,16350000,,,,,,,,,INF109K016L0_ICICI Prudential Large Cap Fund.xlsx,BLUECHIP,143,"[null, ""Trent Ltd. $$"", null, null, ""Retailing"", 5625, 163.5, ""^"", null, null, null, null, null]"
INF109K016L0,ICICI Prudential Large Cap Fund,31-08-2026,portfolio,Stock / Index Futures,Swiggy Ltd. $$,,Retailing,3650,10.23,1023000,,,,,,,,,INF109K016L0_ICICI Prudential Large Cap Fund.xlsx,BLUECHIP,144,"[null, ""Swiggy Ltd. $$"", null, null, ""Retailing"", 3650, 10.23, ""^"", null, null, null, null, null]"
INF109K016L0,ICICI Prudential Large Cap Fund,31-08-2026,portfolio,Stock / Index Futures,Hero Motocorp Ltd. $$,,Automobiles,-201900,-11298.32,-1129832000,-0.140865913,,,,,,,,INF109K016L0_ICICI Prudential Large Cap Fund.xlsx,BLUECHIP,145,"[null, ""Hero Motocorp Ltd. $$"", null, null, ""Automobiles"", -201900, -11298.32, -0.0014086591304, null, null, null, null, null]"
INF109K016L0,ICICI Prudential Large Cap Fund,31-08-2026,portfolio,Notes,"1. Details of security in default beyond its maturity date and its % to NAV as on Aug 31,2026",Nil,,,,,,,,,,,,,INF109K016L0_ICICI Prudential Large Cap Fund.xlsx,BLUECHIP,154,"[null, ""1. Details of security in default beyond its maturity date and its % to NAV as on Aug 31,2026"", ""Nil"", null, null, null, null, null, null, null, null, null, null]"
INF109K016L0,ICICI Prudential Large Cap Fund,31-08-2026,portfolio,Notes,2. Total Value and Percentage of Non Traded/Unlisted/Unquoted/Illiquid shares,Nil,,,,,,,,,,,,,INF109K016L0_ICICI Prudential Large Cap Fund.xlsx,BLUECHIP,155,"[null, ""2. Total Value and Percentage of Non Traded/Unlisted/Unquoted/Illiquid shares"", ""Nil"", null, null, null, null, null, null, null, null, null, null]"
INF109K016L0,ICICI Prudential Large Cap Fund,31-08-2026,portfolio,3. ICICI Prudential Large Cap Fund - NAV & Dividend,Plan Name,NAV per Unit - 31-Jul-2026,Dividend declared during the Month ended 31-Aug-2026(Rs.)/Unit,,,,,,,,,,,,INF109K016L0_ICICI Prudential Large Cap Fund.xlsx,BLUECHIP,158,"[null, ""Plan Name"", ""NAV per Unit - 31-Jul-2026"", ""NAV per Unit - 31-Aug-2026"", ""Dividend declared during the Month ended 31-Aug-2026(Rs.)/Unit"", null, null, null, null, null, null, null, null]"
INF109K016L0,ICICI Prudential Large Cap Fund,31-08-2026,portfolio,3. ICICI Prudential Large Cap Fund - NAV & Dividend,Growth Option,109.76,-,,,,,,,108.66,,,,,INF109K016L0_ICICI Prudential Large Cap Fund.xlsx,BLUECHIP,159,"[null, ""Growth Option"", 109.76, 108.66, ""-"", null, null, null, null, null, null, null, null]"
INF109K016L0,ICICI Prudential Large Cap Fund,31-08-2026,portfolio,3. ICICI Prudential Large Cap Fund - NAV & Dividend,IDCW Option,29.59,-,,,,,,,29.3,,,,,INF109K016L0_ICICI Prudential Large Cap Fund.xlsx,BLUECHIP,160,"[null, ""IDCW Option"", 29.59, 29.3, ""-"", null, null, null, null, null, null, null, null]"
INF109K016L0,ICICI Prudential Large Cap Fund,31-08-2026,portfolio,3. ICICI Prudential Large Cap Fund - NAV & Dividend,Direct Plan - Growth Option,121.2,-,,,,,,,120.05,,,,,INF109K016L0_ICICI Prudential Large Cap Fund.xlsx,BLUECHIP,161,"[null, ""Direct Plan - Growth Option"", 121.2, 120.05, ""-"", null, null, null, null, null, null, null, null]"
INF109K016L0,ICICI Prudential Large Cap Fund,31-08-2026,portfolio,3. ICICI Prudential Large Cap Fund - NAV & Dividend,Direct Plan - IDCW Option,61.32,-,,,,,,,60.74,,,,,INF109K016L0_ICICI Prudential Large Cap Fund.xlsx,BLUECHIP,162,"[null, ""Direct Plan - IDCW Option"", 61.32, 60.74, ""-"", null, null, null, null, null, null, null, null]"
INF109K016L0,ICICI Prudential Large Cap Fund,31-08-2026,portfolio,3. ICICI Prudential Large Cap Fund - NAV & Dividend,4. Total outstanding exposure in derivatives instrument,Refer Annexure,,,,,,,,,,,,,INF109K016L0_ICICI Prudential Large Cap Fund.xlsx,BLUECHIP,164,"[null, ""4. Total outstanding exposure in derivatives instrument"", ""Refer Annexure"", null, null, null, null, null, null, null, null, null, null]"
INF109K016L0,ICICI Prudential Large Cap Fund,31-08-2026,portfolio,3. ICICI Prudential Large Cap Fund - NAV & Dividend,"5. Total market value of Investment in Foreign Securities / ADRs / GDRs / Overseas ETFs as on Aug 31,2026",Nil,,,,,,,,,,,,,INF109K016L0_ICICI Prudential Large Cap Fund.xlsx,BLUECHIP,165,"[null, ""5. Total market value of Investment in Foreign Securities / ADRs / GDRs / Overseas ETFs as on Aug 31,2026"", ""Nil"", null, null, null, null, null, null, null, null, null, null]"
INF109K016L0,ICICI Prudential Large Cap Fund,31-08-2026,portfolio,3. ICICI Prudential Large Cap Fund - NAV & Dividend,6. Portfolio turnover Ratio,0.87 times,,,,,,,,,,,,,INF109K016L0_ICICI Prudential Large Cap Fund.xlsx,BLUECHIP,166,"[null, ""6. Portfolio turnover Ratio"", ""0.87 times"", null, null, null, null, null, null, null, null, null, null]"
INF109K016L0,ICICI Prudential Large Cap Fund,31-08-2026,portfolio,3. ICICI Prudential Large Cap Fund - NAV & Dividend,7. Details of Term deposits placed as margin,Nil,,,,,,,,,,,,,INF109K016L0_ICICI Prudential Large Cap Fund.xlsx,BLUECHIP,167,"[null, ""7. Details of Term deposits placed as margin"", ""Nil"", null, null, null, null, null, null, null, null, null, null]"
INF109K016L0,ICICI Prudential Large Cap Fund,31-08-2026,derivative,,Hero MotoCorp Ltd.,,,,,,,,,,(Short),5617.945021,5596,395.44134,INF109K016L0_ICICI Prudential Large Cap Fund.xlsx,Derivative,5,"[null, ""FOCUS"", ""Hero MotoCorp Ltd."", ""(Short)"", 5617.94502065379, 5596, 395.44134, null, null, null, null, null, null, null, null, null, null]"
INF109K016L0,ICICI Prudential Large Cap Fund,31-08-2026,derivative,,"B. Other than Hedging Positions through Futures as on March 31, 2026. : Nil",,,,,,,,,,"B. Other than Hedging Positions through Futures as on March 31, 2026. : Nil",,,,INF109K016L0_ICICI Prudential Large Cap Fund.xlsx,Derivative,7,"[2, ""Other than Hedging Positions through Futures as on Aug 31, 2026"", ""B. Other than Hedging Positions through Futures as on March 31, 2026. : Nil"", ""B. Other than Hedging Positions through Futures as on March 31, 2026. : Nil"", ""B. Other than Hedging Positions through Futures as on March 31, 2026. : Nil"", ""B. Other than Hedging Positions through Futures as on March 31, 2026. : Nil"", null, null, null, null, null, null, null, null, null, null, null]"
INF109K016L0,ICICI Prudential Large Cap Fund,31-08-2026,derivative,,Underlying Security Name,,,,,,,,,,Long/(Short),,,,INF109K016L0_ICICI Prudential Large Cap Fund.xlsx,Derivative,9,"[null, ""Scheme"", ""Underlying Security Name"", ""Long/(Short)"", ""Future price when purchased (in Rs.)"", ""Current price of the contract (in Rs.)"", ""Margin Maintained (Rs. in Lakhs)"", null, null, null, null, null, null, null, null, null, null]"
INF109K016L0,ICICI Prudential Large Cap Fund,31-08-2026,derivative,,Bharat Electronics Ltd.,,,,,,,,,,Long,411.9559984,415,263.28015,INF109K016L0_ICICI Prudential Large Cap Fund.xlsx,Derivative,10,"[null, ""FOCUS"", ""Bharat Electronics Ltd."", ""Long"", 411.955998427673, 415, 263.28015, null, null, null, null, null, null, null, null, null, null]"
INF109K016L0,ICICI Prudential Large Cap Fund,31-08-2026,derivative,,Hindalco Industries Ltd.,,,,,,,,,,Long,1030.365657,1026.15,553.09485,INF109K016L0_ICICI Prudential Large Cap Fund.xlsx,Derivative,11,"[null, ""FOCUS"", ""Hindalco Industries Ltd."", ""Long"", 1030.36565681818, 1026.15, 553.09485, null, null, null, null, null, null, null, null, null, null]"
INF109K016L0,ICICI Prudential Large Cap Fund,31-08-2026,derivative,,Kotak Mahindra Bank Ltd.,,,,,,,,,,Long,402.5513,426.75,298.725,INF109K016L0_ICICI Prudential Large Cap Fund.xlsx,Derivative,12,"[null, ""FOCUS"", ""Kotak Mahindra Bank Ltd."", ""Long"", 402.5513, 426.75, 298.725, null, null, null, null, null, null, null, null, null, null]"
INF109K016L0,ICICI Prudential Large Cap Fund,31-08-2026,derivative,,Trent Ltd,,,,,,,,,,Long,2895.912,2906.6,5.7223688,INF109K016L0_ICICI Prudential Large Cap Fund.xlsx,Derivative,13,"[null, ""FOCUS"", ""Trent Ltd"", ""Long"", 2895.912, 2906.6, 5.7223688, null, null, null, null, null, null, null, null, null, null]"
INF109K016L0,ICICI Prudential Large Cap Fund,31-08-2026,derivative,,JINDAL STEEL LIMITED,,,,,,,,,,Long,1167.165101,1170,230.0878125,INF109K016L0_ICICI Prudential Large Cap Fund.xlsx,Derivative,14,"[null, ""FOCUS"", ""JINDAL STEEL LIMITED"", ""Long"", 1167.16510124138, 1170, 230.0878125, null, null, null, null, null, null, null, null, null, null]"
INF109K016L0,ICICI Prudential Large Cap Fund,31-08-2026,derivative,,Swiggy Limited,,,,,,,,,,Long,273.775,280.4,0.358211,INF109K016L0_ICICI Prudential Large Cap Fund.xlsx,Derivative,15,"[null, ""FOCUS"", ""Swiggy Limited"", ""Long"", 273.775, 280.4, 0.358211, null, null, null, null, null, null, null, null, null, null]"
INF109K016L0,ICICI Prudential Large Cap Fund,31-08-2026,derivative,,"D. Other than Hedging Positions through Options as on March 31, 2026 : Nil",,,,,,,,,,"D. Other than Hedging Positions through Options as on March 31, 2026 : Nil",,,,INF109K016L0_ICICI Prudential Large Cap Fund.xlsx,Derivative,19,"[4, ""Positions through Covered Call Options as on Aug 31, 2026 is Nil."", ""D. Other than Hedging Positions through Options as on March 31, 2026 : Nil"", ""D. Other than Hedging Positions through Options as on March 31, 2026 : Nil"", ""D. Other than Hedging Positions through Options as on March 31, 2026 : Nil"", ""D. Other than Hedging Positions through Options as on March 31, 2026 : Nil"", null, null, null, null, null, null, null, null, null, null, null]"
INF109K016L0,ICICI Prudential Large Cap Fund,31-08-2026,derivative,,Hedging transactions Where futures were bought,,,,,,,,,,,,,,INF109K016L0_ICICI Prudential Large Cap Fund.xlsx,Derivative,26,"[null, ""Scheme"", ""Hedging transactions Where futures were bought"", null, ""Hedging transactions Where futures were Sold"", null, ""Combined Hedged Net Profit/(Loss) (in Rs. in lakhs)"", ""Total % of existing Assets hedged through Futures"", null, null, null, null, null, null, null, null, null]"
INF109K016L0,ICICI Prudential Large Cap Fund,31-08-2026,derivative,,No of Contract *,,,,,,,,,,Gross Notional Value,,,,INF109K016L0_ICICI Prudential Large Cap Fund.xlsx,Derivative,27,"[null, null, ""No of Contract *"", ""Gross Notional Value"", ""No of Contract *"", ""Gross Notional Value (in Rs. in lakhs)"", null, null, null, null, null, null, null, null, null, null, null]"
INF109K016L0,ICICI Prudential Large Cap Fund,31-08-2026,derivative,,0,,,,,,,,,,0,9523,69825.85495,224.0407399,INF109K016L0_ICICI Prudential Large Cap Fund.xlsx,Derivative,28,"[null, ""FOCUS"", 0, 0, 9523, 69825.8549455, 224.04073993299127, 0.00137190760886084, null, null, null, null, null, null, null, null, null]"
INF109K016L0,ICICI Prudential Large Cap Fund,31-08-2026,derivative,,Other than Hedging transactions Where futures were bought,,,,,,,,,,,,,,INF109K016L0_ICICI Prudential Large Cap Fund.xlsx,Derivative,34,"[null, ""Scheme"", ""Other than Hedging transactions Where futures were bought"", null, ""Other than Hedging transactions Where futures were Sold"", null, ""Combined Unhedged Net Profit/(Loss) (in Rs. in lakhs)"", ""Total exposure due to Futures (non hedging positions) as a % of Net Assets"", null, null, null, null, null, null, null, null, null]"
INF109K016L0,ICICI Prudential Large Cap Fund,31-08-2026,derivative,,No of Contract *,,,,,,,,,,Gross Notional Value (in Rs. in lakhs),,,,INF109K016L0_ICICI Prudential Large Cap Fund.xlsx,Derivative,35,"[null, null, ""No of Contract *"", ""Gross Notional Value (in Rs. in lakhs)"", ""No of Contract *"", ""Gross Notional Value (in Rs. in lakhs)"", null, null, null, null, null, null, null, null, null, null, null]"
INF109K016L0,ICICI Prudential Large Cap Fund,31-08-2026,derivative,,10868,,,,,,,,,,69400.43617,0,0,189.8520237,INF109K016L0_ICICI Prudential Large Cap Fund.xlsx,Derivative,36,"[null, ""FOCUS"", 10868, 69400.43617470001, 0, 0, 189.85202366700864, 0.004813551442011062, null, null, null, null, null, null, null, null, null]"
INF109K016L0,ICICI Prudential Large Cap Fund,31-08-2026,derivative,,Call/Put,,,,,,,,,,Underlying Security Name,,,,INF109K016L0_ICICI Prudential Large Cap Fund.xlsx,Derivative,42,"[null, ""Scheme"", ""Call/Put"", ""Underlying Security Name"", ""Strike price"", ""Number of contracts *"", ""Gross Notional Value (in Rs. in Lakhs)"", ""Net Profit/(Loss) (in Rs.in Lakhs)"", null, null, null, null, null, null, null, null, null]"
INF109K016L0,ICICI Prudential Large Cap Fund,31-08-2026,derivative,,CALL,,,,,,,,,,Bharti Airtel Ltd.,2000,3500,278.1467,INF109K016L0_ICICI Prudential Large Cap Fund.xlsx,Derivative,43,"[null, ""FOCUS"", ""CALL"", ""Bharti Airtel Ltd."", 2000, 3500, 278.1467, 276.9104277, null, null, null, null, null, null, null, null, null]"
INF109K016L0,ICICI Prudential Large Cap Fund,31-08-2026,derivative,,CALL,,,,,,,,,,Bharti Airtel Ltd.,2040,850,28.29803,INF109K016L0_ICICI Prudential Large Cap Fund.xlsx,Derivative,44,"[null, ""FOCUS"", ""CALL"", ""Bharti Airtel Ltd."", 2040, 850, 28.29803, 28.073172500000002, null, null, null, null, null, null, null, null, null]"
INF109K016L0,ICICI Prudential Large Cap Fund,31-08-2026,derivative,,CALL,,,,,,,,,,ETERNAL LIMITED,320,350,44.97017,INF109K016L0_ICICI Prudential Large Cap Fund.xlsx,Derivative,45,"[null, ""FOCUS"", ""CALL"", ""ETERNAL LIMITED"", 320, 350, 44.97017, 44.8135929, null, null, null, null, null, null, null, null, null]"
INF109K016L0,ICICI Prudential Large Cap Fund,31-08-2026,derivative,,CALL,,,,,,,,,,ETERNAL LIMITED,325,970,97.1084218,INF109K016L0_ICICI Prudential Large Cap Fund.xlsx,Derivative,46,"[null, ""FOCUS"", ""CALL"", ""ETERNAL LIMITED"", 325, 970, 97.1084218, 96.7273521, null, null, null, null, null, null, null, null, null]"
INF109K016L0,ICICI Prudential Large Cap Fund,31-08-2026,derivative,,CALL,,,,,,,,,,ETERNAL LIMITED,330,350,21.2901663,INF109K016L0_ICICI Prudential Large Cap Fund.xlsx,Derivative,47,"[null, ""FOCUS"", ""CALL"", ""ETERNAL LIMITED"", 330, 350, 21.2901663, 21.1791014, null, null, null, null, null, null, null, null, null]"
INF109K016L0,ICICI Prudential Large Cap Fund,31-08-2026,derivative,,CALL,,,,,,,,,,HCL Technologies Ltd.,1380,145,13.318772,INF109K016L0_ICICI Prudential Large Cap Fund.xlsx,Derivative,48,"[null, ""FOCUS"", ""CALL"", ""HCL Technologies Ltd."", 1380, 145, 13.318772, 13.2641054, null, null, null, null, null, null, null, null, null]"
INF109K016L0,ICICI Prudential Large Cap Fund,31-08-2026,derivative,,CALL,,,,,,,,,,Infosys Ltd.,1180,1800,239.69088,INF109K016L0_ICICI Prudential Large Cap Fund.xlsx,Derivative,49,"[null, ""FOCUS"", ""CALL"", ""Infosys Ltd."", 1180, 1800, 239.69088, 239.69088, null, null, null, null, null, null, null, null, null]"
INF109K016L0,ICICI Prudential Large Cap Fund,31-08-2026,derivative,,CALL,,,,,,,,,,Mahindra & Mahindra Ltd.,3450,1000,96.0132,INF109K016L0_ICICI Prudential Large Cap Fund.xlsx,Derivative,50,"[null, ""FOCUS"", ""CALL"", ""Mahindra & Mahindra Ltd."", 3450, 1000, 96.0132, 95.62858, null, null, null, null, null, null, null, null, null]"
INF109K016L0,ICICI Prudential Large Cap Fund,31-08-2026,derivative,,CALL,,,,,,,,,,Maruti Suzuki India Ltd.,14300,1840,143.81532,INF109K016L0_ICICI Prudential Large Cap Fund.xlsx,Derivative,51,"[null, ""FOCUS"", ""CALL"", ""Maruti Suzuki India Ltd."", 14300, 1840, 143.81532, 143.17003110000002, null, null, null, null, null, null, null, null, null]"
INF109K016L0,ICICI Prudential Large Cap Fund,31-08-2026,derivative,,CALL,,,,,,,,,,Reliance Industries Ltd.,1320,1000,46.172,INF109K016L0_ICICI Prudential Large Cap Fund.xlsx,Derivative,52,"[null, ""FOCUS"", ""CALL"", ""Reliance Industries Ltd."", 1320, 1000, 46.172, 45.8827277, null, null, null, null, null, null, null, null, null]"
INF109K016L0,ICICI Prudential Large Cap Fund,31-08-2026,derivative,,CALL,,,,,,,,,,Reliance Industries Ltd.,1330,3500,172.45125,INF109K016L0_ICICI Prudential Large Cap Fund.xlsx,Derivative,53,"[null, ""FOCUS"", ""CALL"", ""Reliance Industries Ltd."", 1330, 3500, 172.45125, 171.41796559999997, null, null, null, null, null, null, null, null, null]"
INF109K016L0,ICICI Prudential Large Cap Fund,31-08-2026,derivative,,CALL,,,,,,,,,,Reliance Industries Ltd.,1310,1000,67.6955,INF109K016L0_ICICI Prudential Large Cap Fund.xlsx,Derivative,54,"[null, ""FOCUS"", ""CALL"", ""Reliance Industries Ltd."", 1310, 1000, 67.6955, 67.3648985, null, null, null, null, null, null, null, null, null]"
INF109K016L0,ICICI Prudential Large Cap Fund,31-08-2026,derivative,,CALL,,,,,,,,,,State Bank of India,1090,710,46.4079075,INF109K016L0_ICICI Prudential Large Cap Fund.xlsx,Derivative,55,"[null, ""FOCUS"", ""CALL"", ""State Bank of India"", 1090, 710, 46.4079075, 46.17636, null, null, null, null, null, null, null, null, null]"
INF109K016L0,ICICI Prudential Large Cap Fund,31-08-2026,derivative,,CALL,,,,,,,,,,State Bank of India,1110,710,60.493065,INF109K016L0_ICICI Prudential Large Cap Fund.xlsx,Derivative,56,"[null, ""FOCUS"", ""CALL"", ""State Bank of India"", 1110, 710, 60.493065, 60.2344656, null, null, null, null, null, null, null, null, null]"
INF109K016L0,ICICI Prudential Large Cap Fund,31-08-2026,derivative,,CALL,,,,,,,,,,State Bank of India,1100,710,57.783705,INF109K016L0_ICICI Prudential Large Cap Fund.xlsx,Derivative,57,"[null, ""FOCUS"", ""CALL"", ""State Bank of India"", 1100, 710, 57.783705, 57.530304799999996, null, null, null, null, null, null, null, null, null]"
INF109K016L0,ICICI Prudential Large Cap Fund,31-08-2026,derivative,,CALL,,,,,,,,,,State Bank of India,1150,1000,88.140375,INF109K016L0_ICICI Prudential Large Cap Fund.xlsx,Derivative,58,"[null, ""FOCUS"", ""CALL"", ""State Bank of India"", 1150, 1000, 88.140375, 87.770508, null, null, null, null, null, null, null, null, null]"
INF109K016L0,ICICI Prudential Large Cap Fund,31-08-2026,derivative,,CALL,,,,,,,,,,Tata Motors Passenger Vehicles Limited,360,370,39.13416,INF109K016L0_ICICI Prudential Large Cap Fund.xlsx,Derivative,59,"[null, ""FOCUS"", ""CALL"", ""Tata Motors Passenger Vehicles Limited"", 360, 370, 39.13416, 38.9847847, null, null, null, null, null, null, null, null, null]"
INF109K016L0,ICICI Prudential Large Cap Fund,31-08-2026,derivative,,CALL,,,,,,,,,,Tata Motors Passenger Vehicles Limited,365,400,26.99904,INF109K016L0_ICICI Prudential Large Cap Fund.xlsx,Derivative,60,"[null, ""FOCUS"", ""CALL"", ""Tata Motors Passenger Vehicles Limited"", 365, 400, 26.99904, 26.8669486, null, null, null, null, null, null, null, null, null]"
INF109K016L0,ICICI Prudential Large Cap Fund,31-08-2026,derivative,,CALL,,,,,,,,,,Tech Mahindra Ltd.,1680,200,21.8928,INF109K016L0_ICICI Prudential Large Cap Fund.xlsx,Derivative,61,"[null, ""FOCUS"", ""CALL"", ""Tech Mahindra Ltd."", 1680, 200, 21.8928, 21.8106355, null, null, null, null, null, null, null, null, null]"
INF109K016L0,ICICI Prudential Large Cap Fund,31-08-2026,derivative,,CALL,,,,,,,,,,Larsen & Toubro Ltd.,4100,3162,245.8613567,INF109K016L0_ICICI Prudential Large Cap Fund.xlsx,Derivative,62,"[null, ""FOCUS"", ""CALL"", ""Larsen & Toubro Ltd."", 4100, 3162, 245.86135670000002, 244.75623320000003, null, null, null, null, null, null, null, null, null]"
INF109K016L0,ICICI Prudential Large Cap Fund,31-08-2026,derivative,,CALL,,,,,,,,,,Larsen & Toubro Ltd.,4050,1000,84.1071,INF109K016L0_ICICI Prudential Large Cap Fund.xlsx,Derivative,63,"[null, ""FOCUS"", ""CALL"", ""Larsen & Toubro Ltd."", 4050, 1000, 84.1071, 83.74497840000001, null, null, null, null, null, null, null, null, null]"
INF109K016L0,ICICI Prudential Large Cap Fund,31-08-2026,derivative,,CALL,,,,,,,,,,Ultratech Cement Ltd.,11600,2000,54.54844,INF109K016L0_ICICI Prudential Large Cap Fund.xlsx,Derivative,64,"[null, ""FOCUS"", ""CALL"", ""Ultratech Cement Ltd."", 11600, 2000, 54.54844, 54.0424859, null, null, null, null, null, null, null, null, null]"
INF109K016L0,ICICI Prudential Large Cap Fund,31-08-2026,derivative,,CALL,,,,,,,,,,Asian Paints Ltd.,2800,950,84.2353125,INF109K016L0_ICICI Prudential Large Cap Fund.xlsx,Derivative,65,"[null, ""FOCUS"", ""CALL"", ""Asian Paints Ltd."", 2800, 950, 84.2353125, 83.8829771, null, null, null, null, null, null, null, null, null]"
INF109K016L0,ICICI Prudential Large Cap Fund,31-08-2026,derivative,,CALL,,,,,,,,,,TITAN COMPANY LTD,5150,400,24.674125,INF109K016L0_ICICI Prudential Large Cap Fund.xlsx,Derivative,66,"[null, ""FOCUS"", ""CALL"", ""TITAN COMPANY LTD"", 5150, 400, 24.674125, 24.5465012, null, null, null, null, null, null, null, null, null]"
INF109K016L0,ICICI Prudential Large Cap Fund,31-08-2026,derivative,,CALL,,,,,,,,,,Adani Enterprises Ltd.,3100,151,17.8470675,INF109K016L0_ICICI Prudential Large Cap Fund.xlsx,Derivative,67,"[null, ""FOCUS"", ""CALL"", ""Adani Enterprises Ltd."", 3100, 151, 17.8470675, 17.782503400000003, null, null, null, null, null, null, null, null, null]"
INF109K016L0,ICICI Prudential Large Cap Fund,31-08-2026,derivative,,CALL,,,,,,,,,,Grasim Industries Ltd.,3300,125,11.42825,INF109K016L0_ICICI Prudential Large Cap Fund.xlsx,Derivative,68,"[null, ""FOCUS"", ""CALL"", ""Grasim Industries Ltd."", 3300, 125, 11.42825, 11.3812304, null, null, null, null, null, null, null, null, null]"
INF109K016L0,ICICI Prudential Large Cap Fund,31-08-2026,derivative,,CALL,,,,,,,,,,Kotak Mahindra Bank Ltd.,405,530,24.25386,INF109K016L0_ICICI Prudential Large Cap Fund.xlsx,Derivative,69,"[null, ""FOCUS"", ""CALL"", ""Kotak Mahindra Bank Ltd."", 405, 530, 24.25386, 24.1009648, null, null, null, null, null, null, null, null, null]"
INF174K01LF9,Kotak Large & Mid Cap Fund,,portfolio,Listed/Awaiting listing on Stock Exchange,HDFC BANK LTD.,INE040A01034,Banks,19500000,138255,13825500000,4.28,,,,,,,,INF174K01LF9_Kotak Large & Mid Cap Fund.xlsx,KOP,5,"[null, null, ""HDFC BANK LTD."", ""INE040A01034"", ""Banks"", null, 19500000, 138255, 4.28]"
INF174K01LF9,Kotak Large & Mid Cap Fund,,portfolio,Listed/Awaiting listing on Stock Exchange,STATE BANK OF INDIA.,INE062A01020,Banks,12500000,132500,13250000000,4.1,,,,,,,,INF174K01LF9_Kotak Large & Mid Cap Fund.xlsx,KOP,6,"[null, null, ""STATE BANK OF INDIA."", ""INE062A01020"", ""Banks"", null, 12500000, 132500, 4.1000000000000005]"
INF174K01LF9,Kotak Large & Mid Cap Fund,,portfolio,Listed/Awaiting listing on Stock Exchange,ETERNAL LIMITED,INE758T01015,Retailing,36000000,118116,11811600000,3.65,,,,,,,,INF174K01LF9_Kotak Large & Mid Cap Fund.xlsx,KOP,7,"[null, null, ""ETERNAL LIMITED"", ""INE758T01015"", ""Retailing"", null, 36000000, 118116, 3.6500000000000004]"
INF174K01LF9,Kotak Large & Mid Cap Fund,,portfolio,Listed/Awaiting listing on Stock Exchange,Bharat Electronics Ltd.,INE263A01024,Aerospace and Defense,28000000,116046,11604600000,3.59,,,,,,,,INF174K01LF9_Kotak Large & Mid Cap Fund.xlsx,KOP,8,"[null, null, ""Bharat Electronics Ltd."", ""INE263A01024"", ""Aerospace and Defense"", null, 28000000, 116046, 3.5900000000000003]"
INF174K01LF9,Kotak Large & Mid Cap Fund,,portfolio,Listed/Awaiting listing on Stock Exchange,ICICI BANK LTD.,INE090A01021,Banks,7000000,101780,10178000000,3.15,,,,,,,,INF174K01LF9_Kotak Large & Mid Cap Fund.xlsx,KOP,9,"[null, null, ""ICICI BANK LTD."", ""INE090A01021"", ""Banks"", null, 7000000, 101780, 3.15]"
INF174K01LF9,Kotak Large & Mid Cap Fund,,portfolio,Listed/Awaiting listing on Stock Exchange,AXIS BANK LTD.,INE238A01034,Banks,6200000,80600,8060000000,2.49,,,,,,,,INF174K01LF9_Kotak Large & Mid Cap Fund.xlsx,KOP,10,"[null, null, ""AXIS BANK LTD."", ""INE238A01034"", ""Banks"", null, 6200000, 80600, 2.49]"
INF174K01LF9,Kotak Large & Mid Cap Fund,,portfolio,Listed/Awaiting listing on Stock Exchange,Larsen and Toubro Ltd.,INE018A01030,Construction,1850000,74830.65,7483065000,2.31,,,,,,,,INF174K01LF9_Kotak Large & Mid Cap Fund.xlsx,KOP,11,"[null, null, ""Larsen and Toubro Ltd."", ""INE018A01030"", ""Construction"", null, 1850000, 74830.65000000001, 2.31]"
INF174K01LF9,Kotak Large & Mid Cap Fund,,portfolio,Listed/Awaiting listing on Stock Exchange,Ashok Leyland Ltd.,INE208A01029,"Agricultural, Commercial and Constr",42000000,73768.8,7376880000,2.28,,,,,,,,INF174K01LF9_Kotak Large & Mid Cap Fund.xlsx,KOP,12,"[null, null, ""Ashok Leyland Ltd."", ""INE208A01029"", ""Agricultural, Commercial and Constr"", null, 42000000, 73768.8, 2.2800000000000002]"
INF174K01LF9,Kotak Large & Mid Cap Fund,,portfolio,Listed/Awaiting listing on Stock Exchange,BHARAT FORGE LTD.,INE465A01025,Auto Components,3400000,71566.6,7156660000,2.21,,,,,,,,INF174K01LF9_Kotak Large & Mid Cap Fund.xlsx,KOP,13,"[null, null, ""BHARAT FORGE LTD."", ""INE465A01025"", ""Auto Components"", null, 3400000, 71566.6, 2.21]"
INF174K01LF9,Kotak Large & Mid Cap Fund,,portfolio,Listed/Awaiting listing on Stock Exchange,BAJAJ FINANCE LTD.,INE296A01032,Finance,6750000,71347.5,7134750000,2.21,,,,,,,,INF174K01LF9_Kotak Large & Mid Cap Fund.xlsx,KOP,14,"[null, null, ""BAJAJ FINANCE LTD."", ""INE296A01032"", ""Finance"", null, 6750000, 71347.5, 2.21]"
INF174K01LF9,Kotak Large & Mid Cap Fund,,portfolio,Listed/Awaiting listing on Stock Exchange,BHARTI AIRTEL LTD.,INE397D01024,Telecom - Services,3800000,68852.2,6885220000,2.13,,,,,,,,INF174K01LF9_Kotak Large & Mid Cap Fund.xlsx,KOP,15,"[null, null, ""BHARTI AIRTEL LTD."", ""INE397D01024"", ""Telecom - Services"", null, 3800000, 68852.2, 2.13]"
INF174K01LF9,Kotak Large & Mid Cap Fund,,portfolio,Listed/Awaiting listing on Stock Exchange,Hero MotoCorp Ltd.,INE158A01026,Automobiles,1225000,66762.5,6676250000,2.07,,,,,,,,INF174K01LF9_Kotak Large & Mid Cap Fund.xlsx,KOP,16,"[null, null, ""Hero MotoCorp Ltd."", ""INE158A01026"", ""Automobiles"", null, 1225000, 66762.5, 2.07]"
INF174K01LF9,Kotak Large & Mid Cap Fund,,portfolio,Listed/Awaiting listing on Stock Exchange,BSE LTD,INE118H01025,Capital Markets,2000000,65640,6564000000,2.03,,,,,,,,INF174K01LF9_Kotak Large & Mid Cap Fund.xlsx,KOP,17,"[null, null, ""BSE LTD"", ""INE118H01025"", ""Capital Markets"", null, 2000000, 65640, 2.0300000000000002]"
INF174K01LF9,Kotak Large & Mid Cap Fund,,portfolio,Listed/Awaiting listing on Stock Exchange,SUN PHARMACEUTICAL INDUSTRIES LTD.,INE044A01036,Pharmaceuticals and Biotechnology,3200000,63513.6,6351360000,1.96,,,,,,,,INF174K01LF9_Kotak Large & Mid Cap Fund.xlsx,KOP,18,"[null, null, ""SUN PHARMACEUTICAL INDUSTRIES LTD."", ""INE044A01036"", ""Pharmaceuticals and Biotechnology"", null, 3200000, 63513.6, 1.96]"
INF174K01LF9,Kotak Large & Mid Cap Fund,,portfolio,Listed/Awaiting listing on Stock Exchange,Jindal Steel & Power Ltd,INE749A01030,Ferrous Metals,5200000,62030.8,6203080000,1.92,,,,,,,,INF174K01LF9_Kotak Large & Mid Cap Fund.xlsx,KOP,19,"[null, null, ""Jindal Steel & Power Ltd"", ""INE749A01030"", ""Ferrous Metals"", null, 5200000, 62030.8, 1.9200000000000002]"
INF174K01LF9,Kotak Large & Mid Cap Fund,,portfolio,Listed/Awaiting listing on Stock Exchange,SHRIRAM FINANCE LIMITED,INE721A01047,Finance,5500000,61044.5,6104450000,1.89,,,,,,,,INF174K01LF9_Kotak Large & Mid Cap Fund.xlsx,KOP,20,"[null, null, ""SHRIRAM FINANCE LIMITED"", ""INE721A01047"", ""Finance"", null, 5500000, 61044.5, 1.8900000000000001]"
INF174K01LF9,Kotak Large & Mid Cap Fund,,portfolio,Listed/Awaiting listing on Stock Exchange,Coromandel International Limited,INE169A01031,Fertilizers and Agrochemicals,3200000,60988.8,6098880000,1.89,,,,,,,,INF174K01LF9_Kotak Large & Mid Cap Fund.xlsx,KOP,21,"[null, null, ""Coromandel International Limited"", ""INE169A01031"", ""Fertilizers and Agrochemicals"", null, 3200000, 60988.8, 1.8900000000000001]"
INF174K01LF9,Kotak Large & Mid Cap Fund,,portfolio,Listed/Awaiting listing on Stock Exchange,Linde India Ltd.,INE473A01011,Chemicals and Petrochemicals,950000,60662.25,6066225000,1.88,,,,,,,,INF174K01LF9_Kotak Large & Mid Cap Fund.xlsx,KOP,22,"[null, null, ""Linde India Ltd."", ""INE473A01011"", ""Chemicals and Petrochemicals"", null, 950000, 60662.25, 1.8800000000000001]"
INF174K01LF9,Kotak Large & Mid Cap Fund,,portfolio,Listed/Awaiting listing on Stock Exchange,MOTILAL OSWAL FINANCIAL SERVICES LIMITED,INE338I01027,Capital Markets,5400000,56316.6,5631660000,1.74,,,,,,,,INF174K01LF9_Kotak Large & Mid Cap Fund.xlsx,KOP,23,"[null, null, ""MOTILAL OSWAL FINANCIAL SERVICES LIMITED"", ""INE338I01027"", ""Capital Markets"", null, 5400000, 56316.6, 1.7400000000000002]"
INF174K01LF9,Kotak Large & Mid Cap Fund,,portfolio,Listed/Awaiting listing on Stock Exchange,INDIAN BANK,INE562A01011,Banks,6000000,53925,5392500000,1.67,,,,,,,,INF174K01LF9_Kotak Large & Mid Cap Fund.xlsx,KOP,24,"[null, null, ""INDIAN BANK"", ""INE562A01011"", ""Banks"", null, 6000000, 53925, 1.67]"
INF174K01LF9,Kotak Large & Mid Cap Fund,,portfolio,Listed/Awaiting listing on Stock Exchange,PIRAMAL FINANCE LTD,INE202B01038,Finance,2331573,53635.51,5363551000,1.66,,,,,,,,INF174K01LF9_Kotak Large & Mid Cap Fund.xlsx,KOP,25,"[null, null, ""PIRAMAL FINANCE LTD"", ""INE202B01038"", ""Finance"", null, 2331573, 53635.51, 1.66]"
INF174K01LF9,Kotak Large & Mid Cap Fund,,portfolio,Listed/Awaiting listing on Stock Exchange,BIOCON LTD.,INE376G01013,Pharmaceuticals and Biotechnology,13000000,53560,5356000000,1.66,,,,,,,,INF174K01LF9_Kotak Large & Mid Cap Fund.xlsx,KOP,26,"[null, null, ""BIOCON LTD."", ""INE376G01013"", ""Pharmaceuticals and Biotechnology"", null, 13000000, 53560, 1.66]"
INF174K01LF9,Kotak Large & Mid Cap Fund,,portfolio,Listed/Awaiting listing on Stock Exchange,Mphasis Ltd,INE356A01018,IT - Software,2200000,53402.8,5340280000,1.65,,,,,,,,INF174K01LF9_Kotak Large & Mid Cap Fund.xlsx,KOP,27,"[null, null, ""Mphasis Ltd"", ""INE356A01018"", ""IT - Software"", null, 2200000, 53402.8, 1.6500000000000001]"
INF174K01LF9,Kotak Large & Mid Cap Fund,,portfolio,Listed/Awaiting listing on Stock Exchange,Tech Mahindra Ltd.,INE669C01036,IT - Software,3200000,52096,5209600000,1.61,,,,,,,,INF174K01LF9_Kotak Large & Mid Cap Fund.xlsx,KOP,28,"[null, null, ""Tech Mahindra Ltd."", ""INE669C01036"", ""IT - Software"", null, 3200000, 52096, 1.6099999999999999]"
INF174K01LF9,Kotak Large & Mid Cap Fund,,portfolio,Listed/Awaiting listing on Stock Exchange,HINDUSTAN PETROLEUM CORPORATION LTD.,INE094A01015,Petroleum Products,14000000,51205,5120500000,1.58,,,,,,,,INF174K01LF9_Kotak Large & Mid Cap Fund.xlsx,KOP,29,"[null, null, ""HINDUSTAN PETROLEUM CORPORATION LTD."", ""INE094A01015"", ""Petroleum Products"", null, 14000000, 51205, 1.58]"
INF174K01LF9,Kotak Large & Mid Cap Fund,,portfolio,Listed/Awaiting listing on Stock Exchange,INDUSIND BANK LTD.,INE095A01012,Banks,5000000,50830,5083000000,1.57,,,,,,,,INF174K01LF9_Kotak Large & Mid Cap Fund.xlsx,KOP,30,"[null, null, ""INDUSIND BANK LTD."", ""INE095A01012"", ""Banks"", null, 5000000, 50830, 1.5700000000000003]"
INF174K01LF9,Kotak Large & Mid Cap Fund,,portfolio,Listed/Awaiting listing on Stock Exchange,IPCA Laboratories Ltd.,INE571A01038,Pharmaceuticals and Biotechnology,2525000,49866.23,4986623000,1.54,,,,,,,,INF174K01LF9_Kotak Large & Mid Cap Fund.xlsx,KOP,31,"[null, null, ""IPCA Laboratories Ltd."", ""INE571A01038"", ""Pharmaceuticals and Biotechnology"", null, 2525000, 49866.23, 1.54]"
INF174K01LF9,Kotak Large & Mid Cap Fund,,portfolio,Listed/Awaiting listing on Stock Exchange,RELIANCE INDUSTRIES LTD.,INE002A01018,Petroleum Products,3600000,45972,4597200000,1.42,,,,,,,,INF174K01LF9_Kotak Large & Mid Cap Fund.xlsx,KOP,32,"[null, null, ""RELIANCE INDUSTRIES LTD."", ""INE002A01018"", ""Petroleum Products"", null, 3600000, 45972, 1.4200000000000002]"
INF174K01LF9,Kotak Large & Mid Cap Fund,,portfolio,Listed/Awaiting listing on Stock Exchange,Cummins India Ltd.,INE298A01020,Industrial Products,900000,45945,4594500000,1.42,,,,,,,,INF174K01LF9_Kotak Large & Mid Cap Fund.xlsx,KOP,33,"[null, null, ""Cummins India Ltd."", ""INE298A01020"", ""Industrial Products"", null, 900000, 45945, 1.4200000000000002]"
INF174K01LF9,Kotak Large & Mid Cap Fund,,portfolio,Listed/Awaiting listing on Stock Exchange,Infosys Ltd.,INE009A01021,IT - Software,4000000,45352,4535200000,1.4,,,,,,,,INF174K01LF9_Kotak Large & Mid Cap Fund.xlsx,KOP,34,"[null, null, ""Infosys Ltd."", ""INE009A01021"", ""IT - Software"", null, 4000000, 45352, 1.4000000000000001]"
INF174K01LF9,Kotak Large & Mid Cap Fund,,portfolio,Listed/Awaiting listing on Stock Exchange,SRF LTD.,INE647A01010,Chemicals and Petrochemicals,1750000,44807,4480700000,1.39,,,,,,,,INF174K01LF9_Kotak Large & Mid Cap Fund.xlsx,KOP,35,"[null, null, ""SRF LTD."", ""INE647A01010"", ""Chemicals and Petrochemicals"", null, 1750000, 44807, 1.3900000000000001]"
INF174K01LF9,Kotak Large & Mid Cap Fund,,portfolio,Listed/Awaiting listing on Stock Exchange,Fortis Healthcare India Ltd,INE061F01013,Healthcare Services,4700000,42624.3,4262430000,1.32,,,,,,,,INF174K01LF9_Kotak Large & Mid Cap Fund.xlsx,KOP,36,"[null, null, ""Fortis Healthcare India Ltd"", ""INE061F01013"", ""Healthcare Services"", null, 4700000, 42624.3, 1.32]"
INF174K01LF9,Kotak Large & Mid Cap Fund,,portfolio,Listed/Awaiting listing on Stock Exchange,Apollo Tyres Ltd.,INE438A01022,Auto Components,9500000,41700.25,4170025000,1.29,,,,,,,,INF174K01LF9_Kotak Large & Mid Cap Fund.xlsx,KOP,37,"[null, null, ""Apollo Tyres Ltd."", ""INE438A01022"", ""Auto Components"", null, 9500000, 41700.25, 1.29]"
INF174K01LF9,Kotak Large & Mid Cap Fund,,portfolio,Listed/Awaiting listing on Stock Exchange,Dalmia Bharat Limited,INE00R701025,Cement and Cement Products,2225000,41300.45,4130045000,1.28,,,,,,,,INF174K01LF9_Kotak Large & Mid Cap Fund.xlsx,KOP,38,"[null, null, ""Dalmia Bharat Limited"", ""INE00R701025"", ""Cement and Cement Products"", null, 2225000, 41300.450000000004, 1.28]"
INF174K01LF9,Kotak Large & Mid Cap Fund,,portfolio,Listed/Awaiting listing on Stock Exchange,Ultratech Cement Ltd.,INE481G01011,Cement and Cement Products,350000,40075,4007500000,1.24,,,,,,,,INF174K01LF9_Kotak Large & Mid Cap Fund.xlsx,KOP,39,"[null, null, ""Ultratech Cement Ltd."", ""INE481G01011"", ""Cement and Cement Products"", null, 350000, 40075, 1.2400000000000002]"
INF174K01LF9,Kotak Large & Mid Cap Fund,,portfolio,Listed/Awaiting listing on Stock Exchange,ASTRA MICROWAVE PRODUCTS LTD.,INE386C01029,Aerospace and Defense,2300000,38318,3831800000,1.19,,,,,,,,INF174K01LF9_Kotak Large & Mid Cap Fund.xlsx,KOP,40,"[null, null, ""ASTRA MICROWAVE PRODUCTS LTD."", ""INE386C01029"", ""Aerospace and Defense"", null, 2300000, 38318, 1.1900000000000002]"
INF174K01LF9,Kotak Large & Mid Cap Fund,,portfolio,Listed/Awaiting listing on Stock Exchange,ABB India Ltd.,INE117A01022,Electrical Equipment,500000,38192.5,3819250000,1.18,,,,,,,,INF174K01LF9_Kotak Large & Mid Cap Fund.xlsx,KOP,41,"[null, null, ""ABB India Ltd."", ""INE117A01022"", ""Electrical Equipment"", null, 500000, 38192.5, 1.18]"
INF174K01LF9,Kotak Large & Mid Cap Fund,,portfolio,Listed/Awaiting listing on Stock Exchange,Schaeffler India Ltd,INE513A01022,Auto Components,936151,37584.59,3758459000,1.16,,,,,,,,INF174K01LF9_Kotak Large & Mid Cap Fund.xlsx,KOP,42,"[null, null, ""Schaeffler India Ltd"", ""INE513A01022"", ""Auto Components"", null, 936151, 37584.590000000004, 1.1600000000000001]"
INF174K01LF9,Kotak Large & Mid Cap Fund,,portfolio,Listed/Awaiting listing on Stock Exchange,POONAWALLA FINCORP LIMITED,INE511C01022,Finance,8100000,37567.8,3756780000,1.16,,,,,,,,INF174K01LF9_Kotak Large & Mid Cap Fund.xlsx,KOP,43,"[null, null, ""POONAWALLA FINCORP LIMITED"", ""INE511C01022"", ""Finance"", null, 8100000, 37567.8, 1.1600000000000001]"
INF174K01LF9,Kotak Large & Mid Cap Fund,,portfolio,Listed/Awaiting listing on Stock Exchange,SWIGGY LTD,INE00H001014,Retailing,13000000,36647,3664700000,1.13,,,,,,,,INF174K01LF9_Kotak Large & Mid Cap Fund.xlsx,KOP,44,"[null, null, ""SWIGGY LTD"", ""INE00H001014"", ""Retailing"", null, 13000000, 36647, 1.1300000000000001]"
INF174K01LF9,Kotak Large & Mid Cap Fund,,portfolio,Listed/Awaiting listing on Stock Exchange,Inter Globe Aviation Ltd,INE646L01027,Transport Services,700000,36638,3663800000,1.13,,,,,,,,INF174K01LF9_Kotak Large & Mid Cap Fund.xlsx,KOP,45,"[null, null, ""Inter Globe Aviation Ltd"", ""INE646L01027"", ""Transport Services"", null, 700000, 36638, 1.1300000000000001]"
INF174K01LF9,Kotak Large & Mid Cap Fund,,portfolio,Listed/Awaiting listing on Stock Exchange,Ajanta Pharma Ltd.,INE031B01049,Pharmaceuticals and Biotechnology,985144,35483.9,3548390000,1.1,,,,,,,,INF174K01LF9_Kotak Large & Mid Cap Fund.xlsx,KOP,46,"[null, null, ""Ajanta Pharma Ltd."", ""INE031B01049"", ""Pharmaceuticals and Biotechnology"", null, 985144, 35483.9, 1.1]"
INF174K01LF9,Kotak Large & Mid Cap Fund,,portfolio,Listed/Awaiting listing on Stock Exchange,ASTER DM HEALTHCARE LTD,INE914M01019,Healthcare Services,4568000,34534.08,3453408000,1.07,,,,,,,,INF174K01LF9_Kotak Large & Mid Cap Fund.xlsx,KOP,47,"[null, null, ""ASTER DM HEALTHCARE LTD"", ""INE914M01019"", ""Healthcare Services"", null, 4568000, 34534.08, 1.07]"
INF174K01LF9,Kotak Large & Mid Cap Fund,,portfolio,Listed/Awaiting listing on Stock Exchange,Glaxosmithkline Pharma Ltd,INE159A01016,Pharmaceuticals and Biotechnology,1100000,33551.1,3355110000,1.04,,,,,,,,INF174K01LF9_Kotak Large & Mid Cap Fund.xlsx,KOP,48,"[null, null, ""Glaxosmithkline Pharma Ltd"", ""INE159A01016"", ""Pharmaceuticals and Biotechnology"", null, 1100000, 33551.1, 1.04]"
INF174K01LF9,Kotak Large & Mid Cap Fund,,portfolio,Listed/Awaiting listing on Stock Exchange,United Spirits Ltd,INE854D01024,Beverages,2175000,32407.5,3240750000,100,,,,,,,,INF174K01LF9_Kotak Large & Mid Cap Fund.xlsx,KOP,49,"[null, null, ""United Spirits Ltd"", ""INE854D01024"", ""Beverages"", null, 2175000, 32407.5, 1]"
INF174K01LF9,Kotak Large & Mid Cap Fund,,portfolio,Listed/Awaiting listing on Stock Exchange,Adani Enterprises Ltd,INE423A01024,Metals and Minerals Trading,1116025,31908.27,3190827000,99,,,,,,,,INF174K01LF9_Kotak Large & Mid Cap Fund.xlsx,KOP,50,"[null, null, ""Adani Enterprises Ltd"", ""INE423A01024"", ""Metals and Minerals Trading"", null, 1116025, 31908.27, 0.9900000000000001]"
INF174K01LF9,Kotak Large & Mid Cap Fund,,portfolio,Listed/Awaiting listing on Stock Exchange,CRISIL Ltd.,INE007A01025,Finance,650000,31341.7,3134170000,97,,,,,,,,INF174K01LF9_Kotak Large & Mid Cap Fund.xlsx,KOP,51,"[null, null, ""CRISIL Ltd."", ""INE007A01025"", ""Finance"", null, 650000, 31341.7, 0.97]"
INF174K01LF9,Kotak Large & Mid Cap Fund,,portfolio,Listed/Awaiting listing on Stock Exchange,JK Cement Ltd.,INE823G01014,Cement and Cement Products,600000,30798,3079800000,95,,,,,,,,INF174K01LF9_Kotak Large & Mid Cap Fund.xlsx,KOP,52,"[null, null, ""JK Cement Ltd."", ""INE823G01014"", ""Cement and Cement Products"", null, 600000, 30798, 0.95]"
INF174K01LF9,Kotak Large & Mid Cap Fund,,portfolio,Listed/Awaiting listing on Stock Exchange,KOTAK MAHINDRA BANK LTD.,INE237A01036,Banks,7250000,30406.5,3040650000,94,,,,,,,,INF174K01LF9_Kotak Large & Mid Cap Fund.xlsx,KOP,53,"[null, null, ""KOTAK MAHINDRA BANK LTD."", ""INE237A01036"", ""Banks"", null, 7250000, 30406.5, 0.9400000000000001]"
INF174K01LF9,Kotak Large & Mid Cap Fund,,portfolio,Listed/Awaiting listing on Stock Exchange,INDIA CEMENTS LTD.,INE383A01012,Cement and Cement Products,8200000,30393.3,3039330000,94,,,,,,,,INF174K01LF9_Kotak Large & Mid Cap Fund.xlsx,KOP,54,"[null, null, ""INDIA CEMENTS LTD."", ""INE383A01012"", ""Cement and Cement Products"", null, 8200000, 30393.3, 0.9400000000000001]"
INF174K01LF9,Kotak Large & Mid Cap Fund,,portfolio,Listed/Awaiting listing on Stock Exchange,RUBICON RESEARCH LIMITED,INE506V01022,Pharmaceuticals and Biotechnology,1656624,30143.93,3014393000,93,,,,,,,,INF174K01LF9_Kotak Large & Mid Cap Fund.xlsx,KOP,55,"[null, null, ""RUBICON RESEARCH LIMITED"", ""INE506V01022"", ""Pharmaceuticals and Biotechnology"", null, 1656624, 30143.93, 0.93]"
INF174K01LF9,Kotak Large & Mid Cap Fund,,portfolio,Listed/Awaiting listing on Stock Exchange,Oberoi Realty Limited,INE093I01010,Realty,1600000,29888,2988800000,92,,,,,,,,INF174K01LF9_Kotak Large & Mid Cap Fund.xlsx,KOP,56,"[null, null, ""Oberoi Realty Limited"", ""INE093I01010"", ""Realty"", null, 1600000, 29888, 0.9199999999999999]"
INF174K01LF9,Kotak Large & Mid Cap Fund,,portfolio,Listed/Awaiting listing on Stock Exchange,BLUE STAR LTD.,INE472A01039,Consumer Durables,2000000,29276,2927600000,91,,,,,,,,INF174K01LF9_Kotak Large & Mid Cap Fund.xlsx,KOP,57,"[null, null, ""BLUE STAR LTD."", ""INE472A01039"", ""Consumer Durables"", null, 2000000, 29276, 0.91]"
INF174K01LF9,Kotak Large & Mid Cap Fund,,portfolio,Listed/Awaiting listing on Stock Exchange,TORRENT POWER LTD,INE813H01021,Power,2400000,29162.4,2916240000,90,,,,,,,,INF174K01LF9_Kotak Large & Mid Cap Fund.xlsx,KOP,58,"[null, null, ""TORRENT POWER LTD"", ""INE813H01021"", ""Power"", null, 2400000, 29162.4, 0.9000000000000001]"
INF174K01LF9,Kotak Large & Mid Cap Fund,,portfolio,Listed/Awaiting listing on Stock Exchange,NTPC LTD,INE733E01010,Power,8500000,27829,2782900000,86,,,,,,,,INF174K01LF9_Kotak Large & Mid Cap Fund.xlsx,KOP,59,"[null, null, ""NTPC LTD"", ""INE733E01010"", ""Power"", null, 8500000, 27829, 0.86]"
INF174K01LF9,Kotak Large & Mid Cap Fund,,portfolio,Listed/Awaiting listing on Stock Exchange,Maruti Suzuki India Limited,INE585B01010,Automobiles,200000,27094,2709400000,84,,,,,,,,INF174K01LF9_Kotak Large & Mid Cap Fund.xlsx,KOP,60,"[null, null, ""Maruti Suzuki India Limited"", ""INE585B01010"", ""Automobiles"", null, 200000, 27094, 0.8400000000000001]"
INF174K01LF9,Kotak Large & Mid Cap Fund,,portfolio,Listed/Awaiting listing on Stock Exchange,BANK OF MAHARASHTRA,INE457A01014,Banks,30000000,24621,2462100000,76,,,,,,,,INF174K01LF9_Kotak Large & Mid Cap Fund.xlsx,KOP,61,"[null, null, ""BANK OF MAHARASHTRA"", ""INE457A01014"", ""Banks"", null, 30000000, 24621, 0.76]"
INF174K01LF9,Kotak Large & Mid Cap Fund,,portfolio,Listed/Awaiting listing on Stock Exchange,KALPATARU PROJECTS INTERNATIONAL LIMITED,INE220B01022,Construction,1600000,22414.4,2241440000,69,,,,,,,,INF174K01LF9_Kotak Large & Mid Cap Fund.xlsx,KOP,62,"[null, null, ""KALPATARU PROJECTS INTERNATIONAL LIMITED"", ""INE220B01022"", ""Construction"", null, 1600000, 22414.4, 0.6900000000000001]"
INF174K01LF9,Kotak Large & Mid Cap Fund,,portfolio,Listed/Awaiting listing on Stock Exchange,INDO-MIM LTD,INE084101034,Industrial Manufacturing,2535658,22198.42,2219842000,69,,,,,,,,INF174K01LF9_Kotak Large & Mid Cap Fund.xlsx,KOP,63,"[null, null, ""INDO-MIM LTD"", ""INE084101034"", ""Industrial Manufacturing"", null, 2535658, 22198.420000000002, 0.6900000000000001]"
INF174K01LF9,Kotak Large & Mid Cap Fund,,portfolio,Listed/Awaiting listing on Stock Exchange,Power Grid Corporation of India Ltd.,INE752E01010,Power,7500000,19766.25,1976625000,61,,,,,,,,INF174K01LF9_Kotak Large & Mid Cap Fund.xlsx,KOP,64,"[null, null, ""Power Grid Corporation of India Ltd."", ""INE752E01010"", ""Power"", null, 7500000, 19766.25, 0.61]"
INF174K01LF9,Kotak Large & Mid Cap Fund,,portfolio,Listed/Awaiting listing on Stock Exchange,Petronet LNG Ltd.,INE347G01014,Gas,5000000,15030,1503000000,46,,,,,,,,INF174K01LF9_Kotak Large & Mid Cap Fund.xlsx,KOP,65,"[null, null, ""Petronet LNG Ltd."", ""INE347G01014"", ""Gas"", null, 5000000, 15030, 0.45999999999999996]"
INF174K01LF9,Kotak Large & Mid Cap Fund,,portfolio,Listed/Awaiting listing on Stock Exchange,Tata Chemicals Ltd.,INE092A01019,Chemicals and Petrochemicals,2064884,13277.2,1327720000,41,,,,,,,,INF174K01LF9_Kotak Large & Mid Cap Fund.xlsx,KOP,66,"[null, null, ""Tata Chemicals Ltd."", ""INE092A01019"", ""Chemicals and Petrochemicals"", null, 2064884, 13277.2, 0.41000000000000003]"
INF174K01LF9,Kotak Large & Mid Cap Fund,,portfolio,Listed/Awaiting listing on Stock Exchange,Honeywell Automation India Ltd.,INE671A01010,Industrial Manufacturing,37000,13146.1,1314610000,41,,,,,,,,INF174K01LF9_Kotak Large & Mid Cap Fund.xlsx,KOP,67,"[null, null, ""Honeywell Automation India Ltd."", ""INE671A01010"", ""Industrial Manufacturing"", null, 37000, 13146.1, 0.41000000000000003]"
INF174K01LF9,Kotak Large & Mid Cap Fund,,portfolio,Listed/Awaiting listing on Stock Exchange,Dixon Technologies India Ltd,INE935N01020,Consumer Durables,80250,11917.13,1191713000,37,,,,,,,,INF174K01LF9_Kotak Large & Mid Cap Fund.xlsx,KOP,68,"[null, null, ""Dixon Technologies India Ltd"", ""INE935N01020"", ""Consumer Durables"", null, 80250, 11917.130000000001, 0.37]"
INF174K01LF9,Kotak Large & Mid Cap Fund,,portfolio,Listed/Awaiting listing on Stock Exchange,BEML Limited,INE258A01024,"Agricultural, Commercial and Constr",600000,11616.6,1161660000,36,,,,,,,,INF174K01LF9_Kotak Large & Mid Cap Fund.xlsx,KOP,69,"[null, null, ""BEML Limited"", ""INE258A01024"", ""Agricultural, Commercial and Constr"", null, 600000, 11616.6, 0.36000000000000004]"
INF174K01LF9,Kotak Large & Mid Cap Fund,,portfolio,Listed/Awaiting listing on Stock Exchange,Sun TV Network Limited,INE424H01027,Entertainment,456997,2130.29,213029000,7,,,,,,,,INF174K01LF9_Kotak Large & Mid Cap Fund.xlsx,KOP,70,"[null, null, ""Sun TV Network Limited"", ""INE424H01027"", ""Entertainment"", null, 456997, 2130.29, 0.06999999999999999]"
INF174K01LF9,Kotak Large & Mid Cap Fund,,portfolio,Listed/Awaiting listing on Stock Exchange,GSPL TRANSMISSION LIMITED,INE1TUG01013,Gas,466666,700,70000000,2,,,,,,,,INF174K01LF9_Kotak Large & Mid Cap Fund.xlsx,KOP,71,"[null, null, ""GSPL TRANSMISSION LIMITED"", ""INE1TUG01013"", ""Gas"", null, 466666, 700, 0.02]"
INF174K01LF9,Kotak Large & Mid Cap Fund,,portfolio,Futures,DIXON TECHNOLOGIES INDIA LTD.-SEP2026,INE935N01020,,194750,28084.8975,2808489750,87,,,,,,,,INF174K01LF9_Kotak Large & Mid Cap Fund.xlsx,KOP,74,"[null, null, ""DIXON TECHNOLOGIES INDIA LTD.-SEP2026"", ""INE935N01020"", null, null, 194750, 28084.8975, 0.8700000000000001]"
INF174K01LF9,Kotak Large & Mid Cap Fund,,portfolio,Unlisted,Kotak Liquid Direct Growth,INF174K01NE8,Mutual Fund,158411.17,9073.41,907341000,28,,,,,,,,INF174K01LF9_Kotak Large & Mid Cap Fund.xlsx,KOP,78,"[null, null, ""Kotak Liquid Direct Growth"", ""INF174K01NE8"", ""Mutual Fund"", null, 158411.17, 9073.41, 0.27999999999999997]"
INF174K01LF9,Kotak Large & Mid Cap Fund,,portfolio,Unlisted,Triparty Repo,,,,68300,6830000000,2.11,4.96,,,,,,,INF174K01LF9_Kotak Large & Mid Cap Fund.xlsx,KOP,82,"[null, null, ""Triparty Repo"", null, null, 4.96, null, 68300, 2.11]"
INF174K01LF9,Kotak Large & Mid Cap Fund,,portfolio,Net Current Assets/(Liabilities),Margin Deposit,,,,420.05,42005000,1,,,,,,,,INF174K01LF9_Kotak Large & Mid Cap Fund.xlsx,KOP,85,"[null, null, ""Margin Deposit"", null, null, null, null, 420.05, 0.01]"
INF174K01LF9,Kotak Large & Mid Cap Fund,,portfolio,Net Current Assets/(Liabilities),Cash Margin,,,,341.71,34171000,1,,,,,,,,INF174K01LF9_Kotak Large & Mid Cap Fund.xlsx,KOP,86,"[null, null, ""Cash Margin"", null, null, null, null, 341.71, 0.01]"
INF174K01LF9,Kotak Large & Mid Cap Fund,,portfolio,Net Current Assets/(Liabilities),Net Current Assets/(Liabilities),,,,-2488.68,-248868000,-5,,,,,,,,INF174K01LF9_Kotak Large & Mid Cap Fund.xlsx,KOP,87,"[null, null, ""Net Current Assets/(Liabilities)"", null, null, null, null, -2488.6800000000003, -0.05]"
INF174K01LF9,Kotak Large & Mid Cap Fund,,portfolio,Nav Details :-,SCHEME,NAV From 31/07/2026,NAV To 31/08/2026,,,,,,,,,,,,INF174K01LF9_Kotak Large & Mid Cap Fund.xlsx,KOP,99,"[null, null, ""SCHEME"", ""NAV From 31/07/2026"", ""NAV To 31/08/2026"", null, null, null, null]"
INF174K01LF9,Kotak Large & Mid Cap Fund,,portfolio,Nav Details :-,Kotak Large & Midcap Fund Growth,354.938,356.455,,,,,,,,,,,,INF174K01LF9_Kotak Large & Mid Cap Fund.xlsx,KOP,100,"[null, null, ""Kotak Large & Midcap Fund Growth"", 354.93800000000005, 356.45500000000004, null, null, null, null]"
INF174K01LF9,Kotak Large & Mid Cap Fund,,portfolio,Nav Details :-,Kotak Large & Midcap Fund IDCW,61.923,62.188,,,,,,,,,,,,INF174K01LF9_Kotak Large & Mid Cap Fund.xlsx,KOP,101,"[null, null, ""Kotak Large & Midcap Fund IDCW"", 61.923, 62.188, null, null, null, null]"
INF174K01LF9,Kotak Large & Mid Cap Fund,,portfolio,Nav Details :-,Kotak Large & Midcap Fund-Direct Growth,411.8,413.907,,,,,,,,,,,,INF174K01LF9_Kotak Large & Mid Cap Fund.xlsx,KOP,102,"[null, null, ""Kotak Large & Midcap Fund-Direct Growth"", 411.8, 413.90700000000004, null, null, null, null]"
INF174K01LF9,Kotak Large & Mid Cap Fund,,portfolio,Nav Details :-,Kotak Large & Midcap Fund-Direct IDCW,72.666,73.037,,,,,,,,,,,,INF174K01LF9_Kotak Large & Mid Cap Fund.xlsx,KOP,103,"[null, null, ""Kotak Large & Midcap Fund-Direct IDCW"", 72.666, 73.037, null, null, null, null]"
INF174K01LF9,Kotak Large & Mid Cap Fund,,portfolio,6,Underlying,Long/Short,Futures Price When purchased,,,,,,,,,,,,INF174K01LF9_Kotak Large & Mid Cap Fund.xlsx,KOP,110,"[null, null, ""Underlying"", ""Long/Short"", ""Futures Price When purchased"", ""Current Price of the Contract"", ""Margin Maintained in Lakhs"", null, null]"
INF174K01LF9,Kotak Large & Mid Cap Fund,,portfolio,6,Dixon Technologies India Ltd. - September 2026 - Future,Long,14161.316,982.97,,,,14421,,,,,,,INF174K01LF9_Kotak Large & Mid Cap Fund.xlsx,KOP,111,"[null, null, ""Dixon Technologies India Ltd. - September 2026 - Future"", ""Long"", 14161.316, 14421, 982.97, null, null]"
INF174K01LF9,Kotak Large & Mid Cap Fund,,portfolio,7,Total Number of contracts where futures were bought,0,,,,,,,,,,,,,INF174K01LF9_Kotak Large & Mid Cap Fund.xlsx,KOP,114,"[null, null, ""Total Number of contracts where futures were bought"", 0, null, null, null, null, null]"
INF174K01LF9,Kotak Large & Mid Cap Fund,,portfolio,7,Total Number of contracts where futures were sold,12666,,,,,,,,,,,,,INF174K01LF9_Kotak Large & Mid Cap Fund.xlsx,KOP,115,"[null, null, ""Total Number of contracts where futures were sold"", 12666, null, null, null, null, null]"
INF174K01LF9,Kotak Large & Mid Cap Fund,,portfolio,7,Gross Notional Value of contracts where futures were bought,0,Lacs,,,,,,,,,,,,INF174K01LF9_Kotak Large & Mid Cap Fund.xlsx,KOP,116,"[null, null, ""Gross Notional Value of contracts where futures were bought"", 0, ""Lacs"", null, null, null, null]"
INF174K01LF9,Kotak Large & Mid Cap Fund,,portfolio,7,Gross Notional Value of contracts where futures were sold,60078.9914,Lacs,,,,,,,,,,,,INF174K01LF9_Kotak Large & Mid Cap Fund.xlsx,KOP,117,"[null, null, ""Gross Notional Value of contracts where futures were sold"", 60078.99139809999, ""Lacs"", null, null, null, null]"
INF174K01LF9,Kotak Large & Mid Cap Fund,,portfolio,7,Net Profit/Loss value on all contracts combined,64.4788981,Lacs,,,,,,,,,,,,INF174K01LF9_Kotak Large & Mid Cap Fund.xlsx,KOP,118,"[null, null, ""Net Profit/Loss value on all contracts combined"", 64.47889809999998, ""Lacs"", null, null, null, null]"
INF174K01LF9,Kotak Large & Mid Cap Fund,,portfolio,8,Total Number of contracts where futures were bought,272,,,,,,,,,,,,,INF174K01LF9_Kotak Large & Mid Cap Fund.xlsx,KOP,121,"[null, null, ""Total Number of contracts where futures were bought"", 272, null, null, null, null, null]"
INF174K01LF9,Kotak Large & Mid Cap Fund,,portfolio,8,Total Number of contracts where futures were sold,4728,,,,,,,,,,,,,INF174K01LF9_Kotak Large & Mid Cap Fund.xlsx,KOP,122,"[null, null, ""Total Number of contracts where futures were sold"", 4728, null, null, null, null, null]"
INF174K01LF9,Kotak Large & Mid Cap Fund,,portfolio,8,Gross Notional Value of contracts where futures were bought,1596.121338,Lacs,,,,,,,,,,,,INF174K01LF9_Kotak Large & Mid Cap Fund.xlsx,KOP,123,"[null, null, ""Gross Notional Value of contracts where futures were bought"", 1596.1213375, ""Lacs"", null, null, null, null]"
INF174K01LF9,Kotak Large & Mid Cap Fund,,portfolio,8,Gross Notional Value of contracts where futures were sold,32986.56581,Lacs,,,,,,,,,,,,INF174K01LF9_Kotak Large & Mid Cap Fund.xlsx,KOP,124,"[null, null, ""Gross Notional Value of contracts where futures were sold"", 32986.5658128, ""Lacs"", null, null, null, null]"
INF174K01LF9,Kotak Large & Mid Cap Fund,,portfolio,8,Net Profit/Loss value on all contracts combined,1554.897859,Lacs,,,,,,,,,,,,INF174K01LF9_Kotak Large & Mid Cap Fund.xlsx,KOP,125,"[null, null, ""Net Profit/Loss value on all contracts combined"", 1554.8978591, ""Lacs"", null, null, null, null]"
INF179K01UT0,HDFC Flexi Cap Fund,18-08-2010,portfolio,,ICICI Bank Ltd.,INE090A01021,Banks,71835082,1044482.09,1.04448E+11,9.19,,,,,,,,INF179K01UT0_HDFC Flexi Cap Fund.xlsx,HDFCEQ,9,"[""|"", ""INE090A01021"", null, ""ICICI Bank Ltd."", ""Banks"", 71835082, 1044482.09, 9.19, null, null, 0, 9.19]"
INF179K01UT0,HDFC Flexi Cap Fund,18-08-2010,portfolio,,Axis Bank Ltd.,INE238A01034,Banks,54105435,703370.66,70337066000,6.19,,,,,,,,INF179K01UT0_HDFC Flexi Cap Fund.xlsx,HDFCEQ,10,"[""|"", ""INE238A01034"", null, ""Axis Bank Ltd."", ""Banks"", 54105435, 703370.66, 6.19, null, null, 0, 6.19]"
INF179K01UT0,HDFC Flexi Cap Fund,18-08-2010,portfolio,,HDFC Bank Ltd.£,INE040A01034,Banks,91545446,649057.21,64905721000,5.71,,,,,,,,INF179K01UT0_HDFC Flexi Cap Fund.xlsx,HDFCEQ,11,"[""|"", ""INE040A01034"", null, ""HDFC Bank Ltd.\u00a3"", ""Banks"", 91545446, 649057.21, 5.71, null, null, 0, 5.71]"
INF179K01UT0,HDFC Flexi Cap Fund,18-08-2010,portfolio,,State Bank of India,INE062A01020,Banks,44579608,472543.84,47254384000,4.16,,,,,,,,INF179K01UT0_HDFC Flexi Cap Fund.xlsx,HDFCEQ,12,"[""|"", ""INE062A01020"", null, ""State Bank of India"", ""Banks"", 44579608, 472543.84, 4.16, null, null, 0, 4.16]"
INF179K01UT0,HDFC Flexi Cap Fund,18-08-2010,portfolio,,Eternal Limited,INE758T01015,Retailing,117248952,384693.81,38469381000,3.39,,,,,,,,INF179K01UT0_HDFC Flexi Cap Fund.xlsx,HDFCEQ,13,"[""|"", ""INE758T01015"", null, ""Eternal Limited"", ""Retailing"", 117248952, 384693.81, 3.39, null, null, 0, 3.29]"
INF179K01UT0,HDFC Flexi Cap Fund,18-08-2010,portfolio,,Kotak Mahindra Bank Limited,INE237A01036,Banks,88448215,370951.81,37095181000,3.27,,,,,,,,INF179K01UT0_HDFC Flexi Cap Fund.xlsx,HDFCEQ,14,"[""|"", ""INE237A01036"", null, ""Kotak Mahindra Bank Limited"", ""Banks"", 88448215, 370951.81, 3.27, null, null, 0, 3.27]"
INF179K01UT0,HDFC Flexi Cap Fund,18-08-2010,portfolio,,SBI Life Insurance Company Ltd.,INE123W01016,Insurance,20812184,362236.06,36223606000,3.19,,,,,,,,INF179K01UT0_HDFC Flexi Cap Fund.xlsx,HDFCEQ,15,"[""|"", ""INE123W01016"", null, ""SBI Life Insurance Company Ltd."", ""Insurance"", 20812184, 362236.06, 3.19, null, null, 0, 3.19]"
INF179K01UT0,HDFC Flexi Cap Fund,18-08-2010,portfolio,,Larsen and Toubro Ltd.,INE018A01030,Construction,8878007,359106.51,35910651000,3.16,,,,,,,,INF179K01UT0_HDFC Flexi Cap Fund.xlsx,HDFCEQ,16,"[""|"", ""INE018A01030"", null, ""Larsen and Toubro Ltd."", ""Construction"", 8878007, 359106.51, 3.16, null, null, 0, 3.16]"
INF179K01UT0,HDFC Flexi Cap Fund,18-08-2010,portfolio,,InterGlobe Aviation Ltd.,INE646L01027,Transport Services,6463717,338310.95,33831095000,2.98,,,,,,,,INF179K01UT0_HDFC Flexi Cap Fund.xlsx,HDFCEQ,17,"[""|"", ""INE646L01027"", null, ""InterGlobe Aviation Ltd."", ""Transport Services"", 6463717, 338310.95, 2.98, null, null, 0, 2.98]"
INF179K01UT0,HDFC Flexi Cap Fund,18-08-2010,portfolio,,Maruti Suzuki India Limited,INE585B01010,Automobiles,2293697,310727.13,31072713000,2.74,,,,,,,,INF179K01UT0_HDFC Flexi Cap Fund.xlsx,HDFCEQ,18,"[""|"", ""INE585B01010"", null, ""Maruti Suzuki India Limited"", ""Automobiles"", 2293697, 310727.13, 2.74, null, null, 0, 2.74]"
INF179K01UT0,HDFC Flexi Cap Fund,18-08-2010,portfolio,,Bharti Airtel Ltd.,INE397D01024,Telecom - Services,16195885,293453.24,29345324000,2.58,,,,,,,,INF179K01UT0_HDFC Flexi Cap Fund.xlsx,HDFCEQ,19,"[null, ""INE397D01024"", null, ""Bharti Airtel Ltd."", ""Telecom - Services"", 16195885, 293453.24, 2.58, null, null, 0, 2.58]"
INF179K01UT0,HDFC Flexi Cap Fund,18-08-2010,portfolio,,HCL Technologies Ltd.,INE860A01027,IT - Software,21511392,282272.49,28227249000,2.48,,,,,,,,INF179K01UT0_HDFC Flexi Cap Fund.xlsx,HDFCEQ,20,"[null, ""INE860A01027"", null, ""HCL Technologies Ltd."", ""IT - Software"", 21511392, 282272.49, 2.48, null, null, 0, 2.48]"
INF179K01UT0,HDFC Flexi Cap Fund,18-08-2010,portfolio,,Cipla Ltd.,INE059A01026,Pharmaceuticals & Biotechnology,19902429,280465.03,28046503000,2.47,,,,,,,,INF179K01UT0_HDFC Flexi Cap Fund.xlsx,HDFCEQ,21,"[null, ""INE059A01026"", null, ""Cipla Ltd."", ""Pharmaceuticals & Biotechnology"", 19902429, 280465.03, 2.47, null, null, 0, 2.47]"
INF179K01UT0,HDFC Flexi Cap Fund,18-08-2010,portfolio,,Eicher Motors Ltd.,INE066A01021,Automobiles,3487584,277384.99,27738499000,2.44,,,,,,,,INF179K01UT0_HDFC Flexi Cap Fund.xlsx,HDFCEQ,22,"[null, ""INE066A01021"", null, ""Eicher Motors Ltd."", ""Automobiles"", 3487584, 277384.99, 2.44, null, null, 0, 2.44]"
INF179K01UT0,HDFC Flexi Cap Fund,18-08-2010,portfolio,,Power Grid Corporation of India Ltd.,INE752E01010,Power,87862679,231562.09,23156209000,2.04,,,,,,,,INF179K01UT0_HDFC Flexi Cap Fund.xlsx,HDFCEQ,23,"[null, ""INE752E01010"", null, ""Power Grid Corporation of India Ltd."", ""Power"", 87862679, 231562.09, 2.04, null, null, 0, 2.04]"
INF179K01UT0,HDFC Flexi Cap Fund,18-08-2010,portfolio,,Hyundai Motor India Limited,INE0V6F01027,Automobiles,9000000,198450,19845000000,1.75,,,,,,,,INF179K01UT0_HDFC Flexi Cap Fund.xlsx,HDFCEQ,24,"[null, ""INE0V6F01027"", null, ""Hyundai Motor India Limited"", ""Automobiles"", 9000000, 198450, 1.75, null, null, 0, 1.75]"
INF179K01UT0,HDFC Flexi Cap Fund,18-08-2010,portfolio,,Divis Laboratories Ltd.,INE361B01024,Pharmaceuticals & Biotechnology,1893863,179292.01,17929201000,1.58,,,,,,,,INF179K01UT0_HDFC Flexi Cap Fund.xlsx,HDFCEQ,25,"[null, ""INE361B01024"", null, ""Divis Laboratories Ltd."", ""Pharmaceuticals & Biotechnology"", 1893863, 179292.01, 1.58, null, null, 0, 1.58]"
INF179K01UT0,HDFC Flexi Cap Fund,18-08-2010,portfolio,,PB Fintech Limited,INE417T01026,Financial Technology (Fintech),9184525,172209.84,17220984000,1.52,,,,,,,,INF179K01UT0_HDFC Flexi Cap Fund.xlsx,HDFCEQ,26,"[null, ""INE417T01026"", null, ""PB Fintech Limited"", ""Financial Technology (Fintech)"", 9184525, 172209.84, 1.52, null, null, 0, 1.52]"
INF179K01UT0,HDFC Flexi Cap Fund,18-08-2010,portfolio,,Max Healthcare Institute Limited,INE027H01010,Healthcare Services,16259284,169438,16943800000,1.49,,,,,,,,INF179K01UT0_HDFC Flexi Cap Fund.xlsx,HDFCEQ,27,"[null, ""INE027H01010"", null, ""Max Healthcare Institute Limited"", ""Healthcare Services"", 16259284, 169438, 1.49, null, null, 0, 1.49]"
INF179K01UT0,HDFC Flexi Cap Fund,18-08-2010,portfolio,,JSW Steel Ltd.,INE019A01038,Ferrous Metals,12567750,164348.47,16434847000,1.45,,,,,,,,INF179K01UT0_HDFC Flexi Cap Fund.xlsx,HDFCEQ,28,"[null, ""INE019A01038"", null, ""JSW Steel Ltd."", ""Ferrous Metals"", 12567750, 164348.47, 1.45, null, null, 0, 1.45]"
INF179K01UT0,HDFC Flexi Cap Fund,18-08-2010,portfolio,,Piramal Pharma Limited,INE0DK501011,Pharmaceuticals & Biotechnology,76437245,163881.45,16388145000,1.44,,,,,,,,INF179K01UT0_HDFC Flexi Cap Fund.xlsx,HDFCEQ,29,"[null, ""INE0DK501011"", null, ""Piramal Pharma Limited"", ""Pharmaceuticals & Biotechnology"", 76437245, 163881.45, 1.44, null, null, 0, 1.44]"
INF179K01UT0,HDFC Flexi Cap Fund,18-08-2010,portfolio,,Reliance Industries Ltd.,INE002A01018,Petroleum Products,12786219,163280.02,16328002000,1.44,,,,,,,,INF179K01UT0_HDFC Flexi Cap Fund.xlsx,HDFCEQ,30,"[null, ""INE002A01018"", null, ""Reliance Industries Ltd."", ""Petroleum Products"", 12786219, 163280.02, 1.44, null, null, 0, 1.44]"
INF179K01UT0,HDFC Flexi Cap Fund,18-08-2010,portfolio,,Bosch Limited,INE323A01026,Auto Components,305000,152500,15250000000,1.34,,,,,,,,INF179K01UT0_HDFC Flexi Cap Fund.xlsx,HDFCEQ,31,"[null, ""INE323A01026"", null, ""Bosch Limited"", ""Auto Components"", 305000, 152500, 1.34, null, null, 0, 1.34]"
INF179K01UT0,HDFC Flexi Cap Fund,18-08-2010,portfolio,,Persistent Systems Limited,INE262H01021,IT - Software,2721626,152261.37,15226137000,1.34,,,,,,,,INF179K01UT0_HDFC Flexi Cap Fund.xlsx,HDFCEQ,32,"[null, ""INE262H01021"", null, ""Persistent Systems Limited"", ""IT - Software"", 2721626, 152261.37, 1.34, null, null, 0, 1.34]"
INF179K01UT0,HDFC Flexi Cap Fund,18-08-2010,portfolio,,Lupin Ltd.,INE326A01037,Pharmaceuticals & Biotechnology,4888886,106988.38,10698838000,94,,,,,,,,INF179K01UT0_HDFC Flexi Cap Fund.xlsx,HDFCEQ,33,"[null, ""INE326A01037"", null, ""Lupin Ltd."", ""Pharmaceuticals & Biotechnology"", 4888886, 106988.38, 0.94, null, null, 0, 0.94]"
INF179K01UT0,HDFC Flexi Cap Fund,18-08-2010,portfolio,,Tata Steel Ltd.,INE081A01020,Ferrous Metals,54088472,99712.1,9971210000,88,,,,,,,,INF179K01UT0_HDFC Flexi Cap Fund.xlsx,HDFCEQ,34,"[null, ""INE081A01020"", null, ""Tata Steel Ltd."", ""Ferrous Metals"", 54088472, 99712.1, 0.88, null, null, 0, 0.88]"
INF179K01UT0,HDFC Flexi Cap Fund,18-08-2010,portfolio,,Varroc Engineering Limited,INE665L01035,Auto Components,11621497,100177.3,10017730000,88,,,,,,,,INF179K01UT0_HDFC Flexi Cap Fund.xlsx,HDFCEQ,35,"[null, ""INE665L01035"", null, ""Varroc Engineering Limited"", ""Auto Components"", 11621497, 100177.3, 0.88, null, null, 0, 0.88]"
INF179K01UT0,HDFC Flexi Cap Fund,18-08-2010,portfolio,,UltraTech Cement Limited,INE481G01011,Cement & Cement Products,863185,98834.68,9883468000,87,,,,,,,,INF179K01UT0_HDFC Flexi Cap Fund.xlsx,HDFCEQ,36,"[null, ""INE481G01011"", null, ""UltraTech Cement Limited"", ""Cement & Cement Products"", 863185, 98834.68, 0.87, null, null, 0, 0.87]"
INF179K01UT0,HDFC Flexi Cap Fund,18-08-2010,portfolio,,TVS Motor Company Ltd.,INE494B01023,Automobiles,2233516,96963.63,9696363000,85,,,,,,,,INF179K01UT0_HDFC Flexi Cap Fund.xlsx,HDFCEQ,37,"[null, ""INE494B01023"", null, ""TVS Motor Company Ltd."", ""Automobiles"", 2233516, 96963.63, 0.85, null, null, 0, 0.85]"
INF179K01UT0,HDFC Flexi Cap Fund,18-08-2010,portfolio,,Aster DM Quality Care Limited,INE914M01019,Healthcare Services,12221356,92393.45,9239345000,81,,,,,,,,INF179K01UT0_HDFC Flexi Cap Fund.xlsx,HDFCEQ,38,"[null, ""INE914M01019"", null, ""Aster DM Quality Care Limited"", ""Healthcare Services"", 12221356, 92393.45, 0.81, null, null, 0, 0.81]"
INF179K01UT0,HDFC Flexi Cap Fund,18-08-2010,portfolio,,Fsn Ecommerce Ventures Limited (Nykaa),INE388Y01029,Retailing,24300000,84940.65,8494065000,75,,,,,,,,INF179K01UT0_HDFC Flexi Cap Fund.xlsx,HDFCEQ,39,"[null, ""INE388Y01029"", null, ""Fsn Ecommerce Ventures Limited (Nykaa)"", ""Retailing"", 24300000, 84940.65, 0.75, null, null, 0, 0.75]"
INF179K01UT0,HDFC Flexi Cap Fund,18-08-2010,portfolio,,United Spirits Limited,INE854D01024,Beverages,5735000,85451.5,8545150000,75,,,,,,,,INF179K01UT0_HDFC Flexi Cap Fund.xlsx,HDFCEQ,40,"[null, ""INE854D01024"", null, ""United Spirits Limited"", ""Beverages"", 5735000, 85451.5, 0.75, null, null, 0, 0.75]"
INF179K01UT0,HDFC Flexi Cap Fund,18-08-2010,portfolio,,Dr. Lal Path Labs Ltd,INE600L01024,Healthcare Services,4178451,80836.31,8083631000,71,,,,,,,,INF179K01UT0_HDFC Flexi Cap Fund.xlsx,HDFCEQ,41,"[null, ""INE600L01024"", null, ""Dr. Lal Path Labs Ltd"", ""Healthcare Services"", 4178451, 80836.31, 0.71, null, null, 0, 0.71]"
INF179K01UT0,HDFC Flexi Cap Fund,18-08-2010,portfolio,,Britannia Industries Ltd.,INE216A01030,Food Products,1508522,79197.41,7919741000,70,,,,,,,,INF179K01UT0_HDFC Flexi Cap Fund.xlsx,HDFCEQ,42,"[null, ""INE216A01030"", null, ""Britannia Industries Ltd."", ""Food Products"", 1508522, 79197.41, 0.7, null, null, 0, 0.7]"
INF179K01UT0,HDFC Flexi Cap Fund,18-08-2010,portfolio,,LENSKART SOLUTIONS LIMITED,INE956O01016,Retailing,12071638,79962.53,7996253000,70,,,,,,,,INF179K01UT0_HDFC Flexi Cap Fund.xlsx,HDFCEQ,43,"[null, ""INE956O01016"", null, ""LENSKART SOLUTIONS LIMITED"", ""Retailing"", 12071638, 79962.53, 0.7, null, null, 0, 0.7]"
INF179K01UT0,HDFC Flexi Cap Fund,18-08-2010,portfolio,,Apollo Hospitals Enterprise Ltd.,INE437A01024,Healthcare Services,863297,76820.48,7682048000,68,,,,,,,,INF179K01UT0_HDFC Flexi Cap Fund.xlsx,HDFCEQ,44,"[null, ""INE437A01024"", null, ""Apollo Hospitals Enterprise Ltd."", ""Healthcare Services"", 863297, 76820.48, 0.68, null, null, 0, 0.68]"
INF179K01UT0,HDFC Flexi Cap Fund,18-08-2010,portfolio,,Bharat Electronics Ltd.,INE263A01024,Aerospace & Defense,17066662,70732.78,7073278000,62,,,,,,,,INF179K01UT0_HDFC Flexi Cap Fund.xlsx,HDFCEQ,45,"[null, ""INE263A01024"", null, ""Bharat Electronics Ltd."", ""Aerospace & Defense"", 17066662, 70732.78, 0.62, null, null, 0, 0.62]"
INF179K01UT0,HDFC Flexi Cap Fund,18-08-2010,portfolio,,Anthem Biosciences Limited,INE0CZ201020,Pharmaceuticals & Biotechnology,7765558,69350.32,6935032000,61,,,,,,,,INF179K01UT0_HDFC Flexi Cap Fund.xlsx,HDFCEQ,46,"[null, ""INE0CZ201020"", null, ""Anthem Biosciences Limited"", ""Pharmaceuticals & Biotechnology"", 7765558, 69350.32, 0.61, null, null, 0, 0.61]"
INF179K01UT0,HDFC Flexi Cap Fund,18-08-2010,portfolio,,ACME Solar Holdings Limited,INE622W01025,Power,16108228,64747.02,6474702000,57,,,,,,,,INF179K01UT0_HDFC Flexi Cap Fund.xlsx,HDFCEQ,47,"[null, ""INE622W01025"", null, ""ACME Solar Holdings Limited"", ""Power"", 16108228, 64747.02, 0.57, null, null, 0, 0.57]"
INF179K01UT0,HDFC Flexi Cap Fund,18-08-2010,portfolio,,Vishal Mega Mart Limited,INE01EA01019,Retailing,58425988,64642.51,6464251000,57,,,,,,,,INF179K01UT0_HDFC Flexi Cap Fund.xlsx,HDFCEQ,48,"[null, ""INE01EA01019"", null, ""Vishal Mega Mart Limited"", ""Retailing"", 58425988, 64642.51, 0.57, null, null, 0, 0.57]"
INF179K01UT0,HDFC Flexi Cap Fund,18-08-2010,portfolio,,Craftsman Automation Ltd,INE00LO01017,Auto Components,563094,63058.08,6305808000,56,,,,,,,,INF179K01UT0_HDFC Flexi Cap Fund.xlsx,HDFCEQ,49,"[null, ""INE00LO01017"", null, ""Craftsman Automation Ltd"", ""Auto Components"", 563094, 63058.08, 0.56, null, null, 0, 0.56]"
INF179K01UT0,HDFC Flexi Cap Fund,18-08-2010,portfolio,,Kalpataru Projects International Ltd,INE220B01022,Construction,4571171,64037.53,6403753000,56,,,,,,,,INF179K01UT0_HDFC Flexi Cap Fund.xlsx,HDFCEQ,50,"[null, ""INE220B01022"", null, ""Kalpataru Projects International Ltd"", ""Construction"", 4571171, 64037.53, 0.56, null, null, 0, 0.56]"
INF179K01UT0,HDFC Flexi Cap Fund,18-08-2010,portfolio,,JSW Infrastructure Limited,INE880J01026,Transport Infrastructure,18427600,62653.84,6265384000,55,,,,,,,,INF179K01UT0_HDFC Flexi Cap Fund.xlsx,HDFCEQ,51,"[null, ""INE880J01026"", null, ""JSW Infrastructure Limited"", ""Transport Infrastructure"", 18427600, 62653.84, 0.55, null, null, 0, 0.55]"
INF179K01UT0,HDFC Flexi Cap Fund,18-08-2010,portfolio,,Havells India Ltd.,INE176B01034,Consumer Durables,4906487,61041.6,6104160000,54,,,,,,,,INF179K01UT0_HDFC Flexi Cap Fund.xlsx,HDFCEQ,52,"[null, ""INE176B01034"", null, ""Havells India Ltd."", ""Consumer Durables"", 4906487, 61041.6, 0.54, null, null, 0, 0.54]"
INF179K01UT0,HDFC Flexi Cap Fund,18-08-2010,portfolio,,Infosys Limited,INE009A01021,IT - Software,5376354,60957.1,6095710000,54,,,,,,,,INF179K01UT0_HDFC Flexi Cap Fund.xlsx,HDFCEQ,53,"[null, ""INE009A01021"", null, ""Infosys Limited"", ""IT - Software"", 5376354, 60957.1, 0.54, null, null, 0, 0.54]"
INF179K01UT0,HDFC Flexi Cap Fund,18-08-2010,portfolio,,Neuland Laboratories Limited,INE794A01010,Pharmaceuticals & Biotechnology,254894,58651.11,5865111000,52,,,,,,,,INF179K01UT0_HDFC Flexi Cap Fund.xlsx,HDFCEQ,54,"[null, ""INE794A01010"", null, ""Neuland Laboratories Limited"", ""Pharmaceuticals & Biotechnology"", 254894, 58651.11, 0.52, null, null, 0, 0.52]"
INF179K01UT0,HDFC Flexi Cap Fund,18-08-2010,portfolio,,ADANI ENTERPRISES LIMTIED,INE423A01024,Metals & Minerals Trading,2029136,58015.03,5801503000,51,,,,,,,,INF179K01UT0_HDFC Flexi Cap Fund.xlsx,HDFCEQ,55,"[null, ""INE423A01024"", null, ""ADANI ENTERPRISES LIMTIED"", ""Metals & Minerals Trading"", 2029136, 58015.03, 0.51, null, null, 0, 0.51]"
INF179K01UT0,HDFC Flexi Cap Fund,18-08-2010,portfolio,,Nuvoco Vistas Corporation Ltd.,INE118D01016,Cement & Cement Products,17588172,56088.68,5608868000,49,,,,,,,,INF179K01UT0_HDFC Flexi Cap Fund.xlsx,HDFCEQ,56,"[null, ""INE118D01016"", null, ""Nuvoco Vistas Corporation Ltd."", ""Cement & Cement Products"", 17588172, 56088.68, 0.49, null, null, 0, 0.49]"
INF179K01UT0,HDFC Flexi Cap Fund,18-08-2010,portfolio,,Hexaware Technologies Ltd.,INE093A01041,IT - Software,9807167,54405.26,5440526000,48,,,,,,,,INF179K01UT0_HDFC Flexi Cap Fund.xlsx,HDFCEQ,57,"[null, ""INE093A01041"", null, ""Hexaware Technologies Ltd."", ""IT - Software"", 9807167, 54405.26, 0.48, null, null, 0, 0.48]"
INF179K01UT0,HDFC Flexi Cap Fund,18-08-2010,portfolio,,Prestige Estates Projects Ltd.,INE811K01011,Realty,3360975,54884.72,5488472000,48,,,,,,,,INF179K01UT0_HDFC Flexi Cap Fund.xlsx,HDFCEQ,58,"[null, ""INE811K01011"", null, ""Prestige Estates Projects Ltd."", ""Realty"", 3360975, 54884.72, 0.48, null, null, 0, 0.48]"
INF179K01UT0,HDFC Flexi Cap Fund,18-08-2010,portfolio,,Ashok Leyland Ltd,INE208A01029,"Agricultural, Commercial & Construction Vehicles",29741264,52237.56,5223756000,46,,,,,,,,INF179K01UT0_HDFC Flexi Cap Fund.xlsx,HDFCEQ,59,"[null, ""INE208A01029"", null, ""Ashok Leyland Ltd"", ""Agricultural, Commercial & Construction Vehicles"", 29741264, 52237.56, 0.46, null, null, 0, 0.46]"
INF179K01UT0,HDFC Flexi Cap Fund,18-08-2010,portfolio,,Bajaj Auto Limited,INE917I01010,Automobiles,431691,52364.12,5236412000,46,,,,,,,,INF179K01UT0_HDFC Flexi Cap Fund.xlsx,HDFCEQ,60,"[null, ""INE917I01010"", null, ""Bajaj Auto Limited"", ""Automobiles"", 431691, 52364.12, 0.46, null, null, 0, 0.46]"
INF179K01UT0,HDFC Flexi Cap Fund,18-08-2010,portfolio,,ICICI PRUDENTIAL ASSET MANAGEMENT COMPANY LIMITED,INE346A01027,Capital Markets,1700337,52117.03,5211703000,46,,,,,,,,INF179K01UT0_HDFC Flexi Cap Fund.xlsx,HDFCEQ,61,"[null, ""INE346A01027"", null, ""ICICI PRUDENTIAL ASSET MANAGEMENT COMPANY LIMITED"", ""Capital Markets"", 1700337, 52117.03, 0.46, null, null, 0, 0.46]"
INF179K01UT0,HDFC Flexi Cap Fund,18-08-2010,portfolio,,Bombay Stock Exchange Limited (BSE),INE118H01025,Capital Markets,1569111,51498.22,5149822000,45,,,,,,,,INF179K01UT0_HDFC Flexi Cap Fund.xlsx,HDFCEQ,62,"[null, ""INE118H01025"", null, ""Bombay Stock Exchange Limited (BSE)"", ""Capital Markets"", 1569111, 51498.22, 0.45, null, null, 0, 0.45]"
INF179K01UT0,HDFC Flexi Cap Fund,18-08-2010,portfolio,,CORONA REMEDIES LIMITED,INE02ZQ01018,Pharmaceuticals & Biotechnology,2333333,47840.33,4784033000,42,,,,,,,,INF179K01UT0_HDFC Flexi Cap Fund.xlsx,HDFCEQ,63,"[null, ""INE02ZQ01018"", null, ""CORONA REMEDIES LIMITED"", ""Pharmaceuticals & Biotechnology"", 2333333, 47840.33, 0.42, null, null, 0, 0.42]"
INF179K01UT0,HDFC Flexi Cap Fund,18-08-2010,portfolio,,SAPPHIRE FOODS INDIA LIMITED,INE806T01020,Leisure Services,20000000,46882,4688200000,41,,,,,,,,INF179K01UT0_HDFC Flexi Cap Fund.xlsx,HDFCEQ,64,"[null, ""INE806T01020"", null, ""SAPPHIRE FOODS INDIA LIMITED"", ""Leisure Services"", 20000000, 46882, 0.41, null, null, 0, 0.41]"
INF179K01UT0,HDFC Flexi Cap Fund,18-08-2010,portfolio,,Nippon Life India Asset Management Limited,INE298J01013,Capital Markets,3728642,43710.87,4371087000,38,,,,,,,,INF179K01UT0_HDFC Flexi Cap Fund.xlsx,HDFCEQ,65,"[null, ""INE298J01013"", null, ""Nippon Life India Asset Management Limited"", ""Capital Markets"", 3728642, 43710.87, 0.38, null, null, 0, 0.38]"
INF179K01UT0,HDFC Flexi Cap Fund,18-08-2010,portfolio,,SBI Funds Management Limited,INE640G01020,Capital Markets,7521897,43438.96,4343896000,38,,,,,,,,INF179K01UT0_HDFC Flexi Cap Fund.xlsx,HDFCEQ,66,"[null, ""INE640G01020"", null, ""SBI Funds Management Limited"", ""Capital Markets"", 7521897, 43438.96, 0.38, null, null, 0, 0.38]"
INF179K01UT0,HDFC Flexi Cap Fund,18-08-2010,portfolio,,CIE Automotive India Ltd,INE536H01010,Auto Components,10000000,39105,3910500000,34,,,,,,,,INF179K01UT0_HDFC Flexi Cap Fund.xlsx,HDFCEQ,67,"[null, ""INE536H01010"", null, ""CIE Automotive India Ltd"", ""Auto Components"", 10000000, 39105, 0.34, null, null, 0, 0.34]"
INF179K01UT0,HDFC Flexi Cap Fund,18-08-2010,portfolio,,Metropolis Healthcare Ltd.,INE112L01020,Healthcare Services,6500000,37852.75,3785275000,33,,,,,,,,INF179K01UT0_HDFC Flexi Cap Fund.xlsx,HDFCEQ,68,"[null, ""INE112L01020"", null, ""Metropolis Healthcare Ltd."", ""Healthcare Services"", 6500000, 37852.75, 0.33, null, null, 0, 0.33]"
INF179K01UT0,HDFC Flexi Cap Fund,18-08-2010,portfolio,,Dixon Technologies (India) Ltd.,INE935N01020,Consumer Durables,241238,35823.84,3582384000,32,,,,,,,,INF179K01UT0_HDFC Flexi Cap Fund.xlsx,HDFCEQ,69,"[null, ""INE935N01020"", null, ""Dixon Technologies (India) Ltd."", ""Consumer Durables"", 241238, 35823.84, 0.32, null, null, 0.03, 0.35]"
INF179K01UT0,HDFC Flexi Cap Fund,18-08-2010,portfolio,,ESCORTS KUBOTA LIMITED,INE042A01014,"Agricultural, Commercial & Construction Vehicles",1200000,35940,3594000000,32,,,,,,,,INF179K01UT0_HDFC Flexi Cap Fund.xlsx,HDFCEQ,70,"[null, ""INE042A01014"", null, ""ESCORTS KUBOTA LIMITED"", ""Agricultural, Commercial & Construction Vehicles"", 1200000, 35940, 0.32, null, null, 0, 0.32]"
INF179K01UT0,HDFC Flexi Cap Fund,18-08-2010,portfolio,,The Ramco Cements Ltd.,INE331A01037,Cement & Cement Products,3964281,34867.83,3486783000,31,,,,,,,,INF179K01UT0_HDFC Flexi Cap Fund.xlsx,HDFCEQ,71,"[null, ""INE331A01037"", null, ""The Ramco Cements Ltd."", ""Cement & Cement Products"", 3964281, 34867.83, 0.31, null, null, 0, 0.31]"
INF179K01UT0,HDFC Flexi Cap Fund,18-08-2010,portfolio,,Crompton Greaves Consumer Elec. Ltd.,INE299U01018,Consumer Durables,14500000,34205.5,3420550000,30,,,,,,,,INF179K01UT0_HDFC Flexi Cap Fund.xlsx,HDFCEQ,72,"[null, ""INE299U01018"", null, ""Crompton Greaves Consumer Elec. Ltd."", ""Consumer Durables"", 14500000, 34205.5, 0.3, null, null, 0, 0.3]"
INF179K01UT0,HDFC Flexi Cap Fund,18-08-2010,portfolio,,Life Insurance Corporation of India,INE0J1Y01017,Insurance,7750000,32395,3239500000,29,,,,,,,,INF179K01UT0_HDFC Flexi Cap Fund.xlsx,HDFCEQ,73,"[null, ""INE0J1Y01017"", null, ""Life Insurance Corporation of India"", ""Insurance"", 7750000, 32395, 0.29, null, null, 0, 0.29]"
INF179K01UT0,HDFC Flexi Cap Fund,18-08-2010,portfolio,,Restaurant Brands Asia Limited,INE07T201019,Leisure Services,33500000,32863.5,3286350000,29,,,,,,,,INF179K01UT0_HDFC Flexi Cap Fund.xlsx,HDFCEQ,74,"[null, ""INE07T201019"", null, ""Restaurant Brands Asia Limited"", ""Leisure Services"", 33500000, 32863.5, 0.29, null, null, 0, 0.29]"
INF179K01UT0,HDFC Flexi Cap Fund,18-08-2010,portfolio,,Swiggy Limited,INE00H001014,Retailing,10853030,30594.69,3059469000,27,,,,,,,,INF179K01UT0_HDFC Flexi Cap Fund.xlsx,HDFCEQ,75,"[null, ""INE00H001014"", null, ""Swiggy Limited"", ""Retailing"", 10853030, 30594.69, 0.27, null, null, 0, 0.27]"
INF179K01UT0,HDFC Flexi Cap Fund,18-08-2010,portfolio,,Apar Industries Limited,INE372A01015,Electrical Equipment,168864,29892.31,2989231000,26,,,,,,,,INF179K01UT0_HDFC Flexi Cap Fund.xlsx,HDFCEQ,76,"[null, ""INE372A01015"", null, ""Apar Industries Limited"", ""Electrical Equipment"", 168864, 29892.31, 0.26, null, null, 0, 0.26]"
INF179K01UT0,HDFC Flexi Cap Fund,18-08-2010,portfolio,,Biocon Ltd.,INE376G01013,Pharmaceuticals & Biotechnology,7301958,30084.07,3008407000,26,,,,,,,,INF179K01UT0_HDFC Flexi Cap Fund.xlsx,HDFCEQ,77,"[null, ""INE376G01013"", null, ""Biocon Ltd."", ""Pharmaceuticals & Biotechnology"", 7301958, 30084.07, 0.26, null, null, 0, 0.26]"
INF179K01UT0,HDFC Flexi Cap Fund,18-08-2010,portfolio,,Oil & Natural Gas Corporation Ltd.,INE213A01029,Oil,12808217,29689.45,2968945000,26,,,,,,,,INF179K01UT0_HDFC Flexi Cap Fund.xlsx,HDFCEQ,78,"[null, ""INE213A01029"", null, ""Oil & Natural Gas Corporation Ltd."", ""Oil"", 12808217, 29689.45, 0.26, null, null, 0, 0.26]"
INF179K01UT0,HDFC Flexi Cap Fund,18-08-2010,portfolio,,Ather Energy Limited,INE0LEZ01016,Automobiles,1539837,26449.78,2644978000,23,,,,,,,,INF179K01UT0_HDFC Flexi Cap Fund.xlsx,HDFCEQ,79,"[null, ""INE0LEZ01016"", null, ""Ather Energy Limited"", ""Automobiles"", 1539837, 26449.78, 0.23, null, null, 0, 0.23]"
INF179K01UT0,HDFC Flexi Cap Fund,18-08-2010,portfolio,,Hindustan Petroleum Corp. Ltd.,INE094A01015,Petroleum Products,7015842,25660.44,2566044000,23,,,,,,,,INF179K01UT0_HDFC Flexi Cap Fund.xlsx,HDFCEQ,80,"[null, ""INE094A01015"", null, ""Hindustan Petroleum Corp. Ltd."", ""Petroleum Products"", 7015842, 25660.44, 0.23, null, null, 0, 0.23]"
INF179K01UT0,HDFC Flexi Cap Fund,18-08-2010,portfolio,,JK Lakshmi Cement Ltd,INE786A01032,Cement & Cement Products,5000000,26545,2654500000,23,,,,,,,,INF179K01UT0_HDFC Flexi Cap Fund.xlsx,HDFCEQ,81,"[null, ""INE786A01032"", null, ""JK Lakshmi Cement Ltd"", ""Cement & Cement Products"", 5000000, 26545, 0.23, null, null, 0, 0.23]"
INF179K01UT0,HDFC Flexi Cap Fund,18-08-2010,portfolio,,Diamond Power Infrastructure Limited,INE989C01038,Electrical Equipment,6955715,24157.2,2415720000,21,,,,,,,,INF179K01UT0_HDFC Flexi Cap Fund.xlsx,HDFCEQ,82,"[null, ""INE989C01038"", null, ""Diamond Power Infrastructure Limited"", ""Electrical Equipment"", 6955715, 24157.2, 0.21, null, null, 0, 0.21]"
INF179K01UT0,HDFC Flexi Cap Fund,18-08-2010,portfolio,,Rubicon Research Limited,INE506V01022,Pharmaceuticals & Biotechnology,1332789,24251.43,2425143000,21,,,,,,,,INF179K01UT0_HDFC Flexi Cap Fund.xlsx,HDFCEQ,83,"[null, ""INE506V01022"", null, ""Rubicon Research Limited"", ""Pharmaceuticals & Biotechnology"", 1332789, 24251.43, 0.21, null, null, 0, 0.21]"
INF179K01UT0,HDFC Flexi Cap Fund,18-08-2010,portfolio,,ABB India Ltd.,INE117A01022,Electrical Equipment,178230,13614.1,1361410000,12,,,,,,,,INF179K01UT0_HDFC Flexi Cap Fund.xlsx,HDFCEQ,84,"[null, ""INE117A01022"", null, ""ABB India Ltd."", ""Electrical Equipment"", 178230, 13614.1, 0.12, null, null, 0, 0.12]"
INF179K01UT0,HDFC Flexi Cap Fund,18-08-2010,portfolio,,TENNECO CLEAN AIR INDIA LIMITED,INE19RI01016,Auto Components,2163522,11453.69,1145369000,10,,,,,,,,INF179K01UT0_HDFC Flexi Cap Fund.xlsx,HDFCEQ,85,"[null, ""INE19RI01016"", null, ""TENNECO CLEAN AIR INDIA LIMITED"", ""Auto Components"", 2163522, 11453.69, 0.1, null, null, 0, 0.1]"
INF179K01UT0,HDFC Flexi Cap Fund,18-08-2010,portfolio,,Bank of Baroda,INE028A01039,Banks,3850325,9186.88,918688000,8,,,,,,,,INF179K01UT0_HDFC Flexi Cap Fund.xlsx,HDFCEQ,86,"[null, ""INE028A01039"", null, ""Bank of Baroda"", ""Banks"", 3850325, 9186.88, 0.08, null, null, 0, 0.08]"
INF179K01UT0,HDFC Flexi Cap Fund,18-08-2010,portfolio,,Nexus Select Trust REIT,INE0NDH25011,Realty,110000000,184569,18456900000,1.62,,,,,,,,INF179K01UT0_HDFC Flexi Cap Fund.xlsx,HDFCEQ,89,"[null, ""INE0NDH25011"", null, ""Nexus Select Trust REIT"", ""Realty"", 110000000, 184569, 1.62, null, null, null, null]"
INF179K01UT0,HDFC Flexi Cap Fund,18-08-2010,portfolio,,Embassy Office Parks REIT,INE041025011,Realty,14699999,64456.56,6445656000,57,,,,,,,,INF179K01UT0_HDFC Flexi Cap Fund.xlsx,HDFCEQ,90,"[null, ""INE041025011"", null, ""Embassy Office Parks REIT"", ""Realty"", 14699999, 64456.56, 0.57, null, null, null, null]"
INF179K01UT0,HDFC Flexi Cap Fund,18-08-2010,portfolio,,7.38% GOI MAT 200627,IN0020220037,Sovereign,29000000,29355.25,2935525000,26,5.86,,7.38,,,,,INF179K01UT0_HDFC Flexi Cap Fund.xlsx,HDFCEQ,96,"[null, ""IN0020220037"", 7.38, ""7.38% GOI MAT 200627"", ""Sovereign"", 29000000, 29355.25, 0.26, 5.86, null, null, null]"
INF179K01UT0,HDFC Flexi Cap Fund,18-08-2010,portfolio,,7.32% GOI MAT 131130,IN0020230135,Sovereign,11000000,11311.51,1131151000,10,6.64,,7.32,,,,,INF179K01UT0_HDFC Flexi Cap Fund.xlsx,HDFCEQ,97,"[null, ""IN0020230135"", 7.32, ""7.32% GOI MAT 131130"", ""Sovereign"", 11000000, 11311.51, 0.1, 6.64, null, null, null]"
INF179K01UT0,HDFC Flexi Cap Fund,18-08-2010,portfolio,,7.37% GOI MAT 231028,IN0020230101,Sovereign,10000000,10225.98,1022598000,9,6.32,,7.37,,,,,INF179K01UT0_HDFC Flexi Cap Fund.xlsx,HDFCEQ,98,"[null, ""IN0020230101"", 7.37, ""7.37% GOI MAT 231028"", ""Sovereign"", 10000000, 10225.98, 0.09, 6.32, null, null, null]"
INF179K01UT0,HDFC Flexi Cap Fund,18-08-2010,portfolio,,TREPS - Tri-party Repo,,,,289726.67,28972667000,2.55,4.96,,,,,,,INF179K01UT0_HDFC Flexi Cap Fund.xlsx,HDFCEQ,103,"[null, null, null, ""TREPS - Tri-party Repo"", null, null, 289726.67, 2.55, 4.96, null, null, null]"
INF179K01UT0,HDFC Flexi Cap Fund,18-08-2010,portfolio,,Net Current Assets,,,,-5447.68,-544768000,-3,,,,,,,,INF179K01UT0_HDFC Flexi Cap Fund.xlsx,HDFCEQ,108,"[null, null, null, ""Net Current Assets"", null, null, -5447.68, -0.03, null, null, null, null]"
INF179K01UT0,HDFC Flexi Cap Fund,18-08-2010,portfolio,,Eternal Limited,,,-3254350,-95.36,-9536000,,,,,,,,,INF179K01UT0_HDFC Flexi Cap Fund.xlsx,HDFCEQ,110,"[null, null, null, ""Eternal Limited"", null, -3254350, -95.36, ""@"", null, null, null, null]"
INF179K01UT0,HDFC Flexi Cap Fund,18-08-2010,portfolio,,Top Ten Holdings,Top Ten Holdings,Top Ten Holdings,,,,,,,,,,,,INF179K01UT0_HDFC Flexi Cap Fund.xlsx,HDFCEQ,115,"[""|"", ""Top Ten Holdings"", ""Top Ten Holdings"", ""Top Ten Holdings"", ""Top Ten Holdings"", ""Top Ten Holdings"", null, null, null, null, null, null]"
INF179K01UT0,HDFC Flexi Cap Fund,18-08-2010,portfolio,,#NAME?,#NAME?,#NAME?,,,,,,,,,,,,INF179K01UT0_HDFC Flexi Cap Fund.xlsx,HDFCEQ,116,"[null, ""+ Industry Classification as recommended by AMFI"", ""+ Industry Classification as recommended by AMFI"", ""+ Industry Classification as recommended by AMFI"", ""+ Industry Classification as recommended by AMFI"", ""+ Industry Classification as recommended by AMFI"", null, null, null, null, null, null]"
INF179K01UT0,HDFC Flexi Cap Fund,18-08-2010,portfolio,,£ - Sponsor Company,£ - Sponsor Company,£ - Sponsor Company,,,,,,,,,,,,INF179K01UT0_HDFC Flexi Cap Fund.xlsx,HDFCEQ,117,"[null, ""\u00a3 - Sponsor Company"", ""\u00a3 - Sponsor Company"", ""\u00a3 - Sponsor Company"", ""\u00a3 - Sponsor Company"", ""\u00a3 - Sponsor Company"", null, null, null, null, null, null]"
INF179K01UT0,HDFC Flexi Cap Fund,18-08-2010,portfolio,,"** Thinly Traded/ Non-Traded Securities (Equity) as on August 31, 2026","** Thinly Traded/ Non-Traded Securities (Equity) as on August 31, 2026","** Thinly Traded/ Non-Traded Securities (Equity) as on August 31, 2026",,,,,,,,,,,,INF179K01UT0_HDFC Flexi Cap Fund.xlsx,HDFCEQ,118,"[null, ""** Thinly Traded/ Non-Traded Securities (Equity) as on August 31, 2026"", ""** Thinly Traded/ Non-Traded Securities (Equity) as on August 31, 2026"", ""** Thinly Traded/ Non-Traded Securities (Equity) as on August 31, 2026"", ""** Thinly Traded/ Non-Traded Securities (Equity) as on August 31, 2026"", ""** Thinly Traded/ Non-Traded Securities (Equity) as on August 31, 2026"", null, null, null, null, null, null]"
INF179K01UT0,HDFC Flexi Cap Fund,18-08-2010,portfolio,,"^ Non-Traded Securities (Debt) as on August 31, 2026","^ Non-Traded Securities (Debt) as on August 31, 2026","^ Non-Traded Securities (Debt) as on August 31, 2026",,,,,,,,,,,,INF179K01UT0_HDFC Flexi Cap Fund.xlsx,HDFCEQ,119,"[null, ""^ Non-Traded Securities (Debt) as on August 31, 2026"", ""^ Non-Traded Securities (Debt) as on August 31, 2026"", ""^ Non-Traded Securities (Debt) as on August 31, 2026"", ""^ Non-Traded Securities (Debt) as on August 31, 2026"", ""^ Non-Traded Securities (Debt) as on August 31, 2026"", null, null, null, null, null, null]"
INF179K01UT0,HDFC Flexi Cap Fund,18-08-2010,portfolio,,# Non Sensex Scrips,# Non Sensex Scrips,# Non Sensex Scrips,,,,,,,,,,,,INF179K01UT0_HDFC Flexi Cap Fund.xlsx,HDFCEQ,120,"[null, ""# Non Sensex Scrips"", ""# Non Sensex Scrips"", ""# Non Sensex Scrips"", ""# Non Sensex Scrips"", ""# Non Sensex Scrips"", null, null, null, null, null, null]"
INF179K01UT0,HDFC Flexi Cap Fund,18-08-2010,portfolio,,@ Less than 0.01%.,@ Less than 0.01%.,@ Less than 0.01%.,,,,,,,,,,,,INF179K01UT0_HDFC Flexi Cap Fund.xlsx,HDFCEQ,121,"[null, ""@ Less than 0.01%."", ""@ Less than 0.01%."", ""@ Less than 0.01%."", ""@ Less than 0.01%."", ""@ Less than 0.01%."", null, null, null, null, null, null]"
INF179K01UT0,HDFC Flexi Cap Fund,18-08-2010,portfolio,,~ YTC i.e. Yield to Call is disclosed at security level only for Additional Tier 1 Bonds and Tier 2 Bonds issued by Banks as per AMFI Best Practices Notification 135/BP/91/2020-21 read with SEBI circular SEBI/HO/IMD/DF4/CIR/P/2021/034,~ YTC i.e. Yield to Call is disclosed at security level only for Additional Tier 1 Bonds and Tier 2 Bonds issued by Banks as per AMFI Best Practices Notification 135/BP/91/2020-21 read with SEBI circular SEBI/HO/IMD/DF4/CIR/P/2021/034,~ YTC i.e. Yield to Call is disclosed at security level only for Additional Tier 1 Bonds and Tier 2 Bonds issued by Banks as per AMFI Best Practices Notification 135/BP/91/2020-21 read with SEBI circular SEBI/HO/IMD/DF4/CIR/P/2021/034,,,,,,,,,,,,INF179K01UT0_HDFC Flexi Cap Fund.xlsx,HDFCEQ,122,"[null, ""~ YTC i.e. Yield to Call is disclosed at security level only for Additional Tier 1 Bonds and Tier 2 Bonds issued by Banks as per AMFI Best Practices Notification 135/BP/91/2020-21 read with SEBI circular SEBI/HO/IMD/DF4/CIR/P/2021/034"", ""~ YTC i.e. Yield to Call is disclosed at security level only for Additional Tier 1 Bonds and Tier 2 Bonds issued by Banks as per AMFI Best Practices Notification 135/BP/91/2020-21 read with SEBI circular SEBI/HO/IMD/DF4/CIR/P/2021/034"", ""~ YTC i.e. Yield to Call is disclosed at security level only for Additional Tier 1 Bonds and Tier 2 Bonds issued by Banks as per AMFI Best Practices Notification 135/BP/91/2020-21 read with SEBI circular SEBI/HO/IMD/DF4/CIR/P/2021/034"", ""~ YTC i.e. Yield to Call is disclosed at security level only for Additional Tier 1 Bonds and Tier 2 Bonds issued by Banks as per AMFI Best Practices Notification 135/BP/91/2020-21 read with SEBI circular SEBI/HO/IMD/DF4/CIR/P/2021/034"", ""~ YTC i.e. Yield to Call is disclosed at security level only for Additional Tier 1 Bonds and Tier 2 Bonds issued by Banks as per AMFI Best Practices Notification 135/BP/91/2020-21 read with SEBI circular SEBI/HO/IMD/DF4/CIR/P/2021/034"", null, null, null, null, null, null]"
INF179K01UT0,HDFC Flexi Cap Fund,18-08-2010,portfolio,,28.6,Banks,,,,,,,,,,,,,INF179K01UT0_HDFC Flexi Cap Fund.xlsx,HDFCEQ,125,"[null, ""Banks"", null, 28.6, null, null, null, null, null, null, null, null]"
INF179K01UT0,HDFC Flexi Cap Fund,18-08-2010,portfolio,,8.47,Automobiles,,,,,,,,,,,,,INF179K01UT0_HDFC Flexi Cap Fund.xlsx,HDFCEQ,126,"[null, ""Automobiles"", null, 8.47, null, null, null, null, null, null, null, null]"
INF179K01UT0,HDFC Flexi Cap Fund,18-08-2010,portfolio,,8.45,Pharmaceuticals & Biotechnology,,,,,,,,,,,,,INF179K01UT0_HDFC Flexi Cap Fund.xlsx,HDFCEQ,127,"[null, ""Pharmaceuticals & Biotechnology"", null, 8.45, null, null, null, null, null, null, null, null]"
INF179K01UT0,HDFC Flexi Cap Fund,18-08-2010,portfolio,,5.68,Retailing,,,,,,,,,,,,,INF179K01UT0_HDFC Flexi Cap Fund.xlsx,HDFCEQ,128,"[null, ""Retailing"", null, 5.68, null, null, null, null, null, null, null, null]"
INF179K01UT0,HDFC Flexi Cap Fund,18-08-2010,portfolio,,4.84,IT - Software,,,,,,,,,,,,,INF179K01UT0_HDFC Flexi Cap Fund.xlsx,HDFCEQ,129,"[null, ""IT - Software"", null, 4.84, null, null, null, null, null, null, null, null]"
INF179K01UT0,HDFC Flexi Cap Fund,18-08-2010,portfolio,,4.02,Healthcare Services,,,,,,,,,,,,,INF179K01UT0_HDFC Flexi Cap Fund.xlsx,HDFCEQ,130,"[null, ""Healthcare Services"", null, 4.0200000000000005, null, null, null, null, null, null, null, null]"
INF179K01UT0,HDFC Flexi Cap Fund,18-08-2010,portfolio,,3.72,Construction,,,,,,,,,,,,,INF179K01UT0_HDFC Flexi Cap Fund.xlsx,HDFCEQ,131,"[null, ""Construction"", null, 3.72, null, null, null, null, null, null, null, null]"
INF179K01UT0,HDFC Flexi Cap Fund,18-08-2010,portfolio,,3.48,Insurance,,,,,,,,,,,,,INF179K01UT0_HDFC Flexi Cap Fund.xlsx,HDFCEQ,132,"[null, ""Insurance"", null, 3.48, null, null, null, null, null, null, null, null]"
INF179K01UT0,HDFC Flexi Cap Fund,18-08-2010,portfolio,,3.22,Auto Components,,,,,,,,,,,,,INF179K01UT0_HDFC Flexi Cap Fund.xlsx,HDFCEQ,133,"[null, ""Auto Components"", null, 3.22, null, null, null, null, null, null, null, null]"
INF179K01UT0,HDFC Flexi Cap Fund,18-08-2010,portfolio,,2.98,Transport Services,,,,,,,,,,,,,INF179K01UT0_HDFC Flexi Cap Fund.xlsx,HDFCEQ,134,"[null, ""Transport Services"", null, 2.98, null, null, null, null, null, null, null, null]"
INF179K01UT0,HDFC Flexi Cap Fund,18-08-2010,portfolio,,2.61,Power,,,,,,,,,,,,,INF179K01UT0_HDFC Flexi Cap Fund.xlsx,HDFCEQ,135,"[null, ""Power"", null, 2.61, null, null, null, null, null, null, null, null]"
INF179K01UT0,HDFC Flexi Cap Fund,18-08-2010,portfolio,,2.58,Telecom - Services,,,,,,,,,,,,,INF179K01UT0_HDFC Flexi Cap Fund.xlsx,HDFCEQ,136,"[null, ""Telecom - Services"", null, 2.58, null, null, null, null, null, null, null, null]"
INF179K01UT0,HDFC Flexi Cap Fund,18-08-2010,portfolio,,2.33,Ferrous Metals,,,,,,,,,,,,,INF179K01UT0_HDFC Flexi Cap Fund.xlsx,HDFCEQ,137,"[null, ""Ferrous Metals"", null, 2.33, null, null, null, null, null, null, null, null]"
INF179K01UT0,HDFC Flexi Cap Fund,18-08-2010,portfolio,,1.9,Cement & Cement Products,,,,,,,,,,,,,INF179K01UT0_HDFC Flexi Cap Fund.xlsx,HDFCEQ,138,"[null, ""Cement & Cement Products"", null, 1.9, null, null, null, null, null, null, null, null]"
INF179K01UT0,HDFC Flexi Cap Fund,18-08-2010,portfolio,,1.67,Capital Markets,,,,,,,,,,,,,INF179K01UT0_HDFC Flexi Cap Fund.xlsx,HDFCEQ,139,"[null, ""Capital Markets"", null, 1.67, null, null, null, null, null, null, null, null]"
INF179K01UT0,HDFC Flexi Cap Fund,18-08-2010,portfolio,,1.67,Petroleum Products,,,,,,,,,,,,,INF179K01UT0_HDFC Flexi Cap Fund.xlsx,HDFCEQ,140,"[null, ""Petroleum Products"", null, 1.67, null, null, null, null, null, null, null, null]"
INF179K01UT0,HDFC Flexi Cap Fund,18-08-2010,portfolio,,1.52,Financial Technology (Fintech),,,,,,,,,,,,,INF179K01UT0_HDFC Flexi Cap Fund.xlsx,HDFCEQ,141,"[null, ""Financial Technology (Fintech)"", null, 1.52, null, null, null, null, null, null, null, null]"
INF179K01UT0,HDFC Flexi Cap Fund,18-08-2010,portfolio,,1.13,Consumer Durables,,,,,,,,,,,,,INF179K01UT0_HDFC Flexi Cap Fund.xlsx,HDFCEQ,142,"[null, ""Consumer Durables"", null, 1.1300000000000001, null, null, null, null, null, null, null, null]"
INF179K01UT0,HDFC Flexi Cap Fund,18-08-2010,portfolio,,0.78,"Agricultural, Commercial & Construction Vehicles",,,,,,,,,,,,,INF179K01UT0_HDFC Flexi Cap Fund.xlsx,HDFCEQ,143,"[null, ""Agricultural, Commercial & Construction Vehicles"", null, 0.78, null, null, null, null, null, null, null, null]"
INF179K01UT0,HDFC Flexi Cap Fund,18-08-2010,portfolio,,0.75,Beverages,,,,,,,,,,,,,INF179K01UT0_HDFC Flexi Cap Fund.xlsx,HDFCEQ,144,"[null, ""Beverages"", null, 0.75, null, null, null, null, null, null, null, null]"
INF179K01UT0,HDFC Flexi Cap Fund,18-08-2010,portfolio,,0.7,Food Products,,,,,,,,,,,,,INF179K01UT0_HDFC Flexi Cap Fund.xlsx,HDFCEQ,145,"[null, ""Food Products"", null, 0.7, null, null, null, null, null, null, null, null]"
INF179K01UT0,HDFC Flexi Cap Fund,18-08-2010,portfolio,,0.7,Leisure Services,,,,,,,,,,,,,INF179K01UT0_HDFC Flexi Cap Fund.xlsx,HDFCEQ,146,"[null, ""Leisure Services"", null, 0.7, null, null, null, null, null, null, null, null]"
INF179K01UT0,HDFC Flexi Cap Fund,18-08-2010,portfolio,,0.62,Aerospace & Defense,,,,,,,,,,,,,INF179K01UT0_HDFC Flexi Cap Fund.xlsx,HDFCEQ,147,"[null, ""Aerospace & Defense"", null, 0.62, null, null, null, null, null, null, null, null]"
INF179K01UT0,HDFC Flexi Cap Fund,18-08-2010,portfolio,,0.59,Electrical Equipment,,,,,,,,,,,,,INF179K01UT0_HDFC Flexi Cap Fund.xlsx,HDFCEQ,148,"[null, ""Electrical Equipment"", null, 0.59, null, null, null, null, null, null, null, null]"
INF179K01UT0,HDFC Flexi Cap Fund,18-08-2010,portfolio,,0.55,Transport Infrastructure,,,,,,,,,,,,,INF179K01UT0_HDFC Flexi Cap Fund.xlsx,HDFCEQ,149,"[null, ""Transport Infrastructure"", null, 0.55, null, null, null, null, null, null, null, null]"
INF179K01UT0,HDFC Flexi Cap Fund,18-08-2010,portfolio,,0.51,Metals & Minerals Trading,,,,,,,,,,,,,INF179K01UT0_HDFC Flexi Cap Fund.xlsx,HDFCEQ,150,"[null, ""Metals & Minerals Trading"", null, 0.51, null, null, null, null, null, null, null, null]"
INF179K01UT0,HDFC Flexi Cap Fund,18-08-2010,portfolio,,2.67,Realty,,,,,,,,,,,,,INF179K01UT0_HDFC Flexi Cap Fund.xlsx,HDFCEQ,151,"[null, ""Realty"", null, 2.67, null, null, null, null, null, null, null, null]"
INF179K01UT0,HDFC Flexi Cap Fund,18-08-2010,portfolio,,0.26,Oil,,,,,,,,,,,,,INF179K01UT0_HDFC Flexi Cap Fund.xlsx,HDFCEQ,152,"[null, ""Oil"", null, 0.26, null, null, null, null, null, null, null, null]"
INF179K01UT0,HDFC Flexi Cap Fund,18-08-2010,portfolio,,0.03,Total Hedged Exposure,,,,,,,,,,,,,INF179K01UT0_HDFC Flexi Cap Fund.xlsx,HDFCEQ,153,"[null, ""Total Hedged Exposure"", null, 0.03, null, null, null, null, null, null, null, null]"
INF179K01UT0,HDFC Flexi Cap Fund,18-08-2010,portfolio,,0.45,G-Sec,,,,,,,,,,,,,INF179K01UT0_HDFC Flexi Cap Fund.xlsx,HDFCEQ,154,"[null, ""G-Sec"", null, 0.45, null, null, null, null, null, null, null, null]"
INF179K01UT0,HDFC Flexi Cap Fund,18-08-2010,portfolio,,2.52,"Cash, Cash Equivalents and Net Current Assets",,,,,,,,,,,,,INF179K01UT0_HDFC Flexi Cap Fund.xlsx,HDFCEQ,155,"[null, ""Cash, Cash Equivalents and Net Current Assets"", null, 2.52, null, null, null, null, null, null, null, null]"
INF179K01UT0,HDFC Flexi Cap Fund,18-08-2010,portfolio,,"July 31, 2026",NAVs per unit (Rs.),,,,,,,,,,,,,INF179K01UT0_HDFC Flexi Cap Fund.xlsx,HDFCEQ,159,"[null, ""NAVs per unit (Rs.)"", ""August 31, 2026"", ""July 31, 2026"", null, null, null, null, null, null, null, null]"
INF179K01UT0,HDFC Flexi Cap Fund,18-08-2010,portfolio,,74.433,IDCW Option,,,,,,,,75.593,,,,,INF179K01UT0_HDFC Flexi Cap Fund.xlsx,HDFCEQ,160,"[null, ""IDCW Option"", 75.593, 74.433, null, null, null, null, null, null, null, null]"
INF179K01UT0,HDFC Flexi Cap Fund,18-08-2010,portfolio,,91.671,Direct Plan - IDCW Option,,,,,,,,93.148,,,,,INF179K01UT0_HDFC Flexi Cap Fund.xlsx,HDFCEQ,161,"[null, ""Direct Plan - IDCW Option"", 93.148, 91.671, null, null, null, null, null, null, null, null]"
INF179K01UT0,HDFC Flexi Cap Fund,18-08-2010,portfolio,,2059.826,Growth Option,,,,,,,,2091.928,,,,,INF179K01UT0_HDFC Flexi Cap Fund.xlsx,HDFCEQ,162,"[null, ""Growth Option"", 2091.928, 2059.826, null, null, null, null, null, null, null, null]"
INF179K01UT0,HDFC Flexi Cap Fund,18-08-2010,portfolio,,2267.177,Direct Plan - Growth Option,,,,,,,,2303.716,,,,,INF179K01UT0_HDFC Flexi Cap Fund.xlsx,HDFCEQ,163,"[null, ""Direct Plan - Growth Option"", 2303.716, 2267.177, null, null, null, null, null, null, null, null]"
INF179KB1MF0,HDFC Retirement Fund - Equity Plan,,portfolio,,ICICI Bank Ltd.,INE090A01021,Banks,3700000,53798,5379800000,7.69,,,,,,,,INF179KB1MF0_HDFC Retirement Fund - Equity Plan.xlsx,HDFCRETEQP,9,"[""|"", ""INE090A01021"", null, ""ICICI Bank Ltd."", ""Banks"", 3700000, 53798, 7.69, null, null, null, null]"
INF179KB1MF0,HDFC Retirement Fund - Equity Plan,,portfolio,,HDFC Bank Ltd.£,INE040A01034,Banks,6500000,46085,4608500000,6.59,,,,,,,,INF179KB1MF0_HDFC Retirement Fund - Equity Plan.xlsx,HDFCRETEQP,10,"[""|"", ""INE040A01034"", null, ""HDFC Bank Ltd.\u00a3"", ""Banks"", 6500000, 46085, 6.59, null, null, null, null]"
INF179KB1MF0,HDFC Retirement Fund - Equity Plan,,portfolio,,Reliance Industries Ltd.,INE002A01018,Petroleum Products,2600000,33202,3320200000,4.74,,,,,,,,INF179KB1MF0_HDFC Retirement Fund - Equity Plan.xlsx,HDFCRETEQP,11,"[""|"", ""INE002A01018"", null, ""Reliance Industries Ltd."", ""Petroleum Products"", 2600000, 33202, 4.74, null, null, null, null]"
INF179KB1MF0,HDFC Retirement Fund - Equity Plan,,portfolio,,Axis Bank Ltd.,INE238A01034,Banks,2400000,31200,3120000000,4.46,,,,,,,,INF179KB1MF0_HDFC Retirement Fund - Equity Plan.xlsx,HDFCRETEQP,12,"[""|"", ""INE238A01034"", null, ""Axis Bank Ltd."", ""Banks"", 2400000, 31200, 4.46, null, null, null, null]"
INF179KB1MF0,HDFC Retirement Fund - Equity Plan,,portfolio,,Kotak Mahindra Bank Limited,INE237A01036,Banks,7000000,29358,2935800000,4.2,,,,,,,,INF179KB1MF0_HDFC Retirement Fund - Equity Plan.xlsx,HDFCRETEQP,13,"[""|"", ""INE237A01036"", null, ""Kotak Mahindra Bank Limited"", ""Banks"", 7000000, 29358, 4.2, null, null, null, null]"
INF179KB1MF0,HDFC Retirement Fund - Equity Plan,,portfolio,,Maruti Suzuki India Limited,INE585B01010,Automobiles,158387,21456.69,2145669000,3.07,,,,,,,,INF179KB1MF0_HDFC Retirement Fund - Equity Plan.xlsx,HDFCRETEQP,14,"[""|"", ""INE585B01010"", null, ""Maruti Suzuki India Limited"", ""Automobiles"", 158387, 21456.69, 3.07, null, null, null, null]"
INF179KB1MF0,HDFC Retirement Fund - Equity Plan,,portfolio,,State Bank of India,INE062A01020,Banks,2000000,21200,2120000000,3.03,,,,,,,,INF179KB1MF0_HDFC Retirement Fund - Equity Plan.xlsx,HDFCRETEQP,15,"[""|"", ""INE062A01020"", null, ""State Bank of India"", ""Banks"", 2000000, 21200, 3.03, null, null, null, null]"
INF179KB1MF0,HDFC Retirement Fund - Equity Plan,,portfolio,,Bharti Airtel Ltd.,INE397D01024,Telecom - Services,1000000,18119,1811900000,2.59,,,,,,,,INF179KB1MF0_HDFC Retirement Fund - Equity Plan.xlsx,HDFCRETEQP,16,"[""|"", ""INE397D01024"", null, ""Bharti Airtel Ltd."", ""Telecom - Services"", 1000000, 18119, 2.59, null, null, null, null]"
INF179KB1MF0,HDFC Retirement Fund - Equity Plan,,portfolio,,Infosys Limited,INE009A01021,IT - Software,1500000,17007,1700700000,2.43,,,,,,,,INF179KB1MF0_HDFC Retirement Fund - Equity Plan.xlsx,HDFCRETEQP,17,"[""|"", ""INE009A01021"", null, ""Infosys Limited"", ""IT - Software"", 1500000, 17007, 2.43, null, null, null, null]"
INF179KB1MF0,HDFC Retirement Fund - Equity Plan,,portfolio,,Tata Consultancy Services Ltd.,INE467B01029,IT - Software,700000,16795.1,1679510000,2.4,,,,,,,,INF179KB1MF0_HDFC Retirement Fund - Equity Plan.xlsx,HDFCRETEQP,18,"[""|"", ""INE467B01029"", null, ""Tata Consultancy Services Ltd."", ""IT - Software"", 700000, 16795.1, 2.4, null, null, null, null]"
INF179KB1MF0,HDFC Retirement Fund - Equity Plan,,portfolio,,Larsen and Toubro Ltd.,INE018A01030,Construction,400000,16179.6,1617960000,2.31,,,,,,,,INF179KB1MF0_HDFC Retirement Fund - Equity Plan.xlsx,HDFCRETEQP,19,"[null, ""INE018A01030"", null, ""Larsen and Toubro Ltd."", ""Construction"", 400000, 16179.6, 2.31, null, null, null, null]"
INF179KB1MF0,HDFC Retirement Fund - Equity Plan,,portfolio,,Dr. Lal Path Labs Ltd,INE600L01024,Healthcare Services,700000,13542.2,1354220000,1.94,,,,,,,,INF179KB1MF0_HDFC Retirement Fund - Equity Plan.xlsx,HDFCRETEQP,20,"[null, ""INE600L01024"", null, ""Dr. Lal Path Labs Ltd"", ""Healthcare Services"", 700000, 13542.2, 1.94, null, null, null, null]"
INF179KB1MF0,HDFC Retirement Fund - Equity Plan,,portfolio,,HCL Technologies Ltd.,INE860A01027,IT - Software,1000000,13122,1312200000,1.88,,,,,,,,INF179KB1MF0_HDFC Retirement Fund - Equity Plan.xlsx,HDFCRETEQP,21,"[null, ""INE860A01027"", null, ""HCL Technologies Ltd."", ""IT - Software"", 1000000, 13122, 1.88, null, null, null, null]"
INF179KB1MF0,HDFC Retirement Fund - Equity Plan,,portfolio,,InterGlobe Aviation Ltd.,INE646L01027,Transport Services,250000,13085,1308500000,1.87,,,,,,,,INF179KB1MF0_HDFC Retirement Fund - Equity Plan.xlsx,HDFCRETEQP,22,"[null, ""INE646L01027"", null, ""InterGlobe Aviation Ltd."", ""Transport Services"", 250000, 13085, 1.87, null, null, null, null]"
INF179KB1MF0,HDFC Retirement Fund - Equity Plan,,portfolio,,Eicher Motors Ltd.,INE066A01021,Automobiles,150000,11930.25,1193025000,1.7,,,,,,,,INF179KB1MF0_HDFC Retirement Fund - Equity Plan.xlsx,HDFCRETEQP,23,"[null, ""INE066A01021"", null, ""Eicher Motors Ltd."", ""Automobiles"", 150000, 11930.25, 1.7, null, null, null, null]"
INF179KB1MF0,HDFC Retirement Fund - Equity Plan,,portfolio,,Power Grid Corporation of India Ltd.,INE752E01010,Power,4500000,11859.75,1185975000,1.69,,,,,,,,INF179KB1MF0_HDFC Retirement Fund - Equity Plan.xlsx,HDFCRETEQP,24,"[null, ""INE752E01010"", null, ""Power Grid Corporation of India Ltd."", ""Power"", 4500000, 11859.75, 1.69, null, null, null, null]"
INF179KB1MF0,HDFC Retirement Fund - Equity Plan,,portfolio,,ICICI Lombard General Insurance Co,INE765G01017,Insurance,700000,10968.3,1096830000,1.57,,,,,,,,INF179KB1MF0_HDFC Retirement Fund - Equity Plan.xlsx,HDFCRETEQP,25,"[null, ""INE765G01017"", null, ""ICICI Lombard General Insurance Co"", ""Insurance"", 700000, 10968.3, 1.57, null, null, null, null]"
INF179KB1MF0,HDFC Retirement Fund - Equity Plan,,portfolio,,Eternal Limited,INE758T01015,Retailing,3000000,9843,984300000,1.41,,,,,,,,INF179KB1MF0_HDFC Retirement Fund - Equity Plan.xlsx,HDFCRETEQP,26,"[null, ""INE758T01015"", null, ""Eternal Limited"", ""Retailing"", 3000000, 9843, 1.41, null, null, null, null]"
INF179KB1MF0,HDFC Retirement Fund - Equity Plan,,portfolio,,Max Financial Services Ltd.,INE180A01020,Insurance,600000,9438.6,943860000,1.35,,,,,,,,INF179KB1MF0_HDFC Retirement Fund - Equity Plan.xlsx,HDFCRETEQP,27,"[null, ""INE180A01020"", null, ""Max Financial Services Ltd."", ""Insurance"", 600000, 9438.6, 1.35, null, null, null, null]"
INF179KB1MF0,HDFC Retirement Fund - Equity Plan,,portfolio,,Havells India Ltd.,INE176B01034,Consumer Durables,700000,8708.7,870870000,1.24,,,,,,,,INF179KB1MF0_HDFC Retirement Fund - Equity Plan.xlsx,HDFCRETEQP,28,"[null, ""INE176B01034"", null, ""Havells India Ltd."", ""Consumer Durables"", 700000, 8708.7, 1.24, null, null, null, null]"
INF179KB1MF0,HDFC Retirement Fund - Equity Plan,,portfolio,,Alkem Laboratories Ltd.,INE540L01014,Pharmaceuticals & Biotechnology,160000,8527.2,852720000,1.22,,,,,,,,INF179KB1MF0_HDFC Retirement Fund - Equity Plan.xlsx,HDFCRETEQP,29,"[null, ""INE540L01014"", null, ""Alkem Laboratories Ltd."", ""Pharmaceuticals & Biotechnology"", 160000, 8527.2, 1.22, null, null, null, null]"
INF179KB1MF0,HDFC Retirement Fund - Equity Plan,,portfolio,,ITC LIMITED,INE154A01025,Diversified FMCG,3300000,8431.5,843150000,1.2,,,,,,,,INF179KB1MF0_HDFC Retirement Fund - Equity Plan.xlsx,HDFCRETEQP,30,"[null, ""INE154A01025"", null, ""ITC LIMITED"", ""Diversified FMCG"", 3300000, 8431.5, 1.2, null, null, null, null]"
INF179KB1MF0,HDFC Retirement Fund - Equity Plan,,portfolio,,Jindal Steel Limited.,INE749A01030,Ferrous Metals,700000,8350.3,835030000,1.19,,,,,,,,INF179KB1MF0_HDFC Retirement Fund - Equity Plan.xlsx,HDFCRETEQP,31,"[null, ""INE749A01030"", null, ""Jindal Steel Limited."", ""Ferrous Metals"", 700000, 8350.3, 1.19, null, null, null, null]"
INF179KB1MF0,HDFC Retirement Fund - Equity Plan,,portfolio,,NTPC Limited,INE733E01010,Power,2500000,8185,818500000,1.17,,,,,,,,INF179KB1MF0_HDFC Retirement Fund - Equity Plan.xlsx,HDFCRETEQP,32,"[null, ""INE733E01010"", null, ""NTPC Limited"", ""Power"", 2500000, 8185, 1.17, null, null, null, null]"
INF179KB1MF0,HDFC Retirement Fund - Equity Plan,,portfolio,,HDFC Life Insurance Company Limited,INE795G01014,Insurance,1500000,8150.25,815025000,1.16,,,,,,,,INF179KB1MF0_HDFC Retirement Fund - Equity Plan.xlsx,HDFCRETEQP,33,"[null, ""INE795G01014"", null, ""HDFC Life Insurance Company Limited"", ""Insurance"", 1500000, 8150.25, 1.16, null, null, null, null]"
INF179KB1MF0,HDFC Retirement Fund - Equity Plan,,portfolio,,Divis Laboratories Ltd.,INE361B01024,Pharmaceuticals & Biotechnology,80000,7573.6,757360000,1.08,,,,,,,,INF179KB1MF0_HDFC Retirement Fund - Equity Plan.xlsx,HDFCRETEQP,34,"[null, ""INE361B01024"", null, ""Divis Laboratories Ltd."", ""Pharmaceuticals & Biotechnology"", 80000, 7573.6, 1.08, null, null, null, null]"
INF179KB1MF0,HDFC Retirement Fund - Equity Plan,,portfolio,,Creditaccess Grameen Limited,INE741K01010,Finance,550000,7499.25,749925000,1.07,,,,,,,,INF179KB1MF0_HDFC Retirement Fund - Equity Plan.xlsx,HDFCRETEQP,35,"[null, ""INE741K01010"", null, ""Creditaccess Grameen Limited"", ""Finance"", 550000, 7499.25, 1.07, null, null, null, null]"
INF179KB1MF0,HDFC Retirement Fund - Equity Plan,,portfolio,,United Spirits Limited,INE854D01024,Beverages,500000,7450,745000000,1.06,,,,,,,,INF179KB1MF0_HDFC Retirement Fund - Equity Plan.xlsx,HDFCRETEQP,36,"[null, ""INE854D01024"", null, ""United Spirits Limited"", ""Beverages"", 500000, 7450, 1.06, null, null, null, null]"
INF179KB1MF0,HDFC Retirement Fund - Equity Plan,,portfolio,,Bajaj Auto Limited,INE917I01010,Automobiles,60000,7278,727800000,1.04,,,,,,,,INF179KB1MF0_HDFC Retirement Fund - Equity Plan.xlsx,HDFCRETEQP,37,"[null, ""INE917I01010"", null, ""Bajaj Auto Limited"", ""Automobiles"", 60000, 7278, 1.04, null, null, null, null]"
INF179KB1MF0,HDFC Retirement Fund - Equity Plan,,portfolio,,Delhivery Limited,INE148O01028,Transport Services,1600000,7299.2,729920000,1.04,,,,,,,,INF179KB1MF0_HDFC Retirement Fund - Equity Plan.xlsx,HDFCRETEQP,38,"[null, ""INE148O01028"", null, ""Delhivery Limited"", ""Transport Services"", 1600000, 7299.2, 1.04, null, null, null, null]"
INF179KB1MF0,HDFC Retirement Fund - Equity Plan,,portfolio,,Apollo Hospitals Enterprise Ltd.,INE437A01024,Healthcare Services,75000,6673.88,667388000,95,,,,,,,,INF179KB1MF0_HDFC Retirement Fund - Equity Plan.xlsx,HDFCRETEQP,39,"[null, ""INE437A01024"", null, ""Apollo Hospitals Enterprise Ltd."", ""Healthcare Services"", 75000, 6673.88, 0.95, null, null, null, null]"
INF179KB1MF0,HDFC Retirement Fund - Equity Plan,,portfolio,,Hyundai Motor India Limited,INE0V6F01027,Automobiles,300000,6615,661500000,95,,,,,,,,INF179KB1MF0_HDFC Retirement Fund - Equity Plan.xlsx,HDFCRETEQP,40,"[null, ""INE0V6F01027"", null, ""Hyundai Motor India Limited"", ""Automobiles"", 300000, 6615, 0.95, null, null, null, null]"
INF179KB1MF0,HDFC Retirement Fund - Equity Plan,,portfolio,,Tata Steel Ltd.,INE081A01020,Ferrous Metals,3500000,6452.25,645225000,92,,,,,,,,INF179KB1MF0_HDFC Retirement Fund - Equity Plan.xlsx,HDFCRETEQP,41,"[null, ""INE081A01020"", null, ""Tata Steel Ltd."", ""Ferrous Metals"", 3500000, 6452.25, 0.92, null, null, null, null]"
INF179KB1MF0,HDFC Retirement Fund - Equity Plan,,portfolio,,Crisil Limited,INE007A01025,Finance,130000,6268.34,626834000,90,,,,,,,,INF179KB1MF0_HDFC Retirement Fund - Equity Plan.xlsx,HDFCRETEQP,42,"[null, ""INE007A01025"", null, ""Crisil Limited"", ""Finance"", 130000, 6268.34, 0.9, null, null, null, null]"
INF179KB1MF0,HDFC Retirement Fund - Equity Plan,,portfolio,,Hindustan Petroleum Corp. Ltd.,INE094A01015,Petroleum Products,1700000,6217.75,621775000,89,,,,,,,,INF179KB1MF0_HDFC Retirement Fund - Equity Plan.xlsx,HDFCRETEQP,43,"[null, ""INE094A01015"", null, ""Hindustan Petroleum Corp. Ltd."", ""Petroleum Products"", 1700000, 6217.75, 0.89, null, null, null, null]"
INF179KB1MF0,HDFC Retirement Fund - Equity Plan,,portfolio,,PVR LIMITED,INE191H01014,Entertainment,500000,6038.5,603850000,86,,,,,,,,INF179KB1MF0_HDFC Retirement Fund - Equity Plan.xlsx,HDFCRETEQP,44,"[null, ""INE191H01014"", null, ""PVR LIMITED"", ""Entertainment"", 500000, 6038.5, 0.86, null, null, null, null]"
INF179KB1MF0,HDFC Retirement Fund - Equity Plan,,portfolio,,Transport Corporation of India Ltd.,INE688A01022,Transport Services,679460,5897.71,589771000,84,,,,,,,,INF179KB1MF0_HDFC Retirement Fund - Equity Plan.xlsx,HDFCRETEQP,45,"[null, ""INE688A01022"", null, ""Transport Corporation of India Ltd."", ""Transport Services"", 679460, 5897.71, 0.84, null, null, null, null]"
INF179KB1MF0,HDFC Retirement Fund - Equity Plan,,portfolio,,Balkrishna Industries Ltd.,INE787D01026,Auto Components,250000,5698,569800000,81,,,,,,,,INF179KB1MF0_HDFC Retirement Fund - Equity Plan.xlsx,HDFCRETEQP,46,"[null, ""INE787D01026"", null, ""Balkrishna Industries Ltd."", ""Auto Components"", 250000, 5698, 0.81, null, null, null, null]"
INF179KB1MF0,HDFC Retirement Fund - Equity Plan,,portfolio,,Kalpataru Projects International Ltd,INE220B01022,Construction,400000,5603.6,560360000,80,,,,,,,,INF179KB1MF0_HDFC Retirement Fund - Equity Plan.xlsx,HDFCRETEQP,47,"[null, ""INE220B01022"", null, ""Kalpataru Projects International Ltd"", ""Construction"", 400000, 5603.6, 0.8, null, null, null, null]"
INF179KB1MF0,HDFC Retirement Fund - Equity Plan,,portfolio,,Chalet Hotels Ltd.,INE427F01016,Leisure Services,600000,5423.7,542370000,78,,,,,,,,INF179KB1MF0_HDFC Retirement Fund - Equity Plan.xlsx,HDFCRETEQP,48,"[null, ""INE427F01016"", null, ""Chalet Hotels Ltd."", ""Leisure Services"", 600000, 5423.7, 0.78, null, null, null, null]"
INF179KB1MF0,HDFC Retirement Fund - Equity Plan,,portfolio,,Voltamp Transformers Ltd.,INE540H01012,Electrical Equipment,50000,5454.25,545425000,78,,,,,,,,INF179KB1MF0_HDFC Retirement Fund - Equity Plan.xlsx,HDFCRETEQP,49,"[null, ""INE540H01012"", null, ""Voltamp Transformers Ltd."", ""Electrical Equipment"", 50000, 5454.25, 0.78, null, null, null, null]"
INF179KB1MF0,HDFC Retirement Fund - Equity Plan,,portfolio,,Redington Ltd.,INE891D01026,Commercial Services & Supplies,1500000,5366.25,536625000,77,,,,,,,,INF179KB1MF0_HDFC Retirement Fund - Equity Plan.xlsx,HDFCRETEQP,50,"[null, ""INE891D01026"", null, ""Redington Ltd."", ""Commercial Services & Supplies"", 1500000, 5366.25, 0.77, null, null, null, null]"
INF179KB1MF0,HDFC Retirement Fund - Equity Plan,,portfolio,,Cipla Ltd.,INE059A01026,Pharmaceuticals & Biotechnology,375000,5284.5,528450000,76,,,,,,,,INF179KB1MF0_HDFC Retirement Fund - Equity Plan.xlsx,HDFCRETEQP,51,"[null, ""INE059A01026"", null, ""Cipla Ltd."", ""Pharmaceuticals & Biotechnology"", 375000, 5284.5, 0.76, null, null, null, null]"
INF179KB1MF0,HDFC Retirement Fund - Equity Plan,,portfolio,,Gland Pharma Ltd.,INE068V01023,Pharmaceuticals & Biotechnology,175000,5050.15,505015000,72,,,,,,,,INF179KB1MF0_HDFC Retirement Fund - Equity Plan.xlsx,HDFCRETEQP,52,"[null, ""INE068V01023"", null, ""Gland Pharma Ltd."", ""Pharmaceuticals & Biotechnology"", 175000, 5050.15, 0.72, null, null, null, null]"
INF179KB1MF0,HDFC Retirement Fund - Equity Plan,,portfolio,,Godrej Consumer Products Ltd.,INE102D01028,Personal Products,550000,4957.15,495715000,71,,,,,,,,INF179KB1MF0_HDFC Retirement Fund - Equity Plan.xlsx,HDFCRETEQP,53,"[null, ""INE102D01028"", null, ""Godrej Consumer Products Ltd."", ""Personal Products"", 550000, 4957.15, 0.71, null, null, null, null]"
INF179KB1MF0,HDFC Retirement Fund - Equity Plan,,portfolio,,Blue Dart Express Ltd.,INE233B01017,Transport Services,100000,4924,492400000,70,,,,,,,,INF179KB1MF0_HDFC Retirement Fund - Equity Plan.xlsx,HDFCRETEQP,54,"[null, ""INE233B01017"", null, ""Blue Dart Express Ltd."", ""Transport Services"", 100000, 4924, 0.7, null, null, null, null]"
INF179KB1MF0,HDFC Retirement Fund - Equity Plan,,portfolio,,Lupin Ltd.,INE326A01037,Pharmaceuticals & Biotechnology,225000,4923.9,492390000,70,,,,,,,,INF179KB1MF0_HDFC Retirement Fund - Equity Plan.xlsx,HDFCRETEQP,55,"[null, ""INE326A01037"", null, ""Lupin Ltd."", ""Pharmaceuticals & Biotechnology"", 225000, 4923.9, 0.7, null, null, null, null]"
INF179KB1MF0,HDFC Retirement Fund - Equity Plan,,portfolio,,Prestige Estates Projects Ltd.,INE811K01011,Realty,300000,4899,489900000,70,,,,,,,,INF179KB1MF0_HDFC Retirement Fund - Equity Plan.xlsx,HDFCRETEQP,56,"[null, ""INE811K01011"", null, ""Prestige Estates Projects Ltd."", ""Realty"", 300000, 4899, 0.7, null, null, null, null]"
INF179KB1MF0,HDFC Retirement Fund - Equity Plan,,portfolio,,The Ramco Cements Ltd.,INE331A01037,Cement & Cement Products,550000,4837.53,483753000,69,,,,,,,,INF179KB1MF0_HDFC Retirement Fund - Equity Plan.xlsx,HDFCRETEQP,57,"[null, ""INE331A01037"", null, ""The Ramco Cements Ltd."", ""Cement & Cement Products"", 550000, 4837.53, 0.69, null, null, null, null]"
INF179KB1MF0,HDFC Retirement Fund - Equity Plan,,portfolio,,JSW Dulux Limited,INE133A01011,Consumer Durables,150000,4746.75,474675000,68,,,,,,,,INF179KB1MF0_HDFC Retirement Fund - Equity Plan.xlsx,HDFCRETEQP,58,"[null, ""INE133A01011"", null, ""JSW Dulux Limited"", ""Consumer Durables"", 150000, 4746.75, 0.68, null, null, null, null]"
INF179KB1MF0,HDFC Retirement Fund - Equity Plan,,portfolio,,Star Health and Allied Insurance Company Ltd,INE575P01011,Insurance,750000,4258.13,425813000,61,,,,,,,,INF179KB1MF0_HDFC Retirement Fund - Equity Plan.xlsx,HDFCRETEQP,59,"[null, ""INE575P01011"", null, ""Star Health and Allied Insurance Company Ltd"", ""Insurance"", 750000, 4258.13, 0.61, null, null, null, null]"
INF179KB1MF0,HDFC Retirement Fund - Equity Plan,,portfolio,,PB Fintech Limited,INE417T01026,Financial Technology (Fintech),225000,4218.75,421875000,60,,,,,,,,INF179KB1MF0_HDFC Retirement Fund - Equity Plan.xlsx,HDFCRETEQP,60,"[null, ""INE417T01026"", null, ""PB Fintech Limited"", ""Financial Technology (Fintech)"", 225000, 4218.75, 0.6, null, null, null, null]"
INF179KB1MF0,HDFC Retirement Fund - Equity Plan,,portfolio,,Timken India Ltd.,INE325A01013,Industrial Products,121274,3819.65,381965000,55,,,,,,,,INF179KB1MF0_HDFC Retirement Fund - Equity Plan.xlsx,HDFCRETEQP,61,"[null, ""INE325A01013"", null, ""Timken India Ltd."", ""Industrial Products"", 121274, 3819.65, 0.55, null, null, null, null]"
INF179KB1MF0,HDFC Retirement Fund - Equity Plan,,portfolio,,Gateway Distriparks Limited,INE079J01017,Transport Services,7000000,3765.3,376530000,54,,,,,,,,INF179KB1MF0_HDFC Retirement Fund - Equity Plan.xlsx,HDFCRETEQP,62,"[null, ""INE079J01017"", null, ""Gateway Distriparks Limited"", ""Transport Services"", 7000000, 3765.3, 0.54, null, null, null, null]"
INF179KB1MF0,HDFC Retirement Fund - Equity Plan,,portfolio,,Zensar Technologies Ltd.,INE520A01027,IT - Software,800000,3682.8,368280000,53,,,,,,,,INF179KB1MF0_HDFC Retirement Fund - Equity Plan.xlsx,HDFCRETEQP,63,"[null, ""INE520A01027"", null, ""Zensar Technologies Ltd."", ""IT - Software"", 800000, 3682.8, 0.53, null, null, null, null]"
INF179KB1MF0,HDFC Retirement Fund - Equity Plan,,portfolio,,GNA Axles Ltd.,INE934S01014,Auto Components,675000,3643.99,364399000,52,,,,,,,,INF179KB1MF0_HDFC Retirement Fund - Equity Plan.xlsx,HDFCRETEQP,64,"[null, ""INE934S01014"", null, ""GNA Axles Ltd."", ""Auto Components"", 675000, 3643.99, 0.52, null, null, null, null]"
INF179KB1MF0,HDFC Retirement Fund - Equity Plan,,portfolio,,Chambal Fertilizers & Chemicals Ltd.,INE085A01013,Fertilizers & Agrochemicals,850000,3481.18,348118000,50,,,,,,,,INF179KB1MF0_HDFC Retirement Fund - Equity Plan.xlsx,HDFCRETEQP,65,"[null, ""INE085A01013"", null, ""Chambal Fertilizers & Chemicals Ltd."", ""Fertilizers & Agrochemicals"", 850000, 3481.18, 0.5, null, null, null, null]"
INF179KB1MF0,HDFC Retirement Fund - Equity Plan,,portfolio,,VRL Logistics Ltd.,INE366I01010,Transport Services,1120000,3395.28,339528000,49,,,,,,,,INF179KB1MF0_HDFC Retirement Fund - Equity Plan.xlsx,HDFCRETEQP,66,"[null, ""INE366I01010"", null, ""VRL Logistics Ltd."", ""Transport Services"", 1120000, 3395.28, 0.49, null, null, null, null]"
INF179KB1MF0,HDFC Retirement Fund - Equity Plan,,portfolio,,SKF India (Industrial) Limited,INE2J8701016,Industrial Products,112000,3341.3,334130000,48,,,,,,,,INF179KB1MF0_HDFC Retirement Fund - Equity Plan.xlsx,HDFCRETEQP,67,"[null, ""INE2J8701016"", null, ""SKF India (Industrial) Limited"", ""Industrial Products"", 112000, 3341.3, 0.48, null, null, null, null]"
INF179KB1MF0,HDFC Retirement Fund - Equity Plan,,portfolio,,Equitas Small Finance Bank Ltd,INE063P01018,Banks,4000000,2958.8,295880000,42,,,,,,,,INF179KB1MF0_HDFC Retirement Fund - Equity Plan.xlsx,HDFCRETEQP,68,"[null, ""INE063P01018"", null, ""Equitas Small Finance Bank Ltd"", ""Banks"", 4000000, 2958.8, 0.42, null, null, null, null]"
INF179KB1MF0,HDFC Retirement Fund - Equity Plan,,portfolio,,Finolex Industries Ltd.,INE183A01024,Industrial Products,1800000,2838.96,283896000,41,,,,,,,,INF179KB1MF0_HDFC Retirement Fund - Equity Plan.xlsx,HDFCRETEQP,69,"[null, ""INE183A01024"", null, ""Finolex Industries Ltd."", ""Industrial Products"", 1800000, 2838.96, 0.41, null, null, null, null]"
INF179KB1MF0,HDFC Retirement Fund - Equity Plan,,portfolio,,Greenply Industries Ltd.,INE461C01038,Consumer Durables,1000000,2902,290200000,41,,,,,,,,INF179KB1MF0_HDFC Retirement Fund - Equity Plan.xlsx,HDFCRETEQP,70,"[null, ""INE461C01038"", null, ""Greenply Industries Ltd."", ""Consumer Durables"", 1000000, 2902, 0.41, null, null, null, null]"
INF179KB1MF0,HDFC Retirement Fund - Equity Plan,,portfolio,,Gujarat Energy Limited,INE844O01030,Gas,1153846,2858.08,285808000,41,,,,,,,,INF179KB1MF0_HDFC Retirement Fund - Equity Plan.xlsx,HDFCRETEQP,71,"[null, ""INE844O01030"", null, ""Gujarat Energy Limited"", ""Gas"", 1153846, 2858.08, 0.41, null, null, null, null]"
INF179KB1MF0,HDFC Retirement Fund - Equity Plan,,portfolio,,The Anup Engineering Limited,INE294Z01018,Industrial Manufacturing,158840,2848.8,284880000,41,,,,,,,,INF179KB1MF0_HDFC Retirement Fund - Equity Plan.xlsx,HDFCRETEQP,72,"[null, ""INE294Z01018"", null, ""The Anup Engineering Limited"", ""Industrial Manufacturing"", 158840, 2848.8, 0.41, null, null, null, null]"
INF179KB1MF0,HDFC Retirement Fund - Equity Plan,,portfolio,,Tamilnadu Newsprint & Papers Ltd.,INE107A01015,"Paper, Forest & Jute Products",1600000,2254.08,225408000,32,,,,,,,,INF179KB1MF0_HDFC Retirement Fund - Equity Plan.xlsx,HDFCRETEQP,73,"[null, ""INE107A01015"", null, ""Tamilnadu Newsprint & Papers Ltd."", ""Paper, Forest & Jute Products"", 1600000, 2254.08, 0.32, null, null, null, null]"
INF179KB1MF0,HDFC Retirement Fund - Equity Plan,,portfolio,,Bajaj Electricals Ltd.,INE193E01025,Consumer Durables,637907,2071.92,207192000,30,,,,,,,,INF179KB1MF0_HDFC Retirement Fund - Equity Plan.xlsx,HDFCRETEQP,74,"[null, ""INE193E01025"", null, ""Bajaj Electricals Ltd."", ""Consumer Durables"", 637907, 2071.92, 0.3, null, null, null, null]"
INF179KB1MF0,HDFC Retirement Fund - Equity Plan,,portfolio,,Great Eastern Shipping Company Ltd.,INE017A01032,Transport Services,137811,1794.02,179402000,26,,,,,,,,INF179KB1MF0_HDFC Retirement Fund - Equity Plan.xlsx,HDFCRETEQP,75,"[null, ""INE017A01032"", null, ""Great Eastern Shipping Company Ltd."", ""Transport Services"", 137811, 1794.02, 0.26, null, null, null, null]"
INF179KB1MF0,HDFC Retirement Fund - Equity Plan,,portfolio,,Symphony Ltd.,INE225D01027,Consumer Durables,269155,1578.46,157846000,23,,,,,,,,INF179KB1MF0_HDFC Retirement Fund - Equity Plan.xlsx,HDFCRETEQP,76,"[null, ""INE225D01027"", null, ""Symphony Ltd."", ""Consumer Durables"", 269155, 1578.46, 0.23, null, null, null, null]"
INF179KB1MF0,HDFC Retirement Fund - Equity Plan,,portfolio,,PNC Infratech Ltd.,INE195J01029,Construction,785382,1477.7,147770000,21,,,,,,,,INF179KB1MF0_HDFC Retirement Fund - Equity Plan.xlsx,HDFCRETEQP,77,"[null, ""INE195J01029"", null, ""PNC Infratech Ltd."", ""Construction"", 785382, 1477.7, 0.21, null, null, null, null]"
INF179KB1MF0,HDFC Retirement Fund - Equity Plan,,portfolio,,GSPL Transmission Limited**,INE1TUG01013,Gas,384615,576.92,57692000,8,,,,,,,,INF179KB1MF0_HDFC Retirement Fund - Equity Plan.xlsx,HDFCRETEQP,78,"[null, ""INE1TUG01013"", null, ""GSPL Transmission Limited**"", ""Gas"", 384615, 576.92, 0.08, null, null, null, null]"
INF179KB1MF0,HDFC Retirement Fund - Equity Plan,,portfolio,,Embassy Office Parks REIT,INE041025011,Realty,913116,4003.83,400383000,57,,,,,,,,INF179KB1MF0_HDFC Retirement Fund - Equity Plan.xlsx,HDFCRETEQP,81,"[null, ""INE041025011"", null, ""Embassy Office Parks REIT"", ""Realty"", 913116, 4003.83, 0.57, null, null, null, null]"
INF179KB1MF0,HDFC Retirement Fund - Equity Plan,,portfolio,,TREPS - Tri-party Repo,,,,34394.12,3439412000,4.92,4.96,,,,,,,INF179KB1MF0_HDFC Retirement Fund - Equity Plan.xlsx,HDFCRETEQP,86,"[null, null, null, ""TREPS - Tri-party Repo"", null, null, 34394.12, 4.92, 4.96, null, null, null]"
INF179KB1MF0,HDFC Retirement Fund - Equity Plan,,portfolio,,HDFC NIFTY 50 ETF,INF179KC1965,,2420000,6579.01,657901000,94,,,,,,,,INF179KB1MF0_HDFC Retirement Fund - Equity Plan.xlsx,HDFCRETEQP,91,"[null, ""INF179KC1965"", null, ""HDFC NIFTY 50 ETF"", null, 2420000, 6579.01, 0.94, null, null, null, null]"
INF179KB1MF0,HDFC Retirement Fund - Equity Plan,,portfolio,,Net Current Assets,,,,56.36,5636000,-1,,,,,,,,INF179KB1MF0_HDFC Retirement Fund - Equity Plan.xlsx,HDFCRETEQP,93,"[null, null, null, ""Net Current Assets"", null, null, 56.36, -0.01, null, null, null, null]"
INF179KB1MF0,HDFC Retirement Fund - Equity Plan,,portfolio,,Top Ten Holdings,Top Ten Holdings,Top Ten Holdings,,,,,,,,,,,,INF179KB1MF0_HDFC Retirement Fund - Equity Plan.xlsx,HDFCRETEQP,98,"[""|"", ""Top Ten Holdings"", ""Top Ten Holdings"", ""Top Ten Holdings"", ""Top Ten Holdings"", ""Top Ten Holdings"", null, null, null, null, null, null]"
INF179KB1MF0,HDFC Retirement Fund - Equity Plan,,portfolio,,#NAME?,#NAME?,#NAME?,,,,,,,,,,,,INF179KB1MF0_HDFC Retirement Fund - Equity Plan.xlsx,HDFCRETEQP,99,"[null, ""+ Industry Classification as recommended by AMFI"", ""+ Industry Classification as recommended by AMFI"", ""+ Industry Classification as recommended by AMFI"", ""+ Industry Classification as recommended by AMFI"", ""+ Industry Classification as recommended by AMFI"", null, null, null, null, null, null]"
INF179KB1MF0,HDFC Retirement Fund - Equity Plan,,portfolio,,£ - Sponsor Company,£ - Sponsor Company,£ - Sponsor Company,,,,,,,,,,,,INF179KB1MF0_HDFC Retirement Fund - Equity Plan.xlsx,HDFCRETEQP,100,"[null, ""\u00a3 - Sponsor Company"", ""\u00a3 - Sponsor Company"", ""\u00a3 - Sponsor Company"", ""\u00a3 - Sponsor Company"", ""\u00a3 - Sponsor Company"", null, null, null, null, null, null]"
INF179KB1MF0,HDFC Retirement Fund - Equity Plan,,portfolio,,"** Thinly Traded/ Non-Traded Securities (Equity) as on August 31, 2026","** Thinly Traded/ Non-Traded Securities (Equity) as on August 31, 2026","** Thinly Traded/ Non-Traded Securities (Equity) as on August 31, 2026",,,,,,,,,,,,INF179KB1MF0_HDFC Retirement Fund - Equity Plan.xlsx,HDFCRETEQP,101,"[null, ""** Thinly Traded/ Non-Traded Securities (Equity) as on August 31, 2026"", ""** Thinly Traded/ Non-Traded Securities (Equity) as on August 31, 2026"", ""** Thinly Traded/ Non-Traded Securities (Equity) as on August 31, 2026"", ""** Thinly Traded/ Non-Traded Securities (Equity) as on August 31, 2026"", ""** Thinly Traded/ Non-Traded Securities (Equity) as on August 31, 2026"", null, null, null, null, null, null]"
INF179KB1MF0,HDFC Retirement Fund - Equity Plan,,portfolio,,"^ Non-Traded Securities (Debt) as on August 31, 2026","^ Non-Traded Securities (Debt) as on August 31, 2026","^ Non-Traded Securities (Debt) as on August 31, 2026",,,,,,,,,,,,INF179KB1MF0_HDFC Retirement Fund - Equity Plan.xlsx,HDFCRETEQP,102,"[null, ""^ Non-Traded Securities (Debt) as on August 31, 2026"", ""^ Non-Traded Securities (Debt) as on August 31, 2026"", ""^ Non-Traded Securities (Debt) as on August 31, 2026"", ""^ Non-Traded Securities (Debt) as on August 31, 2026"", ""^ Non-Traded Securities (Debt) as on August 31, 2026"", null, null, null, null, null, null]"
INF179KB1MF0,HDFC Retirement Fund - Equity Plan,,portfolio,,# Non Sensex Scrips,# Non Sensex Scrips,# Non Sensex Scrips,,,,,,,,,,,,INF179KB1MF0_HDFC Retirement Fund - Equity Plan.xlsx,HDFCRETEQP,103,"[null, ""# Non Sensex Scrips"", ""# Non Sensex Scrips"", ""# Non Sensex Scrips"", ""# Non Sensex Scrips"", ""# Non Sensex Scrips"", null, null, null, null, null, null]"
INF179KB1MF0,HDFC Retirement Fund - Equity Plan,,portfolio,,@ Less than 0.01%.,@ Less than 0.01%.,@ Less than 0.01%.,,,,,,,,,,,,INF179KB1MF0_HDFC Retirement Fund - Equity Plan.xlsx,HDFCRETEQP,104,"[null, ""@ Less than 0.01%."", ""@ Less than 0.01%."", ""@ Less than 0.01%."", ""@ Less than 0.01%."", ""@ Less than 0.01%."", null, null, null, null, null, null]"
INF179KB1MF0,HDFC Retirement Fund - Equity Plan,,portfolio,,~ YTC i.e. Yield to Call is disclosed at security level only for Additional Tier 1 Bonds and Tier 2 Bonds issued by Banks as per AMFI Best Practices Notification 135/BP/91/2020-21 read with SEBI circular SEBI/HO/IMD/DF4/CIR/P/2021/034,~ YTC i.e. Yield to Call is disclosed at security level only for Additional Tier 1 Bonds and Tier 2 Bonds issued by Banks as per AMFI Best Practices Notification 135/BP/91/2020-21 read with SEBI circular SEBI/HO/IMD/DF4/CIR/P/2021/034,~ YTC i.e. Yield to Call is disclosed at security level only for Additional Tier 1 Bonds and Tier 2 Bonds issued by Banks as per AMFI Best Practices Notification 135/BP/91/2020-21 read with SEBI circular SEBI/HO/IMD/DF4/CIR/P/2021/034,,,,,,,,,,,,INF179KB1MF0_HDFC Retirement Fund - Equity Plan.xlsx,HDFCRETEQP,105,"[null, ""~ YTC i.e. Yield to Call is disclosed at security level only for Additional Tier 1 Bonds and Tier 2 Bonds issued by Banks as per AMFI Best Practices Notification 135/BP/91/2020-21 read with SEBI circular SEBI/HO/IMD/DF4/CIR/P/2021/034"", ""~ YTC i.e. Yield to Call is disclosed at security level only for Additional Tier 1 Bonds and Tier 2 Bonds issued by Banks as per AMFI Best Practices Notification 135/BP/91/2020-21 read with SEBI circular SEBI/HO/IMD/DF4/CIR/P/2021/034"", ""~ YTC i.e. Yield to Call is disclosed at security level only for Additional Tier 1 Bonds and Tier 2 Bonds issued by Banks as per AMFI Best Practices Notification 135/BP/91/2020-21 read with SEBI circular SEBI/HO/IMD/DF4/CIR/P/2021/034"", ""~ YTC i.e. Yield to Call is disclosed at security level only for Additional Tier 1 Bonds and Tier 2 Bonds issued by Banks as per AMFI Best Practices Notification 135/BP/91/2020-21 read with SEBI circular SEBI/HO/IMD/DF4/CIR/P/2021/034"", ""~ YTC i.e. Yield to Call is disclosed at security level only for Additional Tier 1 Bonds and Tier 2 Bonds issued by Banks as per AMFI Best Practices Notification 135/BP/91/2020-21 read with SEBI circular SEBI/HO/IMD/DF4/CIR/P/2021/034"", null, null, null, null, null, null]"
INF179KB1MF0,HDFC Retirement Fund - Equity Plan,,portfolio,,26.39,Banks,,,,,,,,,,,,,INF179KB1MF0_HDFC Retirement Fund - Equity Plan.xlsx,HDFCRETEQP,108,"[null, ""Banks"", null, 26.39, null, null, null, null, null, null, null, null]"
INF179KB1MF0,HDFC Retirement Fund - Equity Plan,,portfolio,,7.24,IT - Software,,,,,,,,,,,,,INF179KB1MF0_HDFC Retirement Fund - Equity Plan.xlsx,HDFCRETEQP,109,"[null, ""IT - Software"", null, 7.240000000000001, null, null, null, null, null, null, null, null]"
INF179KB1MF0,HDFC Retirement Fund - Equity Plan,,portfolio,,6.76,Automobiles,,,,,,,,,,,,,INF179KB1MF0_HDFC Retirement Fund - Equity Plan.xlsx,HDFCRETEQP,110,"[null, ""Automobiles"", null, 6.76, null, null, null, null, null, null, null, null]"
INF179KB1MF0,HDFC Retirement Fund - Equity Plan,,portfolio,,5.74,Transport Services,,,,,,,,,,,,,INF179KB1MF0_HDFC Retirement Fund - Equity Plan.xlsx,HDFCRETEQP,111,"[null, ""Transport Services"", null, 5.74, null, null, null, null, null, null, null, null]"
INF179KB1MF0,HDFC Retirement Fund - Equity Plan,,portfolio,,5.63,Petroleum Products,,,,,,,,,,,,,INF179KB1MF0_HDFC Retirement Fund - Equity Plan.xlsx,HDFCRETEQP,112,"[null, ""Petroleum Products"", null, 5.63, null, null, null, null, null, null, null, null]"
INF179KB1MF0,HDFC Retirement Fund - Equity Plan,,portfolio,,4.69,Insurance,,,,,,,,,,,,,INF179KB1MF0_HDFC Retirement Fund - Equity Plan.xlsx,HDFCRETEQP,113,"[null, ""Insurance"", null, 4.69, null, null, null, null, null, null, null, null]"
INF179KB1MF0,HDFC Retirement Fund - Equity Plan,,portfolio,,4.48,Pharmaceuticals & Biotechnology,,,,,,,,,,,,,INF179KB1MF0_HDFC Retirement Fund - Equity Plan.xlsx,HDFCRETEQP,114,"[null, ""Pharmaceuticals & Biotechnology"", null, 4.48, null, null, null, null, null, null, null, null]"
INF179KB1MF0,HDFC Retirement Fund - Equity Plan,,portfolio,,3.32,Construction,,,,,,,,,,,,,INF179KB1MF0_HDFC Retirement Fund - Equity Plan.xlsx,HDFCRETEQP,115,"[null, ""Construction"", null, 3.3200000000000003, null, null, null, null, null, null, null, null]"
INF179KB1MF0,HDFC Retirement Fund - Equity Plan,,portfolio,,2.89,Healthcare Services,,,,,,,,,,,,,INF179KB1MF0_HDFC Retirement Fund - Equity Plan.xlsx,HDFCRETEQP,116,"[null, ""Healthcare Services"", null, 2.8899999999999997, null, null, null, null, null, null, null, null]"
INF179KB1MF0,HDFC Retirement Fund - Equity Plan,,portfolio,,2.86,Consumer Durables,,,,,,,,,,,,,INF179KB1MF0_HDFC Retirement Fund - Equity Plan.xlsx,HDFCRETEQP,117,"[null, ""Consumer Durables"", null, 2.86, null, null, null, null, null, null, null, null]"
INF179KB1MF0,HDFC Retirement Fund - Equity Plan,,portfolio,,2.86,Power,,,,,,,,,,,,,INF179KB1MF0_HDFC Retirement Fund - Equity Plan.xlsx,HDFCRETEQP,118,"[null, ""Power"", null, 2.86, null, null, null, null, null, null, null, null]"
INF179KB1MF0,HDFC Retirement Fund - Equity Plan,,portfolio,,2.59,Telecom - Services,,,,,,,,,,,,,INF179KB1MF0_HDFC Retirement Fund - Equity Plan.xlsx,HDFCRETEQP,119,"[null, ""Telecom - Services"", null, 2.59, null, null, null, null, null, null, null, null]"
INF179KB1MF0,HDFC Retirement Fund - Equity Plan,,portfolio,,2.11,Ferrous Metals,,,,,,,,,,,,,INF179KB1MF0_HDFC Retirement Fund - Equity Plan.xlsx,HDFCRETEQP,120,"[null, ""Ferrous Metals"", null, 2.11, null, null, null, null, null, null, null, null]"
INF179KB1MF0,HDFC Retirement Fund - Equity Plan,,portfolio,,1.97,Finance,,,,,,,,,,,,,INF179KB1MF0_HDFC Retirement Fund - Equity Plan.xlsx,HDFCRETEQP,121,"[null, ""Finance"", null, 1.9700000000000002, null, null, null, null, null, null, null, null]"
INF179KB1MF0,HDFC Retirement Fund - Equity Plan,,portfolio,,1.44,Industrial Products,,,,,,,,,,,,,INF179KB1MF0_HDFC Retirement Fund - Equity Plan.xlsx,HDFCRETEQP,122,"[null, ""Industrial Products"", null, 1.44, null, null, null, null, null, null, null, null]"
INF179KB1MF0,HDFC Retirement Fund - Equity Plan,,portfolio,,1.41,Retailing,,,,,,,,,,,,,INF179KB1MF0_HDFC Retirement Fund - Equity Plan.xlsx,HDFCRETEQP,123,"[null, ""Retailing"", null, 1.41, null, null, null, null, null, null, null, null]"
INF179KB1MF0,HDFC Retirement Fund - Equity Plan,,portfolio,,1.33,Auto Components,,,,,,,,,,,,,INF179KB1MF0_HDFC Retirement Fund - Equity Plan.xlsx,HDFCRETEQP,124,"[null, ""Auto Components"", null, 1.33, null, null, null, null, null, null, null, null]"
INF179KB1MF0,HDFC Retirement Fund - Equity Plan,,portfolio,,1.2,Diversified FMCG,,,,,,,,,,,,,INF179KB1MF0_HDFC Retirement Fund - Equity Plan.xlsx,HDFCRETEQP,125,"[null, ""Diversified FMCG"", null, 1.2, null, null, null, null, null, null, null, null]"
INF179KB1MF0,HDFC Retirement Fund - Equity Plan,,portfolio,,1.06,Beverages,,,,,,,,,,,,,INF179KB1MF0_HDFC Retirement Fund - Equity Plan.xlsx,HDFCRETEQP,126,"[null, ""Beverages"", null, 1.06, null, null, null, null, null, null, null, null]"
INF179KB1MF0,HDFC Retirement Fund - Equity Plan,,portfolio,,0.86,Entertainment,,,,,,,,,,,,,INF179KB1MF0_HDFC Retirement Fund - Equity Plan.xlsx,HDFCRETEQP,127,"[null, ""Entertainment"", null, 0.86, null, null, null, null, null, null, null, null]"
INF179KB1MF0,HDFC Retirement Fund - Equity Plan,,portfolio,,0.78,Electrical Equipment,,,,,,,,,,,,,INF179KB1MF0_HDFC Retirement Fund - Equity Plan.xlsx,HDFCRETEQP,128,"[null, ""Electrical Equipment"", null, 0.78, null, null, null, null, null, null, null, null]"
INF179KB1MF0,HDFC Retirement Fund - Equity Plan,,portfolio,,0.78,Leisure Services,,,,,,,,,,,,,INF179KB1MF0_HDFC Retirement Fund - Equity Plan.xlsx,HDFCRETEQP,129,"[null, ""Leisure Services"", null, 0.78, null, null, null, null, null, null, null, null]"
INF179KB1MF0,HDFC Retirement Fund - Equity Plan,,portfolio,,0.77,Commercial Services & Supplies,,,,,,,,,,,,,INF179KB1MF0_HDFC Retirement Fund - Equity Plan.xlsx,HDFCRETEQP,130,"[null, ""Commercial Services & Supplies"", null, 0.77, null, null, null, null, null, null, null, null]"
INF179KB1MF0,HDFC Retirement Fund - Equity Plan,,portfolio,,0.71,Personal Products,,,,,,,,,,,,,INF179KB1MF0_HDFC Retirement Fund - Equity Plan.xlsx,HDFCRETEQP,131,"[null, ""Personal Products"", null, 0.71, null, null, null, null, null, null, null, null]"
INF179KB1MF0,HDFC Retirement Fund - Equity Plan,,portfolio,,1.27,Realty,,,,,,,,,,,,,INF179KB1MF0_HDFC Retirement Fund - Equity Plan.xlsx,HDFCRETEQP,132,"[null, ""Realty"", null, 1.27, null, null, null, null, null, null, null, null]"
INF179KB1MF0,HDFC Retirement Fund - Equity Plan,,portfolio,,0.69,Cement & Cement Products,,,,,,,,,,,,,INF179KB1MF0_HDFC Retirement Fund - Equity Plan.xlsx,HDFCRETEQP,133,"[null, ""Cement & Cement Products"", null, 0.69, null, null, null, null, null, null, null, null]"
INF179KB1MF0,HDFC Retirement Fund - Equity Plan,,portfolio,,0.6,Financial Technology (Fintech),,,,,,,,,,,,,INF179KB1MF0_HDFC Retirement Fund - Equity Plan.xlsx,HDFCRETEQP,134,"[null, ""Financial Technology (Fintech)"", null, 0.6, null, null, null, null, null, null, null, null]"
INF179KB1MF0,HDFC Retirement Fund - Equity Plan,,portfolio,,0.5,Fertilizers & Agrochemicals,,,,,,,,,,,,,INF179KB1MF0_HDFC Retirement Fund - Equity Plan.xlsx,HDFCRETEQP,135,"[null, ""Fertilizers & Agrochemicals"", null, 0.5, null, null, null, null, null, null, null, null]"
INF179KB1MF0,HDFC Retirement Fund - Equity Plan,,portfolio,,0.49,Gas,,,,,,,,,,,,,INF179KB1MF0_HDFC Retirement Fund - Equity Plan.xlsx,HDFCRETEQP,136,"[null, ""Gas"", null, 0.49, null, null, null, null, null, null, null, null]"
INF179KB1MF0,HDFC Retirement Fund - Equity Plan,,portfolio,,0.41,Industrial Manufacturing,,,,,,,,,,,,,INF179KB1MF0_HDFC Retirement Fund - Equity Plan.xlsx,HDFCRETEQP,137,"[null, ""Industrial Manufacturing"", null, 0.41, null, null, null, null, null, null, null, null]"
INF179KB1MF0,HDFC Retirement Fund - Equity Plan,,portfolio,,0.32,"Paper, Forest & Jute Products",,,,,,,,,,,,,INF179KB1MF0_HDFC Retirement Fund - Equity Plan.xlsx,HDFCRETEQP,138,"[null, ""Paper, Forest & Jute Products"", null, 0.32, null, null, null, null, null, null, null, null]"
INF179KB1MF0,HDFC Retirement Fund - Equity Plan,,portfolio,,0.94,Mutual Fund Units,,,,,,,,,,,,,INF179KB1MF0_HDFC Retirement Fund - Equity Plan.xlsx,HDFCRETEQP,139,"[null, ""Mutual Fund Units"", null, 0.94, null, null, null, null, null, null, null, null]"
INF179KB1MF0,HDFC Retirement Fund - Equity Plan,,portfolio,,4.91,"Cash, Cash Equivalents and Net Current Assets",,,,,,,,,,,,,INF179KB1MF0_HDFC Retirement Fund - Equity Plan.xlsx,HDFCRETEQP,140,"[null, ""Cash, Cash Equivalents and Net Current Assets"", null, 4.91, null, null, null, null, null, null, null, null]"
INF179KB1MF0,HDFC Retirement Fund - Equity Plan,,portfolio,,"July 31, 2026",NAVs per unit (Rs.),,,,,,,,,,,,,INF179KB1MF0_HDFC Retirement Fund - Equity Plan.xlsx,HDFCRETEQP,144,"[null, ""NAVs per unit (Rs.)"", ""August 31, 2026"", ""July 31, 2026"", null, null, null, null, null, null, null, null]"
INF179KB1MF0,HDFC Retirement Fund - Equity Plan,,portfolio,,49.299,Growth Option,,,,,,,,49.1,,,,,INF179KB1MF0_HDFC Retirement Fund - Equity Plan.xlsx,HDFCRETEQP,145,"[null, ""Growth Option"", 49.1, 49.299, null, null, null, null, null, null, null, null]"
INF179KB1MF0,HDFC Retirement Fund - Equity Plan,,portfolio,,56.417,Direct Plan - Growth Option,,,,,,,,56.235,,,,,INF179KB1MF0_HDFC Retirement Fund - Equity Plan.xlsx,HDFCRETEQP,146,"[null, ""Direct Plan - Growth Option"", 56.235, 56.417, null, null, null, null, null, null, null, null]"
INF200K01RA0,SBI Contra Fund,31-08-2026,portfolio,Equity Shares,Reliance Industries Ltd.,INE002A01018,Petroleum Products,17717567,226253.33,22625333000,4.75,,,,,,,,INF200K01RA0_SBI CONTRA FUND.xlsx,SCF,11,"[null, ""100002"", ""Reliance Industries Ltd."", ""INE002A01018"", ""Petroleum Products"", 17717567, 226253.33, 4.75, null, null, null, null, null, null, null, null, null, null, null, null, null, null, null, null, null, null, null, null, null, null, null, null, null, null, null, null, null, null, null, null, null, null, null, null, null, null, null, null, null, null, null, null, null, null, null, null, null, null, null, null, null, null, null, null, null, null, null, null, null, null, null, null, null, null, null, null, null, null, null, null, null, null, null, null, null, null, null, null, null, null, null, null, null, null, null, null, null, null, null, null, null, null, null, null, null, null, null, null, null, null, null, null, null, null, null, null, null, null, null, null, null, null, null, null, null, null, null, null, null, null, null, null, null, null, null, null, null, null, null, null, null, null, null, null, null, null, null, null, null, null, null, null, null, null, null, null, null, null, null, null, null, null, null, null, null, null, null, null, null, null, null, null, null, null, null, null, null, null, null, null, null, null, null, null, null, null, null, null, null, null, null, null, null, null, null, null, null, null, null, null, null, null, null, null, null, null, null, null, null, null, null, null, null, null, null, null, null, null, null, null, null, null, null, null, null, null, null, null, null, null, null, null, null, null, null, null, null, null, null, null, null, null, null, null, null, null, null, null, null, null, null, null, null, null, null, null]"
INF200K01RA0,SBI Contra Fund,31-08-2026,portfolio,Equity Shares,ICICI Bank Ltd.,INE090A01021,Banks,14881550,216377.74,21637774000,4.55,,,,,,,,INF200K01RA0_SBI CONTRA FUND.xlsx,SCF,12,"[null, ""100012"", ""ICICI Bank Ltd."", ""INE090A01021"", ""Banks"", 14881550, 216377.74, 4.55, null, null, null, null, null, null, null, null, null, null, null, null, null, null, null, null, null, null, null, null, null, null, null, null, null, null, null, null, null, null, null, null, null, null, null, null, null, null, null, null, null, null, null, null, null, null, null, null, null, null, null, null, null, null, null, null, null, null, null, null, null, null, null, null, null, null, null, null, null, null, null, null, null, null, null, null, null, null, null, null, null, null, null, null, null, null, null, null, null, null, null, null, null, null, null, null, null, null, null, null, null, null, null, null, null, null, null, null, null, null, null, null, null, null, null, null, null, null, null, null, null, null, null, null, null, null, null, null, null, null, null, null, null, null, null, null, null, null, null, null, null, null, null, null, null, null, null, null, null, null, null, null, null, null, null, null, null, null, null, null, null, null, null, null, null, null, null, null, null, null, null, null, null, null, null, null, null, null, null, null, null, null, null, null, null, null, null, null, null, null, null, null, null, null, null, null, null, null, null, null, null, null, null, null, null, null, null, null, null, null, null, null, null, null, null, null, null, null, null, null, null, null, null, null, null, null, null, null, null, null, null, null, null, null, null, null, null, null, null, null, null, null, null, null, null, null, null, null]"
INF200K01RA0,SBI Contra Fund,31-08-2026,portfolio,Equity Shares,HDFC Bank Ltd.,INE040A01034,Banks,30449258,215885.24,21588524000,4.54,,,,,,,,INF200K01RA0_SBI CONTRA FUND.xlsx,SCF,13,"[null, ""100006"", ""HDFC Bank Ltd."", ""INE040A01034"", ""Banks"", 30449258, 215885.24, 4.54, null, null, null, null, null, null, null, null, null, null, null, null, null, null, null, null, null, null, null, null, null, null, null, null, null, null, null, null, null, null, null, null, null, null, null, null, null, null, null, null, null, null, null, null, null, null, null, null, null, null, null, null, null, null, null, null, null, null, null, null, null, null, null, null, null, null, null, null, null, null, null, null, null, null, null, null, null, null, null, null, null, null, null, null, null, null, null, null, null, null, null, null, null, null, null, null, null, null, null, null, null, null, null, null, null, null, null, null, null, null, null, null, null, null, null, null, null, null, null, null, null, null, null, null, null, null, null, null, null, null, null, null, null, null, null, null, null, null, null, null, null, null, null, null, null, null, null, null, null, null, null, null, null, null, null, null, null, null, null, null, null, null, null, null, null, null, null, null, null, null, null, null, null, null, null, null, null, null, null, null, null, null, null, null, null, null, null, null, null, null, null, null, null, null, null, null, null, null, null, null, null, null, null, null, null, null, null, null, null, null, null, null, null, null, null, null, null, null, null, null, null, null, null, null, null, null, null, null, null, null, null, null, null, null, null, null, null, null, null, null, null, null, null, null, null, null, null, null]"
INF200K01RA0,SBI Contra Fund,31-08-2026,portfolio,Equity Shares,Biocon Ltd.,INE376G01013,Pharmaceuticals & Biotechnology,40073925,165104.57,16510457000,3.47,,,,,,,,INF200K01RA0_SBI CONTRA FUND.xlsx,SCF,14,"[null, ""100370"", ""Biocon Ltd."", ""INE376G01013"", ""Pharmaceuticals & Biotechnology"", 40073925, 165104.57, 3.47, null, null, null, null, null, null, null, null, null, null, null, null, null, null, null, null, null, null, null, null, null, null, null, null, null, null, null, null, null, null, null, null, null, null, null, null, null, null, null, null, null, null, null, null, null, null, null, null, null, null, null, null, null, null, null, null, null, null, null, null, null, null, null, null, null, null, null, null, null, null, null, null, null, null, null, null, null, null, null, null, null, null, null, null, null, null, null, null, null, null, null, null, null, null, null, null, null, null, null, null, null, null, null, null, null, null, null, null, null, null, null, null, null, null, null, null, null, null, null, null, null, null, null, null, null, null, null, null, null, null, null, null, null, null, null, null, null, null, null, null, null, null, null, null, null, null, null, null, null, null, null, null, null, null, null, null, null, null, null, null, null, null, null, null, null, null, null, null, null, null, null, null, null, null, null, null, null, null, null, null, null, null, null, null, null, null, null, null, null, null, null, null, null, null, null, null, null, null, null, null, null, null, null, null, null, null, null, null, null, null, null, null, null, null, null, null, null, null, null, null, null, null, null, null, null, null, null, null, null, null, null, null, null, null, null, null, null, null, null, null, null, null, null, null, null, null, null, null]"
INF200K01RA0,SBI Contra Fund,31-08-2026,portfolio,Equity Shares,Kotak Mahindra Bank Ltd.,INE237A01036,Banks,32585889,136665.22,13666522000,2.87,,,,,,,,INF200K01RA0_SBI CONTRA FUND.xlsx,SCF,15,"[null, ""100104"", ""Kotak Mahindra Bank Ltd."", ""INE237A01036"", ""Banks"", 32585889, 136665.22, 2.87, null, null, null, null, null, null, null, null, null, null, null, null, null, null, null, null, null, null, null, null, null, null, null, null, null, null, null, null, null, null, null, null, null, null, null, null, null, null, null, null, null, null, null, null, null, null, null, null, null, null, null, null, null, null, null, null, null, null, null, null, null, null, null, null, null, null, null, null, null, null, null, null, null, null, null, null, null, null, null, null, null, null, null, null, null, null, null, null, null, null, null, null, null, null, null, null, null, null, null, null, null, null, null, null, null, null, null, null, null, null, null, null, null, null, null, null, null, null, null, null, null, null, null, null, null, null, null, null, null, null, null, null, null, null, null, null, null, null, null, null, null, null, null, null, null, null, null, null, null, null, null, null, null, null, null, null, null, null, null, null, null, null, null, null, null, null, null, null, null, null, null, null, null, null, null, null, null, null, null, null, null, null, null, null, null, null, null, null, null, null, null, null, null, null, null, null, null, null, null, null, null, null, null, null, null, null, null, null, null, null, null, null, null, null, null, null, null, null, null, null, null, null, null, null, null, null, null, null, null, null, null, null, null, null, null, null, null, null, null, null, null, null, null, null, null, null, null, null]"
INF200K01RA0,SBI Contra Fund,31-08-2026,portfolio,Equity Shares,Punjab National Bank,INE160A01022,Banks,115846832,132331.84,13233184000,2.78,,,,,,,,INF200K01RA0_SBI CONTRA FUND.xlsx,SCF,16,"[null, ""100112"", ""Punjab National Bank"", ""INE160A01022"", ""Banks"", 115846832, 132331.84, 2.78, null, null, null, null, null, null, null, null, null, null, null, null, null, null, null, null, null, null, null, null, null, null, null, null, null, null, null, null, null, null, null, null, null, null, null, null, null, null, null, null, null, null, null, null, null, null, null, null, null, null, null, null, null, null, null, null, null, null, null, null, null, null, null, null, null, null, null, null, null, null, null, null, null, null, null, null, null, null, null, null, null, null, null, null, null, null, null, null, null, null, null, null, null, null, null, null, null, null, null, null, null, null, null, null, null, null, null, null, null, null, null, null, null, null, null, null, null, null, null, null, null, null, null, null, null, null, null, null, null, null, null, null, null, null, null, null, null, null, null, null, null, null, null, null, null, null, null, null, null, null, null, null, null, null, null, null, null, null, null, null, null, null, null, null, null, null, null, null, null, null, null, null, null, null, null, null, null, null, null, null, null, null, null, null, null, null, null, null, null, null, null, null, null, null, null, null, null, null, null, null, null, null, null, null, null, null, null, null, null, null, null, null, null, null, null, null, null, null, null, null, null, null, null, null, null, null, null, null, null, null, null, null, null, null, null, null, null, null, null, null, null, null, null, null, null, null, null, null]"
INF200K01RA0,SBI Contra Fund,31-08-2026,portfolio,Equity Shares,Indus Towers Ltd.,INE121J01017,Telecom - Services,32126692,124908.58,12490858000,2.62,,,,,,,,INF200K01RA0_SBI CONTRA FUND.xlsx,SCF,17,"[null, ""100091"", ""Indus Towers Ltd."", ""INE121J01017"", ""Telecom - Services"", 32126692, 124908.58, 2.62, null, null, null, null, null, null, null, null, null, null, null, null, null, null, null, null, null, null, null, null, null, null, null, null, null, null, null, null, null, null, null, null, null, null, null, null, null, null, null, null, null, null, null, null, null, null, null, null, null, null, null, null, null, null, null, null, null, null, null, null, null, null, null, null, null, null, null, null, null, null, null, null, null, null, null, null, null, null, null, null, null, null, null, null, null, null, null, null, null, null, null, null, null, null, null, null, null, null, null, null, null, null, null, null, null, null, null, null, null, null, null, null, null, null, null, null, null, null, null, null, null, null, null, null, null, null, null, null, null, null, null, null, null, null, null, null, null, null, null, null, null, null, null, null, null, null, null, null, null, null, null, null, null, null, null, null, null, null, null, null, null, null, null, null, null, null, null, null, null, null, null, null, null, null, null, null, null, null, null, null, null, null, null, null, null, null, null, null, null, null, null, null, null, null, null, null, null, null, null, null, null, null, null, null, null, null, null, null, null, null, null, null, null, null, null, null, null, null, null, null, null, null, null, null, null, null, null, null, null, null, null, null, null, null, null, null, null, null, null, null, null, null, null, null, null, null, null, null]"
INF200K01RA0,SBI Contra Fund,31-08-2026,portfolio,Equity Shares,GAIL (India) Ltd.,INE129A01019,Gas,61513788,109186.97,10918697000,2.29,,,,,,,,INF200K01RA0_SBI CONTRA FUND.xlsx,SCF,18,"[null, ""100176"", ""GAIL (India) Ltd."", ""INE129A01019"", ""Gas"", 61513788, 109186.97, 2.29, null, null, null, null, null, null, null, null, null, null, null, null, null, null, null, null, null, null, null, null, null, null, null, null, null, null, null, null, null, null, null, null, null, null, null, null, null, null, null, null, null, null, null, null, null, null, null, null, null, null, null, null, null, null, null, null, null, null, null, null, null, null, null, null, null, null, null, null, null, null, null, null, null, null, null, null, null, null, null, null, null, null, null, null, null, null, null, null, null, null, null, null, null, null, null, null, null, null, null, null, null, null, null, null, null, null, null, null, null, null, null, null, null, null, null, null, null, null, null, null, null, null, null, null, null, null, null, null, null, null, null, null, null, null, null, null, null, null, null, null, null, null, null, null, null, null, null, null, null, null, null, null, null, null, null, null, null, null, null, null, null, null, null, null, null, null, null, null, null, null, null, null, null, null, null, null, null, null, null, null, null, null, null, null, null, null, null, null, null, null, null, null, null, null, null, null, null, null, null, null, null, null, null, null, null, null, null, null, null, null, null, null, null, null, null, null, null, null, null, null, null, null, null, null, null, null, null, null, null, null, null, null, null, null, null, null, null, null, null, null, null, null, null, null, null, null, null, null]"
INF200K01RA0,SBI Contra Fund,31-08-2026,portfolio,Equity Shares,Torrent Power Ltd.,INE813H01021,Power,8982410,109145.26,10914526000,2.29,,,,,,,,INF200K01RA0_SBI CONTRA FUND.xlsx,SCF,19,"[null, ""100217"", ""Torrent Power Ltd."", ""INE813H01021"", ""Power"", 8982410, 109145.26, 2.29, null, null, null, null, null, null, null, null, null, null, null, null, null, null, null, null, null, null, null, null, null, null, null, null, null, null, null, null, null, null, null, null, null, null, null, null, null, null, null, null, null, null, null, null, null, null, null, null, null, null, null, null, null, null, null, null, null, null, null, null, null, null, null, null, null, null, null, null, null, null, null, null, null, null, null, null, null, null, null, null, null, null, null, null, null, null, null, null, null, null, null, null, null, null, null, null, null, null, null, null, null, null, null, null, null, null, null, null, null, null, null, null, null, null, null, null, null, null, null, null, null, null, null, null, null, null, null, null, null, null, null, null, null, null, null, null, null, null, null, null, null, null, null, null, null, null, null, null, null, null, null, null, null, null, null, null, null, null, null, null, null, null, null, null, null, null, null, null, null, null, null, null, null, null, null, null, null, null, null, null, null, null, null, null, null, null, null, null, null, null, null, null, null, null, null, null, null, null, null, null, null, null, null, null, null, null, null, null, null, null, null, null, null, null, null, null, null, null, null, null, null, null, null, null, null, null, null, null, null, null, null, null, null, null, null, null, null, null, null, null, null, null, null, null, null, null, null, null]"
INF200K01RA0,SBI Contra Fund,31-08-2026,portfolio,Equity Shares,Mahindra & Mahindra Financial Services Ltd.,INE774D01024,Finance,27007230,100736.97,10073697000,2.12,,,,,,,,INF200K01RA0_SBI CONTRA FUND.xlsx,SCF,20,"[null, ""100036"", ""Mahindra & Mahindra Financial Services Ltd."", ""INE774D01024"", ""Finance"", 27007230, 100736.97, 2.12, null, null, null, null, null, null, null, null, null, null, null, null, null, null, null, null, null, null, null, null, null, null, null, null, null, null, null, null, null, null, null, null, null, null, null, null, null, null, null, null, null, null, null, null, null, null, null, null, null, null, null, null, null, null, null, null, null, null, null, null, null, null, null, null, null, null, null, null, null, null, null, null, null, null, null, null, null, null, null, null, null, null, null, null, null, null, null, null, null, null, null, null, null, null, null, null, null, null, null, null, null, null, null, null, null, null, null, null, null, null, null, null, null, null, null, null, null, null, null, null, null, null, null, null, null, null, null, null, null, null, null, null, null, null, null, null, null, null, null, null, null, null, null, null, null, null, null, null, null, null, null, null, null, null, null, null, null, null, null, null, null, null, null, null, null, null, null, null, null, null, null, null, null, null, null, null, null, null, null, null, null, null, null, null, null, null, null, null, null, null, null, null, null, null, null, null, null, null, null, null, null, null, null, null, null, null, null, null, null, null, null, null, null, null, null, null, null, null, null, null, null, null, null, null, null, null, null, null, null, null, null, null, null, null, null, null, null, null, null, null, null, null, null, null, null, null, null, null]"
INF200K01RA0,SBI Contra Fund,31-08-2026,portfolio,Equity Shares,Tata Steel Ltd.,INE081A01020,Ferrous Metals,52067300,95986.07,9598607000,2.02,,,,,,,,INF200K01RA0_SBI CONTRA FUND.xlsx,SCF,21,"[null, ""100184"", ""Tata Steel Ltd."", ""INE081A01020"", ""Ferrous Metals"", 52067300, 95986.07, 2.02, null, null, null, null, null, null, null, null, null, null, null, null, null, null, null, null, null, null, null, null, null, null, null, null, null, null, null, null, null, null, null, null, null, null, null, null, null, null, null, null, null, null, null, null, null, null, null, null, null, null, null, null, null, null, null, null, null, null, null, null, null, null, null, null, null, null, null, null, null, null, null, null, null, null, null, null, null, null, null, null, null, null, null, null, null, null, null, null, null, null, null, null, null, null, null, null, null, null, null, null, null, null, null, null, null, null, null, null, null, null, null, null, null, null, null, null, null, null, null, null, null, null, null, null, null, null, null, null, null, null, null, null, null, null, null, null, null, null, null, null, null, null, null, null, null, null, null, null, null, null, null, null, null, null, null, null, null, null, null, null, null, null, null, null, null, null, null, null, null, null, null, null, null, null, null, null, null, null, null, null, null, null, null, null, null, null, null, null, null, null, null, null, null, null, null, null, null, null, null, null, null, null, null, null, null, null, null, null, null, null, null, null, null, null, null, null, null, null, null, null, null, null, null, null, null, null, null, null, null, null, null, null, null, null, null, null, null, null, null, null, null, null, null, null, null, null, null, null]"
INF200K01RA0,SBI Contra Fund,31-08-2026,portfolio,Equity Shares,Tech Mahindra Ltd.,INE669C01036,IT - Software,5295681,86213.69,8621369000,1.81,,,,,,,,INF200K01RA0_SBI CONTRA FUND.xlsx,SCF,22,"[null, ""100147"", ""Tech Mahindra Ltd."", ""INE669C01036"", ""IT - Software"", 5295681, 86213.69, 1.81, null, null, null, null, null, null, null, null, null, null, null, null, null, null, null, null, null, null, null, null, null, null, null, null, null, null, null, null, null, null, null, null, null, null, null, null, null, null, null, null, null, null, null, null, null, null, null, null, null, null, null, null, null, null, null, null, null, null, null, null, null, null, null, null, null, null, null, null, null, null, null, null, null, null, null, null, null, null, null, null, null, null, null, null, null, null, null, null, null, null, null, null, null, null, null, null, null, null, null, null, null, null, null, null, null, null, null, null, null, null, null, null, null, null, null, null, null, null, null, null, null, null, null, null, null, null, null, null, null, null, null, null, null, null, null, null, null, null, null, null, null, null, null, null, null, null, null, null, null, null, null, null, null, null, null, null, null, null, null, null, null, null, null, null, null, null, null, null, null, null, null, null, null, null, null, null, null, null, null, null, null, null, null, null, null, null, null, null, null, null, null, null, null, null, null, null, null, null, null, null, null, null, null, null, null, null, null, null, null, null, null, null, null, null, null, null, null, null, null, null, null, null, null, null, null, null, null, null, null, null, null, null, null, null, null, null, null, null, null, null, null, null, null, null, null, null, null, null]"
INF200K01RA0,SBI Contra Fund,31-08-2026,portfolio,Equity Shares,State Bank of India,INE062A01020,Banks,7500519,79505.5,7950550000,1.67,,,,,,,,INF200K01RA0_SBI CONTRA FUND.xlsx,SCF,23,"[null, ""100010"", ""State Bank of India"", ""INE062A01020"", ""Banks"", 7500519, 79505.5, 1.67, null, null, null, null, null, null, null, null, null, null, null, null, null, null, null, null, null, null, null, null, null, null, null, null, null, null, null, null, null, null, null, null, null, null, null, null, null, null, null, null, null, null, null, null, null, null, null, null, null, null, null, null, null, null, null, null, null, null, null, null, null, null, null, null, null, null, null, null, null, null, null, null, null, null, null, null, null, null, null, null, null, null, null, null, null, null, null, null, null, null, null, null, null, null, null, null, null, null, null, null, null, null, null, null, null, null, null, null, null, null, null, null, null, null, null, null, null, null, null, null, null, null, null, null, null, null, null, null, null, null, null, null, null, null, null, null, null, null, null, null, null, null, null, null, null, null, null, null, null, null, null, null, null, null, null, null, null, null, null, null, null, null, null, null, null, null, null, null, null, null, null, null, null, null, null, null, null, null, null, null, null, null, null, null, null, null, null, null, null, null, null, null, null, null, null, null, null, null, null, null, null, null, null, null, null, null, null, null, null, null, null, null, null, null, null, null, null, null, null, null, null, null, null, null, null, null, null, null, null, null, null, null, null, null, null, null, null, null, null, null, null, null, null, null, null, null, null, null]"
INF200K01RA0,SBI Contra Fund,31-08-2026,portfolio,Equity Shares,ITC Ltd.,INE154A01025,Diversified FMCG,31014741,79242.66,7924266000,1.67,,,,,,,,INF200K01RA0_SBI CONTRA FUND.xlsx,SCF,24,"[null, ""100019"", ""ITC Ltd."", ""INE154A01025"", ""Diversified FMCG"", 31014741, 79242.66, 1.67, null, null, null, null, null, null, null, null, null, null, null, null, null, null, null, null, null, null, null, null, null, null, null, null, null, null, null, null, null, null, null, null, null, null, null, null, null, null, null, null, null, null, null, null, null, null, null, null, null, null, null, null, null, null, null, null, null, null, null, null, null, null, null, null, null, null, null, null, null, null, null, null, null, null, null, null, null, null, null, null, null, null, null, null, null, null, null, null, null, null, null, null, null, null, null, null, null, null, null, null, null, null, null, null, null, null, null, null, null, null, null, null, null, null, null, null, null, null, null, null, null, null, null, null, null, null, null, null, null, null, null, null, null, null, null, null, null, null, null, null, null, null, null, null, null, null, null, null, null, null, null, null, null, null, null, null, null, null, null, null, null, null, null, null, null, null, null, null, null, null, null, null, null, null, null, null, null, null, null, null, null, null, null, null, null, null, null, null, null, null, null, null, null, null, null, null, null, null, null, null, null, null, null, null, null, null, null, null, null, null, null, null, null, null, null, null, null, null, null, null, null, null, null, null, null, null, null, null, null, null, null, null, null, null, null, null, null, null, null, null, null, null, null, null, null, null, null, null]"
INF200K01RA0,SBI Contra Fund,31-08-2026,portfolio,Equity Shares,FSN E-Commerce Ventures Ltd.,INE388Y01029,Retailing,22188917,77561.36,7756136000,1.63,,,,,,,,INF200K01RA0_SBI CONTRA FUND.xlsx,SCF,25,"[null, ""101378"", ""FSN E-Commerce Ventures Ltd."", ""INE388Y01029"", ""Retailing"", 22188917, 77561.36, 1.63, null, null, null, null, null, null, null, null, null, null, null, null, null, null, null, null, null, null, null, null, null, null, null, null, null, null, null, null, null, null, null, null, null, null, null, null, null, null, null, null, null, null, null, null, null, null, null, null, null, null, null, null, null, null, null, null, null, null, null, null, null, null, null, null, null, null, null, null, null, null, null, null, null, null, null, null, null, null, null, null, null, null, null, null, null, null, null, null, null, null, null, null, null, null, null, null, null, null, null, null, null, null, null, null, null, null, null, null, null, null, null, null, null, null, null, null, null, null, null, null, null, null, null, null, null, null, null, null, null, null, null, null, null, null, null, null, null, null, null, null, null, null, null, null, null, null, null, null, null, null, null, null, null, null, null, null, null, null, null, null, null, null, null, null, null, null, null, null, null, null, null, null, null, null, null, null, null, null, null, null, null, null, null, null, null, null, null, null, null, null, null, null, null, null, null, null, null, null, null, null, null, null, null, null, null, null, null, null, null, null, null, null, null, null, null, null, null, null, null, null, null, null, null, null, null, null, null, null, null, null, null, null, null, null, null, null, null, null, null, null, null, null, null, null, null, null, null, null]"
INF200K01RA0,SBI Contra Fund,31-08-2026,portfolio,Equity Shares,Dabur India Ltd.,INE016A01026,Personal Products,18846663,71805.79,7180579000,1.51,,,,,,,,INF200K01RA0_SBI CONTRA FUND.xlsx,SCF,26,"[null, ""100421"", ""Dabur India Ltd."", ""INE016A01026"", ""Personal Products"", 18846663, 71805.79, 1.51, null, null, null, null, null, null, null, null, null, null, null, null, null, null, null, null, null, null, null, null, null, null, null, null, null, null, null, null, null, null, null, null, null, null, null, null, null, null, null, null, null, null, null, null, null, null, null, null, null, null, null, null, null, null, null, null, null, null, null, null, null, null, null, null, null, null, null, null, null, null, null, null, null, null, null, null, null, null, null, null, null, null, null, null, null, null, null, null, null, null, null, null, null, null, null, null, null, null, null, null, null, null, null, null, null, null, null, null, null, null, null, null, null, null, null, null, null, null, null, null, null, null, null, null, null, null, null, null, null, null, null, null, null, null, null, null, null, null, null, null, null, null, null, null, null, null, null, null, null, null, null, null, null, null, null, null, null, null, null, null, null, null, null, null, null, null, null, null, null, null, null, null, null, null, null, null, null, null, null, null, null, null, null, null, null, null, null, null, null, null, null, null, null, null, null, null, null, null, null, null, null, null, null, null, null, null, null, null, null, null, null, null, null, null, null, null, null, null, null, null, null, null, null, null, null, null, null, null, null, null, null, null, null, null, null, null, null, null, null, null, null, null, null, null, null, null, null, null]"
INF200K01RA0,SBI Contra Fund,31-08-2026,portfolio,Equity Shares,Aster DM Quality Care Ltd.,INE914M01019,Healthcare Services,9199605,69549.01,6954901000,1.46,,,,,,,,INF200K01RA0_SBI CONTRA FUND.xlsx,SCF,27,"[null, ""100769"", ""Aster DM Quality Care Ltd."", ""INE914M01019"", ""Healthcare Services"", 9199605, 69549.01, 1.46, null, null, null, null, null, null, null, null, null, null, null, null, null, null, null, null, null, null, null, null, null, null, null, null, null, null, null, null, null, null, null, null, null, null, null, null, null, null, null, null, null, null, null, null, null, null, null, null, null, null, null, null, null, null, null, null, null, null, null, null, null, null, null, null, null, null, null, null, null, null, null, null, null, null, null, null, null, null, null, null, null, null, null, null, null, null, null, null, null, null, null, null, null, null, null, null, null, null, null, null, null, null, null, null, null, null, null, null, null, null, null, null, null, null, null, null, null, null, null, null, null, null, null, null, null, null, null, null, null, null, null, null, null, null, null, null, null, null, null, null, null, null, null, null, null, null, null, null, null, null, null, null, null, null, null, null, null, null, null, null, null, null, null, null, null, null, null, null, null, null, null, null, null, null, null, null, null, null, null, null, null, null, null, null, null, null, null, null, null, null, null, null, null, null, null, null, null, null, null, null, null, null, null, null, null, null, null, null, null, null, null, null, null, null, null, null, null, null, null, null, null, null, null, null, null, null, null, null, null, null, null, null, null, null, null, null, null, null, null, null, null, null, null, null, null, null, null, null]"
INF200K01RA0,SBI Contra Fund,31-08-2026,portfolio,Equity Shares,JSW Infrastructure Ltd.,INE880J01026,Transport Infrastructure,20000000,68000,6800000000,1.43,,,,,,,,INF200K01RA0_SBI CONTRA FUND.xlsx,SCF,28,"[null, ""101959"", ""JSW Infrastructure Ltd."", ""INE880J01026"", ""Transport Infrastructure"", 20000000, 68000, 1.43, null, null, null, null, null, null, null, null, null, null, null, null, null, null, null, null, null, null, null, null, null, null, null, null, null, null, null, null, null, null, null, null, null, null, null, null, null, null, null, null, null, null, null, null, null, null, null, null, null, null, null, null, null, null, null, null, null, null, null, null, null, null, null, null, null, null, null, null, null, null, null, null, null, null, null, null, null, null, null, null, null, null, null, null, null, null, null, null, null, null, null, null, null, null, null, null, null, null, null, null, null, null, null, null, null, null, null, null, null, null, null, null, null, null, null, null, null, null, null, null, null, null, null, null, null, null, null, null, null, null, null, null, null, null, null, null, null, null, null, null, null, null, null, null, null, null, null, null, null, null, null, null, null, null, null, null, null, null, null, null, null, null, null, null, null, null, null, null, null, null, null, null, null, null, null, null, null, null, null, null, null, null, null, null, null, null, null, null, null, null, null, null, null, null, null, null, null, null, null, null, null, null, null, null, null, null, null, null, null, null, null, null, null, null, null, null, null, null, null, null, null, null, null, null, null, null, null, null, null, null, null, null, null, null, null, null, null, null, null, null, null, null, null, null, null, null, null, null]"
INF200K01RA0,SBI Contra Fund,31-08-2026,portfolio,Equity Shares,Bajaj Auto Ltd.,INE917I01010,Automobiles,557588,67635.42,6763542000,1.42,,,,,,,,INF200K01RA0_SBI CONTRA FUND.xlsx,SCF,29,"[null, ""100039"", ""Bajaj Auto Ltd."", ""INE917I01010"", ""Automobiles"", 557588, 67635.42, 1.42, null, null, null, null, null, null, null, null, null, null, null, null, null, null, null, null, null, null, null, null, null, null, null, null, null, null, null, null, null, null, null, null, null, null, null, null, null, null, null, null, null, null, null, null, null, null, null, null, null, null, null, null, null, null, null, null, null, null, null, null, null, null, null, null, null, null, null, null, null, null, null, null, null, null, null, null, null, null, null, null, null, null, null, null, null, null, null, null, null, null, null, null, null, null, null, null, null, null, null, null, null, null, null, null, null, null, null, null, null, null, null, null, null, null, null, null, null, null, null, null, null, null, null, null, null, null, null, null, null, null, null, null, null, null, null, null, null, null, null, null, null, null, null, null, null, null, null, null, null, null, null, null, null, null, null, null, null, null, null, null, null, null, null, null, null, null, null, null, null, null, null, null, null, null, null, null, null, null, null, null, null, null, null, null, null, null, null, null, null, null, null, null, null, null, null, null, null, null, null, null, null, null, null, null, null, null, null, null, null, null, null, null, null, null, null, null, null, null, null, null, null, null, null, null, null, null, null, null, null, null, null, null, null, null, null, null, null, null, null, null, null, null, null, null, null, null, null, null]"
INF200K01RA0,SBI Contra Fund,31-08-2026,portfolio,Equity Shares,Axis Bank Ltd.,INE238A01034,Banks,4904255,63755.32,6375532000,1.34,,,,,,,,INF200K01RA0_SBI CONTRA FUND.xlsx,SCF,30,"[null, ""100024"", ""Axis Bank Ltd."", ""INE238A01034"", ""Banks"", 4904255, 63755.32, 1.34, null, null, null, null, null, null, null, null, null, null, null, null, null, null, null, null, null, null, null, null, null, null, null, null, null, null, null, null, null, null, null, null, null, null, null, null, null, null, null, null, null, null, null, null, null, null, null, null, null, null, null, null, null, null, null, null, null, null, null, null, null, null, null, null, null, null, null, null, null, null, null, null, null, null, null, null, null, null, null, null, null, null, null, null, null, null, null, null, null, null, null, null, null, null, null, null, null, null, null, null, null, null, null, null, null, null, null, null, null, null, null, null, null, null, null, null, null, null, null, null, null, null, null, null, null, null, null, null, null, null, null, null, null, null, null, null, null, null, null, null, null, null, null, null, null, null, null, null, null, null, null, null, null, null, null, null, null, null, null, null, null, null, null, null, null, null, null, null, null, null, null, null, null, null, null, null, null, null, null, null, null, null, null, null, null, null, null, null, null, null, null, null, null, null, null, null, null, null, null, null, null, null, null, null, null, null, null, null, null, null, null, null, null, null, null, null, null, null, null, null, null, null, null, null, null, null, null, null, null, null, null, null, null, null, null, null, null, null, null, null, null, null, null, null, null, null, null, null]"
INF200K01RA0,SBI Contra Fund,31-08-2026,portfolio,Equity Shares,Delhivery Ltd.,INE148O01028,Transport Services,13884606,63341.57,6334157000,1.33,,,,,,,,INF200K01RA0_SBI CONTRA FUND.xlsx,SCF,31,"[null, ""101553"", ""Delhivery Ltd."", ""INE148O01028"", ""Transport Services"", 13884606, 63341.57, 1.33, null, null, null, null, null, null, null, null, null, null, null, null, null, null, null, null, null, null, null, null, null, null, null, null, null, null, null, null, null, null, null, null, null, null, null, null, null, null, null, null, null, null, null, null, null, null, null, null, null, null, null, null, null, null, null, null, null, null, null, null, null, null, null, null, null, null, null, null, null, null, null, null, null, null, null, null, null, null, null, null, null, null, null, null, null, null, null, null, null, null, null, null, null, null, null, null, null, null, null, null, null, null, null, null, null, null, null, null, null, null, null, null, null, null, null, null, null, null, null, null, null, null, null, null, null, null, null, null, null, null, null, null, null, null, null, null, null, null, null, null, null, null, null, null, null, null, null, null, null, null, null, null, null, null, null, null, null, null, null, null, null, null, null, null, null, null, null, null, null, null, null, null, null, null, null, null, null, null, null, null, null, null, null, null, null, null, null, null, null, null, null, null, null, null, null, null, null, null, null, null, null, null, null, null, null, null, null, null, null, null, null, null, null, null, null, null, null, null, null, null, null, null, null, null, null, null, null, null, null, null, null, null, null, null, null, null, null, null, null, null, null, null, null, null, null, null, null, null]"
INF200K01RA0,SBI Contra Fund,31-08-2026,portfolio,Equity Shares,Bandhan Bank Ltd.,INE545U01014,Banks,38278980,62586.13,6258613000,1.32,,,,,,,,INF200K01RA0_SBI CONTRA FUND.xlsx,SCF,32,"[null, ""100771"", ""Bandhan Bank Ltd."", ""INE545U01014"", ""Banks"", 38278980, 62586.13, 1.32, null, null, null, null, null, null, null, null, null, null, null, null, null, null, null, null, null, null, null, null, null, null, null, null, null, null, null, null, null, null, null, null, null, null, null, null, null, null, null, null, null, null, null, null, null, null, null, null, null, null, null, null, null, null, null, null, null, null, null, null, null, null, null, null, null, null, null, null, null, null, null, null, null, null, null, null, null, null, null, null, null, null, null, null, null, null, null, null, null, null, null, null, null, null, null, null, null, null, null, null, null, null, null, null, null, null, null, null, null, null, null, null, null, null, null, null, null, null, null, null, null, null, null, null, null, null, null, null, null, null, null, null, null, null, null, null, null, null, null, null, null, null, null, null, null, null, null, null, null, null, null, null, null, null, null, null, null, null, null, null, null, null, null, null, null, null, null, null, null, null, null, null, null, null, null, null, null, null, null, null, null, null, null, null, null, null, null, null, null, null, null, null, null, null, null, null, null, null, null, null, null, null, null, null, null, null, null, null, null, null, null, null, null, null, null, null, null, null, null, null, null, null, null, null, null, null, null, null, null, null, null, null, null, null, null, null, null, null, null, null, null, null, null, null, null, null, null, null]"
INF200K01RA0,SBI Contra Fund,31-08-2026,portfolio,Equity Shares,Tata Motors Ltd.,INE1TAE01010,"Agricultural, Commercial & Construction Vehicles",12394339,58389.73,5838973000,1.23,,,,,,,,INF200K01RA0_SBI CONTRA FUND.xlsx,SCF,33,"[null, ""102686"", ""Tata Motors Ltd."", ""INE1TAE01010"", ""Agricultural, Commercial & Construction Vehicles"", 12394339, 58389.73, 1.23, null, null, null, null, null, null, null, null, null, null, null, null, null, null, null, null, null, null, null, null, null, null, null, null, null, null, null, null, null, null, null, null, null, null, null, null, null, null, null, null, null, null, null, null, null, null, null, null, null, null, null, null, null, null, null, null, null, null, null, null, null, null, null, null, null, null, null, null, null, null, null, null, null, null, null, null, null, null, null, null, null, null, null, null, null, null, null, null, null, null, null, null, null, null, null, null, null, null, null, null, null, null, null, null, null, null, null, null, null, null, null, null, null, null, null, null, null, null, null, null, null, null, null, null, null, null, null, null, null, null, null, null, null, null, null, null, null, null, null, null, null, null, null, null, null, null, null, null, null, null, null, null, null, null, null, null, null, null, null, null, null, null, null, null, null, null, null, null, null, null, null, null, null, null, null, null, null, null, null, null, null, null, null, null, null, null, null, null, null, null, null, null, null, null, null, null, null, null, null, null, null, null, null, null, null, null, null, null, null, null, null, null, null, null, null, null, null, null, null, null, null, null, null, null, null, null, null, null, null, null, null, null, null, null, null, null, null, null, null, null, null, null, null, null, null, null, null, null]"
INF200K01RA0,SBI Contra Fund,31-08-2026,portfolio,Equity Shares,Hindalco Industries Ltd.,INE038A01020,Non - Ferrous Metals,5640000,57271.38,5727138000,1.2,,,,,,,,INF200K01RA0_SBI CONTRA FUND.xlsx,SCF,34,"[null, ""100180"", ""Hindalco Industries Ltd."", ""INE038A01020"", ""Non - Ferrous Metals"", 5640000, 57271.38, 1.2, null, null, null, null, null, null, null, null, null, null, null, null, null, null, null, null, null, null, null, null, null, null, null, null, null, null, null, null, null, null, null, null, null, null, null, null, null, null, null, null, null, null, null, null, null, null, null, null, null, null, null, null, null, null, null, null, null, null, null, null, null, null, null, null, null, null, null, null, null, null, null, null, null, null, null, null, null, null, null, null, null, null, null, null, null, null, null, null, null, null, null, null, null, null, null, null, null, null, null, null, null, null, null, null, null, null, null, null, null, null, null, null, null, null, null, null, null, null, null, null, null, null, null, null, null, null, null, null, null, null, null, null, null, null, null, null, null, null, null, null, null, null, null, null, null, null, null, null, null, null, null, null, null, null, null, null, null, null, null, null, null, null, null, null, null, null, null, null, null, null, null, null, null, null, null, null, null, null, null, null, null, null, null, null, null, null, null, null, null, null, null, null, null, null, null, null, null, null, null, null, null, null, null, null, null, null, null, null, null, null, null, null, null, null, null, null, null, null, null, null, null, null, null, null, null, null, null, null, null, null, null, null, null, null, null, null, null, null, null, null, null, null, null, null, null, null, null, null]"
INF200K01RA0,SBI Contra Fund,31-08-2026,portfolio,Equity Shares,Bharti Airtel Ltd.,INE397D01024,Telecom - Services,3152051,57112.01,5711201000,1.2,,,,,,,,INF200K01RA0_SBI CONTRA FUND.xlsx,SCF,35,"[null, ""100095"", ""Bharti Airtel Ltd."", ""INE397D01024"", ""Telecom - Services"", 3152051, 57112.01, 1.2, null, null, null, null, null, null, null, null, null, null, null, null, null, null, null, null, null, null, null, null, null, null, null, null, null, null, null, null, null, null, null, null, null, null, null, null, null, null, null, null, null, null, null, null, null, null, null, null, null, null, null, null, null, null, null, null, null, null, null, null, null, null, null, null, null, null, null, null, null, null, null, null, null, null, null, null, null, null, null, null, null, null, null, null, null, null, null, null, null, null, null, null, null, null, null, null, null, null, null, null, null, null, null, null, null, null, null, null, null, null, null, null, null, null, null, null, null, null, null, null, null, null, null, null, null, null, null, null, null, null, null, null, null, null, null, null, null, null, null, null, null, null, null, null, null, null, null, null, null, null, null, null, null, null, null, null, null, null, null, null, null, null, null, null, null, null, null, null, null, null, null, null, null, null, null, null, null, null, null, null, null, null, null, null, null, null, null, null, null, null, null, null, null, null, null, null, null, null, null, null, null, null, null, null, null, null, null, null, null, null, null, null, null, null, null, null, null, null, null, null, null, null, null, null, null, null, null, null, null, null, null, null, null, null, null, null, null, null, null, null, null, null, null, null, null, null, null, null]"
INF200K01RA0,SBI Contra Fund,31-08-2026,portfolio,Equity Shares,Samvardhana Motherson International Ltd.,INE775A01035,Auto Components,33270766,56786.54,5678654000,1.19,,,,,,,,INF200K01RA0_SBI CONTRA FUND.xlsx,SCF,36,"[null, ""100083"", ""Samvardhana Motherson International Ltd."", ""INE775A01035"", ""Auto Components"", 33270766, 56786.54, 1.19, null, null, null, null, null, null, null, null, null, null, null, null, null, null, null, null, null, null, null, null, null, null, null, null, null, null, null, null, null, null, null, null, null, null, null, null, null, null, null, null, null, null, null, null, null, null, null, null, null, null, null, null, null, null, null, null, null, null, null, null, null, null, null, null, null, null, null, null, null, null, null, null, null, null, null, null, null, null, null, null, null, null, null, null, null, null, null, null, null, null, null, null, null, null, null, null, null, null, null, null, null, null, null, null, null, null, null, null, null, null, null, null, null, null, null, null, null, null, null, null, null, null, null, null, null, null, null, null, null, null, null, null, null, null, null, null, null, null, null, null, null, null, null, null, null, null, null, null, null, null, null, null, null, null, null, null, null, null, null, null, null, null, null, null, null, null, null, null, null, null, null, null, null, null, null, null, null, null, null, null, null, null, null, null, null, null, null, null, null, null, null, null, null, null, null, null, null, null, null, null, null, null, null, null, null, null, null, null, null, null, null, null, null, null, null, null, null, null, null, null, null, null, null, null, null, null, null, null, null, null, null, null, null, null, null, null, null, null, null, null, null, null, null, null, null, null, null, null]"
INF200K01RA0,SBI Contra Fund,31-08-2026,portfolio,Equity Shares,ICICI Prudential Life Insurance Company Ltd.,INE726G01019,Insurance,10936099,56545.1,5654510000,1.19,,,,,,,,INF200K01RA0_SBI CONTRA FUND.xlsx,SCF,37,"[null, ""100505"", ""ICICI Prudential Life Insurance Company Ltd."", ""INE726G01019"", ""Insurance"", 10936099, 56545.1, 1.19, null, null, null, null, null, null, null, null, null, null, null, null, null, null, null, null, null, null, null, null, null, null, null, null, null, null, null, null, null, null, null, null, null, null, null, null, null, null, null, null, null, null, null, null, null, null, null, null, null, null, null, null, null, null, null, null, null, null, null, null, null, null, null, null, null, null, null, null, null, null, null, null, null, null, null, null, null, null, null, null, null, null, null, null, null, null, null, null, null, null, null, null, null, null, null, null, null, null, null, null, null, null, null, null, null, null, null, null, null, null, null, null, null, null, null, null, null, null, null, null, null, null, null, null, null, null, null, null, null, null, null, null, null, null, null, null, null, null, null, null, null, null, null, null, null, null, null, null, null, null, null, null, null, null, null, null, null, null, null, null, null, null, null, null, null, null, null, null, null, null, null, null, null, null, null, null, null, null, null, null, null, null, null, null, null, null, null, null, null, null, null, null, null, null, null, null, null, null, null, null, null, null, null, null, null, null, null, null, null, null, null, null, null, null, null, null, null, null, null, null, null, null, null, null, null, null, null, null, null, null, null, null, null, null, null, null, null, null, null, null, null, null, null, null, null, null, null, null]"
INF200K01RA0,SBI Contra Fund,31-08-2026,portfolio,Equity Shares,Oil & Natural Gas Corporation Ltd.,INE213A01029,Oil,23896662,55392.46,5539246000,1.16,,,,,,,,INF200K01RA0_SBI CONTRA FUND.xlsx,SCF,38,"[null, ""100111"", ""Oil & Natural Gas Corporation Ltd."", ""INE213A01029"", ""Oil"", 23896662, 55392.46, 1.16, null, null, null, null, null, null, null, null, null, null, null, null, null, null, null, null, null, null, null, null, null, null, null, null, null, null, null, null, null, null, null, null, null, null, null, null, null, null, null, null, null, null, null, null, null, null, null, null, null, null, null, null, null, null, null, null, null, null, null, null, null, null, null, null, null, null, null, null, null, null, null, null, null, null, null, null, null, null, null, null, null, null, null, null, null, null, null, null, null, null, null, null, null, null, null, null, null, null, null, null, null, null, null, null, null, null, null, null, null, null, null, null, null, null, null, null, null, null, null, null, null, null, null, null, null, null, null, null, null, null, null, null, null, null, null, null, null, null, null, null, null, null, null, null, null, null, null, null, null, null, null, null, null, null, null, null, null, null, null, null, null, null, null, null, null, null, null, null, null, null, null, null, null, null, null, null, null, null, null, null, null, null, null, null, null, null, null, null, null, null, null, null, null, null, null, null, null, null, null, null, null, null, null, null, null, null, null, null, null, null, null, null, null, null, null, null, null, null, null, null, null, null, null, null, null, null, null, null, null, null, null, null, null, null, null, null, null, null, null, null, null, null, null, null, null, null, null, null]"
INF200K01RA0,SBI Contra Fund,31-08-2026,portfolio,Equity Shares,Cipla Ltd.,INE059A01026,Pharmaceuticals & Biotechnology,3836985,54070.79,5407079000,1.14,,,,,,,,INF200K01RA0_SBI CONTRA FUND.xlsx,SCF,39,"[null, ""100153"", ""Cipla Ltd."", ""INE059A01026"", ""Pharmaceuticals & Biotechnology"", 3836985, 54070.79, 1.14, null, null, null, null, null, null, null, null, null, null, null, null, null, null, null, null, null, null, null, null, null, null, null, null, null, null, null, null, null, null, null, null, null, null, null, null, null, null, null, null, null, null, null, null, null, null, null, null, null, null, null, null, null, null, null, null, null, null, null, null, null, null, null, null, null, null, null, null, null, null, null, null, null, null, null, null, null, null, null, null, null, null, null, null, null, null, null, null, null, null, null, null, null, null, null, null, null, null, null, null, null, null, null, null, null, null, null, null, null, null, null, null, null, null, null, null, null, null, null, null, null, null, null, null, null, null, null, null, null, null, null, null, null, null, null, null, null, null, null, null, null, null, null, null, null, null, null, null, null, null, null, null, null, null, null, null, null, null, null, null, null, null, null, null, null, null, null, null, null, null, null, null, null, null, null, null, null, null, null, null, null, null, null, null, null, null, null, null, null, null, null, null, null, null, null, null, null, null, null, null, null, null, null, null, null, null, null, null, null, null, null, null, null, null, null, null, null, null, null, null, null, null, null, null, null, null, null, null, null, null, null, null, null, null, null, null, null, null, null, null, null, null, null, null, null, null, null, null]"
INF200K01RA0,SBI Contra Fund,31-08-2026,portfolio,Equity Shares,Maruti Suzuki India Ltd.,INE585B01010,Automobiles,393463,53302.43,5330243000,1.12,,,,,,,,INF200K01RA0_SBI CONTRA FUND.xlsx,SCF,40,"[null, ""100106"", ""Maruti Suzuki India Ltd."", ""INE585B01010"", ""Automobiles"", 393463, 53302.43, 1.12, null, null, null, null, null, null, null, null, null, null, null, null, null, null, null, null, null, null, null, null, null, null, null, null, null, null, null, null, null, null, null, null, null, null, null, null, null, null, null, null, null, null, null, null, null, null, null, null, null, null, null, null, null, null, null, null, null, null, null, null, null, null, null, null, null, null, null, null, null, null, null, null, null, null, null, null, null, null, null, null, null, null, null, null, null, null, null, null, null, null, null, null, null, null, null, null, null, null, null, null, null, null, null, null, null, null, null, null, null, null, null, null, null, null, null, null, null, null, null, null, null, null, null, null, null, null, null, null, null, null, null, null, null, null, null, null, null, null, null, null, null, null, null, null, null, null, null, null, null, null, null, null, null, null, null, null, null, null, null, null, null, null, null, null, null, null, null, null, null, null, null, null, null, null, null, null, null, null, null, null, null, null, null, null, null, null, null, null, null, null, null, null, null, null, null, null, null, null, null, null, null, null, null, null, null, null, null, null, null, null, null, null, null, null, null, null, null, null, null, null, null, null, null, null, null, null, null, null, null, null, null, null, null, null, null, null, null, null, null, null, null, null, null, null, null, null, null, null]"
INF200K01RA0,SBI Contra Fund,31-08-2026,portfolio,Equity Shares,NHPC Ltd.,INE848E01016,Power,67000000,51402.4,5140240000,1.08,,,,,,,,INF200K01RA0_SBI CONTRA FUND.xlsx,SCF,41,"[null, ""100286"", ""NHPC Ltd."", ""INE848E01016"", ""Power"", 67000000, 51402.4, 1.08, null, null, null, null, null, null, null, null, null, null, null, null, null, null, null, null, null, null, null, null, null, null, null, null, null, null, null, null, null, null, null, null, null, null, null, null, null, null, null, null, null, null, null, null, null, null, null, null, null, null, null, null, null, null, null, null, null, null, null, null, null, null, null, null, null, null, null, null, null, null, null, null, null, null, null, null, null, null, null, null, null, null, null, null, null, null, null, null, null, null, null, null, null, null, null, null, null, null, null, null, null, null, null, null, null, null, null, null, null, null, null, null, null, null, null, null, null, null, null, null, null, null, null, null, null, null, null, null, null, null, null, null, null, null, null, null, null, null, null, null, null, null, null, null, null, null, null, null, null, null, null, null, null, null, null, null, null, null, null, null, null, null, null, null, null, null, null, null, null, null, null, null, null, null, null, null, null, null, null, null, null, null, null, null, null, null, null, null, null, null, null, null, null, null, null, null, null, null, null, null, null, null, null, null, null, null, null, null, null, null, null, null, null, null, null, null, null, null, null, null, null, null, null, null, null, null, null, null, null, null, null, null, null, null, null, null, null, null, null, null, null, null, null, null, null, null, null, null]"
INF200K01RA0,SBI Contra Fund,31-08-2026,portfolio,Equity Shares,Tata Motors Passenger Vehicles Ltd.,INE155A01022,Automobiles,16394339,50633.92,5063392000,1.06,,,,,,,,INF200K01RA0_SBI CONTRA FUND.xlsx,SCF,42,"[null, ""100119"", ""Tata Motors Passenger Vehicles Ltd."", ""INE155A01022"", ""Automobiles"", 16394339, 50633.92, 1.06, null, null, null, null, null, null, null, null, null, null, null, null, null, null, null, null, null, null, null, null, null, null, null, null, null, null, null, null, null, null, null, null, null, null, null, null, null, null, null, null, null, null, null, null, null, null, null, null, null, null, null, null, null, null, null, null, null, null, null, null, null, null, null, null, null, null, null, null, null, null, null, null, null, null, null, null, null, null, null, null, null, null, null, null, null, null, null, null, null, null, null, null, null, null, null, null, null, null, null, null, null, null, null, null, null, null, null, null, null, null, null, null, null, null, null, null, null, null, null, null, null, null, null, null, null, null, null, null, null, null, null, null, null, null, null, null, null, null, null, null, null, null, null, null, null, null, null, null, null, null, null, null, null, null, null, null, null, null, null, null, null, null, null, null, null, null, null, null, null, null, null, null, null, null, null, null, null, null, null, null, null, null, null, null, null, null, null, null, null, null, null, null, null, null, null, null, null, null, null, null, null, null, null, null, null, null, null, null, null, null, null, null, null, null, null, null, null, null, null, null, null, null, null, null, null, null, null, null, null, null, null, null, null, null, null, null, null, null, null, null, null, null, null, null, null, null, null, null]"
INF200K01RA0,SBI Contra Fund,31-08-2026,portfolio,Equity Shares,Indian Oil Corporation Ltd.,INE242A01010,Petroleum Products,36049578,50155.78,5015578000,1.05,,,,,,,,INF200K01RA0_SBI CONTRA FUND.xlsx,SCF,43,"[null, ""100169"", ""Indian Oil Corporation Ltd."", ""INE242A01010"", ""Petroleum Products"", 36049578, 50155.78, 1.05, null, null, null, null, null, null, null, null, null, null, null, null, null, null, null, null, null, null, null, null, null, null, null, null, null, null, null, null, null, null, null, null, null, null, null, null, null, null, null, null, null, null, null, null, null, null, null, null, null, null, null, null, null, null, null, null, null, null, null, null, null, null, null, null, null, null, null, null, null, null, null, null, null, null, null, null, null, null, null, null, null, null, null, null, null, null, null, null, null, null, null, null, null, null, null, null, null, null, null, null, null, null, null, null, null, null, null, null, null, null, null, null, null, null, null, null, null, null, null, null, null, null, null, null, null, null, null, null, null, null, null, null, null, null, null, null, null, null, null, null, null, null, null, null, null, null, null, null, null, null, null, null, null, null, null, null, null, null, null, null, null, null, null, null, null, null, null, null, null, null, null, null, null, null, null, null, null, null, null, null, null, null, null, null, null, null, null, null, null, null, null, null, null, null, null, null, null, null, null, null, null, null, null, null, null, null, null, null, null, null, null, null, null, null, null, null, null, null, null, null, null, null, null, null, null, null, null, null, null, null, null, null, null, null, null, null, null, null, null, null, null, null, null, null, null, null, null, null]"
INF200K01RA0,SBI Contra Fund,31-08-2026,portfolio,Equity Shares,UPL Ltd.,INE628A01036,Fertilizers & Agrochemicals,8755000,49224.99,4922499000,1.03,,,,,,,,INF200K01RA0_SBI CONTRA FUND.xlsx,SCF,44,"[null, ""100139"", ""UPL Ltd."", ""INE628A01036"", ""Fertilizers & Agrochemicals"", 8755000, 49224.99, 1.03, null, null, null, null, null, null, null, null, null, null, null, null, null, null, null, null, null, null, null, null, null, null, null, null, null, null, null, null, null, null, null, null, null, null, null, null, null, null, null, null, null, null, null, null, null, null, null, null, null, null, null, null, null, null, null, null, null, null, null, null, null, null, null, null, null, null, null, null, null, null, null, null, null, null, null, null, null, null, null, null, null, null, null, null, null, null, null, null, null, null, null, null, null, null, null, null, null, null, null, null, null, null, null, null, null, null, null, null, null, null, null, null, null, null, null, null, null, null, null, null, null, null, null, null, null, null, null, null, null, null, null, null, null, null, null, null, null, null, null, null, null, null, null, null, null, null, null, null, null, null, null, null, null, null, null, null, null, null, null, null, null, null, null, null, null, null, null, null, null, null, null, null, null, null, null, null, null, null, null, null, null, null, null, null, null, null, null, null, null, null, null, null, null, null, null, null, null, null, null, null, null, null, null, null, null, null, null, null, null, null, null, null, null, null, null, null, null, null, null, null, null, null, null, null, null, null, null, null, null, null, null, null, null, null, null, null, null, null, null, null, null, null, null, null, null, null, null, null]"
INF200K01RA0,SBI Contra Fund,31-08-2026,portfolio,Equity Shares,One 97 Communications Ltd.,INE982J01020,Financial Technology (Fintech),2749563,47212.75,4721275000,99,,,,,,,,INF200K01RA0_SBI CONTRA FUND.xlsx,SCF,45,"[null, ""101396"", ""One 97 Communications Ltd."", ""INE982J01020"", ""Financial Technology (Fintech)"", 2749563, 47212.75, 0.99, null, null, null, null, null, null, null, null, null, null, null, null, null, null, null, null, null, null, null, null, null, null, null, null, null, null, null, null, null, null, null, null, null, null, null, null, null, null, null, null, null, null, null, null, null, null, null, null, null, null, null, null, null, null, null, null, null, null, null, null, null, null, null, null, null, null, null, null, null, null, null, null, null, null, null, null, null, null, null, null, null, null, null, null, null, null, null, null, null, null, null, null, null, null, null, null, null, null, null, null, null, null, null, null, null, null, null, null, null, null, null, null, null, null, null, null, null, null, null, null, null, null, null, null, null, null, null, null, null, null, null, null, null, null, null, null, null, null, null, null, null, null, null, null, null, null, null, null, null, null, null, null, null, null, null, null, null, null, null, null, null, null, null, null, null, null, null, null, null, null, null, null, null, null, null, null, null, null, null, null, null, null, null, null, null, null, null, null, null, null, null, null, null, null, null, null, null, null, null, null, null, null, null, null, null, null, null, null, null, null, null, null, null, null, null, null, null, null, null, null, null, null, null, null, null, null, null, null, null, null, null, null, null, null, null, null, null, null, null, null, null, null, null, null, null, null, null, null]"
INF200K01RA0,SBI Contra Fund,31-08-2026,portfolio,Equity Shares,United Spirits Ltd.,INE854D01024,Beverages,2937085,43762.57,4376257000,92,,,,,,,,INF200K01RA0_SBI CONTRA FUND.xlsx,SCF,46,"[null, ""100223"", ""United Spirits Ltd."", ""INE854D01024"", ""Beverages"", 2937085, 43762.57, 0.92, null, null, null, null, null, null, null, null, null, null, null, null, null, null, null, null, null, null, null, null, null, null, null, null, null, null, null, null, null, null, null, null, null, null, null, null, null, null, null, null, null, null, null, null, null, null, null, null, null, null, null, null, null, null, null, null, null, null, null, null, null, null, null, null, null, null, null, null, null, null, null, null, null, null, null, null, null, null, null, null, null, null, null, null, null, null, null, null, null, null, null, null, null, null, null, null, null, null, null, null, null, null, null, null, null, null, null, null, null, null, null, null, null, null, null, null, null, null, null, null, null, null, null, null, null, null, null, null, null, null, null, null, null, null, null, null, null, null, null, null, null, null, null, null, null, null, null, null, null, null, null, null, null, null, null, null, null, null, null, null, null, null, null, null, null, null, null, null, null, null, null, null, null, null, null, null, null, null, null, null, null, null, null, null, null, null, null, null, null, null, null, null, null, null, null, null, null, null, null, null, null, null, null, null, null, null, null, null, null, null, null, null, null, null, null, null, null, null, null, null, null, null, null, null, null, null, null, null, null, null, null, null, null, null, null, null, null, null, null, null, null, null, null, null, null, null, null, null]"
INF200K01RA0,SBI Contra Fund,31-08-2026,portfolio,Equity Shares,Larsen & Toubro Ltd.,INE018A01030,Construction,1005000,40651.25,4065125000,85,,,,,,,,INF200K01RA0_SBI CONTRA FUND.xlsx,SCF,47,"[null, ""100005"", ""Larsen & Toubro Ltd."", ""INE018A01030"", ""Construction"", 1005000, 40651.25, 0.85, null, null, null, null, null, null, null, null, null, null, null, null, null, null, null, null, null, null, null, null, null, null, null, null, null, null, null, null, null, null, null, null, null, null, null, null, null, null, null, null, null, null, null, null, null, null, null, null, null, null, null, null, null, null, null, null, null, null, null, null, null, null, null, null, null, null, null, null, null, null, null, null, null, null, null, null, null, null, null, null, null, null, null, null, null, null, null, null, null, null, null, null, null, null, null, null, null, null, null, null, null, null, null, null, null, null, null, null, null, null, null, null, null, null, null, null, null, null, null, null, null, null, null, null, null, null, null, null, null, null, null, null, null, null, null, null, null, null, null, null, null, null, null, null, null, null, null, null, null, null, null, null, null, null, null, null, null, null, null, null, null, null, null, null, null, null, null, null, null, null, null, null, null, null, null, null, null, null, null, null, null, null, null, null, null, null, null, null, null, null, null, null, null, null, null, null, null, null, null, null, null, null, null, null, null, null, null, null, null, null, null, null, null, null, null, null, null, null, null, null, null, null, null, null, null, null, null, null, null, null, null, null, null, null, null, null, null, null, null, null, null, null, null, null, null, null, null, null]"
INF200K01RA0,SBI Contra Fund,31-08-2026,portfolio,Equity Shares,JSW Energy Ltd.,INE121E01018,Power,7523810,39153.91,3915391000,82,,,,,,,,INF200K01RA0_SBI CONTRA FUND.xlsx,SCF,48,"[null, ""100362"", ""JSW Energy Ltd."", ""INE121E01018"", ""Power"", 7523810, 39153.91, 0.82, null, null, null, null, null, null, null, null, null, null, null, null, null, null, null, null, null, null, null, null, null, null, null, null, null, null, null, null, null, null, null, null, null, null, null, null, null, null, null, null, null, null, null, null, null, null, null, null, null, null, null, null, null, null, null, null, null, null, null, null, null, null, null, null, null, null, null, null, null, null, null, null, null, null, null, null, null, null, null, null, null, null, null, null, null, null, null, null, null, null, null, null, null, null, null, null, null, null, null, null, null, null, null, null, null, null, null, null, null, null, null, null, null, null, null, null, null, null, null, null, null, null, null, null, null, null, null, null, null, null, null, null, null, null, null, null, null, null, null, null, null, null, null, null, null, null, null, null, null, null, null, null, null, null, null, null, null, null, null, null, null, null, null, null, null, null, null, null, null, null, null, null, null, null, null, null, null, null, null, null, null, null, null, null, null, null, null, null, null, null, null, null, null, null, null, null, null, null, null, null, null, null, null, null, null, null, null, null, null, null, null, null, null, null, null, null, null, null, null, null, null, null, null, null, null, null, null, null, null, null, null, null, null, null, null, null, null, null, null, null, null, null, null, null, null, null, null, null]"
INF200K01RA0,SBI Contra Fund,31-08-2026,portfolio,Equity Shares,JSW Steel Ltd.,INE019A01038,Ferrous Metals,2900000,37923.3,3792330000,80,,,,,,,,INF200K01RA0_SBI CONTRA FUND.xlsx,SCF,49,"[null, ""100193"", ""JSW Steel Ltd."", ""INE019A01038"", ""Ferrous Metals"", 2900000, 37923.3, 0.8, null, null, null, null, null, null, null, null, null, null, null, null, null, null, null, null, null, null, null, null, null, null, null, null, null, null, null, null, null, null, null, null, null, null, null, null, null, null, null, null, null, null, null, null, null, null, null, null, null, null, null, null, null, null, null, null, null, null, null, null, null, null, null, null, null, null, null, null, null, null, null, null, null, null, null, null, null, null, null, null, null, null, null, null, null, null, null, null, null, null, null, null, null, null, null, null, null, null, null, null, null, null, null, null, null, null, null, null, null, null, null, null, null, null, null, null, null, null, null, null, null, null, null, null, null, null, null, null, null, null, null, null, null, null, null, null, null, null, null, null, null, null, null, null, null, null, null, null, null, null, null, null, null, null, null, null, null, null, null, null, null, null, null, null, null, null, null, null, null, null, null, null, null, null, null, null, null, null, null, null, null, null, null, null, null, null, null, null, null, null, null, null, null, null, null, null, null, null, null, null, null, null, null, null, null, null, null, null, null, null, null, null, null, null, null, null, null, null, null, null, null, null, null, null, null, null, null, null, null, null, null, null, null, null, null, null, null, null, null, null, null, null, null, null, null, null, null, null]"
INF200K01RA0,SBI Contra Fund,31-08-2026,portfolio,Equity Shares,Grasim Industries Ltd.,INE047A01021,Cement & Cement Products,1115585,37606.37,3760637000,79,,,,,,,,INF200K01RA0_SBI CONTRA FUND.xlsx,SCF,50,"[null, ""100177"", ""Grasim Industries Ltd."", ""INE047A01021"", ""Cement & Cement Products"", 1115585, 37606.37, 0.79, null, null, null, null, null, null, null, null, null, null, null, null, null, null, null, null, null, null, null, null, null, null, null, null, null, null, null, null, null, null, null, null, null, null, null, null, null, null, null, null, null, null, null, null, null, null, null, null, null, null, null, null, null, null, null, null, null, null, null, null, null, null, null, null, null, null, null, null, null, null, null, null, null, null, null, null, null, null, null, null, null, null, null, null, null, null, null, null, null, null, null, null, null, null, null, null, null, null, null, null, null, null, null, null, null, null, null, null, null, null, null, null, null, null, null, null, null, null, null, null, null, null, null, null, null, null, null, null, null, null, null, null, null, null, null, null, null, null, null, null, null, null, null, null, null, null, null, null, null, null, null, null, null, null, null, null, null, null, null, null, null, null, null, null, null, null, null, null, null, null, null, null, null, null, null, null, null, null, null, null, null, null, null, null, null, null, null, null, null, null, null, null, null, null, null, null, null, null, null, null, null, null, null, null, null, null, null, null, null, null, null, null, null, null, null, null, null, null, null, null, null, null, null, null, null, null, null, null, null, null, null, null, null, null, null, null, null, null, null, null, null, null, null, null, null, null, null, null]"
INF200K01RA0,SBI Contra Fund,31-08-2026,portfolio,Equity Shares,Petronet LNG Ltd.,INE347G01014,Gas,10827622,32547.83,3254783000,68,,,,,,,,INF200K01RA0_SBI CONTRA FUND.xlsx,SCF,51,"[null, ""100164"", ""Petronet LNG Ltd."", ""INE347G01014"", ""Gas"", 10827622, 32547.83, 0.68, null, null, null, null, null, null, null, null, null, null, null, null, null, null, null, null, null, null, null, null, null, null, null, null, null, null, null, null, null, null, null, null, null, null, null, null, null, null, null, null, null, null, null, null, null, null, null, null, null, null, null, null, null, null, null, null, null, null, null, null, null, null, null, null, null, null, null, null, null, null, null, null, null, null, null, null, null, null, null, null, null, null, null, null, null, null, null, null, null, null, null, null, null, null, null, null, null, null, null, null, null, null, null, null, null, null, null, null, null, null, null, null, null, null, null, null, null, null, null, null, null, null, null, null, null, null, null, null, null, null, null, null, null, null, null, null, null, null, null, null, null, null, null, null, null, null, null, null, null, null, null, null, null, null, null, null, null, null, null, null, null, null, null, null, null, null, null, null, null, null, null, null, null, null, null, null, null, null, null, null, null, null, null, null, null, null, null, null, null, null, null, null, null, null, null, null, null, null, null, null, null, null, null, null, null, null, null, null, null, null, null, null, null, null, null, null, null, null, null, null, null, null, null, null, null, null, null, null, null, null, null, null, null, null, null, null, null, null, null, null, null, null, null, null, null, null, null, null]"
INF200K01RA0,SBI Contra Fund,31-08-2026,portfolio,Equity Shares,Whirlpool of India Ltd.,INE716A01013,Consumer Durables,4040000,32447.26,3244726000,68,,,,,,,,INF200K01RA0_SBI CONTRA FUND.xlsx,SCF,52,"[null, ""100257"", ""Whirlpool of India Ltd."", ""INE716A01013"", ""Consumer Durables"", 4040000, 32447.26, 0.68, null, null, null, null, null, null, null, null, null, null, null, null, null, null, null, null, null, null, null, null, null, null, null, null, null, null, null, null, null, null, null, null, null, null, null, null, null, null, null, null, null, null, null, null, null, null, null, null, null, null, null, null, null, null, null, null, null, null, null, null, null, null, null, null, null, null, null, null, null, null, null, null, null, null, null, null, null, null, null, null, null, null, null, null, null, null, null, null, null, null, null, null, null, null, null, null, null, null, null, null, null, null, null, null, null, null, null, null, null, null, null, null, null, null, null, null, null, null, null, null, null, null, null, null, null, null, null, null, null, null, null, null, null, null, null, null, null, null, null, null, null, null, null, null, null, null, null, null, null, null, null, null, null, null, null, null, null, null, null, null, null, null, null, null, null, null, null, null, null, null, null, null, null, null, null, null, null, null, null, null, null, null, null, null, null, null, null, null, null, null, null, null, null, null, null, null, null, null, null, null, null, null, null, null, null, null, null, null, null, null, null, null, null, null, null, null, null, null, null, null, null, null, null, null, null, null, null, null, null, null, null, null, null, null, null, null, null, null, null, null, null, null, null, null, null, null, null, null]"
INF200K01RA0,SBI Contra Fund,31-08-2026,portfolio,Equity Shares,Mankind Pharma Ltd.,INE634S01028,Pharmaceuticals & Biotechnology,1328039,32127.92,3212792000,68,,,,,,,,INF200K01RA0_SBI CONTRA FUND.xlsx,SCF,53,"[null, ""101876"", ""Mankind Pharma Ltd."", ""INE634S01028"", ""Pharmaceuticals & Biotechnology"", 1328039, 32127.92, 0.68, null, null, null, null, null, null, null, null, null, null, null, null, null, null, null, null, null, null, null, null, null, null, null, null, null, null, null, null, null, null, null, null, null, null, null, null, null, null, null, null, null, null, null, null, null, null, null, null, null, null, null, null, null, null, null, null, null, null, null, null, null, null, null, null, null, null, null, null, null, null, null, null, null, null, null, null, null, null, null, null, null, null, null, null, null, null, null, null, null, null, null, null, null, null, null, null, null, null, null, null, null, null, null, null, null, null, null, null, null, null, null, null, null, null, null, null, null, null, null, null, null, null, null, null, null, null, null, null, null, null, null, null, null, null, null, null, null, null, null, null, null, null, null, null, null, null, null, null, null, null, null, null, null, null, null, null, null, null, null, null, null, null, null, null, null, null, null, null, null, null, null, null, null, null, null, null, null, null, null, null, null, null, null, null, null, null, null, null, null, null, null, null, null, null, null, null, null, null, null, null, null, null, null, null, null, null, null, null, null, null, null, null, null, null, null, null, null, null, null, null, null, null, null, null, null, null, null, null, null, null, null, null, null, null, null, null, null, null, null, null, null, null, null, null, null, null, null, null]"
INF200K01RA0,SBI Contra Fund,31-08-2026,portfolio,Equity Shares,Gland Pharma Ltd.,INE068V01023,Pharmaceuticals & Biotechnology,1113026,32119.7,3211970000,67,,,,,,,,INF200K01RA0_SBI CONTRA FUND.xlsx,SCF,54,"[null, ""101200"", ""Gland Pharma Ltd."", ""INE068V01023"", ""Pharmaceuticals & Biotechnology"", 1113026, 32119.7, 0.67, null, null, null, null, null, null, null, null, null, null, null, null, null, null, null, null, null, null, null, null, null, null, null, null, null, null, null, null, null, null, null, null, null, null, null, null, null, null, null, null, null, null, null, null, null, null, null, null, null, null, null, null, null, null, null, null, null, null, null, null, null, null, null, null, null, null, null, null, null, null, null, null, null, null, null, null, null, null, null, null, null, null, null, null, null, null, null, null, null, null, null, null, null, null, null, null, null, null, null, null, null, null, null, null, null, null, null, null, null, null, null, null, null, null, null, null, null, null, null, null, null, null, null, null, null, null, null, null, null, null, null, null, null, null, null, null, null, null, null, null, null, null, null, null, null, null, null, null, null, null, null, null, null, null, null, null, null, null, null, null, null, null, null, null, null, null, null, null, null, null, null, null, null, null, null, null, null, null, null, null, null, null, null, null, null, null, null, null, null, null, null, null, null, null, null, null, null, null, null, null, null, null, null, null, null, null, null, null, null, null, null, null, null, null, null, null, null, null, null, null, null, null, null, null, null, null, null, null, null, null, null, null, null, null, null, null, null, null, null, null, null, null, null, null, null, null, null, null]"
INF200K01RA0,SBI Contra Fund,31-08-2026,portfolio,Equity Shares,CESC Ltd.,INE486A01021,Power,21853430,31940.97,3194097000,67,,,,,,,,INF200K01RA0_SBI CONTRA FUND.xlsx,SCF,55,"[null, ""100374"", ""CESC Ltd."", ""INE486A01021"", ""Power"", 21853430, 31940.97, 0.67, null, null, null, null, null, null, null, null, null, null, null, null, null, null, null, null, null, null, null, null, null, null, null, null, null, null, null, null, null, null, null, null, null, null, null, null, null, null, null, null, null, null, null, null, null, null, null, null, null, null, null, null, null, null, null, null, null, null, null, null, null, null, null, null, null, null, null, null, null, null, null, null, null, null, null, null, null, null, null, null, null, null, null, null, null, null, null, null, null, null, null, null, null, null, null, null, null, null, null, null, null, null, null, null, null, null, null, null, null, null, null, null, null, null, null, null, null, null, null, null, null, null, null, null, null, null, null, null, null, null, null, null, null, null, null, null, null, null, null, null, null, null, null, null, null, null, null, null, null, null, null, null, null, null, null, null, null, null, null, null, null, null, null, null, null, null, null, null, null, null, null, null, null, null, null, null, null, null, null, null, null, null, null, null, null, null, null, null, null, null, null, null, null, null, null, null, null, null, null, null, null, null, null, null, null, null, null, null, null, null, null, null, null, null, null, null, null, null, null, null, null, null, null, null, null, null, null, null, null, null, null, null, null, null, null, null, null, null, null, null, null, null, null, null, null, null, null, null]"
INF200K01RA0,SBI Contra Fund,31-08-2026,portfolio,Equity Shares,Infosys Ltd.,INE009A01021,IT - Software,2767311,31375.77,3137577000,66,,,,,,,,INF200K01RA0_SBI CONTRA FUND.xlsx,SCF,56,"[null, ""100003"", ""Infosys Ltd."", ""INE009A01021"", ""IT - Software"", 2767311, 31375.77, 0.66, null, null, null, null, null, null, null, null, null, null, null, null, null, null, null, null, null, null, null, null, null, null, null, null, null, null, null, null, null, null, null, null, null, null, null, null, null, null, null, null, null, null, null, null, null, null, null, null, null, null, null, null, null, null, null, null, null, null, null, null, null, null, null, null, null, null, null, null, null, null, null, null, null, null, null, null, null, null, null, null, null, null, null, null, null, null, null, null, null, null, null, null, null, null, null, null, null, null, null, null, null, null, null, null, null, null, null, null, null, null, null, null, null, null, null, null, null, null, null, null, null, null, null, null, null, null, null, null, null, null, null, null, null, null, null, null, null, null, null, null, null, null, null, null, null, null, null, null, null, null, null, null, null, null, null, null, null, null, null, null, null, null, null, null, null, null, null, null, null, null, null, null, null, null, null, null, null, null, null, null, null, null, null, null, null, null, null, null, null, null, null, null, null, null, null, null, null, null, null, null, null, null, null, null, null, null, null, null, null, null, null, null, null, null, null, null, null, null, null, null, null, null, null, null, null, null, null, null, null, null, null, null, null, null, null, null, null, null, null, null, null, null, null, null, null, null, null, null]"
INF200K01RA0,SBI Contra Fund,31-08-2026,portfolio,Equity Shares,Prism Johnson Ltd.,INE010A01011,Cement & Cement Products,28111012,31265.07,3126507000,66,,,,,,,,INF200K01RA0_SBI CONTRA FUND.xlsx,SCF,57,"[null, ""100503"", ""Prism Johnson Ltd."", ""INE010A01011"", ""Cement & Cement Products"", 28111012, 31265.07, 0.66, null, null, null, null, null, null, null, null, null, null, null, null, null, null, null, null, null, null, null, null, null, null, null, null, null, null, null, null, null, null, null, null, null, null, null, null, null, null, null, null, null, null, null, null, null, null, null, null, null, null, null, null, null, null, null, null, null, null, null, null, null, null, null, null, null, null, null, null, null, null, null, null, null, null, null, null, null, null, null, null, null, null, null, null, null, null, null, null, null, null, null, null, null, null, null, null, null, null, null, null, null, null, null, null, null, null, null, null, null, null, null, null, null, null, null, null, null, null, null, null, null, null, null, null, null, null, null, null, null, null, null, null, null, null, null, null, null, null, null, null, null, null, null, null, null, null, null, null, null, null, null, null, null, null, null, null, null, null, null, null, null, null, null, null, null, null, null, null, null, null, null, null, null, null, null, null, null, null, null, null, null, null, null, null, null, null, null, null, null, null, null, null, null, null, null, null, null, null, null, null, null, null, null, null, null, null, null, null, null, null, null, null, null, null, null, null, null, null, null, null, null, null, null, null, null, null, null, null, null, null, null, null, null, null, null, null, null, null, null, null, null, null, null, null, null, null, null, null]"
INF200K01RA0,SBI Contra Fund,31-08-2026,portfolio,Equity Shares,Grindwell Norton Ltd.,INE536A01023,Industrial Products,1496647,30277.17,3027717000,64,,,,,,,,INF200K01RA0_SBI CONTRA FUND.xlsx,SCF,58,"[null, ""100514"", ""Grindwell Norton Ltd."", ""INE536A01023"", ""Industrial Products"", 1496647, 30277.17, 0.64, null, null, null, null, null, null, null, null, null, null, null, null, null, null, null, null, null, null, null, null, null, null, null, null, null, null, null, null, null, null, null, null, null, null, null, null, null, null, null, null, null, null, null, null, null, null, null, null, null, null, null, null, null, null, null, null, null, null, null, null, null, null, null, null, null, null, null, null, null, null, null, null, null, null, null, null, null, null, null, null, null, null, null, null, null, null, null, null, null, null, null, null, null, null, null, null, null, null, null, null, null, null, null, null, null, null, null, null, null, null, null, null, null, null, null, null, null, null, null, null, null, null, null, null, null, null, null, null, null, null, null, null, null, null, null, null, null, null, null, null, null, null, null, null, null, null, null, null, null, null, null, null, null, null, null, null, null, null, null, null, null, null, null, null, null, null, null, null, null, null, null, null, null, null, null, null, null, null, null, null, null, null, null, null, null, null, null, null, null, null, null, null, null, null, null, null, null, null, null, null, null, null, null, null, null, null, null, null, null, null, null, null, null, null, null, null, null, null, null, null, null, null, null, null, null, null, null, null, null, null, null, null, null, null, null, null, null, null, null, null, null, null, null, null, null, null, null, null]"
INF200K01RA0,SBI Contra Fund,31-08-2026,portfolio,Equity Shares,Apar Industries Ltd.,INE372A01015,Electrical Equipment,168864,29892.31,2989231000,63,,,,,,,,INF200K01RA0_SBI CONTRA FUND.xlsx,SCF,59,"[null, ""100632"", ""Apar Industries Ltd."", ""INE372A01015"", ""Electrical Equipment"", 168864, 29892.31, 0.63, null, null, null, null, null, null, null, null, null, null, null, null, null, null, null, null, null, null, null, null, null, null, null, null, null, null, null, null, null, null, null, null, null, null, null, null, null, null, null, null, null, null, null, null, null, null, null, null, null, null, null, null, null, null, null, null, null, null, null, null, null, null, null, null, null, null, null, null, null, null, null, null, null, null, null, null, null, null, null, null, null, null, null, null, null, null, null, null, null, null, null, null, null, null, null, null, null, null, null, null, null, null, null, null, null, null, null, null, null, null, null, null, null, null, null, null, null, null, null, null, null, null, null, null, null, null, null, null, null, null, null, null, null, null, null, null, null, null, null, null, null, null, null, null, null, null, null, null, null, null, null, null, null, null, null, null, null, null, null, null, null, null, null, null, null, null, null, null, null, null, null, null, null, null, null, null, null, null, null, null, null, null, null, null, null, null, null, null, null, null, null, null, null, null, null, null, null, null, null, null, null, null, null, null, null, null, null, null, null, null, null, null, null, null, null, null, null, null, null, null, null, null, null, null, null, null, null, null, null, null, null, null, null, null, null, null, null, null, null, null, null, null, null, null, null, null, null, null]"
INF200K01RA0,SBI Contra Fund,31-08-2026,portfolio,Equity Shares,Neogen Chemicals Ltd.,INE136S01016,Chemicals & Petrochemicals,1248272,27476.96,2747696000,58,,,,,,,,INF200K01RA0_SBI CONTRA FUND.xlsx,SCF,60,"[null, ""100899"", ""Neogen Chemicals Ltd."", ""INE136S01016"", ""Chemicals & Petrochemicals"", 1248272, 27476.96, 0.58, null, null, null, null, null, null, null, null, null, null, null, null, null, null, null, null, null, null, null, null, null, null, null, null, null, null, null, null, null, null, null, null, null, null, null, null, null, null, null, null, null, null, null, null, null, null, null, null, null, null, null, null, null, null, null, null, null, null, null, null, null, null, null, null, null, null, null, null, null, null, null, null, null, null, null, null, null, null, null, null, null, null, null, null, null, null, null, null, null, null, null, null, null, null, null, null, null, null, null, null, null, null, null, null, null, null, null, null, null, null, null, null, null, null, null, null, null, null, null, null, null, null, null, null, null, null, null, null, null, null, null, null, null, null, null, null, null, null, null, null, null, null, null, null, null, null, null, null, null, null, null, null, null, null, null, null, null, null, null, null, null, null, null, null, null, null, null, null, null, null, null, null, null, null, null, null, null, null, null, null, null, null, null, null, null, null, null, null, null, null, null, null, null, null, null, null, null, null, null, null, null, null, null, null, null, null, null, null, null, null, null, null, null, null, null, null, null, null, null, null, null, null, null, null, null, null, null, null, null, null, null, null, null, null, null, null, null, null, null, null, null, null, null, null, null, null, null, null]"
INF200K01RA0,SBI Contra Fund,31-08-2026,portfolio,Equity Shares,Aurobindo Pharma Ltd.,INE406A01037,Pharmaceuticals & Biotechnology,1564966,26870.47,2687047000,56,,,,,,,,INF200K01RA0_SBI CONTRA FUND.xlsx,SCF,61,"[null, ""100201"", ""Aurobindo Pharma Ltd."", ""INE406A01037"", ""Pharmaceuticals & Biotechnology"", 1564966, 26870.47, 0.56, null, null, null, null, null, null, null, null, null, null, null, null, null, null, null, null, null, null, null, null, null, null, null, null, null, null, null, null, null, null, null, null, null, null, null, null, null, null, null, null, null, null, null, null, null, null, null, null, null, null, null, null, null, null, null, null, null, null, null, null, null, null, null, null, null, null, null, null, null, null, null, null, null, null, null, null, null, null, null, null, null, null, null, null, null, null, null, null, null, null, null, null, null, null, null, null, null, null, null, null, null, null, null, null, null, null, null, null, null, null, null, null, null, null, null, null, null, null, null, null, null, null, null, null, null, null, null, null, null, null, null, null, null, null, null, null, null, null, null, null, null, null, null, null, null, null, null, null, null, null, null, null, null, null, null, null, null, null, null, null, null, null, null, null, null, null, null, null, null, null, null, null, null, null, null, null, null, null, null, null, null, null, null, null, null, null, null, null, null, null, null, null, null, null, null, null, null, null, null, null, null, null, null, null, null, null, null, null, null, null, null, null, null, null, null, null, null, null, null, null, null, null, null, null, null, null, null, null, null, null, null, null, null, null, null, null, null, null, null, null, null, null, null, null, null, null, null, null]"
INF200K01RA0,SBI Contra Fund,31-08-2026,portfolio,Equity Shares,Nuvoco Vistas Corporation Ltd.,INE118D01016,Cement & Cement Products,8370435,26693.32,2669332000,56,,,,,,,,INF200K01RA0_SBI CONTRA FUND.xlsx,SCF,62,"[null, ""101342"", ""Nuvoco Vistas Corporation Ltd."", ""INE118D01016"", ""Cement & Cement Products"", 8370435, 26693.32, 0.56, null, null, null, null, null, null, null, null, null, null, null, null, null, null, null, null, null, null, null, null, null, null, null, null, null, null, null, null, null, null, null, null, null, null, null, null, null, null, null, null, null, null, null, null, null, null, null, null, null, null, null, null, null, null, null, null, null, null, null, null, null, null, null, null, null, null, null, null, null, null, null, null, null, null, null, null, null, null, null, null, null, null, null, null, null, null, null, null, null, null, null, null, null, null, null, null, null, null, null, null, null, null, null, null, null, null, null, null, null, null, null, null, null, null, null, null, null, null, null, null, null, null, null, null, null, null, null, null, null, null, null, null, null, null, null, null, null, null, null, null, null, null, null, null, null, null, null, null, null, null, null, null, null, null, null, null, null, null, null, null, null, null, null, null, null, null, null, null, null, null, null, null, null, null, null, null, null, null, null, null, null, null, null, null, null, null, null, null, null, null, null, null, null, null, null, null, null, null, null, null, null, null, null, null, null, null, null, null, null, null, null, null, null, null, null, null, null, null, null, null, null, null, null, null, null, null, null, null, null, null, null, null, null, null, null, null, null, null, null, null, null, null, null, null, null, null, null, null]"
INF200K01RA0,SBI Contra Fund,31-08-2026,portfolio,Equity Shares,Ashiana Housing Ltd.,INE365D01021,Realty,7189147,26376.98,2637698000,55,,,,,,,,INF200K01RA0_SBI CONTRA FUND.xlsx,SCF,63,"[null, ""100723"", ""Ashiana Housing Ltd."", ""INE365D01021"", ""Realty"", 7189147, 26376.98, 0.55, null, null, null, null, null, null, null, null, null, null, null, null, null, null, null, null, null, null, null, null, null, null, null, null, null, null, null, null, null, null, null, null, null, null, null, null, null, null, null, null, null, null, null, null, null, null, null, null, null, null, null, null, null, null, null, null, null, null, null, null, null, null, null, null, null, null, null, null, null, null, null, null, null, null, null, null, null, null, null, null, null, null, null, null, null, null, null, null, null, null, null, null, null, null, null, null, null, null, null, null, null, null, null, null, null, null, null, null, null, null, null, null, null, null, null, null, null, null, null, null, null, null, null, null, null, null, null, null, null, null, null, null, null, null, null, null, null, null, null, null, null, null, null, null, null, null, null, null, null, null, null, null, null, null, null, null, null, null, null, null, null, null, null, null, null, null, null, null, null, null, null, null, null, null, null, null, null, null, null, null, null, null, null, null, null, null, null, null, null, null, null, null, null, null, null, null, null, null, null, null, null, null, null, null, null, null, null, null, null, null, null, null, null, null, null, null, null, null, null, null, null, null, null, null, null, null, null, null, null, null, null, null, null, null, null, null, null, null, null, null, null, null, null, null, null, null, null, null]"
INF200K01RA0,SBI Contra Fund,31-08-2026,portfolio,Equity Shares,Life Insurance Corporation of India,INE0J1Y01017,Insurance,6202440,25926.2,2592620000,54,,,,,,,,INF200K01RA0_SBI CONTRA FUND.xlsx,SCF,64,"[null, ""101550"", ""Life Insurance Corporation of India"", ""INE0J1Y01017"", ""Insurance"", 6202440, 25926.2, 0.54, null, null, null, null, null, null, null, null, null, null, null, null, null, null, null, null, null, null, null, null, null, null, null, null, null, null, null, null, null, null, null, null, null, null, null, null, null, null, null, null, null, null, null, null, null, null, null, null, null, null, null, null, null, null, null, null, null, null, null, null, null, null, null, null, null, null, null, null, null, null, null, null, null, null, null, null, null, null, null, null, null, null, null, null, null, null, null, null, null, null, null, null, null, null, null, null, null, null, null, null, null, null, null, null, null, null, null, null, null, null, null, null, null, null, null, null, null, null, null, null, null, null, null, null, null, null, null, null, null, null, null, null, null, null, null, null, null, null, null, null, null, null, null, null, null, null, null, null, null, null, null, null, null, null, null, null, null, null, null, null, null, null, null, null, null, null, null, null, null, null, null, null, null, null, null, null, null, null, null, null, null, null, null, null, null, null, null, null, null, null, null, null, null, null, null, null, null, null, null, null, null, null, null, null, null, null, null, null, null, null, null, null, null, null, null, null, null, null, null, null, null, null, null, null, null, null, null, null, null, null, null, null, null, null, null, null, null, null, null, null, null, null, null, null, null, null, null, null]"
INF200K01RA0,SBI Contra Fund,31-08-2026,portfolio,Equity Shares,NMDC Ltd.,INE584A01023,Minerals & Mining,28539000,25171.4,2517140000,53,,,,,,,,INF200K01RA0_SBI CONTRA FUND.xlsx,SCF,65,"[null, ""100035"", ""NMDC Ltd."", ""INE584A01023"", ""Minerals & Mining"", 28539000, 25171.4, 0.53, null, null, null, null, null, null, null, null, null, null, null, null, null, null, null, null, null, null, null, null, null, null, null, null, null, null, null, null, null, null, null, null, null, null, null, null, null, null, null, null, null, null, null, null, null, null, null, null, null, null, null, null, null, null, null, null, null, null, null, null, null, null, null, null, null, null, null, null, null, null, null, null, null, null, null, null, null, null, null, null, null, null, null, null, null, null, null, null, null, null, null, null, null, null, null, null, null, null, null, null, null, null, null, null, null, null, null, null, null, null, null, null, null, null, null, null, null, null, null, null, null, null, null, null, null, null, null, null, null, null, null, null, null, null, null, null, null, null, null, null, null, null, null, null, null, null, null, null, null, null, null, null, null, null, null, null, null, null, null, null, null, null, null, null, null, null, null, null, null, null, null, null, null, null, null, null, null, null, null, null, null, null, null, null, null, null, null, null, null, null, null, null, null, null, null, null, null, null, null, null, null, null, null, null, null, null, null, null, null, null, null, null, null, null, null, null, null, null, null, null, null, null, null, null, null, null, null, null, null, null, null, null, null, null, null, null, null, null, null, null, null, null, null, null, null, null, null, null]"
INF200K01RA0,SBI Contra Fund,31-08-2026,portfolio,Equity Shares,Equitas Small Finance Bank Ltd.,INE063P01018,Banks,33102195,24485.69,2448569000,51,,,,,,,,INF200K01RA0_SBI CONTRA FUND.xlsx,SCF,66,"[null, ""101469"", ""Equitas Small Finance Bank Ltd."", ""INE063P01018"", ""Banks"", 33102195, 24485.69, 0.51, null, null, null, null, null, null, null, null, null, null, null, null, null, null, null, null, null, null, null, null, null, null, null, null, null, null, null, null, null, null, null, null, null, null, null, null, null, null, null, null, null, null, null, null, null, null, null, null, null, null, null, null, null, null, null, null, null, null, null, null, null, null, null, null, null, null, null, null, null, null, null, null, null, null, null, null, null, null, null, null, null, null, null, null, null, null, null, null, null, null, null, null, null, null, null, null, null, null, null, null, null, null, null, null, null, null, null, null, null, null, null, null, null, null, null, null, null, null, null, null, null, null, null, null, null, null, null, null, null, null, null, null, null, null, null, null, null, null, null, null, null, null, null, null, null, null, null, null, null, null, null, null, null, null, null, null, null, null, null, null, null, null, null, null, null, null, null, null, null, null, null, null, null, null, null, null, null, null, null, null, null, null, null, null, null, null, null, null, null, null, null, null, null, null, null, null, null, null, null, null, null, null, null, null, null, null, null, null, null, null, null, null, null, null, null, null, null, null, null, null, null, null, null, null, null, null, null, null, null, null, null, null, null, null, null, null, null, null, null, null, null, null, null, null, null, null, null, null]"
INF200K01RA0,SBI Contra Fund,31-08-2026,portfolio,Equity Shares,Hero MotoCorp Ltd.,INE158A01026,Automobiles,448770,24457.97,2445797000,51,,,,,,,,INF200K01RA0_SBI CONTRA FUND.xlsx,SCF,67,"[null, ""100179"", ""Hero MotoCorp Ltd."", ""INE158A01026"", ""Automobiles"", 448770, 24457.97, 0.51, null, null, null, null, null, null, null, null, null, null, null, null, null, null, null, null, null, null, null, null, null, null, null, null, null, null, null, null, null, null, null, null, null, null, null, null, null, null, null, null, null, null, null, null, null, null, null, null, null, null, null, null, null, null, null, null, null, null, null, null, null, null, null, null, null, null, null, null, null, null, null, null, null, null, null, null, null, null, null, null, null, null, null, null, null, null, null, null, null, null, null, null, null, null, null, null, null, null, null, null, null, null, null, null, null, null, null, null, null, null, null, null, null, null, null, null, null, null, null, null, null, null, null, null, null, null, null, null, null, null, null, null, null, null, null, null, null, null, null, null, null, null, null, null, null, null, null, null, null, null, null, null, null, null, null, null, null, null, null, null, null, null, null, null, null, null, null, null, null, null, null, null, null, null, null, null, null, null, null, null, null, null, null, null, null, null, null, null, null, null, null, null, null, null, null, null, null, null, null, null, null, null, null, null, null, null, null, null, null, null, null, null, null, null, null, null, null, null, null, null, null, null, null, null, null, null, null, null, null, null, null, null, null, null, null, null, null, null, null, null, null, null, null, null, null, null, null, null]"
INF200K01RA0,SBI Contra Fund,31-08-2026,portfolio,Equity Shares,Tata Consultancy Services Ltd.,INE467B01029,IT - Software,932400,22371.07,2237107000,47,,,,,,,,INF200K01RA0_SBI CONTRA FUND.xlsx,SCF,68,"[null, ""100032"", ""Tata Consultancy Services Ltd."", ""INE467B01029"", ""IT - Software"", 932400, 22371.07, 0.47, null, null, null, null, null, null, null, null, null, null, null, null, null, null, null, null, null, null, null, null, null, null, null, null, null, null, null, null, null, null, null, null, null, null, null, null, null, null, null, null, null, null, null, null, null, null, null, null, null, null, null, null, null, null, null, null, null, null, null, null, null, null, null, null, null, null, null, null, null, null, null, null, null, null, null, null, null, null, null, null, null, null, null, null, null, null, null, null, null, null, null, null, null, null, null, null, null, null, null, null, null, null, null, null, null, null, null, null, null, null, null, null, null, null, null, null, null, null, null, null, null, null, null, null, null, null, null, null, null, null, null, null, null, null, null, null, null, null, null, null, null, null, null, null, null, null, null, null, null, null, null, null, null, null, null, null, null, null, null, null, null, null, null, null, null, null, null, null, null, null, null, null, null, null, null, null, null, null, null, null, null, null, null, null, null, null, null, null, null, null, null, null, null, null, null, null, null, null, null, null, null, null, null, null, null, null, null, null, null, null, null, null, null, null, null, null, null, null, null, null, null, null, null, null, null, null, null, null, null, null, null, null, null, null, null, null, null, null, null, null, null, null, null, null, null, null, null, null]"
INF200K01RA0,SBI Contra Fund,31-08-2026,portfolio,Equity Shares,K.P.R. Mill Ltd.,INE930H01031,Textiles & Apparels,1886132,22211.09,2221109000,47,,,,,,,,INF200K01RA0_SBI CONTRA FUND.xlsx,SCF,69,"[null, ""100570"", ""K.P.R. Mill Ltd."", ""INE930H01031"", ""Textiles & Apparels"", 1886132, 22211.09, 0.47, null, null, null, null, null, null, null, null, null, null, null, null, null, null, null, null, null, null, null, null, null, null, null, null, null, null, null, null, null, null, null, null, null, null, null, null, null, null, null, null, null, null, null, null, null, null, null, null, null, null, null, null, null, null, null, null, null, null, null, null, null, null, null, null, null, null, null, null, null, null, null, null, null, null, null, null, null, null, null, null, null, null, null, null, null, null, null, null, null, null, null, null, null, null, null, null, null, null, null, null, null, null, null, null, null, null, null, null, null, null, null, null, null, null, null, null, null, null, null, null, null, null, null, null, null, null, null, null, null, null, null, null, null, null, null, null, null, null, null, null, null, null, null, null, null, null, null, null, null, null, null, null, null, null, null, null, null, null, null, null, null, null, null, null, null, null, null, null, null, null, null, null, null, null, null, null, null, null, null, null, null, null, null, null, null, null, null, null, null, null, null, null, null, null, null, null, null, null, null, null, null, null, null, null, null, null, null, null, null, null, null, null, null, null, null, null, null, null, null, null, null, null, null, null, null, null, null, null, null, null, null, null, null, null, null, null, null, null, null, null, null, null, null, null, null, null, null, null]"
INF200K01RA0,SBI Contra Fund,31-08-2026,portfolio,Equity Shares,Lupin Ltd.,INE326A01037,Pharmaceuticals & Biotechnology,995000,21774.58,2177458000,46,,,,,,,,INF200K01RA0_SBI CONTRA FUND.xlsx,SCF,70,"[null, ""100028"", ""Lupin Ltd."", ""INE326A01037"", ""Pharmaceuticals & Biotechnology"", 995000, 21774.58, 0.46, null, null, null, null, null, null, null, null, null, null, null, null, null, null, null, null, null, null, null, null, null, null, null, null, null, null, null, null, null, null, null, null, null, null, null, null, null, null, null, null, null, null, null, null, null, null, null, null, null, null, null, null, null, null, null, null, null, null, null, null, null, null, null, null, null, null, null, null, null, null, null, null, null, null, null, null, null, null, null, null, null, null, null, null, null, null, null, null, null, null, null, null, null, null, null, null, null, null, null, null, null, null, null, null, null, null, null, null, null, null, null, null, null, null, null, null, null, null, null, null, null, null, null, null, null, null, null, null, null, null, null, null, null, null, null, null, null, null, null, null, null, null, null, null, null, null, null, null, null, null, null, null, null, null, null, null, null, null, null, null, null, null, null, null, null, null, null, null, null, null, null, null, null, null, null, null, null, null, null, null, null, null, null, null, null, null, null, null, null, null, null, null, null, null, null, null, null, null, null, null, null, null, null, null, null, null, null, null, null, null, null, null, null, null, null, null, null, null, null, null, null, null, null, null, null, null, null, null, null, null, null, null, null, null, null, null, null, null, null, null, null, null, null, null, null, null, null, null]"
INF200K01RA0,SBI Contra Fund,31-08-2026,portfolio,Equity Shares,Carborundum Universal Ltd.,INE120A01034,Industrial Products,1813724,20070.67,2007067000,42,,,,,,,,INF200K01RA0_SBI CONTRA FUND.xlsx,SCF,71,"[null, ""100386"", ""Carborundum Universal Ltd."", ""INE120A01034"", ""Industrial Products"", 1813724, 20070.67, 0.42, null, null, null, null, null, null, null, null, null, null, null, null, null, null, null, null, null, null, null, null, null, null, null, null, null, null, null, null, null, null, null, null, null, null, null, null, null, null, null, null, null, null, null, null, null, null, null, null, null, null, null, null, null, null, null, null, null, null, null, null, null, null, null, null, null, null, null, null, null, null, null, null, null, null, null, null, null, null, null, null, null, null, null, null, null, null, null, null, null, null, null, null, null, null, null, null, null, null, null, null, null, null, null, null, null, null, null, null, null, null, null, null, null, null, null, null, null, null, null, null, null, null, null, null, null, null, null, null, null, null, null, null, null, null, null, null, null, null, null, null, null, null, null, null, null, null, null, null, null, null, null, null, null, null, null, null, null, null, null, null, null, null, null, null, null, null, null, null, null, null, null, null, null, null, null, null, null, null, null, null, null, null, null, null, null, null, null, null, null, null, null, null, null, null, null, null, null, null, null, null, null, null, null, null, null, null, null, null, null, null, null, null, null, null, null, null, null, null, null, null, null, null, null, null, null, null, null, null, null, null, null, null, null, null, null, null, null, null, null, null, null, null, null, null, null, null, null, null]"
INF200K01RA0,SBI Contra Fund,31-08-2026,portfolio,Equity Shares,Rallis India Ltd.,INE613A01020,Fertilizers & Agrochemicals,9179514,19019.04,1901904000,40,,,,,,,,INF200K01RA0_SBI CONTRA FUND.xlsx,SCF,72,"[null, ""100165"", ""Rallis India Ltd."", ""INE613A01020"", ""Fertilizers & Agrochemicals"", 9179514, 19019.04, 0.4, null, null, null, null, null, null, null, null, null, null, null, null, null, null, null, null, null, null, null, null, null, null, null, null, null, null, null, null, null, null, null, null, null, null, null, null, null, null, null, null, null, null, null, null, null, null, null, null, null, null, null, null, null, null, null, null, null, null, null, null, null, null, null, null, null, null, null, null, null, null, null, null, null, null, null, null, null, null, null, null, null, null, null, null, null, null, null, null, null, null, null, null, null, null, null, null, null, null, null, null, null, null, null, null, null, null, null, null, null, null, null, null, null, null, null, null, null, null, null, null, null, null, null, null, null, null, null, null, null, null, null, null, null, null, null, null, null, null, null, null, null, null, null, null, null, null, null, null, null, null, null, null, null, null, null, null, null, null, null, null, null, null, null, null, null, null, null, null, null, null, null, null, null, null, null, null, null, null, null, null, null, null, null, null, null, null, null, null, null, null, null, null, null, null, null, null, null, null, null, null, null, null, null, null, null, null, null, null, null, null, null, null, null, null, null, null, null, null, null, null, null, null, null, null, null, null, null, null, null, null, null, null, null, null, null, null, null, null, null, null, null, null, null, null, null, null, null, null]"
INF200K01RA0,SBI Contra Fund,31-08-2026,portfolio,Equity Shares,The Ramco Cements Ltd.,INE331A01037,Cement & Cement Products,2106875,18531.02,1853102000,39,,,,,,,,INF200K01RA0_SBI CONTRA FUND.xlsx,SCF,73,"[null, ""100137"", ""The Ramco Cements Ltd."", ""INE331A01037"", ""Cement & Cement Products"", 2106875, 18531.02, 0.39, null, null, null, null, null, null, null, null, null, null, null, null, null, null, null, null, null, null, null, null, null, null, null, null, null, null, null, null, null, null, null, null, null, null, null, null, null, null, null, null, null, null, null, null, null, null, null, null, null, null, null, null, null, null, null, null, null, null, null, null, null, null, null, null, null, null, null, null, null, null, null, null, null, null, null, null, null, null, null, null, null, null, null, null, null, null, null, null, null, null, null, null, null, null, null, null, null, null, null, null, null, null, null, null, null, null, null, null, null, null, null, null, null, null, null, null, null, null, null, null, null, null, null, null, null, null, null, null, null, null, null, null, null, null, null, null, null, null, null, null, null, null, null, null, null, null, null, null, null, null, null, null, null, null, null, null, null, null, null, null, null, null, null, null, null, null, null, null, null, null, null, null, null, null, null, null, null, null, null, null, null, null, null, null, null, null, null, null, null, null, null, null, null, null, null, null, null, null, null, null, null, null, null, null, null, null, null, null, null, null, null, null, null, null, null, null, null, null, null, null, null, null, null, null, null, null, null, null, null, null, null, null, null, null, null, null, null, null, null, null, null, null, null, null, null, null, null, null]"
INF200K01RA0,SBI Contra Fund,31-08-2026,portfolio,Equity Shares,ACC Ltd.,INE012A01025,Cement & Cement Products,1443171,18422.08,1842208000,39,,,,,,,,INF200K01RA0_SBI CONTRA FUND.xlsx,SCF,74,"[null, ""100172"", ""ACC Ltd."", ""INE012A01025"", ""Cement & Cement Products"", 1443171, 18422.08, 0.39, null, null, null, null, null, null, null, null, null, null, null, null, null, null, null, null, null, null, null, null, null, null, null, null, null, null, null, null, null, null, null, null, null, null, null, null, null, null, null, null, null, null, null, null, null, null, null, null, null, null, null, null, null, null, null, null, null, null, null, null, null, null, null, null, null, null, null, null, null, null, null, null, null, null, null, null, null, null, null, null, null, null, null, null, null, null, null, null, null, null, null, null, null, null, null, null, null, null, null, null, null, null, null, null, null, null, null, null, null, null, null, null, null, null, null, null, null, null, null, null, null, null, null, null, null, null, null, null, null, null, null, null, null, null, null, null, null, null, null, null, null, null, null, null, null, null, null, null, null, null, null, null, null, null, null, null, null, null, null, null, null, null, null, null, null, null, null, null, null, null, null, null, null, null, null, null, null, null, null, null, null, null, null, null, null, null, null, null, null, null, null, null, null, null, null, null, null, null, null, null, null, null, null, null, null, null, null, null, null, null, null, null, null, null, null, null, null, null, null, null, null, null, null, null, null, null, null, null, null, null, null, null, null, null, null, null, null, null, null, null, null, null, null, null, null, null, null, null]"
INF200K01RA0,SBI Contra Fund,31-08-2026,portfolio,Equity Shares,HDFC Asset Management Co. Ltd.,INE127D01025,Capital Markets,648536,17005.26,1700526000,36,,,,,,,,INF200K01RA0_SBI CONTRA FUND.xlsx,SCF,75,"[null, ""100814"", ""HDFC Asset Management Co. Ltd."", ""INE127D01025"", ""Capital Markets"", 648536, 17005.26, 0.36, null, null, null, null, null, null, null, null, null, null, null, null, null, null, null, null, null, null, null, null, null, null, null, null, null, null, null, null, null, null, null, null, null, null, null, null, null, null, null, null, null, null, null, null, null, null, null, null, null, null, null, null, null, null, null, null, null, null, null, null, null, null, null, null, null, null, null, null, null, null, null, null, null, null, null, null, null, null, null, null, null, null, null, null, null, null, null, null, null, null, null, null, null, null, null, null, null, null, null, null, null, null, null, null, null, null, null, null, null, null, null, null, null, null, null, null, null, null, null, null, null, null, null, null, null, null, null, null, null, null, null, null, null, null, null, null, null, null, null, null, null, null, null, null, null, null, null, null, null, null, null, null, null, null, null, null, null, null, null, null, null, null, null, null, null, null, null, null, null, null, null, null, null, null, null, null, null, null, null, null, null, null, null, null, null, null, null, null, null, null, null, null, null, null, null, null, null, null, null, null, null, null, null, null, null, null, null, null, null, null, null, null, null, null, null, null, null, null, null, null, null, null, null, null, null, null, null, null, null, null, null, null, null, null, null, null, null, null, null, null, null, null, null, null, null, null, null, null]"
INF200K01RA0,SBI Contra Fund,31-08-2026,portfolio,Equity Shares,E.I.D-Parry (India) Ltd.,INE126A01031,Food Products,2018414,16135.2,1613520000,34,,,,,,,,INF200K01RA0_SBI CONTRA FUND.xlsx,SCF,76,"[null, ""100326"", ""E.I.D-Parry (India) Ltd."", ""INE126A01031"", ""Food Products"", 2018414, 16135.2, 0.34, null, null, null, null, null, null, null, null, null, null, null, null, null, null, null, null, null, null, null, null, null, null, null, null, null, null, null, null, null, null, null, null, null, null, null, null, null, null, null, null, null, null, null, null, null, null, null, null, null, null, null, null, null, null, null, null, null, null, null, null, null, null, null, null, null, null, null, null, null, null, null, null, null, null, null, null, null, null, null, null, null, null, null, null, null, null, null, null, null, null, null, null, null, null, null, null, null, null, null, null, null, null, null, null, null, null, null, null, null, null, null, null, null, null, null, null, null, null, null, null, null, null, null, null, null, null, null, null, null, null, null, null, null, null, null, null, null, null, null, null, null, null, null, null, null, null, null, null, null, null, null, null, null, null, null, null, null, null, null, null, null, null, null, null, null, null, null, null, null, null, null, null, null, null, null, null, null, null, null, null, null, null, null, null, null, null, null, null, null, null, null, null, null, null, null, null, null, null, null, null, null, null, null, null, null, null, null, null, null, null, null, null, null, null, null, null, null, null, null, null, null, null, null, null, null, null, null, null, null, null, null, null, null, null, null, null, null, null, null, null, null, null, null, null, null, null, null, null]"
INF200K01RA0,SBI Contra Fund,31-08-2026,portfolio,Equity Shares,G R Infra projects Ltd.,INE201P01022,Construction,1805754,15822.02,1582202000,33,,,,,,,,INF200K01RA0_SBI CONTRA FUND.xlsx,SCF,77,"[null, ""101311"", ""G R Infra projects Ltd."", ""INE201P01022"", ""Construction"", 1805754, 15822.02, 0.33, null, null, null, null, null, null, null, null, null, null, null, null, null, null, null, null, null, null, null, null, null, null, null, null, null, null, null, null, null, null, null, null, null, null, null, null, null, null, null, null, null, null, null, null, null, null, null, null, null, null, null, null, null, null, null, null, null, null, null, null, null, null, null, null, null, null, null, null, null, null, null, null, null, null, null, null, null, null, null, null, null, null, null, null, null, null, null, null, null, null, null, null, null, null, null, null, null, null, null, null, null, null, null, null, null, null, null, null, null, null, null, null, null, null, null, null, null, null, null, null, null, null, null, null, null, null, null, null, null, null, null, null, null, null, null, null, null, null, null, null, null, null, null, null, null, null, null, null, null, null, null, null, null, null, null, null, null, null, null, null, null, null, null, null, null, null, null, null, null, null, null, null, null, null, null, null, null, null, null, null, null, null, null, null, null, null, null, null, null, null, null, null, null, null, null, null, null, null, null, null, null, null, null, null, null, null, null, null, null, null, null, null, null, null, null, null, null, null, null, null, null, null, null, null, null, null, null, null, null, null, null, null, null, null, null, null, null, null, null, null, null, null, null, null, null, null, null, null]"
INF200K01RA0,SBI Contra Fund,31-08-2026,portfolio,Equity Shares,Disa India Ltd.,INE131C01011,Industrial Manufacturing,114711,13861.68,1386168000,29,,,,,,,,INF200K01RA0_SBI CONTRA FUND.xlsx,SCF,78,"[null, ""100499"", ""Disa India Ltd."", ""INE131C01011"", ""Industrial Manufacturing"", 114711, 13861.68, 0.29, null, null, null, null, null, null, null, null, null, null, null, null, null, null, null, null, null, null, null, null, null, null, null, null, null, null, null, null, null, null, null, null, null, null, null, null, null, null, null, null, null, null, null, null, null, null, null, null, null, null, null, null, null, null, null, null, null, null, null, null, null, null, null, null, null, null, null, null, null, null, null, null, null, null, null, null, null, null, null, null, null, null, null, null, null, null, null, null, null, null, null, null, null, null, null, null, null, null, null, null, null, null, null, null, null, null, null, null, null, null, null, null, null, null, null, null, null, null, null, null, null, null, null, null, null, null, null, null, null, null, null, null, null, null, null, null, null, null, null, null, null, null, null, null, null, null, null, null, null, null, null, null, null, null, null, null, null, null, null, null, null, null, null, null, null, null, null, null, null, null, null, null, null, null, null, null, null, null, null, null, null, null, null, null, null, null, null, null, null, null, null, null, null, null, null, null, null, null, null, null, null, null, null, null, null, null, null, null, null, null, null, null, null, null, null, null, null, null, null, null, null, null, null, null, null, null, null, null, null, null, null, null, null, null, null, null, null, null, null, null, null, null, null, null, null, null, null, null]"
INF200K01RA0,SBI Contra Fund,31-08-2026,portfolio,Equity Shares,WENDT (India) Ltd.,INE274C01019,Industrial Products,166363,13592.69,1359269000,29,,,,,,,,INF200K01RA0_SBI CONTRA FUND.xlsx,SCF,79,"[null, ""101225"", ""WENDT (India) Ltd."", ""INE274C01019"", ""Industrial Products"", 166363, 13592.69, 0.29, null, null, null, null, null, null, null, null, null, null, null, null, null, null, null, null, null, null, null, null, null, null, null, null, null, null, null, null, null, null, null, null, null, null, null, null, null, null, null, null, null, null, null, null, null, null, null, null, null, null, null, null, null, null, null, null, null, null, null, null, null, null, null, null, null, null, null, null, null, null, null, null, null, null, null, null, null, null, null, null, null, null, null, null, null, null, null, null, null, null, null, null, null, null, null, null, null, null, null, null, null, null, null, null, null, null, null, null, null, null, null, null, null, null, null, null, null, null, null, null, null, null, null, null, null, null, null, null, null, null, null, null, null, null, null, null, null, null, null, null, null, null, null, null, null, null, null, null, null, null, null, null, null, null, null, null, null, null, null, null, null, null, null, null, null, null, null, null, null, null, null, null, null, null, null, null, null, null, null, null, null, null, null, null, null, null, null, null, null, null, null, null, null, null, null, null, null, null, null, null, null, null, null, null, null, null, null, null, null, null, null, null, null, null, null, null, null, null, null, null, null, null, null, null, null, null, null, null, null, null, null, null, null, null, null, null, null, null, null, null, null, null, null, null, null, null, null, null]"
INF200K01RA0,SBI Contra Fund,31-08-2026,portfolio,Equity Shares,Indian Energy Exchange Ltd.,INE022Q01020,Capital Markets,11172975,13463.43,1346343000,28,,,,,,,,INF200K01RA0_SBI CONTRA FUND.xlsx,SCF,80,"[null, ""100694"", ""Indian Energy Exchange Ltd."", ""INE022Q01020"", ""Capital Markets"", 11172975, 13463.43, 0.28, null, null, null, null, null, null, null, null, null, null, null, null, null, null, null, null, null, null, null, null, null, null, null, null, null, null, null, null, null, null, null, null, null, null, null, null, null, null, null, null, null, null, null, null, null, null, null, null, null, null, null, null, null, null, null, null, null, null, null, null, null, null, null, null, null, null, null, null, null, null, null, null, null, null, null, null, null, null, null, null, null, null, null, null, null, null, null, null, null, null, null, null, null, null, null, null, null, null, null, null, null, null, null, null, null, null, null, null, null, null, null, null, null, null, null, null, null, null, null, null, null, null, null, null, null, null, null, null, null, null, null, null, null, null, null, null, null, null, null, null, null, null, null, null, null, null, null, null, null, null, null, null, null, null, null, null, null, null, null, null, null, null, null, null, null, null, null, null, null, null, null, null, null, null, null, null, null, null, null, null, null, null, null, null, null, null, null, null, null, null, null, null, null, null, null, null, null, null, null, null, null, null, null, null, null, null, null, null, null, null, null, null, null, null, null, null, null, null, null, null, null, null, null, null, null, null, null, null, null, null, null, null, null, null, null, null, null, null, null, null, null, null, null, null, null, null, null, null]"
INF200K01RA0,SBI Contra Fund,31-08-2026,portfolio,Equity Shares,Syngene International Ltd.,INE398R01022,Healthcare Services,2852228,11430.3,1143030000,24,,,,,,,,INF200K01RA0_SBI CONTRA FUND.xlsx,SCF,81,"[null, ""100469"", ""Syngene International Ltd."", ""INE398R01022"", ""Healthcare Services"", 2852228, 11430.3, 0.24, null, null, null, null, null, null, null, null, null, null, null, null, null, null, null, null, null, null, null, null, null, null, null, null, null, null, null, null, null, null, null, null, null, null, null, null, null, null, null, null, null, null, null, null, null, null, null, null, null, null, null, null, null, null, null, null, null, null, null, null, null, null, null, null, null, null, null, null, null, null, null, null, null, null, null, null, null, null, null, null, null, null, null, null, null, null, null, null, null, null, null, null, null, null, null, null, null, null, null, null, null, null, null, null, null, null, null, null, null, null, null, null, null, null, null, null, null, null, null, null, null, null, null, null, null, null, null, null, null, null, null, null, null, null, null, null, null, null, null, null, null, null, null, null, null, null, null, null, null, null, null, null, null, null, null, null, null, null, null, null, null, null, null, null, null, null, null, null, null, null, null, null, null, null, null, null, null, null, null, null, null, null, null, null, null, null, null, null, null, null, null, null, null, null, null, null, null, null, null, null, null, null, null, null, null, null, null, null, null, null, null, null, null, null, null, null, null, null, null, null, null, null, null, null, null, null, null, null, null, null, null, null, null, null, null, null, null, null, null, null, null, null, null, null, null, null, null, null]"
INF200K01RA0,SBI Contra Fund,31-08-2026,portfolio,Equity Shares,Timken India Ltd.,INE325A01013,Industrial Products,362333,11412.04,1141204000,24,,,,,,,,INF200K01RA0_SBI CONTRA FUND.xlsx,SCF,82,"[null, ""100572"", ""Timken India Ltd."", ""INE325A01013"", ""Industrial Products"", 362333, 11412.04, 0.24, null, null, null, null, null, null, null, null, null, null, null, null, null, null, null, null, null, null, null, null, null, null, null, null, null, null, null, null, null, null, null, null, null, null, null, null, null, null, null, null, null, null, null, null, null, null, null, null, null, null, null, null, null, null, null, null, null, null, null, null, null, null, null, null, null, null, null, null, null, null, null, null, null, null, null, null, null, null, null, null, null, null, null, null, null, null, null, null, null, null, null, null, null, null, null, null, null, null, null, null, null, null, null, null, null, null, null, null, null, null, null, null, null, null, null, null, null, null, null, null, null, null, null, null, null, null, null, null, null, null, null, null, null, null, null, null, null, null, null, null, null, null, null, null, null, null, null, null, null, null, null, null, null, null, null, null, null, null, null, null, null, null, null, null, null, null, null, null, null, null, null, null, null, null, null, null, null, null, null, null, null, null, null, null, null, null, null, null, null, null, null, null, null, null, null, null, null, null, null, null, null, null, null, null, null, null, null, null, null, null, null, null, null, null, null, null, null, null, null, null, null, null, null, null, null, null, null, null, null, null, null, null, null, null, null, null, null, null, null, null, null, null, null, null, null, null, null, null]"
INF200K01RA0,SBI Contra Fund,31-08-2026,portfolio,Equity Shares,Ingersoll Rand (India) Ltd.,INE177A01018,Industrial Products,229555,11129.97,1112997000,23,,,,,,,,INF200K01RA0_SBI CONTRA FUND.xlsx,SCF,83,"[null, ""100262"", ""Ingersoll Rand (India) Ltd."", ""INE177A01018"", ""Industrial Products"", 229555, 11129.97, 0.23, null, null, null, null, null, null, null, null, null, null, null, null, null, null, null, null, null, null, null, null, null, null, null, null, null, null, null, null, null, null, null, null, null, null, null, null, null, null, null, null, null, null, null, null, null, null, null, null, null, null, null, null, null, null, null, null, null, null, null, null, null, null, null, null, null, null, null, null, null, null, null, null, null, null, null, null, null, null, null, null, null, null, null, null, null, null, null, null, null, null, null, null, null, null, null, null, null, null, null, null, null, null, null, null, null, null, null, null, null, null, null, null, null, null, null, null, null, null, null, null, null, null, null, null, null, null, null, null, null, null, null, null, null, null, null, null, null, null, null, null, null, null, null, null, null, null, null, null, null, null, null, null, null, null, null, null, null, null, null, null, null, null, null, null, null, null, null, null, null, null, null, null, null, null, null, null, null, null, null, null, null, null, null, null, null, null, null, null, null, null, null, null, null, null, null, null, null, null, null, null, null, null, null, null, null, null, null, null, null, null, null, null, null, null, null, null, null, null, null, null, null, null, null, null, null, null, null, null, null, null, null, null, null, null, null, null, null, null, null, null, null, null, null, null, null, null, null, null]"
INF200K01RA0,SBI Contra Fund,31-08-2026,portfolio,Equity Shares,HCL Technologies Ltd.,INE860A01027,IT - Software,766100,10052.76,1005276000,21,,,,,,,,INF200K01RA0_SBI CONTRA FUND.xlsx,SCF,84,"[null, ""100037"", ""HCL Technologies Ltd."", ""INE860A01027"", ""IT - Software"", 766100, 10052.76, 0.21, null, null, null, null, null, null, null, null, null, null, null, null, null, null, null, null, null, null, null, null, null, null, null, null, null, null, null, null, null, null, null, null, null, null, null, null, null, null, null, null, null, null, null, null, null, null, null, null, null, null, null, null, null, null, null, null, null, null, null, null, null, null, null, null, null, null, null, null, null, null, null, null, null, null, null, null, null, null, null, null, null, null, null, null, null, null, null, null, null, null, null, null, null, null, null, null, null, null, null, null, null, null, null, null, null, null, null, null, null, null, null, null, null, null, null, null, null, null, null, null, null, null, null, null, null, null, null, null, null, null, null, null, null, null, null, null, null, null, null, null, null, null, null, null, null, null, null, null, null, null, null, null, null, null, null, null, null, null, null, null, null, null, null, null, null, null, null, null, null, null, null, null, null, null, null, null, null, null, null, null, null, null, null, null, null, null, null, null, null, null, null, null, null, null, null, null, null, null, null, null, null, null, null, null, null, null, null, null, null, null, null, null, null, null, null, null, null, null, null, null, null, null, null, null, null, null, null, null, null, null, null, null, null, null, null, null, null, null, null, null, null, null, null, null, null, null, null, null]"
INF200K01RA0,SBI Contra Fund,31-08-2026,portfolio,Equity Shares,V-Guard Industries Ltd.,INE951I01027,Consumer Durables,2706470,9373.86,937386000,20,,,,,,,,INF200K01RA0_SBI CONTRA FUND.xlsx,SCF,85,"[null, ""100554"", ""V-Guard Industries Ltd."", ""INE951I01027"", ""Consumer Durables"", 2706470, 9373.86, 0.2, null, null, null, null, null, null, null, null, null, null, null, null, null, null, null, null, null, null, null, null, null, null, null, null, null, null, null, null, null, null, null, null, null, null, null, null, null, null, null, null, null, null, null, null, null, null, null, null, null, null, null, null, null, null, null, null, null, null, null, null, null, null, null, null, null, null, null, null, null, null, null, null, null, null, null, null, null, null, null, null, null, null, null, null, null, null, null, null, null, null, null, null, null, null, null, null, null, null, null, null, null, null, null, null, null, null, null, null, null, null, null, null, null, null, null, null, null, null, null, null, null, null, null, null, null, null, null, null, null, null, null, null, null, null, null, null, null, null, null, null, null, null, null, null, null, null, null, null, null, null, null, null, null, null, null, null, null, null, null, null, null, null, null, null, null, null, null, null, null, null, null, null, null, null, null, null, null, null, null, null, null, null, null, null, null, null, null, null, null, null, null, null, null, null, null, null, null, null, null, null, null, null, null, null, null, null, null, null, null, null, null, null, null, null, null, null, null, null, null, null, null, null, null, null, null, null, null, null, null, null, null, null, null, null, null, null, null, null, null, null, null, null, null, null, null, null, null, null]"
INF200K01RA0,SBI Contra Fund,31-08-2026,portfolio,Equity Shares,Sanofi India Ltd.,INE058A01010,Pharmaceuticals & Biotechnology,251576,7859.23,785923000,17,,,,,,,,INF200K01RA0_SBI CONTRA FUND.xlsx,SCF,86,"[null, ""100159"", ""Sanofi India Ltd."", ""INE058A01010"", ""Pharmaceuticals & Biotechnology"", 251576, 7859.23, 0.17, null, null, null, null, null, null, null, null, null, null, null, null, null, null, null, null, null, null, null, null, null, null, null, null, null, null, null, null, null, null, null, null, null, null, null, null, null, null, null, null, null, null, null, null, null, null, null, null, null, null, null, null, null, null, null, null, null, null, null, null, null, null, null, null, null, null, null, null, null, null, null, null, null, null, null, null, null, null, null, null, null, null, null, null, null, null, null, null, null, null, null, null, null, null, null, null, null, null, null, null, null, null, null, null, null, null, null, null, null, null, null, null, null, null, null, null, null, null, null, null, null, null, null, null, null, null, null, null, null, null, null, null, null, null, null, null, null, null, null, null, null, null, null, null, null, null, null, null, null, null, null, null, null, null, null, null, null, null, null, null, null, null, null, null, null, null, null, null, null, null, null, null, null, null, null, null, null, null, null, null, null, null, null, null, null, null, null, null, null, null, null, null, null, null, null, null, null, null, null, null, null, null, null, null, null, null, null, null, null, null, null, null, null, null, null, null, null, null, null, null, null, null, null, null, null, null, null, null, null, null, null, null, null, null, null, null, null, null, null, null, null, null, null, null, null, null, null, null]"
INF200K01RA0,SBI Contra Fund,31-08-2026,portfolio,Equity Shares,Gateway Distriparks Ltd.,INE079J01017,Transport Services,9934596,5343.82,534382000,11,,,,,,,,INF200K01RA0_SBI CONTRA FUND.xlsx,SCF,87,"[null, ""101452"", ""Gateway Distriparks Ltd."", ""INE079J01017"", ""Transport Services"", 9934596, 5343.82, 0.11, null, null, null, null, null, null, null, null, null, null, null, null, null, null, null, null, null, null, null, null, null, null, null, null, null, null, null, null, null, null, null, null, null, null, null, null, null, null, null, null, null, null, null, null, null, null, null, null, null, null, null, null, null, null, null, null, null, null, null, null, null, null, null, null, null, null, null, null, null, null, null, null, null, null, null, null, null, null, null, null, null, null, null, null, null, null, null, null, null, null, null, null, null, null, null, null, null, null, null, null, null, null, null, null, null, null, null, null, null, null, null, null, null, null, null, null, null, null, null, null, null, null, null, null, null, null, null, null, null, null, null, null, null, null, null, null, null, null, null, null, null, null, null, null, null, null, null, null, null, null, null, null, null, null, null, null, null, null, null, null, null, null, null, null, null, null, null, null, null, null, null, null, null, null, null, null, null, null, null, null, null, null, null, null, null, null, null, null, null, null, null, null, null, null, null, null, null, null, null, null, null, null, null, null, null, null, null, null, null, null, null, null, null, null, null, null, null, null, null, null, null, null, null, null, null, null, null, null, null, null, null, null, null, null, null, null, null, null, null, null, null, null, null, null, null, null, null, null]"
INF200K01RA0,SBI Contra Fund,31-08-2026,portfolio,Equity Shares,Bank of India,INE084A01016,Banks,3286400,4653.21,465321000,10,,,,,,,,INF200K01RA0_SBI CONTRA FUND.xlsx,SCF,88,"[null, ""100361"", ""Bank of India"", ""INE084A01016"", ""Banks"", 3286400, 4653.21, 0.1, null, null, null, null, null, null, null, null, null, null, null, null, null, null, null, null, null, null, null, null, null, null, null, null, null, null, null, null, null, null, null, null, null, null, null, null, null, null, null, null, null, null, null, null, null, null, null, null, null, null, null, null, null, null, null, null, null, null, null, null, null, null, null, null, null, null, null, null, null, null, null, null, null, null, null, null, null, null, null, null, null, null, null, null, null, null, null, null, null, null, null, null, null, null, null, null, null, null, null, null, null, null, null, null, null, null, null, null, null, null, null, null, null, null, null, null, null, null, null, null, null, null, null, null, null, null, null, null, null, null, null, null, null, null, null, null, null, null, null, null, null, null, null, null, null, null, null, null, null, null, null, null, null, null, null, null, null, null, null, null, null, null, null, null, null, null, null, null, null, null, null, null, null, null, null, null, null, null, null, null, null, null, null, null, null, null, null, null, null, null, null, null, null, null, null, null, null, null, null, null, null, null, null, null, null, null, null, null, null, null, null, null, null, null, null, null, null, null, null, null, null, null, null, null, null, null, null, null, null, null, null, null, null, null, null, null, null, null, null, null, null, null, null, null, null, null, null, null]"
INF200K01RA0,SBI Contra Fund,31-08-2026,portfolio,Equity Shares,Greenply Industries Ltd.,INE461C01038,Consumer Durables,1350179,3918.22,391822000,8,,,,,,,,INF200K01RA0_SBI CONTRA FUND.xlsx,SCF,89,"[null, ""100513"", ""Greenply Industries Ltd."", ""INE461C01038"", ""Consumer Durables"", 1350179, 3918.22, 0.08, null, null, null, null, null, null, null, null, null, null, null, null, null, null, null, null, null, null, null, null, null, null, null, null, null, null, null, null, null, null, null, null, null, null, null, null, null, null, null, null, null, null, null, null, null, null, null, null, null, null, null, null, null, null, null, null, null, null, null, null, null, null, null, null, null, null, null, null, null, null, null, null, null, null, null, null, null, null, null, null, null, null, null, null, null, null, null, null, null, null, null, null, null, null, null, null, null, null, null, null, null, null, null, null, null, null, null, null, null, null, null, null, null, null, null, null, null, null, null, null, null, null, null, null, null, null, null, null, null, null, null, null, null, null, null, null, null, null, null, null, null, null, null, null, null, null, null, null, null, null, null, null, null, null, null, null, null, null, null, null, null, null, null, null, null, null, null, null, null, null, null, null, null, null, null, null, null, null, null, null, null, null, null, null, null, null, null, null, null, null, null, null, null, null, null, null, null, null, null, null, null, null, null, null, null, null, null, null, null, null, null, null, null, null, null, null, null, null, null, null, null, null, null, null, null, null, null, null, null, null, null, null, null, null, null, null, null, null, null, null, null, null, null, null, null, null, null, null]"
INF200K01RA0,SBI Contra Fund,31-08-2026,portfolio,Equity Shares,Motherson Sumi Wiring India Ltd.,INE0FS801015,Auto Components,10586727,3894.86,389486000,8,,,,,,,,INF200K01RA0_SBI CONTRA FUND.xlsx,SCF,90,"[null, ""101457"", ""Motherson Sumi Wiring India Ltd."", ""INE0FS801015"", ""Auto Components"", 10586727, 3894.86, 0.08, null, null, null, null, null, null, null, null, null, null, null, null, null, null, null, null, null, null, null, null, null, null, null, null, null, null, null, null, null, null, null, null, null, null, null, null, null, null, null, null, null, null, null, null, null, null, null, null, null, null, null, null, null, null, null, null, null, null, null, null, null, null, null, null, null, null, null, null, null, null, null, null, null, null, null, null, null, null, null, null, null, null, null, null, null, null, null, null, null, null, null, null, null, null, null, null, null, null, null, null, null, null, null, null, null, null, null, null, null, null, null, null, null, null, null, null, null, null, null, null, null, null, null, null, null, null, null, null, null, null, null, null, null, null, null, null, null, null, null, null, null, null, null, null, null, null, null, null, null, null, null, null, null, null, null, null, null, null, null, null, null, null, null, null, null, null, null, null, null, null, null, null, null, null, null, null, null, null, null, null, null, null, null, null, null, null, null, null, null, null, null, null, null, null, null, null, null, null, null, null, null, null, null, null, null, null, null, null, null, null, null, null, null, null, null, null, null, null, null, null, null, null, null, null, null, null, null, null, null, null, null, null, null, null, null, null, null, null, null, null, null, null, null, null, null, null, null, null]"
INF200K01RA0,SBI Contra Fund,31-08-2026,portfolio,Equity Shares,Automotive Axles Ltd.,INE449A01011,Auto Components,200000,3457.2,345720000,7,,,,,,,,INF200K01RA0_SBI CONTRA FUND.xlsx,SCF,91,"[null, ""100654"", ""Automotive Axles Ltd."", ""INE449A01011"", ""Auto Components"", 200000, 3457.2, 0.07, null, null, null, null, null, null, null, null, null, null, null, null, null, null, null, null, null, null, null, null, null, null, null, null, null, null, null, null, null, null, null, null, null, null, null, null, null, null, null, null, null, null, null, null, null, null, null, null, null, null, null, null, null, null, null, null, null, null, null, null, null, null, null, null, null, null, null, null, null, null, null, null, null, null, null, null, null, null, null, null, null, null, null, null, null, null, null, null, null, null, null, null, null, null, null, null, null, null, null, null, null, null, null, null, null, null, null, null, null, null, null, null, null, null, null, null, null, null, null, null, null, null, null, null, null, null, null, null, null, null, null, null, null, null, null, null, null, null, null, null, null, null, null, null, null, null, null, null, null, null, null, null, null, null, null, null, null, null, null, null, null, null, null, null, null, null, null, null, null, null, null, null, null, null, null, null, null, null, null, null, null, null, null, null, null, null, null, null, null, null, null, null, null, null, null, null, null, null, null, null, null, null, null, null, null, null, null, null, null, null, null, null, null, null, null, null, null, null, null, null, null, null, null, null, null, null, null, null, null, null, null, null, null, null, null, null, null, null, null, null, null, null, null, null, null, null, null, null]"
INF200K01RA0,SBI Contra Fund,31-08-2026,portfolio,Equity Shares,Sula Vineyards Ltd.,INE142Q01026,Beverages,2036417,2997.61,299761000,6,,,,,,,,INF200K01RA0_SBI CONTRA FUND.xlsx,SCF,92,"[null, ""101799"", ""Sula Vineyards Ltd."", ""INE142Q01026"", ""Beverages"", 2036417, 2997.61, 0.06, null, null, null, null, null, null, null, null, null, null, null, null, null, null, null, null, null, null, null, null, null, null, null, null, null, null, null, null, null, null, null, null, null, null, null, null, null, null, null, null, null, null, null, null, null, null, null, null, null, null, null, null, null, null, null, null, null, null, null, null, null, null, null, null, null, null, null, null, null, null, null, null, null, null, null, null, null, null, null, null, null, null, null, null, null, null, null, null, null, null, null, null, null, null, null, null, null, null, null, null, null, null, null, null, null, null, null, null, null, null, null, null, null, null, null, null, null, null, null, null, null, null, null, null, null, null, null, null, null, null, null, null, null, null, null, null, null, null, null, null, null, null, null, null, null, null, null, null, null, null, null, null, null, null, null, null, null, null, null, null, null, null, null, null, null, null, null, null, null, null, null, null, null, null, null, null, null, null, null, null, null, null, null, null, null, null, null, null, null, null, null, null, null, null, null, null, null, null, null, null, null, null, null, null, null, null, null, null, null, null, null, null, null, null, null, null, null, null, null, null, null, null, null, null, null, null, null, null, null, null, null, null, null, null, null, null, null, null, null, null, null, null, null, null, null, null, null, null]"
INF200K01RA0,SBI Contra Fund,31-08-2026,portfolio,Equity Shares,NMDC Steel Ltd.,INE0NNS01018,Ferrous Metals,2606407,1203.9,120390000,3,,,,,,,,INF200K01RA0_SBI CONTRA FUND.xlsx,SCF,93,"[null, ""101775"", ""NMDC Steel Ltd."", ""INE0NNS01018"", ""Ferrous Metals"", 2606407, 1203.9, 0.03, null, null, null, null, null, null, null, null, null, null, null, null, null, null, null, null, null, null, null, null, null, null, null, null, null, null, null, null, null, null, null, null, null, null, null, null, null, null, null, null, null, null, null, null, null, null, null, null, null, null, null, null, null, null, null, null, null, null, null, null, null, null, null, null, null, null, null, null, null, null, null, null, null, null, null, null, null, null, null, null, null, null, null, null, null, null, null, null, null, null, null, null, null, null, null, null, null, null, null, null, null, null, null, null, null, null, null, null, null, null, null, null, null, null, null, null, null, null, null, null, null, null, null, null, null, null, null, null, null, null, null, null, null, null, null, null, null, null, null, null, null, null, null, null, null, null, null, null, null, null, null, null, null, null, null, null, null, null, null, null, null, null, null, null, null, null, null, null, null, null, null, null, null, null, null, null, null, null, null, null, null, null, null, null, null, null, null, null, null, null, null, null, null, null, null, null, null, null, null, null, null, null, null, null, null, null, null, null, null, null, null, null, null, null, null, null, null, null, null, null, null, null, null, null, null, null, null, null, null, null, null, null, null, null, null, null, null, null, null, null, null, null, null, null, null, null, null, null]"
INF200K01RA0,SBI Contra Fund,31-08-2026,portfolio,Equity Shares,Total,,,,4128835.72,4.12884E+11,86.73,,,,,,,,INF200K01RA0_SBI CONTRA FUND.xlsx,SCF,94,"[null, null, ""Total"", null, null, null, 4128835.72, 86.73, null, null, null, null, null, null, null, null, null, null, null, null, null, null, null, null, null, null, null, null, null, null, null, null, null, null, null, null, null, null, null, null, null, null, null, null, null, null, null, null, null, null, null, null, null, null, null, null, null, null, null, null, null, null, null, null, null, null, null, null, null, null, null, null, null, null, null, null, null, null, null, null, null, null, null, null, null, null, null, null, null, null, null, null, null, null, null, null, null, null, null, null, null, null, null, null, null, null, null, null, null, null, null, null, null, null, null, null, null, null, null, null, null, null, null, null, null, null, null, null, null, null, null, null, null, null, null, null, null, null, null, null, null, null, null, null, null, null, null, null, null, null, null, null, null, null, null, null, null, null, null, null, null, null, null, null, null, null, null, null, null, null, null, null, null, null, null, null, null, null, null, null, null, null, null, null, null, null, null, null, null, null, null, null, null, null, null, null, null, null, null, null, null, null, null, null, null, null, null, null, null, null, null, null, null, null, null, null, null, null, null, null, null, null, null, null, null, null, null, null, null, null, null, null, null, null, null, null, null, null, null, null, null, null, null, null, null, null, null, null, null, null, null, null, null, null, null, null]"
INF200K01RA0,SBI Contra Fund,31-08-2026,portfolio,Real Estate Investment Trust,Embassy Office Parks Reit,INE041025011,Realty,10516950,46114.72,4611472000,97,,,,,,,,INF200K01RA0_SBI CONTRA FUND.xlsx,SCF,97,"[null, ""3200002"", ""Embassy Office Parks Reit"", ""INE041025011"", ""Realty"", 10516950, 46114.72, 0.97, null, null, null, null, null, null, null, null, null, null, null, null, null, null, null, null, null, null, null, null, null, null, null, null, null, null, null, null, null, null, null, null, null, null, null, null, null, null, null, null, null, null, null, null, null, null, null, null, null, null, null, null, null, null, null, null, null, null, null, null, null, null, null, null, null, null, null, null, null, null, null, null, null, null, null, null, null, null, null, null, null, null, null, null, null, null, null, null, null, null, null, null, null, null, null, null, null, null, null, null, null, null, null, null, null, null, null, null, null, null, null, null, null, null, null, null, null, null, null, null, null, null, null, null, null, null, null, null, null, null, null, null, null, null, null, null, null, null, null, null, null, null, null, null, null, null, null, null, null, null, null, null, null, null, null, null, null, null, null, null, null, null, null, null, null, null, null, null, null, null, null, null, null, null, null, null, null, null, null, null, null, null, null, null, null, null, null, null, null, null, null, null, null, null, null, null, null, null, null, null, null, null, null, null, null, null, null, null, null, null, null, null, null, null, null, null, null, null, null, null, null, null, null, null, null, null, null, null, null, null, null, null, null, null, null, null, null, null, null, null, null, null, null, null, null, null, null, null]"
INF200K01RA0,SBI Contra Fund,31-08-2026,portfolio,Real Estate Investment Trust,Total,,,,46114.72,4611472000,97,,,,,,,,INF200K01RA0_SBI CONTRA FUND.xlsx,SCF,98,"[null, null, ""Total"", null, null, null, 46114.72, 0.97, null, null, null, null, null, null, null, null, null, null, null, null, null, null, null, null, null, null, null, null, null, null, null, null, null, null, null, null, null, null, null, null, null, null, null, null, null, null, null, null, null, null, null, null, null, null, null, null, null, null, null, null, null, null, null, null, null, null, null, null, null, null, null, null, null, null, null, null, null, null, null, null, null, null, null, null, null, null, null, null, null, null, null, null, null, null, null, null, null, null, null, null, null, null, null, null, null, null, null, null, null, null, null, null, null, null, null, null, null, null, null, null, null, null, null, null, null, null, null, null, null, null, null, null, null, null, null, null, null, null, null, null, null, null, null, null, null, null, null, null, null, null, null, null, null, null, null, null, null, null, null, null, null, null, null, null, null, null, null, null, null, null, null, null, null, null, null, null, null, null, null, null, null, null, null, null, null, null, null, null, null, null, null, null, null, null, null, null, null, null, null, null, null, null, null, null, null, null, null, null, null, null, null, null, null, null, null, null, null, null, null, null, null, null, null, null, null, null, null, null, null, null, null, null, null, null, null, null, null, null, null, null, null, null, null, null, null, null, null, null, null, null, null, null, null, null, null, null]"
INF200K01RA0,SBI Contra Fund,31-08-2026,portfolio,Foreign Securities and /or overseas ETF,Cognizant Technology Solutions Corporation,US1924461023,IT - Services,1079430,66538.43,6653843000,1.4,,,,,,,,INF200K01RA0_SBI CONTRA FUND.xlsx,SCF,101,"[null, ""100568"", ""Cognizant Technology Solutions Corporation"", ""US1924461023"", ""IT - Services"", 1079430, 66538.43, 1.4, null, null, null, null, null, null, null, null, null, null, null, null, null, null, null, null, null, null, null, null, null, null, null, null, null, null, null, null, null, null, null, null, null, null, null, null, null, null, null, null, null, null, null, null, null, null, null, null, null, null, null, null, null, null, null, null, null, null, null, null, null, null, null, null, null, null, null, null, null, null, null, null, null, null, null, null, null, null, null, null, null, null, null, null, null, null, null, null, null, null, null, null, null, null, null, null, null, null, null, null, null, null, null, null, null, null, null, null, null, null, null, null, null, null, null, null, null, null, null, null, null, null, null, null, null, null, null, null, null, null, null, null, null, null, null, null, null, null, null, null, null, null, null, null, null, null, null, null, null, null, null, null, null, null, null, null, null, null, null, null, null, null, null, null, null, null, null, null, null, null, null, null, null, null, null, null, null, null, null, null, null, null, null, null, null, null, null, null, null, null, null, null, null, null, null, null, null, null, null, null, null, null, null, null, null, null, null, null, null, null, null, null, null, null, null, null, null, null, null, null, null, null, null, null, null, null, null, null, null, null, null, null, null, null, null, null, null, null, null, null, null, null, null, null, null, null, null, null]"
INF200K01RA0,SBI Contra Fund,31-08-2026,portfolio,Foreign Securities and /or overseas ETF,Epam Systems Inc,US29414B1044,IT - Services,454663,51135.85,5113585000,1.07,,,,,,,,INF200K01RA0_SBI CONTRA FUND.xlsx,SCF,102,"[null, ""3000019"", ""Epam Systems Inc"", ""US29414B1044"", ""IT - Services"", 454663, 51135.85, 1.07, null, null, null, null, null, null, null, null, null, null, null, null, null, null, null, null, null, null, null, null, null, null, null, null, null, null, null, null, null, null, null, null, null, null, null, null, null, null, null, null, null, null, null, null, null, null, null, null, null, null, null, null, null, null, null, null, null, null, null, null, null, null, null, null, null, null, null, null, null, null, null, null, null, null, null, null, null, null, null, null, null, null, null, null, null, null, null, null, null, null, null, null, null, null, null, null, null, null, null, null, null, null, null, null, null, null, null, null, null, null, null, null, null, null, null, null, null, null, null, null, null, null, null, null, null, null, null, null, null, null, null, null, null, null, null, null, null, null, null, null, null, null, null, null, null, null, null, null, null, null, null, null, null, null, null, null, null, null, null, null, null, null, null, null, null, null, null, null, null, null, null, null, null, null, null, null, null, null, null, null, null, null, null, null, null, null, null, null, null, null, null, null, null, null, null, null, null, null, null, null, null, null, null, null, null, null, null, null, null, null, null, null, null, null, null, null, null, null, null, null, null, null, null, null, null, null, null, null, null, null, null, null, null, null, null, null, null, null, null, null, null, null, null, null, null, null, null, null]"
INF200K01RA0,SBI Contra Fund,31-08-2026,portfolio,Foreign Securities and /or overseas ETF,Total,,,,117674.28,11767428000,2.47,,,,,,,,INF200K01RA0_SBI CONTRA FUND.xlsx,SCF,103,"[null, null, ""Total"", null, null, null, 117674.28, 2.47, null, null, null, null, null, null, null, null, null, null, null, null, null, null, null, null, null, null, null, null, null, null, null, null, null, null, null, null, null, null, null, null, null, null, null, null, null, null, null, null, null, null, null, null, null, null, null, null, null, null, null, null, null, null, null, null, null, null, null, null, null, null, null, null, null, null, null, null, null, null, null, null, null, null, null, null, null, null, null, null, null, null, null, null, null, null, null, null, null, null, null, null, null, null, null, null, null, null, null, null, null, null, null, null, null, null, null, null, null, null, null, null, null, null, null, null, null, null, null, null, null, null, null, null, null, null, null, null, null, null, null, null, null, null, null, null, null, null, null, null, null, null, null, null, null, null, null, null, null, null, null, null, null, null, null, null, null, null, null, null, null, null, null, null, null, null, null, null, null, null, null, null, null, null, null, null, null, null, null, null, null, null, null, null, null, null, null, null, null, null, null, null, null, null, null, null, null, null, null, null, null, null, null, null, null, null, null, null, null, null, null, null, null, null, null, null, null, null, null, null, null, null, null, null, null, null, null, null, null, null, null, null, null, null, null, null, null, null, null, null, null, null, null, null, null, null, null, null]"
INF200K01RA0,SBI Contra Fund,31-08-2026,portfolio,Foreign Securities and /or overseas ETF,b) Unlisted,,,,,,,,,,,,,,INF200K01RA0_SBI CONTRA FUND.xlsx,SCF,105,"[null, null, ""b) Unlisted"", null, null, null, ""NIL"", ""NIL"", null, null, null, null, null, null, null, null, null, null, null, null, null, null, null, null, null, null, null, null, null, null, null, null, null, null, null, null, null, null, null, null, null, null, null, null, null, null, null, null, null, null, null, null, null, null, null, null, null, null, null, null, null, null, null, null, null, null, null, null, null, null, null, null, null, null, null, null, null, null, null, null, null, null, null, null, null, null, null, null, null, null, null, null, null, null, null, null, null, null, null, null, null, null, null, null, null, null, null, null, null, null, null, null, null, null, null, null, null, null, null, null, null, null, null, null, null, null, null, null, null, null, null, null, null, null, null, null, null, null, null, null, null, null, null, null, null, null, null, null, null, null, null, null, null, null, null, null, null, null, null, null, null, null, null, null, null, null, null, null, null, null, null, null, null, null, null, null, null, null, null, null, null, null, null, null, null, null, null, null, null, null, null, null, null, null, null, null, null, null, null, null, null, null, null, null, null, null, null, null, null, null, null, null, null, null, null, null, null, null, null, null, null, null, null, null, null, null, null, null, null, null, null, null, null, null, null, null, null, null, null, null, null, null, null, null, null, null, null, null, null, null, null, null, null, null, null, null]"
INF200K01RA0,SBI Contra Fund,31-08-2026,portfolio,DEBT INSTRUMENTS,a) Listed/awaiting listing on the stock exchanges,,,,,,,,,,,,,,INF200K01RA0_SBI CONTRA FUND.xlsx,SCF,109,"[null, null, ""a) Listed/awaiting listing on the stock exchanges"", null, null, null, ""NIL"", ""NIL"", null, null, null, null, null, null, null, null, null, null, null, null, null, null, null, null, null, null, null, null, null, null, null, null, null, null, null, null, null, null, null, null, null, null, null, null, null, null, null, null, null, null, null, null, null, null, null, null, null, null, null, null, null, null, null, null, null, null, null, null, null, null, null, null, null, null, null, null, null, null, null, null, null, null, null, null, null, null, null, null, null, null, null, null, null, null, null, null, null, null, null, null, null, null, null, null, null, null, null, null, null, null, null, null, null, null, null, null, null, null, null, null, null, null, null, null, null, null, null, null, null, null, null, null, null, null, null, null, null, null, null, null, null, null, null, null, null, null, null, null, null, null, null, null, null, null, null, null, null, null, null, null, null, null, null, null, null, null, null, null, null, null, null, null, null, null, null, null, null, null, null, null, null, null, null, null, null, null, null, null, null, null, null, null, null, null, null, null, null, null, null, null, null, null, null, null, null, null, null, null, null, null, null, null, null, null, null, null, null, null, null, null, null, null, null, null, null, null, null, null, null, null, null, null, null, null, null, null, null, null, null, null, null, null, null, null, null, null, null, null, null, null, null, null, null, null, null, null]"
INF200K01RA0,SBI Contra Fund,31-08-2026,portfolio,DEBT INSTRUMENTS,Non-convertible Preference Shares,,,,,,,,,,,,,,INF200K01RA0_SBI CONTRA FUND.xlsx,SCF,111,"[null, null, ""Non-convertible Preference Shares"", null, null, null, ""NIL"", ""NIL"", null, null, null, null, null, null, null, null, null, null, null, null, null, null, null, null, null, null, null, null, null, null, null, null, null, null, null, null, null, null, null, null, null, null, null, null, null, null, null, null, null, null, null, null, null, null, null, null, null, null, null, null, null, null, null, null, null, null, null, null, null, null, null, null, null, null, null, null, null, null, null, null, null, null, null, null, null, null, null, null, null, null, null, null, null, null, null, null, null, null, null, null, null, null, null, null, null, null, null, null, null, null, null, null, null, null, null, null, null, null, null, null, null, null, null, null, null, null, null, null, null, null, null, null, null, null, null, null, null, null, null, null, null, null, null, null, null, null, null, null, null, null, null, null, null, null, null, null, null, null, null, null, null, null, null, null, null, null, null, null, null, null, null, null, null, null, null, null, null, null, null, null, null, null, null, null, null, null, null, null, null, null, null, null, null, null, null, null, null, null, null, null, null, null, null, null, null, null, null, null, null, null, null, null, null, null, null, null, null, null, null, null, null, null, null, null, null, null, null, null, null, null, null, null, null, null, null, null, null, null, null, null, null, null, null, null, null, null, null, null, null, null, null, null, null, null, null, null]"
INF200K01RA0,SBI Contra Fund,31-08-2026,portfolio,DEBT INSTRUMENTS,Securitised Debt Instruments,,,,,,,,,,,,,,INF200K01RA0_SBI CONTRA FUND.xlsx,SCF,113,"[null, null, ""Securitised Debt Instruments"", null, null, null, ""NIL"", ""NIL"", null, null, null, null, null, null, null, null, null, null, null, null, null, null, null, null, null, null, null, null, null, null, null, null, null, null, null, null, null, null, null, null, null, null, null, null, null, null, null, null, null, null, null, null, null, null, null, null, null, null, null, null, null, null, null, null, null, null, null, null, null, null, null, null, null, null, null, null, null, null, null, null, null, null, null, null, null, null, null, null, null, null, null, null, null, null, null, null, null, null, null, null, null, null, null, null, null, null, null, null, null, null, null, null, null, null, null, null, null, null, null, null, null, null, null, null, null, null, null, null, null, null, null, null, null, null, null, null, null, null, null, null, null, null, null, null, null, null, null, null, null, null, null, null, null, null, null, null, null, null, null, null, null, null, null, null, null, null, null, null, null, null, null, null, null, null, null, null, null, null, null, null, null, null, null, null, null, null, null, null, null, null, null, null, null, null, null, null, null, null, null, null, null, null, null, null, null, null, null, null, null, null, null, null, null, null, null, null, null, null, null, null, null, null, null, null, null, null, null, null, null, null, null, null, null, null, null, null, null, null, null, null, null, null, null, null, null, null, null, null, null, null, null, null, null, null, null, null]"
INF200K01RA0,SBI Contra Fund,31-08-2026,portfolio,DEBT INSTRUMENTS,Central Government Securities,,,,,,,,,,,,,,INF200K01RA0_SBI CONTRA FUND.xlsx,SCF,115,"[null, null, ""Central Government Securities"", null, null, null, ""NIL"", ""NIL"", null, null, null, null, null, null, null, null, null, null, null, null, null, null, null, null, null, null, null, null, null, null, null, null, null, null, null, null, null, null, null, null, null, null, null, null, null, null, null, null, null, null, null, null, null, null, null, null, null, null, null, null, null, null, null, null, null, null, null, null, null, null, null, null, null, null, null, null, null, null, null, null, null, null, null, null, null, null, null, null, null, null, null, null, null, null, null, null, null, null, null, null, null, null, null, null, null, null, null, null, null, null, null, null, null, null, null, null, null, null, null, null, null, null, null, null, null, null, null, null, null, null, null, null, null, null, null, null, null, null, null, null, null, null, null, null, null, null, null, null, null, null, null, null, null, null, null, null, null, null, null, null, null, null, null, null, null, null, null, null, null, null, null, null, null, null, null, null, null, null, null, null, null, null, null, null, null, null, null, null, null, null, null, null, null, null, null, null, null, null, null, null, null, null, null, null, null, null, null, null, null, null, null, null, null, null, null, null, null, null, null, null, null, null, null, null, null, null, null, null, null, null, null, null, null, null, null, null, null, null, null, null, null, null, null, null, null, null, null, null, null, null, null, null, null, null, null, null]"
INF200K01RA0,SBI Contra Fund,31-08-2026,portfolio,DEBT INSTRUMENTS,State Government Securities,,,,,,,,,,,,,,INF200K01RA0_SBI CONTRA FUND.xlsx,SCF,117,"[null, null, ""State Government Securities"", null, null, null, ""NIL"", ""NIL"", null, null, null, null, null, null, null, null, null, null, null, null, null, null, null, null, null, null, null, null, null, null, null, null, null, null, null, null, null, null, null, null, null, null, null, null, null, null, null, null, null, null, null, null, null, null, null, null, null, null, null, null, null, null, null, null, null, null, null, null, null, null, null, null, null, null, null, null, null, null, null, null, null, null, null, null, null, null, null, null, null, null, null, null, null, null, null, null, null, null, null, null, null, null, null, null, null, null, null, null, null, null, null, null, null, null, null, null, null, null, null, null, null, null, null, null, null, null, null, null, null, null, null, null, null, null, null, null, null, null, null, null, null, null, null, null, null, null, null, null, null, null, null, null, null, null, null, null, null, null, null, null, null, null, null, null, null, null, null, null, null, null, null, null, null, null, null, null, null, null, null, null, null, null, null, null, null, null, null, null, null, null, null, null, null, null, null, null, null, null, null, null, null, null, null, null, null, null, null, null, null, null, null, null, null, null, null, null, null, null, null, null, null, null, null, null, null, null, null, null, null, null, null, null, null, null, null, null, null, null, null, null, null, null, null, null, null, null, null, null, null, null, null, null, null, null, null, null]"
INF200K01RA0,SBI Contra Fund,31-08-2026,portfolio,DEBT INSTRUMENTS,b) Privately Placed/Unlisted,,,,,,,,,,,,,,INF200K01RA0_SBI CONTRA FUND.xlsx,SCF,119,"[null, null, ""b) Privately Placed/Unlisted"", null, null, null, ""NIL"", ""NIL"", null, null, null, null, null, null, null, null, null, null, null, null, null, null, null, null, null, null, null, null, null, null, null, null, null, null, null, null, null, null, null, null, null, null, null, null, null, null, null, null, null, null, null, null, null, null, null, null, null, null, null, null, null, null, null, null, null, null, null, null, null, null, null, null, null, null, null, null, null, null, null, null, null, null, null, null, null, null, null, null, null, null, null, null, null, null, null, null, null, null, null, null, null, null, null, null, null, null, null, null, null, null, null, null, null, null, null, null, null, null, null, null, null, null, null, null, null, null, null, null, null, null, null, null, null, null, null, null, null, null, null, null, null, null, null, null, null, null, null, null, null, null, null, null, null, null, null, null, null, null, null, null, null, null, null, null, null, null, null, null, null, null, null, null, null, null, null, null, null, null, null, null, null, null, null, null, null, null, null, null, null, null, null, null, null, null, null, null, null, null, null, null, null, null, null, null, null, null, null, null, null, null, null, null, null, null, null, null, null, null, null, null, null, null, null, null, null, null, null, null, null, null, null, null, null, null, null, null, null, null, null, null, null, null, null, null, null, null, null, null, null, null, null, null, null, null, null, null]"
INF200K01RA0,SBI Contra Fund,31-08-2026,portfolio,MONEY MARKET INSTRUMENTS,Commercial Paper,,,,,,,,,,,,,,INF200K01RA0_SBI CONTRA FUND.xlsx,SCF,122,"[null, null, ""Commercial Paper"", null, null, null, ""NIL"", ""NIL"", null, null, null, null, null, null, null, null, null, null, null, null, null, null, null, null, null, null, null, null, null, null, null, null, null, null, null, null, null, null, null, null, null, null, null, null, null, null, null, null, null, null, null, null, null, null, null, null, null, null, null, null, null, null, null, null, null, null, null, null, null, null, null, null, null, null, null, null, null, null, null, null, null, null, null, null, null, null, null, null, null, null, null, null, null, null, null, null, null, null, null, null, null, null, null, null, null, null, null, null, null, null, null, null, null, null, null, null, null, null, null, null, null, null, null, null, null, null, null, null, null, null, null, null, null, null, null, null, null, null, null, null, null, null, null, null, null, null, null, null, null, null, null, null, null, null, null, null, null, null, null, null, null, null, null, null, null, null, null, null, null, null, null, null, null, null, null, null, null, null, null, null, null, null, null, null, null, null, null, null, null, null, null, null, null, null, null, null, null, null, null, null, null, null, null, null, null, null, null, null, null, null, null, null, null, null, null, null, null, null, null, null, null, null, null, null, null, null, null, null, null, null, null, null, null, null, null, null, null, null, null, null, null, null, null, null, null, null, null, null, null, null, null, null, null, null, null, null]"
INF200K01RA0,SBI Contra Fund,31-08-2026,portfolio,MONEY MARKET INSTRUMENTS,Certificate of Deposits,,,,,,,,,,,,,,INF200K01RA0_SBI CONTRA FUND.xlsx,SCF,124,"[null, null, ""Certificate of Deposits"", null, null, null, ""NIL"", ""NIL"", null, null, null, null, null, null, null, null, null, null, null, null, null, null, null, null, null, null, null, null, null, null, null, null, null, null, null, null, null, null, null, null, null, null, null, null, null, null, null, null, null, null, null, null, null, null, null, null, null, null, null, null, null, null, null, null, null, null, null, null, null, null, null, null, null, null, null, null, null, null, null, null, null, null, null, null, null, null, null, null, null, null, null, null, null, null, null, null, null, null, null, null, null, null, null, null, null, null, null, null, null, null, null, null, null, null, null, null, null, null, null, null, null, null, null, null, null, null, null, null, null, null, null, null, null, null, null, null, null, null, null, null, null, null, null, null, null, null, null, null, null, null, null, null, null, null, null, null, null, null, null, null, null, null, null, null, null, null, null, null, null, null, null, null, null, null, null, null, null, null, null, null, null, null, null, null, null, null, null, null, null, null, null, null, null, null, null, null, null, null, null, null, null, null, null, null, null, null, null, null, null, null, null, null, null, null, null, null, null, null, null, null, null, null, null, null, null, null, null, null, null, null, null, null, null, null, null, null, null, null, null, null, null, null, null, null, null, null, null, null, null, null, null, null, null, null, null, null]"
INF200K01RA0,SBI Contra Fund,31-08-2026,portfolio,Treasury Bills,91 DAY T-BILL 03.09.26,IN002026X099,Sovereign,50000000,49985.75,4998575000,1.05,5.2027,,,,,,,INF200K01RA0_SBI CONTRA FUND.xlsx,SCF,127,"[null, ""1801480"", ""91 DAY T-BILL 03.09.26"", ""IN002026X099"", ""Sovereign"", 50000000, 49985.75, 1.05, 5.2027, null, null, null, null, null, null, null, null, null, null, null, null, null, null, null, null, null, null, null, null, null, null, null, null, null, null, null, null, null, null, null, null, null, null, null, null, null, null, null, null, null, null, null, null, null, null, null, null, null, null, null, null, null, null, null, null, null, null, null, null, null, null, null, null, null, null, null, null, null, null, null, null, null, null, null, null, null, null, null, null, null, null, null, null, null, null, null, null, null, null, null, null, null, null, null, null, null, null, null, null, null, null, null, null, null, null, null, null, null, null, null, null, null, null, null, null, null, null, null, null, null, null, null, null, null, null, null, null, null, null, null, null, null, null, null, null, null, null, null, null, null, null, null, null, null, null, null, null, null, null, null, null, null, null, null, null, null, null, null, null, null, null, null, null, null, null, null, null, null, null, null, null, null, null, null, null, null, null, null, null, null, null, null, null, null, null, null, null, null, null, null, null, null, null, null, null, null, null, null, null, null, null, null, null, null, null, null, null, null, null, null, null, null, null, null, null, null, null, null, null, null, null, null, null, null, null, null, null, null, null, null, null, null, null, null, null, null, null, null, null, null, null, null, null, null, null, null]"
INF200K01RA0,SBI Contra Fund,31-08-2026,portfolio,Treasury Bills,364 DAY T-BILL 06.11.26,IN002025Z328,Sovereign,42500000,42100.63,4210063000,88,5.2461,,,,,,,INF200K01RA0_SBI CONTRA FUND.xlsx,SCF,128,"[null, ""1801400"", ""364 DAY T-BILL 06.11.26"", ""IN002025Z328"", ""Sovereign"", 42500000, 42100.63, 0.88, 5.2461, null, null, null, null, null, null, null, null, null, null, null, null, null, null, null, null, null, null, null, null, null, null, null, null, null, null, null, null, null, null, null, null, null, null, null, null, null, null, null, null, null, null, null, null, null, null, null, null, null, null, null, null, null, null, null, null, null, null, null, null, null, null, null, null, null, null, null, null, null, null, null, null, null, null, null, null, null, null, null, null, null, null, null, null, null, null, null, null, null, null, null, null, null, null, null, null, null, null, null, null, null, null, null, null, null, null, null, null, null, null, null, null, null, null, null, null, null, null, null, null, null, null, null, null, null, null, null, null, null, null, null, null, null, null, null, null, null, null, null, null, null, null, null, null, null, null, null, null, null, null, null, null, null, null, null, null, null, null, null, null, null, null, null, null, null, null, null, null, null, null, null, null, null, null, null, null, null, null, null, null, null, null, null, null, null, null, null, null, null, null, null, null, null, null, null, null, null, null, null, null, null, null, null, null, null, null, null, null, null, null, null, null, null, null, null, null, null, null, null, null, null, null, null, null, null, null, null, null, null, null, null, null, null, null, null, null, null, null, null, null, null, null, null, null, null, null, null]"
INF200K01RA0,SBI Contra Fund,31-08-2026,portfolio,Treasury Bills,91 DAY T-BILL 19.11.26,IN002026X206,Sovereign,30000000,29662.29,2966229000,62,5.2602,,,,,,,INF200K01RA0_SBI CONTRA FUND.xlsx,SCF,129,"[null, ""1801503"", ""91 DAY T-BILL 19.11.26"", ""IN002026X206"", ""Sovereign"", 30000000, 29662.29, 0.62, 5.2602, null, null, null, null, null, null, null, null, null, null, null, null, null, null, null, null, null, null, null, null, null, null, null, null, null, null, null, null, null, null, null, null, null, null, null, null, null, null, null, null, null, null, null, null, null, null, null, null, null, null, null, null, null, null, null, null, null, null, null, null, null, null, null, null, null, null, null, null, null, null, null, null, null, null, null, null, null, null, null, null, null, null, null, null, null, null, null, null, null, null, null, null, null, null, null, null, null, null, null, null, null, null, null, null, null, null, null, null, null, null, null, null, null, null, null, null, null, null, null, null, null, null, null, null, null, null, null, null, null, null, null, null, null, null, null, null, null, null, null, null, null, null, null, null, null, null, null, null, null, null, null, null, null, null, null, null, null, null, null, null, null, null, null, null, null, null, null, null, null, null, null, null, null, null, null, null, null, null, null, null, null, null, null, null, null, null, null, null, null, null, null, null, null, null, null, null, null, null, null, null, null, null, null, null, null, null, null, null, null, null, null, null, null, null, null, null, null, null, null, null, null, null, null, null, null, null, null, null, null, null, null, null, null, null, null, null, null, null, null, null, null, null, null, null, null, null, null]"
INF200K01RA0,SBI Contra Fund,31-08-2026,portfolio,Treasury Bills,182 DAY T-BILL 05.11.26,IN002026Y055,Sovereign,7500000,7430.59,743059000,16,5.2459,,,,,,,INF200K01RA0_SBI CONTRA FUND.xlsx,SCF,130,"[null, ""1801466"", ""182 DAY T-BILL 05.11.26"", ""IN002026Y055"", ""Sovereign"", 7500000, 7430.59, 0.16, 5.2459, null, null, null, null, null, null, null, null, null, null, null, null, null, null, null, null, null, null, null, null, null, null, null, null, null, null, null, null, null, null, null, null, null, null, null, null, null, null, null, null, null, null, null, null, null, null, null, null, null, null, null, null, null, null, null, null, null, null, null, null, null, null, null, null, null, null, null, null, null, null, null, null, null, null, null, null, null, null, null, null, null, null, null, null, null, null, null, null, null, null, null, null, null, null, null, null, null, null, null, null, null, null, null, null, null, null, null, null, null, null, null, null, null, null, null, null, null, null, null, null, null, null, null, null, null, null, null, null, null, null, null, null, null, null, null, null, null, null, null, null, null, null, null, null, null, null, null, null, null, null, null, null, null, null, null, null, null, null, null, null, null, null, null, null, null, null, null, null, null, null, null, null, null, null, null, null, null, null, null, null, null, null, null, null, null, null, null, null, null, null, null, null, null, null, null, null, null, null, null, null, null, null, null, null, null, null, null, null, null, null, null, null, null, null, null, null, null, null, null, null, null, null, null, null, null, null, null, null, null, null, null, null, null, null, null, null, null, null, null, null, null, null, null, null, null, null, null]"
INF200K01RA0,SBI Contra Fund,31-08-2026,portfolio,Treasury Bills,364 DAY T-BILL 19.11.26,IN002025Z344,Sovereign,1500000,1483.11,148311000,3,5.2602,,,,,,,INF200K01RA0_SBI CONTRA FUND.xlsx,SCF,131,"[null, ""1801406"", ""364 DAY T-BILL 19.11.26"", ""IN002025Z344"", ""Sovereign"", 1500000, 1483.11, 0.03, 5.2602, null, null, null, null, null, null, null, null, null, null, null, null, null, null, null, null, null, null, null, null, null, null, null, null, null, null, null, null, null, null, null, null, null, null, null, null, null, null, null, null, null, null, null, null, null, null, null, null, null, null, null, null, null, null, null, null, null, null, null, null, null, null, null, null, null, null, null, null, null, null, null, null, null, null, null, null, null, null, null, null, null, null, null, null, null, null, null, null, null, null, null, null, null, null, null, null, null, null, null, null, null, null, null, null, null, null, null, null, null, null, null, null, null, null, null, null, null, null, null, null, null, null, null, null, null, null, null, null, null, null, null, null, null, null, null, null, null, null, null, null, null, null, null, null, null, null, null, null, null, null, null, null, null, null, null, null, null, null, null, null, null, null, null, null, null, null, null, null, null, null, null, null, null, null, null, null, null, null, null, null, null, null, null, null, null, null, null, null, null, null, null, null, null, null, null, null, null, null, null, null, null, null, null, null, null, null, null, null, null, null, null, null, null, null, null, null, null, null, null, null, null, null, null, null, null, null, null, null, null, null, null, null, null, null, null, null, null, null, null, null, null, null, null, null, null, null, null]"
INF200K01RA0,SBI Contra Fund,31-08-2026,portfolio,Treasury Bills,Total,,,,130662.37,13066237000,2.74,,,,,,,,INF200K01RA0_SBI CONTRA FUND.xlsx,SCF,132,"[null, null, ""Total"", null, null, null, 130662.37, 2.74, null, null, null, null, null, null, null, null, null, null, null, null, null, null, null, null, null, null, null, null, null, null, null, null, null, null, null, null, null, null, null, null, null, null, null, null, null, null, null, null, null, null, null, null, null, null, null, null, null, null, null, null, null, null, null, null, null, null, null, null, null, null, null, null, null, null, null, null, null, null, null, null, null, null, null, null, null, null, null, null, null, null, null, null, null, null, null, null, null, null, null, null, null, null, null, null, null, null, null, null, null, null, null, null, null, null, null, null, null, null, null, null, null, null, null, null, null, null, null, null, null, null, null, null, null, null, null, null, null, null, null, null, null, null, null, null, null, null, null, null, null, null, null, null, null, null, null, null, null, null, null, null, null, null, null, null, null, null, null, null, null, null, null, null, null, null, null, null, null, null, null, null, null, null, null, null, null, null, null, null, null, null, null, null, null, null, null, null, null, null, null, null, null, null, null, null, null, null, null, null, null, null, null, null, null, null, null, null, null, null, null, null, null, null, null, null, null, null, null, null, null, null, null, null, null, null, null, null, null, null, null, null, null, null, null, null, null, null, null, null, null, null, null, null, null, null, null, null]"
INF200K01RA0,SBI Contra Fund,31-08-2026,portfolio,Treasury Bills,STRIPS,,,,,,,,,,,,,,INF200K01RA0_SBI CONTRA FUND.xlsx,SCF,134,"[null, null, ""STRIPS"", null, null, null, ""NIL"", ""NIL"", null, null, null, null, null, null, null, null, null, null, null, null, null, null, null, null, null, null, null, null, null, null, null, null, null, null, null, null, null, null, null, null, null, null, null, null, null, null, null, null, null, null, null, null, null, null, null, null, null, null, null, null, null, null, null, null, null, null, null, null, null, null, null, null, null, null, null, null, null, null, null, null, null, null, null, null, null, null, null, null, null, null, null, null, null, null, null, null, null, null, null, null, null, null, null, null, null, null, null, null, null, null, null, null, null, null, null, null, null, null, null, null, null, null, null, null, null, null, null, null, null, null, null, null, null, null, null, null, null, null, null, null, null, null, null, null, null, null, null, null, null, null, null, null, null, null, null, null, null, null, null, null, null, null, null, null, null, null, null, null, null, null, null, null, null, null, null, null, null, null, null, null, null, null, null, null, null, null, null, null, null, null, null, null, null, null, null, null, null, null, null, null, null, null, null, null, null, null, null, null, null, null, null, null, null, null, null, null, null, null, null, null, null, null, null, null, null, null, null, null, null, null, null, null, null, null, null, null, null, null, null, null, null, null, null, null, null, null, null, null, null, null, null, null, null, null, null, null]"
INF200K01RA0,SBI Contra Fund,31-08-2026,portfolio,Treasury Bills,Bills Re- Discounting,,,,,,,,,,,,,,INF200K01RA0_SBI CONTRA FUND.xlsx,SCF,136,"[null, null, ""Bills Re- Discounting"", null, null, null, ""NIL"", ""NIL"", null, null, null, null, null, null, null, null, null, null, null, null, null, null, null, null, null, null, null, null, null, null, null, null, null, null, null, null, null, null, null, null, null, null, null, null, null, null, null, null, null, null, null, null, null, null, null, null, null, null, null, null, null, null, null, null, null, null, null, null, null, null, null, null, null, null, null, null, null, null, null, null, null, null, null, null, null, null, null, null, null, null, null, null, null, null, null, null, null, null, null, null, null, null, null, null, null, null, null, null, null, null, null, null, null, null, null, null, null, null, null, null, null, null, null, null, null, null, null, null, null, null, null, null, null, null, null, null, null, null, null, null, null, null, null, null, null, null, null, null, null, null, null, null, null, null, null, null, null, null, null, null, null, null, null, null, null, null, null, null, null, null, null, null, null, null, null, null, null, null, null, null, null, null, null, null, null, null, null, null, null, null, null, null, null, null, null, null, null, null, null, null, null, null, null, null, null, null, null, null, null, null, null, null, null, null, null, null, null, null, null, null, null, null, null, null, null, null, null, null, null, null, null, null, null, null, null, null, null, null, null, null, null, null, null, null, null, null, null, null, null, null, null, null, null, null, null, null]"
INF200K01RA0,SBI Contra Fund,31-08-2026,portfolio,OTHERS,Mutual Fund Units / Exchange Traded Funds,,,,,,,,,,,,,,INF200K01RA0_SBI CONTRA FUND.xlsx,SCF,139,"[null, null, ""Mutual Fund Units / Exchange Traded Funds"", null, null, null, ""NIL"", ""NIL"", null, null, null, null, null, null, null, null, null, null, null, null, null, null, null, null, null, null, null, null, null, null, null, null, null, null, null, null, null, null, null, null, null, null, null, null, null, null, null, null, null, null, null, null, null, null, null, null, null, null, null, null, null, null, null, null, null, null, null, null, null, null, null, null, null, null, null, null, null, null, null, null, null, null, null, null, null, null, null, null, null, null, null, null, null, null, null, null, null, null, null, null, null, null, null, null, null, null, null, null, null, null, null, null, null, null, null, null, null, null, null, null, null, null, null, null, null, null, null, null, null, null, null, null, null, null, null, null, null, null, null, null, null, null, null, null, null, null, null, null, null, null, null, null, null, null, null, null, null, null, null, null, null, null, null, null, null, null, null, null, null, null, null, null, null, null, null, null, null, null, null, null, null, null, null, null, null, null, null, null, null, null, null, null, null, null, null, null, null, null, null, null, null, null, null, null, null, null, null, null, null, null, null, null, null, null, null, null, null, null, null, null, null, null, null, null, null, null, null, null, null, null, null, null, null, null, null, null, null, null, null, null, null, null, null, null, null, null, null, null, null, null, null, null, null, null, null, null]"
INF200K01RA0,SBI Contra Fund,31-08-2026,portfolio,OTHERS,Alternative Investment Funds,,,,,,,,,,,,,,INF200K01RA0_SBI CONTRA FUND.xlsx,SCF,141,"[null, null, ""Alternative Investment Funds"", null, null, null, ""NIL"", ""NIL"", null, null, null, null, null, null, null, null, null, null, null, null, null, null, null, null, null, null, null, null, null, null, null, null, null, null, null, null, null, null, null, null, null, null, null, null, null, null, null, null, null, null, null, null, null, null, null, null, null, null, null, null, null, null, null, null, null, null, null, null, null, null, null, null, null, null, null, null, null, null, null, null, null, null, null, null, null, null, null, null, null, null, null, null, null, null, null, null, null, null, null, null, null, null, null, null, null, null, null, null, null, null, null, null, null, null, null, null, null, null, null, null, null, null, null, null, null, null, null, null, null, null, null, null, null, null, null, null, null, null, null, null, null, null, null, null, null, null, null, null, null, null, null, null, null, null, null, null, null, null, null, null, null, null, null, null, null, null, null, null, null, null, null, null, null, null, null, null, null, null, null, null, null, null, null, null, null, null, null, null, null, null, null, null, null, null, null, null, null, null, null, null, null, null, null, null, null, null, null, null, null, null, null, null, null, null, null, null, null, null, null, null, null, null, null, null, null, null, null, null, null, null, null, null, null, null, null, null, null, null, null, null, null, null, null, null, null, null, null, null, null, null, null, null, null, null, null, null]"
INF200K01RA0,SBI Contra Fund,31-08-2026,portfolio,OTHERS,Short Term Deposits,,,,,,,,,,,,,,INF200K01RA0_SBI CONTRA FUND.xlsx,SCF,143,"[null, null, ""Short Term Deposits"", null, null, null, ""NIL"", ""NIL"", null, null, null, null, null, null, null, null, null, null, null, null, null, null, null, null, null, null, null, null, null, null, null, null, null, null, null, null, null, null, null, null, null, null, null, null, null, null, null, null, null, null, null, null, null, null, null, null, null, null, null, null, null, null, null, null, null, null, null, null, null, null, null, null, null, null, null, null, null, null, null, null, null, null, null, null, null, null, null, null, null, null, null, null, null, null, null, null, null, null, null, null, null, null, null, null, null, null, null, null, null, null, null, null, null, null, null, null, null, null, null, null, null, null, null, null, null, null, null, null, null, null, null, null, null, null, null, null, null, null, null, null, null, null, null, null, null, null, null, null, null, null, null, null, null, null, null, null, null, null, null, null, null, null, null, null, null, null, null, null, null, null, null, null, null, null, null, null, null, null, null, null, null, null, null, null, null, null, null, null, null, null, null, null, null, null, null, null, null, null, null, null, null, null, null, null, null, null, null, null, null, null, null, null, null, null, null, null, null, null, null, null, null, null, null, null, null, null, null, null, null, null, null, null, null, null, null, null, null, null, null, null, null, null, null, null, null, null, null, null, null, null, null, null, null, null, null, null]"
INF200K01RA0,SBI Contra Fund,31-08-2026,portfolio,OTHERS,Term Deposits Placed as Margins,,,,,,,,,,,,,,INF200K01RA0_SBI CONTRA FUND.xlsx,SCF,145,"[null, null, ""Term Deposits Placed as Margins"", null, null, null, ""NIL"", ""NIL"", null, null, null, null, null, null, null, null, null, null, null, null, null, null, null, null, null, null, null, null, null, null, null, null, null, null, null, null, null, null, null, null, null, null, null, null, null, null, null, null, null, null, null, null, null, null, null, null, null, null, null, null, null, null, null, null, null, null, null, null, null, null, null, null, null, null, null, null, null, null, null, null, null, null, null, null, null, null, null, null, null, null, null, null, null, null, null, null, null, null, null, null, null, null, null, null, null, null, null, null, null, null, null, null, null, null, null, null, null, null, null, null, null, null, null, null, null, null, null, null, null, null, null, null, null, null, null, null, null, null, null, null, null, null, null, null, null, null, null, null, null, null, null, null, null, null, null, null, null, null, null, null, null, null, null, null, null, null, null, null, null, null, null, null, null, null, null, null, null, null, null, null, null, null, null, null, null, null, null, null, null, null, null, null, null, null, null, null, null, null, null, null, null, null, null, null, null, null, null, null, null, null, null, null, null, null, null, null, null, null, null, null, null, null, null, null, null, null, null, null, null, null, null, null, null, null, null, null, null, null, null, null, null, null, null, null, null, null, null, null, null, null, null, null, null, null, null, null]"
INF200K01RA0,SBI Contra Fund,31-08-2026,portfolio,TREPS / Reverse Repo Investments,TREPS,,,,338500.46,33850046000,7.11,,,,,,,,INF200K01RA0_SBI CONTRA FUND.xlsx,SCF,148,"[null, ""109260100"", ""TREPS"", null, null, null, 338500.46, 7.11, null, null, null, null, null, null, null, null, null, null, null, null, null, null, null, null, null, null, null, null, null, null, null, null, null, null, null, null, null, null, null, null, null, null, null, null, null, null, null, null, null, null, null, null, null, null, null, null, null, null, null, null, null, null, null, null, null, null, null, null, null, null, null, null, null, null, null, null, null, null, null, null, null, null, null, null, null, null, null, null, null, null, null, null, null, null, null, null, null, null, null, null, null, null, null, null, null, null, null, null, null, null, null, null, null, null, null, null, null, null, null, null, null, null, null, null, null, null, null, null, null, null, null, null, null, null, null, null, null, null, null, null, null, null, null, null, null, null, null, null, null, null, null, null, null, null, null, null, null, null, null, null, null, null, null, null, null, null, null, null, null, null, null, null, null, null, null, null, null, null, null, null, null, null, null, null, null, null, null, null, null, null, null, null, null, null, null, null, null, null, null, null, null, null, null, null, null, null, null, null, null, null, null, null, null, null, null, null, null, null, null, null, null, null, null, null, null, null, null, null, null, null, null, null, null, null, null, null, null, null, null, null, null, null, null, null, null, null, null, null, null, null, null, null, null, null, null, null]"
INF200K01RA0,SBI Contra Fund,31-08-2026,portfolio,TREPS / Reverse Repo Investments,Total,,,,338500.46,33850046000,7.11,,,,,,,,INF200K01RA0_SBI CONTRA FUND.xlsx,SCF,149,"[null, null, ""Total"", null, null, null, 338500.46, 7.11, null, null, null, null, null, null, null, null, null, null, null, null, null, null, null, null, null, null, null, null, null, null, null, null, null, null, null, null, null, null, null, null, null, null, null, null, null, null, null, null, null, null, null, null, null, null, null, null, null, null, null, null, null, null, null, null, null, null, null, null, null, null, null, null, null, null, null, null, null, null, null, null, null, null, null, null, null, null, null, null, null, null, null, null, null, null, null, null, null, null, null, null, null, null, null, null, null, null, null, null, null, null, null, null, null, null, null, null, null, null, null, null, null, null, null, null, null, null, null, null, null, null, null, null, null, null, null, null, null, null, null, null, null, null, null, null, null, null, null, null, null, null, null, null, null, null, null, null, null, null, null, null, null, null, null, null, null, null, null, null, null, null, null, null, null, null, null, null, null, null, null, null, null, null, null, null, null, null, null, null, null, null, null, null, null, null, null, null, null, null, null, null, null, null, null, null, null, null, null, null, null, null, null, null, null, null, null, null, null, null, null, null, null, null, null, null, null, null, null, null, null, null, null, null, null, null, null, null, null, null, null, null, null, null, null, null, null, null, null, null, null, null, null, null, null, null, null, null]"
INF200K01RA0,SBI Contra Fund,31-08-2026,portfolio,Other Current Assets / (Liabilities),Margin amount for Derivative positions,,,,2014,201400000,4,,,,,,,,INF200K01RA0_SBI CONTRA FUND.xlsx,SCF,152,"[null, null, ""Margin amount for Derivative positions"", null, null, null, 2014, 0.04, null, null, null, null, null, null, null, null, null, null, null, null, null, null, null, null, null, null, null, null, null, null, null, null, null, null, null, null, null, null, null, null, null, null, null, null, null, null, null, null, null, null, null, null, null, null, null, null, null, null, null, null, null, null, null, null, null, null, null, null, null, null, null, null, null, null, null, null, null, null, null, null, null, null, null, null, null, null, null, null, null, null, null, null, null, null, null, null, null, null, null, null, null, null, null, null, null, null, null, null, null, null, null, null, null, null, null, null, null, null, null, null, null, null, null, null, null, null, null, null, null, null, null, null, null, null, null, null, null, null, null, null, null, null, null, null, null, null, null, null, null, null, null, null, null, null, null, null, null, null, null, null, null, null, null, null, null, null, null, null, null, null, null, null, null, null, null, null, null, null, null, null, null, null, null, null, null, null, null, null, null, null, null, null, null, null, null, null, null, null, null, null, null, null, null, null, null, null, null, null, null, null, null, null, null, null, null, null, null, null, null, null, null, null, null, null, null, null, null, null, null, null, null, null, null, null, null, null, null, null, null, null, null, null, null, null, null, null, null, null, null, null, null, null, null, null, null, null]"
INF200K01RA0,SBI Contra Fund,31-08-2026,portfolio,Other Current Assets / (Liabilities),Net Receivable / Payable,,,,-4862.2,-486220000,-6,,,,,,,,INF200K01RA0_SBI CONTRA FUND.xlsx,SCF,153,"[null, null, ""Net Receivable / Payable"", null, null, null, -4862.2, -0.060000000000000005, null, null, null, null, null, null, null, null, null, null, null, null, null, null, null, null, null, null, null, null, null, null, null, null, null, null, null, null, null, null, null, null, null, null, null, null, null, null, null, null, null, null, null, null, null, null, null, null, null, null, null, null, null, null, null, null, null, null, null, null, null, null, null, null, null, null, null, null, null, null, null, null, null, null, null, null, null, null, null, null, null, null, null, null, null, null, null, null, null, null, null, null, null, null, null, null, null, null, null, null, null, null, null, null, null, null, null, null, null, null, null, null, null, null, null, null, null, null, null, null, null, null, null, null, null, null, null, null, null, null, null, null, null, null, null, null, null, null, null, null, null, null, null, null, null, null, null, null, null, null, null, null, null, null, null, null, null, null, null, null, null, null, null, null, null, null, null, null, null, null, null, null, null, null, null, null, null, null, null, null, null, null, null, null, null, null, null, null, null, null, null, null, null, null, null, null, null, null, null, null, null, null, null, null, null, null, null, null, null, null, null, null, null, null, null, null, null, null, null, null, null, null, null, null, null, null, null, null, null, null, null, null, null, null, null, null, null, null, null, null, null, null, null, null, null, null, null, null]"
INF200K01RA0,SBI Contra Fund,31-08-2026,portfolio,Other Current Assets / (Liabilities),Total,,,,-2848.2,-284820000,-2,,,,,,,,INF200K01RA0_SBI CONTRA FUND.xlsx,SCF,154,"[null, null, ""Total"", null, null, null, -2848.2, -0.019999999999999997, null, null, null, null, null, null, null, null, null, null, null, null, null, null, null, null, null, null, null, null, null, null, null, null, null, null, null, null, null, null, null, null, null, null, null, null, null, null, null, null, null, null, null, null, null, null, null, null, null, null, null, null, null, null, null, null, null, null, null, null, null, null, null, null, null, null, null, null, null, null, null, null, null, null, null, null, null, null, null, null, null, null, null, null, null, null, null, null, null, null, null, null, null, null, null, null, null, null, null, null, null, null, null, null, null, null, null, null, null, null, null, null, null, null, null, null, null, null, null, null, null, null, null, null, null, null, null, null, null, null, null, null, null, null, null, null, null, null, null, null, null, null, null, null, null, null, null, null, null, null, null, null, null, null, null, null, null, null, null, null, null, null, null, null, null, null, null, null, null, null, null, null, null, null, null, null, null, null, null, null, null, null, null, null, null, null, null, null, null, null, null, null, null, null, null, null, null, null, null, null, null, null, null, null, null, null, null, null, null, null, null, null, null, null, null, null, null, null, null, null, null, null, null, null, null, null, null, null, null, null, null, null, null, null, null, null, null, null, null, null, null, null, null, null, null, null, null, null]"
INF200K01RA0,SBI Contra Fund,31-08-2026,portfolio,Other Current Assets / (Liabilities),GRAND TOTAL (AUM),,,,4758939.35,4.75894E+11,100,,,,,,,,INF200K01RA0_SBI CONTRA FUND.xlsx,SCF,156,"[null, null, ""GRAND TOTAL (AUM)"", null, null, null, 4758939.35, 100, null, null, null, null, null, null, null, null, null, null, null, null, null, null, null, null, null, null, null, null, null, null, null, null, null, null, null, null, null, null, null, null, null, null, null, null, null, null, null, null, null, null, null, null, null, null, null, null, null, null, null, null, null, null, null, null, null, null, null, null, null, null, null, null, null, null, null, null, null, null, null, null, null, null, null, null, null, null, null, null, null, null, null, null, null, null, null, null, null, null, null, null, null, null, null, null, null, null, null, null, null, null, null, null, null, null, null, null, null, null, null, null, null, null, null, null, null, null, null, null, null, null, null, null, null, null, null, null, null, null, null, null, null, null, null, null, null, null, null, null, null, null, null, null, null, null, null, null, null, null, null, null, null, null, null, null, null, null, null, null, null, null, null, null, null, null, null, null, null, null, null, null, null, null, null, null, null, null, null, null, null, null, null, null, null, null, null, null, null, null, null, null, null, null, null, null, null, null, null, null, null, null, null, null, null, null, null, null, null, null, null, null, null, null, null, null, null, null, null, null, null, null, null, null, null, null, null, null, null, null, null, null, null, null, null, null, null, null, null, null, null, null, null, null, null, null, null, null]"
INF200K01RA0,SBI Contra Fund,31-08-2026,portfolio,DERIVATIVES,Name of the Instrument,Long / Short,Industry ^,,,,,,,,,,,,INF200K01RA0_SBI CONTRA FUND.xlsx,SCF,159,"[null, null, ""Name of the Instrument"", ""Long / Short"", ""Industry ^"", ""Quantity"", ""Market value (Rs. in Lakhs)"", ""% to AUM"", ""Notes & Symbols"", null, null, null, null, null, null, null, null, null, null, null, null, null, null, null, null, null, null, null, null, null, null, null, null, null, null, null, null, null, null, null, null, null, null, null, null, null, null, null, null, null, null, null, null, null, null, null, null, null, null, null, null, null, null, null, null, null, null, null, null, null, null, null, null, null, null, null, null, null, null, null, null, null, null, null, null, null, null, null, null, null, null, null, null, null, null, null, null, null, null, null, null, null, null, null, null, null, null, null, null, null, null, null, null, null, null, null, null, null, null, null, null, null, null, null, null, null, null, null, null, null, null, null, null, null, null, null, null, null, null, null, null, null, null, null, null, null, null, null, null, null, null, null, null, null, null, null, null, null, null, null, null, null, null, null, null, null, null, null, null, null, null, null, null, null, null, null, null, null, null, null, null, null, null, null, null, null, null, null, null, null, null, null, null, null, null, null, null, null, null, null, null, null, null, null, null, null, null, null, null, null, null, null, null, null, null, null, null, null, null, null, null, null, null, null, null, null, null, null, null, null, null, null, null, null, null, null, null, null, null, null, null, null, null, null, null, null, null, null, null, null, null, null, null, null, null, null]"
INF200K01RA0,SBI Contra Fund,31-08-2026,portfolio,Index Futures,Nifty Index 29-09-2026,Long,Index,499980,121252.1497,12125214972,2.55,,,,,,,,INF200K01RA0_SBI CONTRA FUND.xlsx,SCF,161,"[null, 2300170, ""Nifty Index 29-09-2026"", ""Long"", ""Index"", 499980, 121252.14972, 2.55, null, null, null, null, null, null, null, null, null, null, null, null, null, null, null, null, null, null, null, null, null, null, null, null, null, null, null, null, null, null, null, null, null, null, null, null, null, null, null, null, null, null, null, null, null, null, null, null, null, null, null, null, null, null, null, null, null, null, null, null, null, null, null, null, null, null, null, null, null, null, null, null, null, null, null, null, null, null, null, null, null, null, null, null, null, null, null, null, null, null, null, null, null, null, null, null, null, null, null, null, null, null, null, null, null, null, null, null, null, null, null, null, null, null, null, null, null, null, null, null, null, null, null, null, null, null, null, null, null, null, null, null, null, null, null, null, null, null, null, null, null, null, null, null, null, null, null, null, null, null, null, null, null, null, null, null, null, null, null, null, null, null, null, null, null, null, null, null, null, null, null, null, null, null, null, null, null, null, null, null, null, null, null, null, null, null, null, null, null, null, null, null, null, null, null, null, null, null, null, null, null, null, null, null, null, null, null, null, null, null, null, null, null, null, null, null, null, null, null, null, null, null, null, null, null, null, null, null, null, null, null, null, null, null, null, null, null, null, null, null, null, null, null, null, null, null, null, null]"
INF200K01RA0,SBI Contra Fund,31-08-2026,portfolio,Index Futures,Bank Nifty Index 29-09-2026,Long,Index,240000,138929.28,13892928000,2.92,,,,,,,,INF200K01RA0_SBI CONTRA FUND.xlsx,SCF,162,"[null, 2300171, ""Bank Nifty Index 29-09-2026"", ""Long"", ""Index"", 240000, 138929.28, 2.92, null, null, null, null, null, null, null, null, null, null, null, null, null, null, null, null, null, null, null, null, null, null, null, null, null, null, null, null, null, null, null, null, null, null, null, null, null, null, null, null, null, null, null, null, null, null, null, null, null, null, null, null, null, null, null, null, null, null, null, null, null, null, null, null, null, null, null, null, null, null, null, null, null, null, null, null, null, null, null, null, null, null, null, null, null, null, null, null, null, null, null, null, null, null, null, null, null, null, null, null, null, null, null, null, null, null, null, null, null, null, null, null, null, null, null, null, null, null, null, null, null, null, null, null, null, null, null, null, null, null, null, null, null, null, null, null, null, null, null, null, null, null, null, null, null, null, null, null, null, null, null, null, null, null, null, null, null, null, null, null, null, null, null, null, null, null, null, null, null, null, null, null, null, null, null, null, null, null, null, null, null, null, null, null, null, null, null, null, null, null, null, null, null, null, null, null, null, null, null, null, null, null, null, null, null, null, null, null, null, null, null, null, null, null, null, null, null, null, null, null, null, null, null, null, null, null, null, null, null, null, null, null, null, null, null, null, null, null, null, null, null, null, null, null, null, null, null, null]"
INF200K01RA0,SBI Contra Fund,31-08-2026,portfolio,Stock Futures,FSN E-Commerce Ventures Ltd. 29.09.2026,Short,Retailing,-7359375,-25084.42969,-2508442969,-53,,,,,,,,INF200K01RA0_SBI CONTRA FUND.xlsx,SCF,164,"[null, 2223902, ""FSN E-Commerce Ventures Ltd. 29.09.2026"", ""Short"", ""Retailing"", -7359375, -25084.4296875, -0.53, null, null, null, null, null, null, null, null, null, null, null, null, null, null, null, null, null, null, null, null, null, null, null, null, null, null, null, null, null, null, null, null, null, null, null, null, null, null, null, null, null, null, null, null, null, null, null, null, null, null, null, null, null, null, null, null, null, null, null, null, null, null, null, null, null, null, null, null, null, null, null, null, null, null, null, null, null, null, null, null, null, null, null, null, null, null, null, null, null, null, null, null, null, null, null, null, null, null, null, null, null, null, null, null, null, null, null, null, null, null, null, null, null, null, null, null, null, null, null, null, null, null, null, null, null, null, null, null, null, null, null, null, null, null, null, null, null, null, null, null, null, null, null, null, null, null, null, null, null, null, null, null, null, null, null, null, null, null, null, null, null, null, null, null, null, null, null, null, null, null, null, null, null, null, null, null, null, null, null, null, null, null, null, null, null, null, null, null, null, null, null, null, null, null, null, null, null, null, null, null, null, null, null, null, null, null, null, null, null, null, null, null, null, null, null, null, null, null, null, null, null, null, null, null, null, null, null, null, null, null, null, null, null, null, null, null, null, null, null, null, null, null, null, null, null, null, null, null]"
INF200K01RA0,SBI Contra Fund,31-08-2026,portfolio,Stock Futures,Petronet LNG Ltd. 29.09.2026,Short,Gas,-294500,-858.4675,-85846750,-2,,,,,,,,INF200K01RA0_SBI CONTRA FUND.xlsx,SCF,165,"[null, 2223861, ""Petronet LNG Ltd. 29.09.2026"", ""Short"", ""Gas"", -294500, -858.4675, -0.02, null, null, null, null, null, null, null, null, null, null, null, null, null, null, null, null, null, null, null, null, null, null, null, null, null, null, null, null, null, null, null, null, null, null, null, null, null, null, null, null, null, null, null, null, null, null, null, null, null, null, null, null, null, null, null, null, null, null, null, null, null, null, null, null, null, null, null, null, null, null, null, null, null, null, null, null, null, null, null, null, null, null, null, null, null, null, null, null, null, null, null, null, null, null, null, null, null, null, null, null, null, null, null, null, null, null, null, null, null, null, null, null, null, null, null, null, null, null, null, null, null, null, null, null, null, null, null, null, null, null, null, null, null, null, null, null, null, null, null, null, null, null, null, null, null, null, null, null, null, null, null, null, null, null, null, null, null, null, null, null, null, null, null, null, null, null, null, null, null, null, null, null, null, null, null, null, null, null, null, null, null, null, null, null, null, null, null, null, null, null, null, null, null, null, null, null, null, null, null, null, null, null, null, null, null, null, null, null, null, null, null, null, null, null, null, null, null, null, null, null, null, null, null, null, null, null, null, null, null, null, null, null, null, null, null, null, null, null, null, null, null, null, null, null, null, null, null, null]"
INF200K01RA0,SBI Contra Fund,31-08-2026,portfolio,Stock Futures,Wipro Ltd. 29.09.2026,Long,IT - Software,15000000,26757,2675700000,56,,,,,,,,INF200K01RA0_SBI CONTRA FUND.xlsx,SCF,166,"[null, 2223832, ""Wipro Ltd. 29.09.2026"", ""Long"", ""IT - Software"", 15000000, 26757, 0.56, null, null, null, null, null, null, null, null, null, null, null, null, null, null, null, null, null, null, null, null, null, null, null, null, null, null, null, null, null, null, null, null, null, null, null, null, null, null, null, null, null, null, null, null, null, null, null, null, null, null, null, null, null, null, null, null, null, null, null, null, null, null, null, null, null, null, null, null, null, null, null, null, null, null, null, null, null, null, null, null, null, null, null, null, null, null, null, null, null, null, null, null, null, null, null, null, null, null, null, null, null, null, null, null, null, null, null, null, null, null, null, null, null, null, null, null, null, null, null, null, null, null, null, null, null, null, null, null, null, null, null, null, null, null, null, null, null, null, null, null, null, null, null, null, null, null, null, null, null, null, null, null, null, null, null, null, null, null, null, null, null, null, null, null, null, null, null, null, null, null, null, null, null, null, null, null, null, null, null, null, null, null, null, null, null, null, null, null, null, null, null, null, null, null, null, null, null, null, null, null, null, null, null, null, null, null, null, null, null, null, null, null, null, null, null, null, null, null, null, null, null, null, null, null, null, null, null, null, null, null, null, null, null, null, null, null, null, null, null, null, null, null, null, null, null, null, null, null]"
INF200K01RA0,SBI Contra Fund,31-08-2026,portfolio,Stock Futures,Derivatives Total,,,,260995.5325,26099553253,5.48,,,,,,,,INF200K01RA0_SBI CONTRA FUND.xlsx,SCF,167,"[null, null, ""Derivatives Total"", null, null, null, 260995.53253250002, 5.48, null, null, null, null, null, null, null, null, null, null, null, null, null, null, null, null, null, null, null, null, null, null, null, null, null, null, null, null, null, null, null, null, null, null, null, null, null, null, null, null, null, null, null, null, null, null, null, null, null, null, null, null, null, null, null, null, null, null, null, null, null, null, null, null, null, null, null, null, null, null, null, null, null, null, null, null, null, null, null, null, null, null, null, null, null, null, null, null, null, null, null, null, null, null, null, null, null, null, null, null, null, null, null, null, null, null, null, null, null, null, null, null, null, null, null, null, null, null, null, null, null, null, null, null, null, null, null, null, null, null, null, null, null, null, null, null, null, null, null, null, null, null, null, null, null, null, null, null, null, null, null, null, null, null, null, null, null, null, null, null, null, null, null, null, null, null, null, null, null, null, null, null, null, null, null, null, null, null, null, null, null, null, null, null, null, null, null, null, null, null, null, null, null, null, null, null, null, null, null, null, null, null, null, null, null, null, null, null, null, null, null, null, null, null, null, null, null, null, null, null, null, null, null, null, null, null, null, null, null, null, null, null, null, null, null, null, null, null, null, null, null, null, null, null, null, null, null, null]"
INF200K01RA0,SBI Contra Fund,31-08-2026,portfolio,4. Total number of instances of deviation in valuation of securities of the scheme from the valuation price given by the valuation agencies during the period are: Nil,(A) Securities is in default beyond its maturity date and its percentage to NAV :,,NIL,,,,,,,,,,,,INF200K01RA0_SBI CONTRA FUND.xlsx,SCF,176,"[null, null, ""(A) Securities is in default beyond its maturity date and its percentage to NAV :"", null, ""NIL"", null, null, null, null, null, null, null, null, null, null, null, null, null, null, null, null, null, null, null, null, null, null, null, null, null, null, null, null, null, null, null, null, null, null, null, null, null, null, null, null, null, null, null, null, null, null, null, null, null, null, null, null, null, null, null, null, null, null, null, null, null, null, null, null, null, null, null, null, null, null, null, null, null, null, null, null, null, null, null, null, null, null, null, null, null, null, null, null, null, null, null, null, null, null, null, null, null, null, null, null, null, null, null, null, null, null, null, null, null, null, null, null, null, null, null, null, null, null, null, null, null, null, null, null, null, null, null, null, null, null, null, null, null, null, null, null, null, null, null, null, null, null, null, null, null, null, null, null, null, null, null, null, null, null, null, null, null, null, null, null, null, null, null, null, null, null, null, null, null, null, null, null, null, null, null, null, null, null, null, null, null, null, null, null, null, null, null, null, null, null, null, null, null, null, null, null, null, null, null, null, null, null, null, null, null, null, null, null, null, null, null, null, null, null, null, null, null, null, null, null, null, null, null, null, null, null, null, null, null, null, null, null, null, null, null, null, null, null, null, null, null, null, null, null, null, null, null, null, null, null, null]"
INF200K01RA0,SBI Contra Fund,31-08-2026,portfolio,4. Total number of instances of deviation in valuation of securities of the scheme from the valuation price given by the valuation agencies during the period are: Nil,(B) Total value and percentage of illiquid equity shares :,,NIL,,,,,,,,,,,,INF200K01RA0_SBI CONTRA FUND.xlsx,SCF,178,"[null, null, ""(B) Total value and percentage of illiquid equity shares :"", null, ""NIL"", null, null, null, null, null, null, null, null, null, null, null, null, null, null, null, null, null, null, null, null, null, null, null, null, null, null, null, null, null, null, null, null, null, null, null, null, null, null, null, null, null, null, null, null, null, null, null, null, null, null, null, null, null, null, null, null, null, null, null, null, null, null, null, null, null, null, null, null, null, null, null, null, null, null, null, null, null, null, null, null, null, null, null, null, null, null, null, null, null, null, null, null, null, null, null, null, null, null, null, null, null, null, null, null, null, null, null, null, null, null, null, null, null, null, null, null, null, null, null, null, null, null, null, null, null, null, null, null, null, null, null, null, null, null, null, null, null, null, null, null, null, null, null, null, null, null, null, null, null, null, null, null, null, null, null, null, null, null, null, null, null, null, null, null, null, null, null, null, null, null, null, null, null, null, null, null, null, null, null, null, null, null, null, null, null, null, null, null, null, null, null, null, null, null, null, null, null, null, null, null, null, null, null, null, null, null, null, null, null, null, null, null, null, null, null, null, null, null, null, null, null, null, null, null, null, null, null, null, null, null, null, null, null, null, null, null, null, null, null, null, null, null, null, null, null, null, null, null, null, null, null]"
INF200K01RA0,SBI Contra Fund,31-08-2026,portfolio,(i) NAV at the beginning and end of the month period :,Plan Name:,NAV as on 31.07.2026 (Rs.),NAV as on 31.08.2026 (Rs.),,,,,,,,,,,,INF200K01RA0_SBI CONTRA FUND.xlsx,SCF,183,"[null, null, ""Plan Name:"", ""NAV as on 31.07.2026 (Rs.)"", ""NAV as on 31.08.2026 (Rs.)"", null, null, null, null, null, null, null, null, null, null, null, null, null, null, null, null, null, null, null, null, null, null, null, null, null, null, null, null, null, null, null, null, null, null, null, null, null, null, null, null, null, null, null, null, null, null, null, null, null, null, null, null, null, null, null, null, null, null, null, null, null, null, null, null, null, null, null, null, null, null, null, null, null, null, null, null, null, null, null, null, null, null, null, null, null, null, null, null, null, null, null, null, null, null, null, null, null, null, null, null, null, null, null, null, null, null, null, null, null, null, null, null, null, null, null, null, null, null, null, null, null, null, null, null, null, null, null, null, null, null, null, null, null, null, null, null, null, null, null, null, null, null, null, null, null, null, null, null, null, null, null, null, null, null, null, null, null, null, null, null, null, null, null, null, null, null, null, null, null, null, null, null, null, null, null, null, null, null, null, null, null, null, null, null, null, null, null, null, null, null, null, null, null, null, null, null, null, null, null, null, null, null, null, null, null, null, null, null, null, null, null, null, null, null, null, null, null, null, null, null, null, null, null, null, null, null, null, null, null, null, null, null, null, null, null, null, null, null, null, null, null, null, null, null, null, null, null, null, null, null, null]"
INF200K01RA0,SBI Contra Fund,31-08-2026,portfolio,(i) NAV at the beginning and end of the month period :,Regular Plan - IDCW Option,65.9849,65.6482,,,,,,,,,,,,INF200K01RA0_SBI CONTRA FUND.xlsx,SCF,184,"[null, null, ""Regular Plan - IDCW Option"", 65.9849, 65.6482, null, null, null, null, null, null, null, null, null, null, null, null, null, null, null, null, null, null, null, null, null, null, null, null, null, null, null, null, null, null, null, null, null, null, null, null, null, null, null, null, null, null, null, null, null, null, null, null, null, null, null, null, null, null, null, null, null, null, null, null, null, null, null, null, null, null, null, null, null, null, null, null, null, null, null, null, null, null, null, null, null, null, null, null, null, null, null, null, null, null, null, null, null, null, null, null, null, null, null, null, null, null, null, null, null, null, null, null, null, null, null, null, null, null, null, null, null, null, null, null, null, null, null, null, null, null, null, null, null, null, null, null, null, null, null, null, null, null, null, null, null, null, null, null, null, null, null, null, null, null, null, null, null, null, null, null, null, null, null, null, null, null, null, null, null, null, null, null, null, null, null, null, null, null, null, null, null, null, null, null, null, null, null, null, null, null, null, null, null, null, null, null, null, null, null, null, null, null, null, null, null, null, null, null, null, null, null, null, null, null, null, null, null, null, null, null, null, null, null, null, null, null, null, null, null, null, null, null, null, null, null, null, null, null, null, null, null, null, null, null, null, null, null, null, null, null, null, null, null, null, null]"
INF200K01RA0,SBI Contra Fund,31-08-2026,portfolio,(i) NAV at the beginning and end of the month period :,Regular Plan - Growth Option,380.5241,378.5821,,,,,,,,,,,,INF200K01RA0_SBI CONTRA FUND.xlsx,SCF,185,"[null, null, ""Regular Plan - Growth Option"", 380.5241, 378.5821, null, null, null, null, null, null, null, null, null, null, null, null, null, null, null, null, null, null, null, null, null, null, null, null, null, null, null, null, null, null, null, null, null, null, null, null, null, null, null, null, null, null, null, null, null, null, null, null, null, null, null, null, null, null, null, null, null, null, null, null, null, null, null, null, null, null, null, null, null, null, null, null, null, null, null, null, null, null, null, null, null, null, null, null, null, null, null, null, null, null, null, null, null, null, null, null, null, null, null, null, null, null, null, null, null, null, null, null, null, null, null, null, null, null, null, null, null, null, null, null, null, null, null, null, null, null, null, null, null, null, null, null, null, null, null, null, null, null, null, null, null, null, null, null, null, null, null, null, null, null, null, null, null, null, null, null, null, null, null, null, null, null, null, null, null, null, null, null, null, null, null, null, null, null, null, null, null, null, null, null, null, null, null, null, null, null, null, null, null, null, null, null, null, null, null, null, null, null, null, null, null, null, null, null, null, null, null, null, null, null, null, null, null, null, null, null, null, null, null, null, null, null, null, null, null, null, null, null, null, null, null, null, null, null, null, null, null, null, null, null, null, null, null, null, null, null, null, null, null, null, null]"
INF200K01RA0,SBI Contra Fund,31-08-2026,portfolio,(i) NAV at the beginning and end of the month period :,Direct Plan - IDCW Option,88.4154,88.0214,,,,,,,,,,,,INF200K01RA0_SBI CONTRA FUND.xlsx,SCF,186,"[null, null, ""Direct Plan - IDCW Option"", 88.4154, 88.0214, null, null, null, null, null, null, null, null, null, null, null, null, null, null, null, null, null, null, null, null, null, null, null, null, null, null, null, null, null, null, null, null, null, null, null, null, null, null, null, null, null, null, null, null, null, null, null, null, null, null, null, null, null, null, null, null, null, null, null, null, null, null, null, null, null, null, null, null, null, null, null, null, null, null, null, null, null, null, null, null, null, null, null, null, null, null, null, null, null, null, null, null, null, null, null, null, null, null, null, null, null, null, null, null, null, null, null, null, null, null, null, null, null, null, null, null, null, null, null, null, null, null, null, null, null, null, null, null, null, null, null, null, null, null, null, null, null, null, null, null, null, null, null, null, null, null, null, null, null, null, null, null, null, null, null, null, null, null, null, null, null, null, null, null, null, null, null, null, null, null, null, null, null, null, null, null, null, null, null, null, null, null, null, null, null, null, null, null, null, null, null, null, null, null, null, null, null, null, null, null, null, null, null, null, null, null, null, null, null, null, null, null, null, null, null, null, null, null, null, null, null, null, null, null, null, null, null, null, null, null, null, null, null, null, null, null, null, null, null, null, null, null, null, null, null, null, null, null, null, null, null]"
INF200K01RA0,SBI Contra Fund,31-08-2026,portfolio,(i) NAV at the beginning and end of the month period :,Direct Plan - Growth Option,418.9438,417.0771,,,,,,,,,,,,INF200K01RA0_SBI CONTRA FUND.xlsx,SCF,187,"[null, null, ""Direct Plan - Growth Option"", 418.9438, 417.0771, null, null, null, null, null, null, null, null, null, null, null, null, null, null, null, null, null, null, null, null, null, null, null, null, null, null, null, null, null, null, null, null, null, null, null, null, null, null, null, null, null, null, null, null, null, null, null, null, null, null, null, null, null, null, null, null, null, null, null, null, null, null, null, null, null, null, null, null, null, null, null, null, null, null, null, null, null, null, null, null, null, null, null, null, null, null, null, null, null, null, null, null, null, null, null, null, null, null, null, null, null, null, null, null, null, null, null, null, null, null, null, null, null, null, null, null, null, null, null, null, null, null, null, null, null, null, null, null, null, null, null, null, null, null, null, null, null, null, null, null, null, null, null, null, null, null, null, null, null, null, null, null, null, null, null, null, null, null, null, null, null, null, null, null, null, null, null, null, null, null, null, null, null, null, null, null, null, null, null, null, null, null, null, null, null, null, null, null, null, null, null, null, null, null, null, null, null, null, null, null, null, null, null, null, null, null, null, null, null, null, null, null, null, null, null, null, null, null, null, null, null, null, null, null, null, null, null, null, null, null, null, null, null, null, null, null, null, null, null, null, null, null, null, null, null, null, null, null, null, null, null]"
INF200K01RA0,SBI Contra Fund,31-08-2026,portfolio,"IDCW: IDCW stands for ‘Income Distribution cum Capital Withdrawal’. Investors may note that the amounts can be distributed out of investors’ capital (Equalization Reserve), which is part of the sale price that represents realized gains. In line with SEBI Circular no. SEBI/HO/IMD/DF3/CIR/P/2020/194 dated October 5, 2020, nomenclature of Dividend plans / options has been rephrased with Income Distribution cum Capital Withdrawal (IDCW) options w.e.f April 1, 2021. For details on IDCW, please refer notice cum addendum dated March 27, 2021.","(ii) Dividend declared by the Scheme during the month ending August 31, 2026:",,NIL,,,,,,,,,,,,INF200K01RA0_SBI CONTRA FUND.xlsx,SCF,190,"[null, null, ""(ii) Dividend declared by the Scheme during the month ending August 31, 2026:"", null, ""NIL"", null, null, null, null, null, null, null, null, null, null, null, null, null, null, null, null, null, null, null, null, null, null, null, null, null, null, null, null, null, null, null, null, null, null, null, null, null, null, null, null, null, null, null, null, null, null, null, null, null, null, null, null, null, null, null, null, null, null, null, null, null, null, null, null, null, null, null, null, null, null, null, null, null, null, null, null, null, null, null, null, null, null, null, null, null, null, null, null, null, null, null, null, null, null, null, null, null, null, null, null, null, null, null, null, null, null, null, null, null, null, null, null, null, null, null, null, null, null, null, null, null, null, null, null, null, null, null, null, null, null, null, null, null, null, null, null, null, null, null, null, null, null, null, null, null, null, null, null, null, null, null, null, null, null, null, null, null, null, null, null, null, null, null, null, null, null, null, null, null, null, null, null, null, null, null, null, null, null, null, null, null, null, null, null, null, null, null, null, null, null, null, null, null, null, null, null, null, null, null, null, null, null, null, null, null, null, null, null, null, null, null, null, null, null, null, null, null, null, null, null, null, null, null, null, null, null, null, null, null, null, null, null, null, null, null, null, null, null, null, null, null, null, null, null, null, null, null, null, null, null, null]"
INF200K01RA0,SBI Contra Fund,31-08-2026,portfolio,"IDCW: IDCW stands for ‘Income Distribution cum Capital Withdrawal’. Investors may note that the amounts can be distributed out of investors’ capital (Equalization Reserve), which is part of the sale price that represents realized gains. In line with SEBI Circular no. SEBI/HO/IMD/DF3/CIR/P/2020/194 dated October 5, 2020, nomenclature of Dividend plans / options has been rephrased with Income Distribution cum Capital Withdrawal (IDCW) options w.e.f April 1, 2021. For details on IDCW, please refer notice cum addendum dated March 27, 2021.","(iii) Bonus declared by the Scheme during the month ending August 31, 2026:",,NIL,,,,,,,,,,,,INF200K01RA0_SBI CONTRA FUND.xlsx,SCF,192,"[null, null, ""(iii) Bonus declared by the Scheme during the month ending August 31, 2026:"", null, ""NIL"", null, null, null, null, null, null, null, null, null, null, null, null, null, null, null, null, null, null, null, null, null, null, null, null, null, null, null, null, null, null, null, null, null, null, null, null, null, null, null, null, null, null, null, null, null, null, null, null, null, null, null, null, null, null, null, null, null, null, null, null, null, null, null, null, null, null, null, null, null, null, null, null, null, null, null, null, null, null, null, null, null, null, null, null, null, null, null, null, null, null, null, null, null, null, null, null, null, null, null, null, null, null, null, null, null, null, null, null, null, null, null, null, null, null, null, null, null, null, null, null, null, null, null, null, null, null, null, null, null, null, null, null, null, null, null, null, null, null, null, null, null, null, null, null, null, null, null, null, null, null, null, null, null, null, null, null, null, null, null, null, null, null, null, null, null, null, null, null, null, null, null, null, null, null, null, null, null, null, null, null, null, null, null, null, null, null, null, null, null, null, null, null, null, null, null, null, null, null, null, null, null, null, null, null, null, null, null, null, null, null, null, null, null, null, null, null, null, null, null, null, null, null, null, null, null, null, null, null, null, null, null, null, null, null, null, null, null, null, null, null, null, null, null, null, null, null, null, null, null, null, null]"
INF200K01RA0,SBI Contra Fund,31-08-2026,portfolio,Hedging Positions through Futures as on 31-August-2026 :,Underlying,Series,Long / Short,,,,,,,,,,,,INF200K01RA0_SBI CONTRA FUND.xlsx,SCF,197,"[null, null, ""Underlying"", ""Series"", ""Long / Short"", ""Futures Price when purchased ( Rs. Per unit)"", ""Current price of the contract ( Rs. Per unit)"", ""Margin maintained in Rs. Lakhs"", null, null, null, null, null, null, null, null, null, null, null, null, null, null, null, null, null, null, null, null, null, null, null, null, null, null, null, null, null, null, null, null, null, null, null, null, null, null, null, null, null, null, null, null, null, null, null, null, null, null, null, null, null, null, null, null, null, null, null, null, null, null, null, null, null, null, null, null, null, null, null, null, null, null, null, null, null, null, null, null, null, null, null, null, null, null, null, null, null, null, null, null, null, null, null, null, null, null, null, null, null, null, null, null, null, null, null, null, null, null, null, null, null, null, null, null, null, null, null, null, null, null, null, null, null, null, null, null, null, null, null, null, null, null, null, null, null, null, null, null, null, null, null, null, null, null, null, null, null, null, null, null, null, null, null, null, null, null, null, null, null, null, null, null, null, null, null, null, null, null, null, null, null, null, null, null, null, null, null, null, null, null, null, null, null, null, null, null, null, null, null, null, null, null, null, null, null, null, null, null, null, null, null, null, null, null, null, null, null, null, null, null, null, null, null, null, null, null, null, null, null, null, null, null, null, null, null, null, null, null, null, null, null, null, null, null, null, null, null, null, null, null, null, null, null, null, null, null]"
INF200K01RA0,SBI Contra Fund,31-08-2026,portfolio,Hedging Positions through Futures as on 31-August-2026 :,FSN E-Commerce Ventures Ltd.,29-09-2026 00:00,Short,334.52113,340.85,34085000,4620.418008,,,,,,,,INF200K01RA0_SBI CONTRA FUND.xlsx,SCF,198,"[null, null, ""FSN E-Commerce Ventures Ltd."", ""2026-09-29 00:00:00"", ""Short"", 334.52113, 340.85, 4620.418008000001, null, null, null, null, null, null, null, null, null, null, null, null, null, null, null, null, null, null, null, null, null, null, null, null, null, null, null, null, null, null, null, null, null, null, null, null, null, null, null, null, null, null, null, null, null, null, null, null, null, null, null, null, null, null, null, null, null, null, null, null, null, null, null, null, null, null, null, null, null, null, null, null, null, null, null, null, null, null, null, null, null, null, null, null, null, null, null, null, null, null, null, null, null, null, null, null, null, null, null, null, null, null, null, null, null, null, null, null, null, null, null, null, null, null, null, null, null, null, null, null, null, null, null, null, null, null, null, null, null, null, null, null, null, null, null, null, null, null, null, null, null, null, null, null, null, null, null, null, null, null, null, null, null, null, null, null, null, null, null, null, null, null, null, null, null, null, null, null, null, null, null, null, null, null, null, null, null, null, null, null, null, null, null, null, null, null, null, null, null, null, null, null, null, null, null, null, null, null, null, null, null, null, null, null, null, null, null, null, null, null, null, null, null, null, null, null, null, null, null, null, null, null, null, null, null, null, null, null, null, null, null, null, null, null, null, null, null, null, null, null, null, null, null, null, null, null, null, null]"
INF200K01RA0,SBI Contra Fund,31-08-2026,portfolio,Hedging Positions through Futures as on 31-August-2026 :,Petronet LNG Ltd.,29-09-2026 00:00,Short,291.180322,291.5,29150000,165.0944913,,,,,,,,INF200K01RA0_SBI CONTRA FUND.xlsx,SCF,199,"[null, null, ""Petronet LNG Ltd."", ""2026-09-29 00:00:00"", ""Short"", 291.180322, 291.5, 165.09449130000002, null, null, null, null, null, null, null, null, null, null, null, null, null, null, null, null, null, null, null, null, null, null, null, null, null, null, null, null, null, null, null, null, null, null, null, null, null, null, null, null, null, null, null, null, null, null, null, null, null, null, null, null, null, null, null, null, null, null, null, null, null, null, null, null, null, null, null, null, null, null, null, null, null, null, null, null, null, null, null, null, null, null, null, null, null, null, null, null, null, null, null, null, null, null, null, null, null, null, null, null, null, null, null, null, null, null, null, null, null, null, null, null, null, null, null, null, null, null, null, null, null, null, null, null, null, null, null, null, null, null, null, null, null, null, null, null, null, null, null, null, null, null, null, null, null, null, null, null, null, null, null, null, null, null, null, null, null, null, null, null, null, null, null, null, null, null, null, null, null, null, null, null, null, null, null, null, null, null, null, null, null, null, null, null, null, null, null, null, null, null, null, null, null, null, null, null, null, null, null, null, null, null, null, null, null, null, null, null, null, null, null, null, null, null, null, null, null, null, null, null, null, null, null, null, null, null, null, null, null, null, null, null, null, null, null, null, null, null, null, null, null, null, null, null, null, null, null, null]"
INF200K01RA0,SBI Contra Fund,31-08-2026,portfolio,"For the period 01-August-2026 to 31-August-2026, the following details specified for hedging transactions through futures which have been squared off/expired :",Total Number of contracts where futures were bought (opening balance),,,0,,,,,,,,,,,INF200K01RA0_SBI CONTRA FUND.xlsx,SCF,204,"[null, null, ""Total Number of contracts where futures were bought (opening balance)"", null, null, 0, null, null, null, null, null, null, null, null, null, null, null, null, null, null, null, null, null, null, null, null, null, null, null, null, null, null, null, null, null, null, null, null, null, null, null, null, null, null, null, null, null, null, null, null, null, null, null, null, null, null, null, null, null, null, null, null, null, null, null, null, null, null, null, null, null, null, null, null, null, null, null, null, null, null, null, null, null, null, null, null, null, null, null, null, null, null, null, null, null, null, null, null, null, null, null, null, null, null, null, null, null, null, null, null, null, null, null, null, null, null, null, null, null, null, null, null, null, null, null, null, null, null, null, null, null, null, null, null, null, null, null, null, null, null, null, null, null, null, null, null, null, null, null, null, null, null, null, null, null, null, null, null, null, null, null, null, null, null, null, null, null, null, null, null, null, null, null, null, null, null, null, null, null, null, null, null, null, null, null, null, null, null, null, null, null, null, null, null, null, null, null, null, null, null, null, null, null, null, null, null, null, null, null, null, null, null, null, null, null, null, null, null, null, null, null, null, null, null, null, null, null, null, null, null, null, null, null, null, null, null, null, null, null, null, null, null, null, null, null, null, null, null, null, null, null, null, null, null, null, null]"
INF200K01RA0,SBI Contra Fund,31-08-2026,portfolio,"For the period 01-August-2026 to 31-August-2026, the following details specified for hedging transactions through futures which have been squared off/expired :",Total Number of contracts where futures were bought,,,2886,,,,,,,,,,,INF200K01RA0_SBI CONTRA FUND.xlsx,SCF,205,"[null, null, ""Total Number of contracts where futures were bought"", null, null, 2886, null, null, null, null, null, null, null, null, null, null, null, null, null, null, null, null, null, null, null, null, null, null, null, null, null, null, null, null, null, null, null, null, null, null, null, null, null, null, null, null, null, null, null, null, null, null, null, null, null, null, null, null, null, null, null, null, null, null, null, null, null, null, null, null, null, null, null, null, null, null, null, null, null, null, null, null, null, null, null, null, null, null, null, null, null, null, null, null, null, null, null, null, null, null, null, null, null, null, null, null, null, null, null, null, null, null, null, null, null, null, null, null, null, null, null, null, null, null, null, null, null, null, null, null, null, null, null, null, null, null, null, null, null, null, null, null, null, null, null, null, null, null, null, null, null, null, null, null, null, null, null, null, null, null, null, null, null, null, null, null, null, null, null, null, null, null, null, null, null, null, null, null, null, null, null, null, null, null, null, null, null, null, null, null, null, null, null, null, null, null, null, null, null, null, null, null, null, null, null, null, null, null, null, null, null, null, null, null, null, null, null, null, null, null, null, null, null, null, null, null, null, null, null, null, null, null, null, null, null, null, null, null, null, null, null, null, null, null, null, null, null, null, null, null, null, null, null, null, null, null]"
INF200K01RA0,SBI Contra Fund,31-08-2026,portfolio,"For the period 01-August-2026 to 31-August-2026, the following details specified for hedging transactions through futures which have been squared off/expired :",Total Number of contracts where futures were sold (opening balance),,,2355,,,,,,,,,,,INF200K01RA0_SBI CONTRA FUND.xlsx,SCF,206,"[null, null, ""Total Number of contracts where futures were sold (opening balance)"", null, null, 2355, null, null, null, null, null, null, null, null, null, null, null, null, null, null, null, null, null, null, null, null, null, null, null, null, null, null, null, null, null, null, null, null, null, null, null, null, null, null, null, null, null, null, null, null, null, null, null, null, null, null, null, null, null, null, null, null, null, null, null, null, null, null, null, null, null, null, null, null, null, null, null, null, null, null, null, null, null, null, null, null, null, null, null, null, null, null, null, null, null, null, null, null, null, null, null, null, null, null, null, null, null, null, null, null, null, null, null, null, null, null, null, null, null, null, null, null, null, null, null, null, null, null, null, null, null, null, null, null, null, null, null, null, null, null, null, null, null, null, null, null, null, null, null, null, null, null, null, null, null, null, null, null, null, null, null, null, null, null, null, null, null, null, null, null, null, null, null, null, null, null, null, null, null, null, null, null, null, null, null, null, null, null, null, null, null, null, null, null, null, null, null, null, null, null, null, null, null, null, null, null, null, null, null, null, null, null, null, null, null, null, null, null, null, null, null, null, null, null, null, null, null, null, null, null, null, null, null, null, null, null, null, null, null, null, null, null, null, null, null, null, null, null, null, null, null, null, null, null, null, null]"
INF200K01RA0,SBI Contra Fund,31-08-2026,portfolio,"For the period 01-August-2026 to 31-August-2026, the following details specified for hedging transactions through futures which have been squared off/expired :",Total Number of contracts where futures were sold,,,531,,,,,,,,,,,INF200K01RA0_SBI CONTRA FUND.xlsx,SCF,207,"[null, null, ""Total Number of contracts where futures were sold"", null, null, 531, null, null, null, null, null, null, null, null, null, null, null, null, null, null, null, null, null, null, null, null, null, null, null, null, null, null, null, null, null, null, null, null, null, null, null, null, null, null, null, null, null, null, null, null, null, null, null, null, null, null, null, null, null, null, null, null, null, null, null, null, null, null, null, null, null, null, null, null, null, null, null, null, null, null, null, null, null, null, null, null, null, null, null, null, null, null, null, null, null, null, null, null, null, null, null, null, null, null, null, null, null, null, null, null, null, null, null, null, null, null, null, null, null, null, null, null, null, null, null, null, null, null, null, null, null, null, null, null, null, null, null, null, null, null, null, null, null, null, null, null, null, null, null, null, null, null, null, null, null, null, null, null, null, null, null, null, null, null, null, null, null, null, null, null, null, null, null, null, null, null, null, null, null, null, null, null, null, null, null, null, null, null, null, null, null, null, null, null, null, null, null, null, null, null, null, null, null, null, null, null, null, null, null, null, null, null, null, null, null, null, null, null, null, null, null, null, null, null, null, null, null, null, null, null, null, null, null, null, null, null, null, null, null, null, null, null, null, null, null, null, null, null, null, null, null, null, null, null, null, null]"
INF200K01RA0,SBI Contra Fund,31-08-2026,portfolio,"For the period 01-August-2026 to 31-August-2026, the following details specified for hedging transactions through futures which have been squared off/expired :",Gross Notional Value of contracts where futures were bought (opening balance) Rs.,,,0,,,,,,,,,,,INF200K01RA0_SBI CONTRA FUND.xlsx,SCF,208,"[null, null, ""Gross Notional Value of contracts where futures were bought (opening balance) Rs."", null, null, 0, null, null, null, null, null, null, null, null, null, null, null, null, null, null, null, null, null, null, null, null, null, null, null, null, null, null, null, null, null, null, null, null, null, null, null, null, null, null, null, null, null, null, null, null, null, null, null, null, null, null, null, null, null, null, null, null, null, null, null, null, null, null, null, null, null, null, null, null, null, null, null, null, null, null, null, null, null, null, null, null, null, null, null, null, null, null, null, null, null, null, null, null, null, null, null, null, null, null, null, null, null, null, null, null, null, null, null, null, null, null, null, null, null, null, null, null, null, null, null, null, null, null, null, null, null, null, null, null, null, null, null, null, null, null, null, null, null, null, null, null, null, null, null, null, null, null, null, null, null, null, null, null, null, null, null, null, null, null, null, null, null, null, null, null, null, null, null, null, null, null, null, null, null, null, null, null, null, null, null, null, null, null, null, null, null, null, null, null, null, null, null, null, null, null, null, null, null, null, null, null, null, null, null, null, null, null, null, null, null, null, null, null, null, null, null, null, null, null, null, null, null, null, null, null, null, null, null, null, null, null, null, null, null, null, null, null, null, null, null, null, null, null, null, null, null, null, null, null, null, null]"
INF200K01RA0,SBI Contra Fund,31-08-2026,portfolio,"For the period 01-August-2026 to 31-August-2026, the following details specified for hedging transactions through futures which have been squared off/expired :",Gross Notional Value of contracts where futures were bought Rs.,,,2907390764,,,,,,,,,,,INF200K01RA0_SBI CONTRA FUND.xlsx,SCF,209,"[null, null, ""Gross Notional Value of contracts where futures were bought Rs."", null, null, 2907390763.5, null, null, null, null, null, null, null, null, null, null, null, null, null, null, null, null, null, null, null, null, null, null, null, null, null, null, null, null, null, null, null, null, null, null, null, null, null, null, null, null, null, null, null, null, null, null, null, null, null, null, null, null, null, null, null, null, null, null, null, null, null, null, null, null, null, null, null, null, null, null, null, null, null, null, null, null, null, null, null, null, null, null, null, null, null, null, null, null, null, null, null, null, null, null, null, null, null, null, null, null, null, null, null, null, null, null, null, null, null, null, null, null, null, null, null, null, null, null, null, null, null, null, null, null, null, null, null, null, null, null, null, null, null, null, null, null, null, null, null, null, null, null, null, null, null, null, null, null, null, null, null, null, null, null, null, null, null, null, null, null, null, null, null, null, null, null, null, null, null, null, null, null, null, null, null, null, null, null, null, null, null, null, null, null, null, null, null, null, null, null, null, null, null, null, null, null, null, null, null, null, null, null, null, null, null, null, null, null, null, null, null, null, null, null, null, null, null, null, null, null, null, null, null, null, null, null, null, null, null, null, null, null, null, null, null, null, null, null, null, null, null, null, null, null, null, null, null, null, null, null]"
INF200K01RA0,SBI Contra Fund,31-08-2026,portfolio,"For the period 01-August-2026 to 31-August-2026, the following details specified for hedging transactions through futures which have been squared off/expired :",Gross Notional Value of contracts where futures were sold (opening balance) Rs.,,,2396039737,,,,,,,,,,,INF200K01RA0_SBI CONTRA FUND.xlsx,SCF,210,"[null, null, ""Gross Notional Value of contracts where futures were sold (opening balance) Rs."", null, null, 2396039737.19, null, null, null, null, null, null, null, null, null, null, null, null, null, null, null, null, null, null, null, null, null, null, null, null, null, null, null, null, null, null, null, null, null, null, null, null, null, null, null, null, null, null, null, null, null, null, null, null, null, null, null, null, null, null, null, null, null, null, null, null, null, null, null, null, null, null, null, null, null, null, null, null, null, null, null, null, null, null, null, null, null, null, null, null, null, null, null, null, null, null, null, null, null, null, null, null, null, null, null, null, null, null, null, null, null, null, null, null, null, null, null, null, null, null, null, null, null, null, null, null, null, null, null, null, null, null, null, null, null, null, null, null, null, null, null, null, null, null, null, null, null, null, null, null, null, null, null, null, null, null, null, null, null, null, null, null, null, null, null, null, null, null, null, null, null, null, null, null, null, null, null, null, null, null, null, null, null, null, null, null, null, null, null, null, null, null, null, null, null, null, null, null, null, null, null, null, null, null, null, null, null, null, null, null, null, null, null, null, null, null, null, null, null, null, null, null, null, null, null, null, null, null, null, null, null, null, null, null, null, null, null, null, null, null, null, null, null, null, null, null, null, null, null, null, null, null, null, null, null, null]"
INF200K01RA0,SBI Contra Fund,31-08-2026,portfolio,"For the period 01-August-2026 to 31-August-2026, the following details specified for hedging transactions through futures which have been squared off/expired :",Gross Notional Value of contracts where futures were sold Rs.,,,456618013.8,,,,,,,,,,,INF200K01RA0_SBI CONTRA FUND.xlsx,SCF,211,"[null, null, ""Gross Notional Value of contracts where futures were sold Rs."", null, null, 456618013.83, null, null, null, null, null, null, null, null, null, null, null, null, null, null, null, null, null, null, null, null, null, null, null, null, null, null, null, null, null, null, null, null, null, null, null, null, null, null, null, null, null, null, null, null, null, null, null, null, null, null, null, null, null, null, null, null, null, null, null, null, null, null, null, null, null, null, null, null, null, null, null, null, null, null, null, null, null, null, null, null, null, null, null, null, null, null, null, null, null, null, null, null, null, null, null, null, null, null, null, null, null, null, null, null, null, null, null, null, null, null, null, null, null, null, null, null, null, null, null, null, null, null, null, null, null, null, null, null, null, null, null, null, null, null, null, null, null, null, null, null, null, null, null, null, null, null, null, null, null, null, null, null, null, null, null, null, null, null, null, null, null, null, null, null, null, null, null, null, null, null, null, null, null, null, null, null, null, null, null, null, null, null, null, null, null, null, null, null, null, null, null, null, null, null, null, null, null, null, null, null, null, null, null, null, null, null, null, null, null, null, null, null, null, null, null, null, null, null, null, null, null, null, null, null, null, null, null, null, null, null, null, null, null, null, null, null, null, null, null, null, null, null, null, null, null, null, null, null, null, null]"
INF200K01RA0,SBI Contra Fund,31-08-2026,portfolio,"For the period 01-August-2026 to 31-August-2026, the following details specified for hedging transactions through futures which have been squared off/expired :",Net Profit/Loss value on all contracts combined Rs.,,,-54733012.48,,,,,,,,,,,INF200K01RA0_SBI CONTRA FUND.xlsx,SCF,212,"[null, null, ""Net Profit/Loss value on all contracts combined Rs."", null, null, -54733012.48000002, null, null, null, null, null, null, null, null, null, null, null, null, null, null, null, null, null, null, null, null, null, null, null, null, null, null, null, null, null, null, null, null, null, null, null, null, null, null, null, null, null, null, null, null, null, null, null, null, null, null, null, null, null, null, null, null, null, null, null, null, null, null, null, null, null, null, null, null, null, null, null, null, null, null, null, null, null, null, null, null, null, null, null, null, null, null, null, null, null, null, null, null, null, null, null, null, null, null, null, null, null, null, null, null, null, null, null, null, null, null, null, null, null, null, null, null, null, null, null, null, null, null, null, null, null, null, null, null, null, null, null, null, null, null, null, null, null, null, null, null, null, null, null, null, null, null, null, null, null, null, null, null, null, null, null, null, null, null, null, null, null, null, null, null, null, null, null, null, null, null, null, null, null, null, null, null, null, null, null, null, null, null, null, null, null, null, null, null, null, null, null, null, null, null, null, null, null, null, null, null, null, null, null, null, null, null, null, null, null, null, null, null, null, null, null, null, null, null, null, null, null, null, null, null, null, null, null, null, null, null, null, null, null, null, null, null, null, null, null, null, null, null, null, null, null, null, null, null, null, null]"
INF200K01RA0,SBI Contra Fund,31-08-2026,portfolio,Other than Hedging Positions through Futures as on 31-August-2026 :,Underlying,Series,Long / Short,,,,,,,,,,,,INF200K01RA0_SBI CONTRA FUND.xlsx,SCF,216,"[null, null, ""Underlying"", ""Series"", ""Long / Short"", ""Futures Price when purchased ( Rs. Per unit)"", ""Current price of the contract ( Rs. Per unit)"", ""Margin maintained in Rs. Lakhs"", null, null, null, null, null, null, null, null, null, null, null, null, null, null, null, null, null, null, null, null, null, null, null, null, null, null, null, null, null, null, null, null, null, null, null, null, null, null, null, null, null, null, null, null, null, null, null, null, null, null, null, null, null, null, null, null, null, null, null, null, null, null, null, null, null, null, null, null, null, null, null, null, null, null, null, null, null, null, null, null, null, null, null, null, null, null, null, null, null, null, null, null, null, null, null, null, null, null, null, null, null, null, null, null, null, null, null, null, null, null, null, null, null, null, null, null, null, null, null, null, null, null, null, null, null, null, null, null, null, null, null, null, null, null, null, null, null, null, null, null, null, null, null, null, null, null, null, null, null, null, null, null, null, null, null, null, null, null, null, null, null, null, null, null, null, null, null, null, null, null, null, null, null, null, null, null, null, null, null, null, null, null, null, null, null, null, null, null, null, null, null, null, null, null, null, null, null, null, null, null, null, null, null, null, null, null, null, null, null, null, null, null, null, null, null, null, null, null, null, null, null, null, null, null, null, null, null, null, null, null, null, null, null, null, null, null, null, null, null, null, null, null, null, null, null, null, null, null]"
INF200K01RA0,SBI Contra Fund,31-08-2026,portfolio,Other than Hedging Positions through Futures as on 31-August-2026 :,Bank Nifty Index 29-09-2026,29-09-2026 00:00,Long,58035.61279,57887.2,5788720000,15724.824,,,,,,,,INF200K01RA0_SBI CONTRA FUND.xlsx,SCF,217,"[null, null, ""Bank Nifty Index 29-09-2026"", ""2026-09-29 00:00:00"", ""Long"", 58035.612788, 57887.2, 15724.824, null, null, null, null, null, null, null, null, null, null, null, null, null, null, null, null, null, null, null, null, null, null, null, null, null, null, null, null, null, null, null, null, null, null, null, null, null, null, null, null, null, null, null, null, null, null, null, null, null, null, null, null, null, null, null, null, null, null, null, null, null, null, null, null, null, null, null, null, null, null, null, null, null, null, null, null, null, null, null, null, null, null, null, null, null, null, null, null, null, null, null, null, null, null, null, null, null, null, null, null, null, null, null, null, null, null, null, null, null, null, null, null, null, null, null, null, null, null, null, null, null, null, null, null, null, null, null, null, null, null, null, null, null, null, null, null, null, null, null, null, null, null, null, null, null, null, null, null, null, null, null, null, null, null, null, null, null, null, null, null, null, null, null, null, null, null, null, null, null, null, null, null, null, null, null, null, null, null, null, null, null, null, null, null, null, null, null, null, null, null, null, null, null, null, null, null, null, null, null, null, null, null, null, null, null, null, null, null, null, null, null, null, null, null, null, null, null, null, null, null, null, null, null, null, null, null, null, null, null, null, null, null, null, null, null, null, null, null, null, null, null, null, null, null, null, null, null, null]"
INF200K01RA0,SBI Contra Fund,31-08-2026,portfolio,Other than Hedging Positions through Futures as on 31-August-2026 :,Nifty Index 29-09-2026,29-09-2026 00:00,Long,24355.52504,24251.4,2425140000,13775.53896,,,,,,,,INF200K01RA0_SBI CONTRA FUND.xlsx,SCF,218,"[null, null, ""Nifty Index 29-09-2026"", ""2026-09-29 00:00:00"", ""Long"", 24355.525038, 24251.4, 13775.53896, null, null, null, null, null, null, null, null, null, null, null, null, null, null, null, null, null, null, null, null, null, null, null, null, null, null, null, null, null, null, null, null, null, null, null, null, null, null, null, null, null, null, null, null, null, null, null, null, null, null, null, null, null, null, null, null, null, null, null, null, null, null, null, null, null, null, null, null, null, null, null, null, null, null, null, null, null, null, null, null, null, null, null, null, null, null, null, null, null, null, null, null, null, null, null, null, null, null, null, null, null, null, null, null, null, null, null, null, null, null, null, null, null, null, null, null, null, null, null, null, null, null, null, null, null, null, null, null, null, null, null, null, null, null, null, null, null, null, null, null, null, null, null, null, null, null, null, null, null, null, null, null, null, null, null, null, null, null, null, null, null, null, null, null, null, null, null, null, null, null, null, null, null, null, null, null, null, null, null, null, null, null, null, null, null, null, null, null, null, null, null, null, null, null, null, null, null, null, null, null, null, null, null, null, null, null, null, null, null, null, null, null, null, null, null, null, null, null, null, null, null, null, null, null, null, null, null, null, null, null, null, null, null, null, null, null, null, null, null, null, null, null, null, null, null, null, null, null]"
INF200K01RA0,SBI Contra Fund,31-08-2026,portfolio,Other than Hedging Positions through Futures as on 31-August-2026 :,Wipro Ltd.,29-09-2026 00:00,Long,181.0447,178.38,17838000,4831.4925,,,,,,,,INF200K01RA0_SBI CONTRA FUND.xlsx,SCF,219,"[null, null, ""Wipro Ltd."", ""2026-09-29 00:00:00"", ""Long"", 181.0447, 178.38, 4831.4925, null, null, null, null, null, null, null, null, null, null, null, null, null, null, null, null, null, null, null, null, null, null, null, null, null, null, null, null, null, null, null, null, null, null, null, null, null, null, null, null, null, null, null, null, null, null, null, null, null, null, null, null, null, null, null, null, null, null, null, null, null, null, null, null, null, null, null, null, null, null, null, null, null, null, null, null, null, null, null, null, null, null, null, null, null, null, null, null, null, null, null, null, null, null, null, null, null, null, null, null, null, null, null, null, null, null, null, null, null, null, null, null, null, null, null, null, null, null, null, null, null, null, null, null, null, null, null, null, null, null, null, null, null, null, null, null, null, null, null, null, null, null, null, null, null, null, null, null, null, null, null, null, null, null, null, null, null, null, null, null, null, null, null, null, null, null, null, null, null, null, null, null, null, null, null, null, null, null, null, null, null, null, null, null, null, null, null, null, null, null, null, null, null, null, null, null, null, null, null, null, null, null, null, null, null, null, null, null, null, null, null, null, null, null, null, null, null, null, null, null, null, null, null, null, null, null, null, null, null, null, null, null, null, null, null, null, null, null, null, null, null, null, null, null, null, null, null, null]"
INF200K01RA0,SBI Contra Fund,31-08-2026,portfolio,"For the period 01-August-2026 to 31-August-2026, the following details specified for non-hedging transactions through futures which have been squared off/expired :",Total Number of contracts where futures were bought (opening balance),,,30663,,,,,,,,,,,INF200K01RA0_SBI CONTRA FUND.xlsx,SCF,224,"[null, null, ""Total Number of contracts where futures were bought (opening balance)"", null, null, 30663, null, null, null, null, null, null, null, null, null, null, null, null, null, null, null, null, null, null, null, null, null, null, null, null, null, null, null, null, null, null, null, null, null, null, null, null, null, null, null, null, null, null, null, null, null, null, null, null, null, null, null, null, null, null, null, null, null, null, null, null, null, null, null, null, null, null, null, null, null, null, null, null, null, null, null, null, null, null, null, null, null, null, null, null, null, null, null, null, null, null, null, null, null, null, null, null, null, null, null, null, null, null, null, null, null, null, null, null, null, null, null, null, null, null, null, null, null, null, null, null, null, null, null, null, null, null, null, null, null, null, null, null, null, null, null, null, null, null, null, null, null, null, null, null, null, null, null, null, null, null, null, null, null, null, null, null, null, null, null, null, null, null, null, null, null, null, null, null, null, null, null, null, null, null, null, null, null, null, null, null, null, null, null, null, null, null, null, null, null, null, null, null, null, null, null, null, null, null, null, null, null, null, null, null, null, null, null, null, null, null, null, null, null, null, null, null, null, null, null, null, null, null, null, null, null, null, null, null, null, null, null, null, null, null, null, null, null, null, null, null, null, null, null, null, null, null, null, null, null, null]"
INF200K01RA0,SBI Contra Fund,31-08-2026,portfolio,"For the period 01-August-2026 to 31-August-2026, the following details specified for non-hedging transactions through futures which have been squared off/expired :",Total Number of contracts where futures were bought,,,1918,,,,,,,,,,,INF200K01RA0_SBI CONTRA FUND.xlsx,SCF,225,"[null, null, ""Total Number of contracts where futures were bought"", null, null, 1918, null, null, null, null, null, null, null, null, null, null, null, null, null, null, null, null, null, null, null, null, null, null, null, null, null, null, null, null, null, null, null, null, null, null, null, null, null, null, null, null, null, null, null, null, null, null, null, null, null, null, null, null, null, null, null, null, null, null, null, null, null, null, null, null, null, null, null, null, null, null, null, null, null, null, null, null, null, null, null, null, null, null, null, null, null, null, null, null, null, null, null, null, null, null, null, null, null, null, null, null, null, null, null, null, null, null, null, null, null, null, null, null, null, null, null, null, null, null, null, null, null, null, null, null, null, null, null, null, null, null, null, null, null, null, null, null, null, null, null, null, null, null, null, null, null, null, null, null, null, null, null, null, null, null, null, null, null, null, null, null, null, null, null, null, null, null, null, null, null, null, null, null, null, null, null, null, null, null, null, null, null, null, null, null, null, null, null, null, null, null, null, null, null, null, null, null, null, null, null, null, null, null, null, null, null, null, null, null, null, null, null, null, null, null, null, null, null, null, null, null, null, null, null, null, null, null, null, null, null, null, null, null, null, null, null, null, null, null, null, null, null, null, null, null, null, null, null, null, null, null]"
INF200K01RA0,SBI Contra Fund,31-08-2026,portfolio,"For the period 01-August-2026 to 31-August-2026, the following details specified for non-hedging transactions through futures which have been squared off/expired :",Total Number of contracts where futures were sold (opening balance),,,,,,,,,,,,,,INF200K01RA0_SBI CONTRA FUND.xlsx,SCF,226,"[null, null, ""Total Number of contracts where futures were sold (opening balance)"", null, null, ""Nil"", null, null, null, null, null, null, null, null, null, null, null, null, null, null, null, null, null, null, null, null, null, null, null, null, null, null, null, null, null, null, null, null, null, null, null, null, null, null, null, null, null, null, null, null, null, null, null, null, null, null, null, null, null, null, null, null, null, null, null, null, null, null, null, null, null, null, null, null, null, null, null, null, null, null, null, null, null, null, null, null, null, null, null, null, null, null, null, null, null, null, null, null, null, null, null, null, null, null, null, null, null, null, null, null, null, null, null, null, null, null, null, null, null, null, null, null, null, null, null, null, null, null, null, null, null, null, null, null, null, null, null, null, null, null, null, null, null, null, null, null, null, null, null, null, null, null, null, null, null, null, null, null, null, null, null, null, null, null, null, null, null, null, null, null, null, null, null, null, null, null, null, null, null, null, null, null, null, null, null, null, null, null, null, null, null, null, null, null, null, null, null, null, null, null, null, null, null, null, null, null, null, null, null, null, null, null, null, null, null, null, null, null, null, null, null, null, null, null, null, null, null, null, null, null, null, null, null, null, null, null, null, null, null, null, null, null, null, null, null, null, null, null, null, null, null, null, null, null, null, null]"
INF200K01RA0,SBI Contra Fund,31-08-2026,portfolio,"For the period 01-August-2026 to 31-August-2026, the following details specified for non-hedging transactions through futures which have been squared off/expired :",Total Number of contracts where futures were sold,,,32581,,,,,,,,,,,INF200K01RA0_SBI CONTRA FUND.xlsx,SCF,227,"[null, null, ""Total Number of contracts where futures were sold"", null, null, 32581, null, null, null, null, null, null, null, null, null, null, null, null, null, null, null, null, null, null, null, null, null, null, null, null, null, null, null, null, null, null, null, null, null, null, null, null, null, null, null, null, null, null, null, null, null, null, null, null, null, null, null, null, null, null, null, null, null, null, null, null, null, null, null, null, null, null, null, null, null, null, null, null, null, null, null, null, null, null, null, null, null, null, null, null, null, null, null, null, null, null, null, null, null, null, null, null, null, null, null, null, null, null, null, null, null, null, null, null, null, null, null, null, null, null, null, null, null, null, null, null, null, null, null, null, null, null, null, null, null, null, null, null, null, null, null, null, null, null, null, null, null, null, null, null, null, null, null, null, null, null, null, null, null, null, null, null, null, null, null, null, null, null, null, null, null, null, null, null, null, null, null, null, null, null, null, null, null, null, null, null, null, null, null, null, null, null, null, null, null, null, null, null, null, null, null, null, null, null, null, null, null, null, null, null, null, null, null, null, null, null, null, null, null, null, null, null, null, null, null, null, null, null, null, null, null, null, null, null, null, null, null, null, null, null, null, null, null, null, null, null, null, null, null, null, null, null, null, null, null, null]"
INF200K01RA0,SBI Contra Fund,31-08-2026,portfolio,"For the period 01-August-2026 to 31-August-2026, the following details specified for non-hedging transactions through futures which have been squared off/expired :",Gross Notional Value of contracts where futures were bought (opening balance) Rs.,,,43110572715,,,,,,,,,,,INF200K01RA0_SBI CONTRA FUND.xlsx,SCF,228,"[null, null, ""Gross Notional Value of contracts where futures were bought (opening balance) Rs."", null, null, 43110572715.490005, null, null, null, null, null, null, null, null, null, null, null, null, null, null, null, null, null, null, null, null, null, null, null, null, null, null, null, null, null, null, null, null, null, null, null, null, null, null, null, null, null, null, null, null, null, null, null, null, null, null, null, null, null, null, null, null, null, null, null, null, null, null, null, null, null, null, null, null, null, null, null, null, null, null, null, null, null, null, null, null, null, null, null, null, null, null, null, null, null, null, null, null, null, null, null, null, null, null, null, null, null, null, null, null, null, null, null, null, null, null, null, null, null, null, null, null, null, null, null, null, null, null, null, null, null, null, null, null, null, null, null, null, null, null, null, null, null, null, null, null, null, null, null, null, null, null, null, null, null, null, null, null, null, null, null, null, null, null, null, null, null, null, null, null, null, null, null, null, null, null, null, null, null, null, null, null, null, null, null, null, null, null, null, null, null, null, null, null, null, null, null, null, null, null, null, null, null, null, null, null, null, null, null, null, null, null, null, null, null, null, null, null, null, null, null, null, null, null, null, null, null, null, null, null, null, null, null, null, null, null, null, null, null, null, null, null, null, null, null, null, null, null, null, null, null, null, null, null, null, null]"
INF200K01RA0,SBI Contra Fund,31-08-2026,portfolio,"For the period 01-August-2026 to 31-August-2026, the following details specified for non-hedging transactions through futures which have been squared off/expired :",Gross Notional Value of contracts where futures were bought Rs.,,,1047880517,,,,,,,,,,,INF200K01RA0_SBI CONTRA FUND.xlsx,SCF,229,"[null, null, ""Gross Notional Value of contracts where futures were bought Rs."", null, null, 1047880516.64, null, null, null, null, null, null, null, null, null, null, null, null, null, null, null, null, null, null, null, null, null, null, null, null, null, null, null, null, null, null, null, null, null, null, null, null, null, null, null, null, null, null, null, null, null, null, null, null, null, null, null, null, null, null, null, null, null, null, null, null, null, null, null, null, null, null, null, null, null, null, null, null, null, null, null, null, null, null, null, null, null, null, null, null, null, null, null, null, null, null, null, null, null, null, null, null, null, null, null, null, null, null, null, null, null, null, null, null, null, null, null, null, null, null, null, null, null, null, null, null, null, null, null, null, null, null, null, null, null, null, null, null, null, null, null, null, null, null, null, null, null, null, null, null, null, null, null, null, null, null, null, null, null, null, null, null, null, null, null, null, null, null, null, null, null, null, null, null, null, null, null, null, null, null, null, null, null, null, null, null, null, null, null, null, null, null, null, null, null, null, null, null, null, null, null, null, null, null, null, null, null, null, null, null, null, null, null, null, null, null, null, null, null, null, null, null, null, null, null, null, null, null, null, null, null, null, null, null, null, null, null, null, null, null, null, null, null, null, null, null, null, null, null, null, null, null, null, null, null, null]"
INF200K01RA0,SBI Contra Fund,31-08-2026,portfolio,"For the period 01-August-2026 to 31-August-2026, the following details specified for non-hedging transactions through futures which have been squared off/expired :",Gross Notional Value of contracts where futures were sold (opening balance) Rs.,,,0,,,,,,,,,,,INF200K01RA0_SBI CONTRA FUND.xlsx,SCF,230,"[null, null, ""Gross Notional Value of contracts where futures were sold (opening balance) Rs."", null, null, 0, null, null, null, null, null, null, null, null, null, null, null, null, null, null, null, null, null, null, null, null, null, null, null, null, null, null, null, null, null, null, null, null, null, null, null, null, null, null, null, null, null, null, null, null, null, null, null, null, null, null, null, null, null, null, null, null, null, null, null, null, null, null, null, null, null, null, null, null, null, null, null, null, null, null, null, null, null, null, null, null, null, null, null, null, null, null, null, null, null, null, null, null, null, null, null, null, null, null, null, null, null, null, null, null, null, null, null, null, null, null, null, null, null, null, null, null, null, null, null, null, null, null, null, null, null, null, null, null, null, null, null, null, null, null, null, null, null, null, null, null, null, null, null, null, null, null, null, null, null, null, null, null, null, null, null, null, null, null, null, null, null, null, null, null, null, null, null, null, null, null, null, null, null, null, null, null, null, null, null, null, null, null, null, null, null, null, null, null, null, null, null, null, null, null, null, null, null, null, null, null, null, null, null, null, null, null, null, null, null, null, null, null, null, null, null, null, null, null, null, null, null, null, null, null, null, null, null, null, null, null, null, null, null, null, null, null, null, null, null, null, null, null, null, null, null, null, null, null, null, null]"
INF200K01RA0,SBI Contra Fund,31-08-2026,portfolio,"For the period 01-August-2026 to 31-August-2026, the following details specified for non-hedging transactions through futures which have been squared off/expired :",Gross Notional Value of contracts where futures were sold Rs.,,,44768178880,,,,,,,,,,,INF200K01RA0_SBI CONTRA FUND.xlsx,SCF,231,"[null, null, ""Gross Notional Value of contracts where futures were sold Rs."", null, null, 44768178879.5, null, null, null, null, null, null, null, null, null, null, null, null, null, null, null, null, null, null, null, null, null, null, null, null, null, null, null, null, null, null, null, null, null, null, null, null, null, null, null, null, null, null, null, null, null, null, null, null, null, null, null, null, null, null, null, null, null, null, null, null, null, null, null, null, null, null, null, null, null, null, null, null, null, null, null, null, null, null, null, null, null, null, null, null, null, null, null, null, null, null, null, null, null, null, null, null, null, null, null, null, null, null, null, null, null, null, null, null, null, null, null, null, null, null, null, null, null, null, null, null, null, null, null, null, null, null, null, null, null, null, null, null, null, null, null, null, null, null, null, null, null, null, null, null, null, null, null, null, null, null, null, null, null, null, null, null, null, null, null, null, null, null, null, null, null, null, null, null, null, null, null, null, null, null, null, null, null, null, null, null, null, null, null, null, null, null, null, null, null, null, null, null, null, null, null, null, null, null, null, null, null, null, null, null, null, null, null, null, null, null, null, null, null, null, null, null, null, null, null, null, null, null, null, null, null, null, null, null, null, null, null, null, null, null, null, null, null, null, null, null, null, null, null, null, null, null, null, null, null, null]"
INF200K01RA0,SBI Contra Fund,31-08-2026,portfolio,"For the period 01-August-2026 to 31-August-2026, the following details specified for non-hedging transactions through futures which have been squared off/expired :",Net Profit/Loss value on all contracts combined Rs.,,,609725647.4,,,,,,,,,,,INF200K01RA0_SBI CONTRA FUND.xlsx,SCF,232,"[null, null, ""Net Profit/Loss value on all contracts combined Rs."", null, null, 609725647.3699951, null, null, null, null, null, null, null, null, null, null, null, null, null, null, null, null, null, null, null, null, null, null, null, null, null, null, null, null, null, null, null, null, null, null, null, null, null, null, null, null, null, null, null, null, null, null, null, null, null, null, null, null, null, null, null, null, null, null, null, null, null, null, null, null, null, null, null, null, null, null, null, null, null, null, null, null, null, null, null, null, null, null, null, null, null, null, null, null, null, null, null, null, null, null, null, null, null, null, null, null, null, null, null, null, null, null, null, null, null, null, null, null, null, null, null, null, null, null, null, null, null, null, null, null, null, null, null, null, null, null, null, null, null, null, null, null, null, null, null, null, null, null, null, null, null, null, null, null, null, null, null, null, null, null, null, null, null, null, null, null, null, null, null, null, null, null, null, null, null, null, null, null, null, null, null, null, null, null, null, null, null, null, null, null, null, null, null, null, null, null, null, null, null, null, null, null, null, null, null, null, null, null, null, null, null, null, null, null, null, null, null, null, null, null, null, null, null, null, null, null, null, null, null, null, null, null, null, null, null, null, null, null, null, null, null, null, null, null, null, null, null, null, null, null, null, null, null, null, null, null]"
INF200K01RA0,SBI Contra Fund,31-08-2026,portfolio,a) through Covered Call Options :,Underlying,Series,Call/Put,,,,,,,,,,,,INF200K01RA0_SBI CONTRA FUND.xlsx,SCF,238,"[null, null, ""Underlying"", ""Series"", ""Call/Put"", ""Long/Short"", ""Number of Contracts"", ""Strike Price"", ""Option Price when Sold"", ""Current Option Price"", ""Market Value of Underlying Assets"", ""Total Exposure through options as a %age of net assets (In terms of Market Value of Underlying Assets)"", null, null, null, null, null, null, null, null, null, null, null, null, null, null, null, null, null, null, null, null, null, null, null, null, null, null, null, null, null, null, null, null, null, null, null, null, null, null, null, null, null, null, null, null, null, null, null, null, null, null, null, null, null, null, null, null, null, null, null, null, null, null, null, null, null, null, null, null, null, null, null, null, null, null, null, null, null, null, null, null, null, null, null, null, null, null, null, null, null, null, null, null, null, null, null, null, null, null, null, null, null, null, null, null, null, null, null, null, null, null, null, null, null, null, null, null, null, null, null, null, null, null, null, null, null, null, null, null, null, null, null, null, null, null, null, null, null, null, null, null, null, null, null, null, null, null, null, null, null, null, null, null, null, null, null, null, null, null, null, null, null, null, null, null, null, null, null, null, null, null, null, null, null, null, null, null, null, null, null, null, null, null, null, null, null, null, null, null, null, null, null, null, null, null, null, null, null, null, null, null, null, null, null, null, null, null, null, null, null, null, null, null, null, null, null, null, null, null, null, null, null, null, null, null, null, null, null, null, null, null, null, null, null, null, null, null, null, null, null, null, null, null, null, null]"
INF200K01RA0,SBI Contra Fund,31-08-2026,portfolio,b) through Put Options :,Underlying,Series,Call/Put,,,,,,,,,,,,INF200K01RA0_SBI CONTRA FUND.xlsx,SCF,245,"[null, null, ""Underlying"", ""Series"", ""Call/Put"", ""Long/Short"", ""Number of Contracts"", ""Strike Price"", ""Option Price when Purchased"", ""Current Option Price"", ""Market Value (In terms of Premium)"", ""Total Exposure through options as a %age of net assets (In terms of Premium)"", null, null, null, null, null, null, null, null, null, null, null, null, null, null, null, null, null, null, null, null, null, null, null, null, null, null, null, null, null, null, null, null, null, null, null, null, null, null, null, null, null, null, null, null, null, null, null, null, null, null, null, null, null, null, null, null, null, null, null, null, null, null, null, null, null, null, null, null, null, null, null, null, null, null, null, null, null, null, null, null, null, null, null, null, null, null, null, null, null, null, null, null, null, null, null, null, null, null, null, null, null, null, null, null, null, null, null, null, null, null, null, null, null, null, null, null, null, null, null, null, null, null, null, null, null, null, null, null, null, null, null, null, null, null, null, null, null, null, null, null, null, null, null, null, null, null, null, null, null, null, null, null, null, null, null, null, null, null, null, null, null, null, null, null, null, null, null, null, null, null, null, null, null, null, null, null, null, null, null, null, null, null, null, null, null, null, null, null, null, null, null, null, null, null, null, null, null, null, null, null, null, null, null, null, null, null, null, null, null, null, null, null, null, null, null, null, null, null, null, null, null, null, null, null, null, null, null, null, null, null, null, null, null, null, null, null, null, null, null, null, null, null, null, null]"
INF200K01RA0,SBI Contra Fund,31-08-2026,portfolio,"ii) For the month ended August 31, 2026, details of hedging transactions through Options which have already been exercised/expired are :",Scheme Name,For the year ended,Call/Put,,,,,,,,,,,,INF200K01RA0_SBI CONTRA FUND.xlsx,SCF,254,"[null, null, ""Scheme Name"", ""For the year ended"", ""Call/Put"", ""Long/Short"", ""Total Number of contracts entered into"", ""Gross Notional Value of contracts entered into"", ""Net Profit/Loss value on all contracts (treat premium paid as loss)"", null, null, null, null, null, null, null, null, null, null, null, null, null, null, null, null, null, null, null, null, null, null, null, null, null, null, null, null, null, null, null, null, null, null, null, null, null, null, null, null, null, null, null, null, null, null, null, null, null, null, null, null, null, null, null, null, null, null, null, null, null, null, null, null, null, null, null, null, null, null, null, null, null, null, null, null, null, null, null, null, null, null, null, null, null, null, null, null, null, null, null, null, null, null, null, null, null, null, null, null, null, null, null, null, null, null, null, null, null, null, null, null, null, null, null, null, null, null, null, null, null, null, null, null, null, null, null, null, null, null, null, null, null, null, null, null, null, null, null, null, null, null, null, null, null, null, null, null, null, null, null, null, null, null, null, null, null, null, null, null, null, null, null, null, null, null, null, null, null, null, null, null, null, null, null, null, null, null, null, null, null, null, null, null, null, null, null, null, null, null, null, null, null, null, null, null, null, null, null, null, null, null, null, null, null, null, null, null, null, null, null, null, null, null, null, null, null, null, null, null, null, null, null, null, null, null, null, null, null, null, null, null, null, null, null, null, null, null, null, null, null, null, null, null, null, null, null]"
INF200K01RA0,SBI Contra Fund,31-08-2026,portfolio,"ii) For the month ended August 31, 2026, details of hedging transactions through Options which have already been exercised/expired are :",SBI CONTRA FUND,31-08-2026 00:00,Call,,6121,612100000,57713.24,1291.725461,,,,,,,INF200K01RA0_SBI CONTRA FUND.xlsx,SCF,255,"[null, null, ""SBI CONTRA FUND"", ""2026-08-31 00:00:00"", ""Call"", ""Short"", 6121, 57713.24, 1291.7254606000001, null, null, null, null, null, null, null, null, null, null, null, null, null, null, null, null, null, null, null, null, null, null, null, null, null, null, null, null, null, null, null, null, null, null, null, null, null, null, null, null, null, null, null, null, null, null, null, null, null, null, null, null, null, null, null, null, null, null, null, null, null, null, null, null, null, null, null, null, null, null, null, null, null, null, null, null, null, null, null, null, null, null, null, null, null, null, null, null, null, null, null, null, null, null, null, null, null, null, null, null, null, null, null, null, null, null, null, null, null, null, null, null, null, null, null, null, null, null, null, null, null, null, null, null, null, null, null, null, null, null, null, null, null, null, null, null, null, null, null, null, null, null, null, null, null, null, null, null, null, null, null, null, null, null, null, null, null, null, null, null, null, null, null, null, null, null, null, null, null, null, null, null, null, null, null, null, null, null, null, null, null, null, null, null, null, null, null, null, null, null, null, null, null, null, null, null, null, null, null, null, null, null, null, null, null, null, null, null, null, null, null, null, null, null, null, null, null, null, null, null, null, null, null, null, null, null, null, null, null, null, null, null, null, null, null, null, null, null, null, null, null, null, null, null, null, null, null]"
INF200K01RA0,SBI Contra Fund,31-08-2026,portfolio,Hedging Positions through Swaps as on 31-August-2026 : Nil,(E) Total investments in foreign securities / ADRs / GDRs at the end of the period :,,Rs. 117674.29 Lakhs,,,,,,,,,,,,INF200K01RA0_SBI CONTRA FUND.xlsx,SCF,263,"[null, null, ""(E) Total investments in foreign securities / ADRs / GDRs at the end of the period :"", null, ""Rs. 117674.29 Lakhs"", null, null, null, null, null, null, null, null, null, null, null, null, null, null, null, null, null, null, null, null, null, null, null, null, null, null, null, null, null, null, null, null, null, null, null, null, null, null, null, null, null, null, null, null, null, null, null, null, null, null, null, null, null, null, null, null, null, null, null, null, null, null, null, null, null, null, null, null, null, null, null, null, null, null, null, null, null, null, null, null, null, null, null, null, null, null, null, null, null, null, null, null, null, null, null, null, null, null, null, null, null, null, null, null, null, null, null, null, null, null, null, null, null, null, null, null, null, null, null, null, null, null, null, null, null, null, null, null, null, null, null, null, null, null, null, null, null, null, null, null, null, null, null, null, null, null, null, null, null, null, null, null, null, null, null, null, null, null, null, null, null, null, null, null, null, null, null, null, null, null, null, null, null, null, null, null, null, null, null, null, null, null, null, null, null, null, null, null, null, null, null, null, null, null, null, null, null, null, null, null, null, null, null, null, null, null, null, null, null, null, null, null, null, null, null, null, null, null, null, null, null, null, null, null, null, null, null, null, null, null, null, null, null, null, null, null, null, null, null, null, null, null, null, null, null, null, null, null, null, null, null]"
INF200K01RA0,SBI Contra Fund,31-08-2026,portfolio,Hedging Positions through Swaps as on 31-August-2026 : Nil,(F) Portfolio turnover ratio (Equity Schemes) :,,1.5241775,,,,,,,,,,,,INF200K01RA0_SBI CONTRA FUND.xlsx,SCF,265,"[null, null, ""(F) Portfolio turnover ratio (Equity Schemes) :"", null, 1.5241774999157558, null, null, null, null, null, null, null, null, null, null, null, null, null, null, null, null, null, null, null, null, null, null, null, null, null, null, null, null, null, null, null, null, null, null, null, null, null, null, null, null, null, null, null, null, null, null, null, null, null, null, null, null, null, null, null, null, null, null, null, null, null, null, null, null, null, null, null, null, null, null, null, null, null, null, null, null, null, null, null, null, null, null, null, null, null, null, null, null, null, null, null, null, null, null, null, null, null, null, null, null, null, null, null, null, null, null, null, null, null, null, null, null, null, null, null, null, null, null, null, null, null, null, null, null, null, null, null, null, null, null, null, null, null, null, null, null, null, null, null, null, null, null, null, null, null, null, null, null, null, null, null, null, null, null, null, null, null, null, null, null, null, null, null, null, null, null, null, null, null, null, null, null, null, null, null, null, null, null, null, null, null, null, null, null, null, null, null, null, null, null, null, null, null, null, null, null, null, null, null, null, null, null, null, null, null, null, null, null, null, null, null, null, null, null, null, null, null, null, null, null, null, null, null, null, null, null, null, null, null, null, null, null, null, null, null, null, null, null, null, null, null, null, null, null, null, null, null, null, null, null, null]"
INF200K01RA0,SBI Contra Fund,31-08-2026,portfolio,Hedging Positions through Swaps as on 31-August-2026 : Nil,(G) The Average maturity period (Debt Schemes) :,,N.A.,,,,,,,,,,,,INF200K01RA0_SBI CONTRA FUND.xlsx,SCF,267,"[null, null, ""(G) The Average maturity period (Debt Schemes) :"", null, ""N.A."", null, null, null, null, null, null, null, null, null, null, null, null, null, null, null, null, null, null, null, null, null, null, null, null, null, null, null, null, null, null, null, null, null, null, null, null, null, null, null, null, null, null, null, null, null, null, null, null, null, null, null, null, null, null, null, null, null, null, null, null, null, null, null, null, null, null, null, null, null, null, null, null, null, null, null, null, null, null, null, null, null, null, null, null, null, null, null, null, null, null, null, null, null, null, null, null, null, null, null, null, null, null, null, null, null, null, null, null, null, null, null, null, null, null, null, null, null, null, null, null, null, null, null, null, null, null, null, null, null, null, null, null, null, null, null, null, null, null, null, null, null, null, null, null, null, null, null, null, null, null, null, null, null, null, null, null, null, null, null, null, null, null, null, null, null, null, null, null, null, null, null, null, null, null, null, null, null, null, null, null, null, null, null, null, null, null, null, null, null, null, null, null, null, null, null, null, null, null, null, null, null, null, null, null, null, null, null, null, null, null, null, null, null, null, null, null, null, null, null, null, null, null, null, null, null, null, null, null, null, null, null, null, null, null, null, null, null, null, null, null, null, null, null, null, null, null, null, null, null, null, null]"
INF200K01RA0,SBI Contra Fund,31-08-2026,portfolio,Hedging Positions through Swaps as on 31-August-2026 : Nil,"(H) Repo transactions in corporate debt securities during the month ending August 31, 2026 :",,NIL,,,,,,,,,,,,INF200K01RA0_SBI CONTRA FUND.xlsx,SCF,269,"[null, null, ""(H) Repo transactions in corporate debt securities during the month ending August 31, 2026 :"", null, ""NIL"", null, null, null, null, null, null, null, null, null, null, null, null, null, null, null, null, null, null, null, null, null, null, null, null, null, null, null, null, null, null, null, null, null, null, null, null, null, null, null, null, null, null, null, null, null, null, null, null, null, null, null, null, null, null, null, null, null, null, null, null, null, null, null, null, null, null, null, null, null, null, null, null, null, null, null, null, null, null, null, null, null, null, null, null, null, null, null, null, null, null, null, null, null, null, null, null, null, null, null, null, null, null, null, null, null, null, null, null, null, null, null, null, null, null, null, null, null, null, null, null, null, null, null, null, null, null, null, null, null, null, null, null, null, null, null, null, null, null, null, null, null, null, null, null, null, null, null, null, null, null, null, null, null, null, null, null, null, null, null, null, null, null, null, null, null, null, null, null, null, null, null, null, null, null, null, null, null, null, null, null, null, null, null, null, null, null, null, null, null, null, null, null, null, null, null, null, null, null, null, null, null, null, null, null, null, null, null, null, null, null, null, null, null, null, null, null, null, null, null, null, null, null, null, null, null, null, null, null, null, null, null, null, null, null, null, null, null, null, null, null, null, null, null, null, null, null, null, null, null, null, null]"
INF200K01RA0,SBI Contra Fund,31-08-2026,portfolio,"Portfolio Turnover Ratio = Lower of purchases or sales of securities during the twelve months ended August 31, 2026 / Average Net Assets during the twelve months ended August 31, 2026.",Scheme Risk-O-Meter,,Benchmark Risk-O-Meter,,,,,,,,,,,,INF200K01RA0_SBI CONTRA FUND.xlsx,SCF,273,"[null, null, ""Scheme Risk-O-Meter"", null, ""Benchmark Risk-O-Meter"", null, null, null, null, null, null, null, null, null, null, null, null, null, null, null, null, null, null, null, null, null, null, null, null, null, null, null, null, null, null, null, null, null, null, null, null, null, null, null, null, null, null, null, null, null, null, null, null, null, null, null, null, null, null, null, null, null, null, null, null, null, null, null, null, null, null, null, null, null, null, null, null, null, null, null, null, null, null, null, null, null, null, null, null, null, null, null, null, null, null, null, null, null, null, null, null, null, null, null, null, null, null, null, null, null, null, null, null, null, null, null, null, null, null, null, null, null, null, null, null, null, null, null, null, null, null, null, null, null, null, null, null, null, null, null, null, null, null, null, null, null, null, null, null, null, null, null, null, null, null, null, null, null, null, null, null, null, null, null, null, null, null, null, null, null, null, null, null, null, null, null, null, null, null, null, null, null, null, null, null, null, null, null, null, null, null, null, null, null, null, null, null, null, null, null, null, null, null, null, null, null, null, null, null, null, null, null, null, null, null, null, null, null, null, null, null, null, null, null, null, null, null, null, null, null, null, null, null, null, null, null, null, null, null, null, null, null, null, null, null, null, null, null, null, null, null, null, null, null, null, null]"
INF200KA1FS1,SBI Nifty 50 ETF,31-08-2026,portfolio,Equity Shares,HDFC Bank Ltd.,INE040A01034,Banks,297027438,2105924.54,2.10592E+11,9.85,,,,,,,,INF200KA1FS1_SBI Nifty 50 ETF.xlsx,SETFNIF50,11,"[null, ""100006"", ""HDFC Bank Ltd."", ""INE040A01034"", ""Banks"", 297027438, 2105924.54, 9.85, null, null, null, null, null, null, null, null, null, null, null, null, null, null, null, null, null, null, null, null, null, null, null, null, null, null, null, null, null, null, null, null, null, null, null, null, null, null, null, null, null, null, null, null, null, null, null, null, null, null, null, null, null, null, null, null, null, null, null, null, null, null, null, null, null, null, null, null, null, null, null, null, null, null, null, null, null, null, null, null, null, null, null, null, null, null, null, null, null, null, null, null, null, null, null, null, null, null, null, null, null, null, null, null, null, null, null, null, null, null, null, null, null, null, null, null, null, null, null, null, null, null, null, null, null, null, null, null, null, null, null, null, null, null, null, null, null, null, null, null, null, null, null, null, null, null, null, null, null, null, null, null, null, null, null, null, null, null, null, null, null, null, null, null, null, null, null, null, null, null, null, null, null, null, null, null, null, null, null, null, null, null, null, null, null, null, null, null, null, null, null, null, null, null, null, null, null, null, null, null, null, null, null, null, null, null, null, null, null, null, null, null, null, null, null, null, null, null, null, null, null, null, null, null, null, null, null, null, null, null, null, null, null, null, null, null, null, null, null, null, null, null, null, null, null, null, null, null]"
INF200KA1FS1,SBI Nifty 50 ETF,31-08-2026,portfolio,Equity Shares,ICICI Bank Ltd.,INE090A01021,Banks,138952494,2020369.26,2.02037E+11,9.45,,,,,,,,INF200KA1FS1_SBI Nifty 50 ETF.xlsx,SETFNIF50,12,"[null, ""100012"", ""ICICI Bank Ltd."", ""INE090A01021"", ""Banks"", 138952494, 2020369.26, 9.45, null, null, null, null, null, null, null, null, null, null, null, null, null, null, null, null, null, null, null, null, null, null, null, null, null, null, null, null, null, null, null, null, null, null, null, null, null, null, null, null, null, null, null, null, null, null, null, null, null, null, null, null, null, null, null, null, null, null, null, null, null, null, null, null, null, null, null, null, null, null, null, null, null, null, null, null, null, null, null, null, null, null, null, null, null, null, null, null, null, null, null, null, null, null, null, null, null, null, null, null, null, null, null, null, null, null, null, null, null, null, null, null, null, null, null, null, null, null, null, null, null, null, null, null, null, null, null, null, null, null, null, null, null, null, null, null, null, null, null, null, null, null, null, null, null, null, null, null, null, null, null, null, null, null, null, null, null, null, null, null, null, null, null, null, null, null, null, null, null, null, null, null, null, null, null, null, null, null, null, null, null, null, null, null, null, null, null, null, null, null, null, null, null, null, null, null, null, null, null, null, null, null, null, null, null, null, null, null, null, null, null, null, null, null, null, null, null, null, null, null, null, null, null, null, null, null, null, null, null, null, null, null, null, null, null, null, null, null, null, null, null, null, null, null, null, null, null, null]"
INF200KA1FS1,SBI Nifty 50 ETF,31-08-2026,portfolio,Equity Shares,Reliance Industries Ltd.,INE002A01018,Petroleum Products,131037667,1673351.01,1.67335E+11,7.83,,,,,,,,INF200KA1FS1_SBI Nifty 50 ETF.xlsx,SETFNIF50,13,"[null, ""100002"", ""Reliance Industries Ltd."", ""INE002A01018"", ""Petroleum Products"", 131037667, 1673351.01, 7.83, null, null, null, null, null, null, null, null, null, null, null, null, null, null, null, null, null, null, null, null, null, null, null, null, null, null, null, null, null, null, null, null, null, null, null, null, null, null, null, null, null, null, null, null, null, null, null, null, null, null, null, null, null, null, null, null, null, null, null, null, null, null, null, null, null, null, null, null, null, null, null, null, null, null, null, null, null, null, null, null, null, null, null, null, null, null, null, null, null, null, null, null, null, null, null, null, null, null, null, null, null, null, null, null, null, null, null, null, null, null, null, null, null, null, null, null, null, null, null, null, null, null, null, null, null, null, null, null, null, null, null, null, null, null, null, null, null, null, null, null, null, null, null, null, null, null, null, null, null, null, null, null, null, null, null, null, null, null, null, null, null, null, null, null, null, null, null, null, null, null, null, null, null, null, null, null, null, null, null, null, null, null, null, null, null, null, null, null, null, null, null, null, null, null, null, null, null, null, null, null, null, null, null, null, null, null, null, null, null, null, null, null, null, null, null, null, null, null, null, null, null, null, null, null, null, null, null, null, null, null, null, null, null, null, null, null, null, null, null, null, null, null, null, null, null, null, null, null]"
INF200KA1FS1,SBI Nifty 50 ETF,31-08-2026,portfolio,Equity Shares,Bharti Airtel Ltd.,INE397D01024,Telecom - Services,58982965,1068712.34,1.06871E+11,5,,,,,,,,INF200KA1FS1_SBI Nifty 50 ETF.xlsx,SETFNIF50,14,"[null, ""100095"", ""Bharti Airtel Ltd."", ""INE397D01024"", ""Telecom - Services"", 58982965, 1068712.34, 5, null, null, null, null, null, null, null, null, null, null, null, null, null, null, null, null, null, null, null, null, null, null, null, null, null, null, null, null, null, null, null, null, null, null, null, null, null, null, null, null, null, null, null, null, null, null, null, null, null, null, null, null, null, null, null, null, null, null, null, null, null, null, null, null, null, null, null, null, null, null, null, null, null, null, null, null, null, null, null, null, null, null, null, null, null, null, null, null, null, null, null, null, null, null, null, null, null, null, null, null, null, null, null, null, null, null, null, null, null, null, null, null, null, null, null, null, null, null, null, null, null, null, null, null, null, null, null, null, null, null, null, null, null, null, null, null, null, null, null, null, null, null, null, null, null, null, null, null, null, null, null, null, null, null, null, null, null, null, null, null, null, null, null, null, null, null, null, null, null, null, null, null, null, null, null, null, null, null, null, null, null, null, null, null, null, null, null, null, null, null, null, null, null, null, null, null, null, null, null, null, null, null, null, null, null, null, null, null, null, null, null, null, null, null, null, null, null, null, null, null, null, null, null, null, null, null, null, null, null, null, null, null, null, null, null, null, null, null, null, null, null, null, null, null, null, null, null, null]"
INF200KA1FS1,SBI Nifty 50 ETF,31-08-2026,portfolio,Equity Shares,Larsen & Toubro Ltd.,INE018A01030,Construction,22702749,918303.49,91830349000,4.3,,,,,,,,INF200KA1FS1_SBI Nifty 50 ETF.xlsx,SETFNIF50,15,"[null, ""100005"", ""Larsen & Toubro Ltd."", ""INE018A01030"", ""Construction"", 22702749, 918303.49, 4.3, null, null, null, null, null, null, null, null, null, null, null, null, null, null, null, null, null, null, null, null, null, null, null, null, null, null, null, null, null, null, null, null, null, null, null, null, null, null, null, null, null, null, null, null, null, null, null, null, null, null, null, null, null, null, null, null, null, null, null, null, null, null, null, null, null, null, null, null, null, null, null, null, null, null, null, null, null, null, null, null, null, null, null, null, null, null, null, null, null, null, null, null, null, null, null, null, null, null, null, null, null, null, null, null, null, null, null, null, null, null, null, null, null, null, null, null, null, null, null, null, null, null, null, null, null, null, null, null, null, null, null, null, null, null, null, null, null, null, null, null, null, null, null, null, null, null, null, null, null, null, null, null, null, null, null, null, null, null, null, null, null, null, null, null, null, null, null, null, null, null, null, null, null, null, null, null, null, null, null, null, null, null, null, null, null, null, null, null, null, null, null, null, null, null, null, null, null, null, null, null, null, null, null, null, null, null, null, null, null, null, null, null, null, null, null, null, null, null, null, null, null, null, null, null, null, null, null, null, null, null, null, null, null, null, null, null, null, null, null, null, null, null, null, null, null, null, null, null]"
INF200KA1FS1,SBI Nifty 50 ETF,31-08-2026,portfolio,Equity Shares,State Bank of India,INE062A01020,Banks,80175614,849861.51,84986151000,3.98,,,,,,,,INF200KA1FS1_SBI Nifty 50 ETF.xlsx,SETFNIF50,16,"[null, ""100010"", ""State Bank of India"", ""INE062A01020"", ""Banks"", 80175614, 849861.51, 3.98, null, null, null, null, null, null, null, null, null, null, null, null, null, null, null, null, null, null, null, null, null, null, null, null, null, null, null, null, null, null, null, null, null, null, null, null, null, null, null, null, null, null, null, null, null, null, null, null, null, null, null, null, null, null, null, null, null, null, null, null, null, null, null, null, null, null, null, null, null, null, null, null, null, null, null, null, null, null, null, null, null, null, null, null, null, null, null, null, null, null, null, null, null, null, null, null, null, null, null, null, null, null, null, null, null, null, null, null, null, null, null, null, null, null, null, null, null, null, null, null, null, null, null, null, null, null, null, null, null, null, null, null, null, null, null, null, null, null, null, null, null, null, null, null, null, null, null, null, null, null, null, null, null, null, null, null, null, null, null, null, null, null, null, null, null, null, null, null, null, null, null, null, null, null, null, null, null, null, null, null, null, null, null, null, null, null, null, null, null, null, null, null, null, null, null, null, null, null, null, null, null, null, null, null, null, null, null, null, null, null, null, null, null, null, null, null, null, null, null, null, null, null, null, null, null, null, null, null, null, null, null, null, null, null, null, null, null, null, null, null, null, null, null, null, null, null, null, null]"
INF200KA1FS1,SBI Nifty 50 ETF,31-08-2026,portfolio,Equity Shares,Infosys Ltd.,INE009A01021,IT - Software,68034280,771372.67,77137267000,3.61,,,,,,,,INF200KA1FS1_SBI Nifty 50 ETF.xlsx,SETFNIF50,17,"[null, ""100003"", ""Infosys Ltd."", ""INE009A01021"", ""IT - Software"", 68034280, 771372.67, 3.61, null, null, null, null, null, null, null, null, null, null, null, null, null, null, null, null, null, null, null, null, null, null, null, null, null, null, null, null, null, null, null, null, null, null, null, null, null, null, null, null, null, null, null, null, null, null, null, null, null, null, null, null, null, null, null, null, null, null, null, null, null, null, null, null, null, null, null, null, null, null, null, null, null, null, null, null, null, null, null, null, null, null, null, null, null, null, null, null, null, null, null, null, null, null, null, null, null, null, null, null, null, null, null, null, null, null, null, null, null, null, null, null, null, null, null, null, null, null, null, null, null, null, null, null, null, null, null, null, null, null, null, null, null, null, null, null, null, null, null, null, null, null, null, null, null, null, null, null, null, null, null, null, null, null, null, null, null, null, null, null, null, null, null, null, null, null, null, null, null, null, null, null, null, null, null, null, null, null, null, null, null, null, null, null, null, null, null, null, null, null, null, null, null, null, null, null, null, null, null, null, null, null, null, null, null, null, null, null, null, null, null, null, null, null, null, null, null, null, null, null, null, null, null, null, null, null, null, null, null, null, null, null, null, null, null, null, null, null, null, null, null, null, null, null, null, null, null, null]"
INF200KA1FS1,SBI Nifty 50 ETF,31-08-2026,portfolio,Equity Shares,Axis Bank Ltd.,INE238A01034,Banks,55705864,724176.23,72417623000,3.39,,,,,,,,INF200KA1FS1_SBI Nifty 50 ETF.xlsx,SETFNIF50,18,"[null, ""100024"", ""Axis Bank Ltd."", ""INE238A01034"", ""Banks"", 55705864, 724176.23, 3.39, null, null, null, null, null, null, null, null, null, null, null, null, null, null, null, null, null, null, null, null, null, null, null, null, null, null, null, null, null, null, null, null, null, null, null, null, null, null, null, null, null, null, null, null, null, null, null, null, null, null, null, null, null, null, null, null, null, null, null, null, null, null, null, null, null, null, null, null, null, null, null, null, null, null, null, null, null, null, null, null, null, null, null, null, null, null, null, null, null, null, null, null, null, null, null, null, null, null, null, null, null, null, null, null, null, null, null, null, null, null, null, null, null, null, null, null, null, null, null, null, null, null, null, null, null, null, null, null, null, null, null, null, null, null, null, null, null, null, null, null, null, null, null, null, null, null, null, null, null, null, null, null, null, null, null, null, null, null, null, null, null, null, null, null, null, null, null, null, null, null, null, null, null, null, null, null, null, null, null, null, null, null, null, null, null, null, null, null, null, null, null, null, null, null, null, null, null, null, null, null, null, null, null, null, null, null, null, null, null, null, null, null, null, null, null, null, null, null, null, null, null, null, null, null, null, null, null, null, null, null, null, null, null, null, null, null, null, null, null, null, null, null, null, null, null, null, null, null]"
INF200KA1FS1,SBI Nifty 50 ETF,31-08-2026,portfolio,Equity Shares,Kotak Mahindra Bank Ltd.,INE237A01036,Banks,142809221,598941.87,59894187000,2.8,,,,,,,,INF200KA1FS1_SBI Nifty 50 ETF.xlsx,SETFNIF50,19,"[null, ""100104"", ""Kotak Mahindra Bank Ltd."", ""INE237A01036"", ""Banks"", 142809221, 598941.87, 2.8, null, null, null, null, null, null, null, null, null, null, null, null, null, null, null, null, null, null, null, null, null, null, null, null, null, null, null, null, null, null, null, null, null, null, null, null, null, null, null, null, null, null, null, null, null, null, null, null, null, null, null, null, null, null, null, null, null, null, null, null, null, null, null, null, null, null, null, null, null, null, null, null, null, null, null, null, null, null, null, null, null, null, null, null, null, null, null, null, null, null, null, null, null, null, null, null, null, null, null, null, null, null, null, null, null, null, null, null, null, null, null, null, null, null, null, null, null, null, null, null, null, null, null, null, null, null, null, null, null, null, null, null, null, null, null, null, null, null, null, null, null, null, null, null, null, null, null, null, null, null, null, null, null, null, null, null, null, null, null, null, null, null, null, null, null, null, null, null, null, null, null, null, null, null, null, null, null, null, null, null, null, null, null, null, null, null, null, null, null, null, null, null, null, null, null, null, null, null, null, null, null, null, null, null, null, null, null, null, null, null, null, null, null, null, null, null, null, null, null, null, null, null, null, null, null, null, null, null, null, null, null, null, null, null, null, null, null, null, null, null, null, null, null, null, null, null, null, null]"
INF200KA1FS1,SBI Nifty 50 ETF,31-08-2026,portfolio,Equity Shares,Mahindra & Mahindra Ltd.,INE101A01026,Automobiles,17317050,568345.58,56834558000,2.66,,,,,,,,INF200KA1FS1_SBI Nifty 50 ETF.xlsx,SETFNIF50,20,"[null, ""100014"", ""Mahindra & Mahindra Ltd."", ""INE101A01026"", ""Automobiles"", 17317050, 568345.58, 2.66, null, null, null, null, null, null, null, null, null, null, null, null, null, null, null, null, null, null, null, null, null, null, null, null, null, null, null, null, null, null, null, null, null, null, null, null, null, null, null, null, null, null, null, null, null, null, null, null, null, null, null, null, null, null, null, null, null, null, null, null, null, null, null, null, null, null, null, null, null, null, null, null, null, null, null, null, null, null, null, null, null, null, null, null, null, null, null, null, null, null, null, null, null, null, null, null, null, null, null, null, null, null, null, null, null, null, null, null, null, null, null, null, null, null, null, null, null, null, null, null, null, null, null, null, null, null, null, null, null, null, null, null, null, null, null, null, null, null, null, null, null, null, null, null, null, null, null, null, null, null, null, null, null, null, null, null, null, null, null, null, null, null, null, null, null, null, null, null, null, null, null, null, null, null, null, null, null, null, null, null, null, null, null, null, null, null, null, null, null, null, null, null, null, null, null, null, null, null, null, null, null, null, null, null, null, null, null, null, null, null, null, null, null, null, null, null, null, null, null, null, null, null, null, null, null, null, null, null, null, null, null, null, null, null, null, null, null, null, null, null, null, null, null, null, null, null, null, null]"
INF200KA1FS1,SBI Nifty 50 ETF,31-08-2026,portfolio,Equity Shares,Bajaj Finance Ltd.,INE296A01032,Finance,51987763,549510.65,54951065000,2.57,,,,,,,,INF200KA1FS1_SBI Nifty 50 ETF.xlsx,SETFNIF50,21,"[null, ""100125"", ""Bajaj Finance Ltd."", ""INE296A01032"", ""Finance"", 51987763, 549510.65, 2.57, null, null, null, null, null, null, null, null, null, null, null, null, null, null, null, null, null, null, null, null, null, null, null, null, null, null, null, null, null, null, null, null, null, null, null, null, null, null, null, null, null, null, null, null, null, null, null, null, null, null, null, null, null, null, null, null, null, null, null, null, null, null, null, null, null, null, null, null, null, null, null, null, null, null, null, null, null, null, null, null, null, null, null, null, null, null, null, null, null, null, null, null, null, null, null, null, null, null, null, null, null, null, null, null, null, null, null, null, null, null, null, null, null, null, null, null, null, null, null, null, null, null, null, null, null, null, null, null, null, null, null, null, null, null, null, null, null, null, null, null, null, null, null, null, null, null, null, null, null, null, null, null, null, null, null, null, null, null, null, null, null, null, null, null, null, null, null, null, null, null, null, null, null, null, null, null, null, null, null, null, null, null, null, null, null, null, null, null, null, null, null, null, null, null, null, null, null, null, null, null, null, null, null, null, null, null, null, null, null, null, null, null, null, null, null, null, null, null, null, null, null, null, null, null, null, null, null, null, null, null, null, null, null, null, null, null, null, null, null, null, null, null, null, null, null, null, null, null]"
INF200KA1FS1,SBI Nifty 50 ETF,31-08-2026,portfolio,Equity Shares,ITC Ltd.,INE154A01025,Diversified FMCG,186978687,477730.55,47773055000,2.23,,,,,,,,INF200KA1FS1_SBI Nifty 50 ETF.xlsx,SETFNIF50,22,"[null, ""100019"", ""ITC Ltd."", ""INE154A01025"", ""Diversified FMCG"", 186978687, 477730.55, 2.23, null, null, null, null, null, null, null, null, null, null, null, null, null, null, null, null, null, null, null, null, null, null, null, null, null, null, null, null, null, null, null, null, null, null, null, null, null, null, null, null, null, null, null, null, null, null, null, null, null, null, null, null, null, null, null, null, null, null, null, null, null, null, null, null, null, null, null, null, null, null, null, null, null, null, null, null, null, null, null, null, null, null, null, null, null, null, null, null, null, null, null, null, null, null, null, null, null, null, null, null, null, null, null, null, null, null, null, null, null, null, null, null, null, null, null, null, null, null, null, null, null, null, null, null, null, null, null, null, null, null, null, null, null, null, null, null, null, null, null, null, null, null, null, null, null, null, null, null, null, null, null, null, null, null, null, null, null, null, null, null, null, null, null, null, null, null, null, null, null, null, null, null, null, null, null, null, null, null, null, null, null, null, null, null, null, null, null, null, null, null, null, null, null, null, null, null, null, null, null, null, null, null, null, null, null, null, null, null, null, null, null, null, null, null, null, null, null, null, null, null, null, null, null, null, null, null, null, null, null, null, null, null, null, null, null, null, null, null, null, null, null, null, null, null, null, null, null, null]"
INF200KA1FS1,SBI Nifty 50 ETF,31-08-2026,portfolio,Equity Shares,Tata Consultancy Services Ltd.,INE467B01029,IT - Software,19803694,475150.03,47515003000,2.22,,,,,,,,INF200KA1FS1_SBI Nifty 50 ETF.xlsx,SETFNIF50,23,"[null, ""100032"", ""Tata Consultancy Services Ltd."", ""INE467B01029"", ""IT - Software"", 19803694, 475150.03, 2.22, null, null, null, null, null, null, null, null, null, null, null, null, null, null, null, null, null, null, null, null, null, null, null, null, null, null, null, null, null, null, null, null, null, null, null, null, null, null, null, null, null, null, null, null, null, null, null, null, null, null, null, null, null, null, null, null, null, null, null, null, null, null, null, null, null, null, null, null, null, null, null, null, null, null, null, null, null, null, null, null, null, null, null, null, null, null, null, null, null, null, null, null, null, null, null, null, null, null, null, null, null, null, null, null, null, null, null, null, null, null, null, null, null, null, null, null, null, null, null, null, null, null, null, null, null, null, null, null, null, null, null, null, null, null, null, null, null, null, null, null, null, null, null, null, null, null, null, null, null, null, null, null, null, null, null, null, null, null, null, null, null, null, null, null, null, null, null, null, null, null, null, null, null, null, null, null, null, null, null, null, null, null, null, null, null, null, null, null, null, null, null, null, null, null, null, null, null, null, null, null, null, null, null, null, null, null, null, null, null, null, null, null, null, null, null, null, null, null, null, null, null, null, null, null, null, null, null, null, null, null, null, null, null, null, null, null, null, null, null, null, null, null, null, null, null, null, null, null]"
INF200KA1FS1,SBI Nifty 50 ETF,31-08-2026,portfolio,Equity Shares,Eternal Ltd.,INE758T01015,Retailing,140229585,460093.27,46009327000,2.15,,,,,,,,INF200KA1FS1_SBI Nifty 50 ETF.xlsx,SETFNIF50,24,"[null, ""101313"", ""Eternal Ltd."", ""INE758T01015"", ""Retailing"", 140229585, 460093.27, 2.15, null, null, null, null, null, null, null, null, null, null, null, null, null, null, null, null, null, null, null, null, null, null, null, null, null, null, null, null, null, null, null, null, null, null, null, null, null, null, null, null, null, null, null, null, null, null, null, null, null, null, null, null, null, null, null, null, null, null, null, null, null, null, null, null, null, null, null, null, null, null, null, null, null, null, null, null, null, null, null, null, null, null, null, null, null, null, null, null, null, null, null, null, null, null, null, null, null, null, null, null, null, null, null, null, null, null, null, null, null, null, null, null, null, null, null, null, null, null, null, null, null, null, null, null, null, null, null, null, null, null, null, null, null, null, null, null, null, null, null, null, null, null, null, null, null, null, null, null, null, null, null, null, null, null, null, null, null, null, null, null, null, null, null, null, null, null, null, null, null, null, null, null, null, null, null, null, null, null, null, null, null, null, null, null, null, null, null, null, null, null, null, null, null, null, null, null, null, null, null, null, null, null, null, null, null, null, null, null, null, null, null, null, null, null, null, null, null, null, null, null, null, null, null, null, null, null, null, null, null, null, null, null, null, null, null, null, null, null, null, null, null, null, null, null, null, null, null, null]"
INF200KA1FS1,SBI Nifty 50 ETF,31-08-2026,portfolio,Equity Shares,Titan Company Ltd.,INE280A01028,Consumer Durables,8008278,408614.38,40861438000,1.91,,,,,,,,INF200KA1FS1_SBI Nifty 50 ETF.xlsx,SETFNIF50,25,"[null, ""100081"", ""Titan Company Ltd."", ""INE280A01028"", ""Consumer Durables"", 8008278, 408614.38, 1.91, null, null, null, null, null, null, null, null, null, null, null, null, null, null, null, null, null, null, null, null, null, null, null, null, null, null, null, null, null, null, null, null, null, null, null, null, null, null, null, null, null, null, null, null, null, null, null, null, null, null, null, null, null, null, null, null, null, null, null, null, null, null, null, null, null, null, null, null, null, null, null, null, null, null, null, null, null, null, null, null, null, null, null, null, null, null, null, null, null, null, null, null, null, null, null, null, null, null, null, null, null, null, null, null, null, null, null, null, null, null, null, null, null, null, null, null, null, null, null, null, null, null, null, null, null, null, null, null, null, null, null, null, null, null, null, null, null, null, null, null, null, null, null, null, null, null, null, null, null, null, null, null, null, null, null, null, null, null, null, null, null, null, null, null, null, null, null, null, null, null, null, null, null, null, null, null, null, null, null, null, null, null, null, null, null, null, null, null, null, null, null, null, null, null, null, null, null, null, null, null, null, null, null, null, null, null, null, null, null, null, null, null, null, null, null, null, null, null, null, null, null, null, null, null, null, null, null, null, null, null, null, null, null, null, null, null, null, null, null, null, null, null, null, null, null, null, null, null]"
INF200KA1FS1,SBI Nifty 50 ETF,31-08-2026,portfolio,Equity Shares,Sun Pharmaceutical Industries Ltd.,INE044A01036,Pharmaceuticals & Biotechnology,20538836,407654.82,40765482000,1.91,,,,,,,,INF200KA1FS1_SBI Nifty 50 ETF.xlsx,SETFNIF50,26,"[null, ""100008"", ""Sun Pharmaceutical Industries Ltd."", ""INE044A01036"", ""Pharmaceuticals & Biotechnology"", 20538836, 407654.82, 1.91, null, null, null, null, null, null, null, null, null, null, null, null, null, null, null, null, null, null, null, null, null, null, null, null, null, null, null, null, null, null, null, null, null, null, null, null, null, null, null, null, null, null, null, null, null, null, null, null, null, null, null, null, null, null, null, null, null, null, null, null, null, null, null, null, null, null, null, null, null, null, null, null, null, null, null, null, null, null, null, null, null, null, null, null, null, null, null, null, null, null, null, null, null, null, null, null, null, null, null, null, null, null, null, null, null, null, null, null, null, null, null, null, null, null, null, null, null, null, null, null, null, null, null, null, null, null, null, null, null, null, null, null, null, null, null, null, null, null, null, null, null, null, null, null, null, null, null, null, null, null, null, null, null, null, null, null, null, null, null, null, null, null, null, null, null, null, null, null, null, null, null, null, null, null, null, null, null, null, null, null, null, null, null, null, null, null, null, null, null, null, null, null, null, null, null, null, null, null, null, null, null, null, null, null, null, null, null, null, null, null, null, null, null, null, null, null, null, null, null, null, null, null, null, null, null, null, null, null, null, null, null, null, null, null, null, null, null, null, null, null, null, null, null, null, null, null, null, null]"
INF200KA1FS1,SBI Nifty 50 ETF,31-08-2026,portfolio,Equity Shares,Maruti Suzuki India Ltd.,INE585B01010,Automobiles,2530403,342793.69,34279369000,1.6,,,,,,,,INF200KA1FS1_SBI Nifty 50 ETF.xlsx,SETFNIF50,27,"[null, ""100106"", ""Maruti Suzuki India Ltd."", ""INE585B01010"", ""Automobiles"", 2530403, 342793.69, 1.6, null, null, null, null, null, null, null, null, null, null, null, null, null, null, null, null, null, null, null, null, null, null, null, null, null, null, null, null, null, null, null, null, null, null, null, null, null, null, null, null, null, null, null, null, null, null, null, null, null, null, null, null, null, null, null, null, null, null, null, null, null, null, null, null, null, null, null, null, null, null, null, null, null, null, null, null, null, null, null, null, null, null, null, null, null, null, null, null, null, null, null, null, null, null, null, null, null, null, null, null, null, null, null, null, null, null, null, null, null, null, null, null, null, null, null, null, null, null, null, null, null, null, null, null, null, null, null, null, null, null, null, null, null, null, null, null, null, null, null, null, null, null, null, null, null, null, null, null, null, null, null, null, null, null, null, null, null, null, null, null, null, null, null, null, null, null, null, null, null, null, null, null, null, null, null, null, null, null, null, null, null, null, null, null, null, null, null, null, null, null, null, null, null, null, null, null, null, null, null, null, null, null, null, null, null, null, null, null, null, null, null, null, null, null, null, null, null, null, null, null, null, null, null, null, null, null, null, null, null, null, null, null, null, null, null, null, null, null, null, null, null, null, null, null, null, null, null, null]"
INF200KA1FS1,SBI Nifty 50 ETF,31-08-2026,portfolio,Equity Shares,Hindustan Unilever Ltd.,INE030A01027,Diversified FMCG,17208529,338560.6,33856060000,1.58,,,,,,,,INF200KA1FS1_SBI Nifty 50 ETF.xlsx,SETFNIF50,28,"[null, ""100099"", ""Hindustan Unilever Ltd."", ""INE030A01027"", ""Diversified FMCG"", 17208529, 338560.6, 1.58, null, null, null, null, null, null, null, null, null, null, null, null, null, null, null, null, null, null, null, null, null, null, null, null, null, null, null, null, null, null, null, null, null, null, null, null, null, null, null, null, null, null, null, null, null, null, null, null, null, null, null, null, null, null, null, null, null, null, null, null, null, null, null, null, null, null, null, null, null, null, null, null, null, null, null, null, null, null, null, null, null, null, null, null, null, null, null, null, null, null, null, null, null, null, null, null, null, null, null, null, null, null, null, null, null, null, null, null, null, null, null, null, null, null, null, null, null, null, null, null, null, null, null, null, null, null, null, null, null, null, null, null, null, null, null, null, null, null, null, null, null, null, null, null, null, null, null, null, null, null, null, null, null, null, null, null, null, null, null, null, null, null, null, null, null, null, null, null, null, null, null, null, null, null, null, null, null, null, null, null, null, null, null, null, null, null, null, null, null, null, null, null, null, null, null, null, null, null, null, null, null, null, null, null, null, null, null, null, null, null, null, null, null, null, null, null, null, null, null, null, null, null, null, null, null, null, null, null, null, null, null, null, null, null, null, null, null, null, null, null, null, null, null, null, null, null, null, null]"
INF200KA1FS1,SBI Nifty 50 ETF,31-08-2026,portfolio,Equity Shares,Shriram Finance Ltd.,INE721A01047,Finance,27164868,301502.87,30150287000,1.41,,,,,,,,INF200KA1FS1_SBI Nifty 50 ETF.xlsx,SETFNIF50,29,"[null, ""100114"", ""Shriram Finance Ltd."", ""INE721A01047"", ""Finance"", 27164868, 301502.87, 1.41, null, null, null, null, null, null, null, null, null, null, null, null, null, null, null, null, null, null, null, null, null, null, null, null, null, null, null, null, null, null, null, null, null, null, null, null, null, null, null, null, null, null, null, null, null, null, null, null, null, null, null, null, null, null, null, null, null, null, null, null, null, null, null, null, null, null, null, null, null, null, null, null, null, null, null, null, null, null, null, null, null, null, null, null, null, null, null, null, null, null, null, null, null, null, null, null, null, null, null, null, null, null, null, null, null, null, null, null, null, null, null, null, null, null, null, null, null, null, null, null, null, null, null, null, null, null, null, null, null, null, null, null, null, null, null, null, null, null, null, null, null, null, null, null, null, null, null, null, null, null, null, null, null, null, null, null, null, null, null, null, null, null, null, null, null, null, null, null, null, null, null, null, null, null, null, null, null, null, null, null, null, null, null, null, null, null, null, null, null, null, null, null, null, null, null, null, null, null, null, null, null, null, null, null, null, null, null, null, null, null, null, null, null, null, null, null, null, null, null, null, null, null, null, null, null, null, null, null, null, null, null, null, null, null, null, null, null, null, null, null, null, null, null, null, null, null, null, null]"
INF200KA1FS1,SBI Nifty 50 ETF,31-08-2026,portfolio,Equity Shares,NTPC Ltd.,INE733E01010,Power,91957066,301067.43,30106743000,1.41,,,,,,,,INF200KA1FS1_SBI Nifty 50 ETF.xlsx,SETFNIF50,30,"[null, ""100181"", ""NTPC Ltd."", ""INE733E01010"", ""Power"", 91957066, 301067.43, 1.41, null, null, null, null, null, null, null, null, null, null, null, null, null, null, null, null, null, null, null, null, null, null, null, null, null, null, null, null, null, null, null, null, null, null, null, null, null, null, null, null, null, null, null, null, null, null, null, null, null, null, null, null, null, null, null, null, null, null, null, null, null, null, null, null, null, null, null, null, null, null, null, null, null, null, null, null, null, null, null, null, null, null, null, null, null, null, null, null, null, null, null, null, null, null, null, null, null, null, null, null, null, null, null, null, null, null, null, null, null, null, null, null, null, null, null, null, null, null, null, null, null, null, null, null, null, null, null, null, null, null, null, null, null, null, null, null, null, null, null, null, null, null, null, null, null, null, null, null, null, null, null, null, null, null, null, null, null, null, null, null, null, null, null, null, null, null, null, null, null, null, null, null, null, null, null, null, null, null, null, null, null, null, null, null, null, null, null, null, null, null, null, null, null, null, null, null, null, null, null, null, null, null, null, null, null, null, null, null, null, null, null, null, null, null, null, null, null, null, null, null, null, null, null, null, null, null, null, null, null, null, null, null, null, null, null, null, null, null, null, null, null, null, null, null, null, null, null, null]"
INF200KA1FS1,SBI Nifty 50 ETF,31-08-2026,portfolio,Equity Shares,Tata Steel Ltd.,INE081A01020,Ferrous Metals,160335403,295578.32,29557832000,1.38,,,,,,,,INF200KA1FS1_SBI Nifty 50 ETF.xlsx,SETFNIF50,31,"[null, ""100184"", ""Tata Steel Ltd."", ""INE081A01020"", ""Ferrous Metals"", 160335403, 295578.32, 1.38, null, null, null, null, null, null, null, null, null, null, null, null, null, null, null, null, null, null, null, null, null, null, null, null, null, null, null, null, null, null, null, null, null, null, null, null, null, null, null, null, null, null, null, null, null, null, null, null, null, null, null, null, null, null, null, null, null, null, null, null, null, null, null, null, null, null, null, null, null, null, null, null, null, null, null, null, null, null, null, null, null, null, null, null, null, null, null, null, null, null, null, null, null, null, null, null, null, null, null, null, null, null, null, null, null, null, null, null, null, null, null, null, null, null, null, null, null, null, null, null, null, null, null, null, null, null, null, null, null, null, null, null, null, null, null, null, null, null, null, null, null, null, null, null, null, null, null, null, null, null, null, null, null, null, null, null, null, null, null, null, null, null, null, null, null, null, null, null, null, null, null, null, null, null, null, null, null, null, null, null, null, null, null, null, null, null, null, null, null, null, null, null, null, null, null, null, null, null, null, null, null, null, null, null, null, null, null, null, null, null, null, null, null, null, null, null, null, null, null, null, null, null, null, null, null, null, null, null, null, null, null, null, null, null, null, null, null, null, null, null, null, null, null, null, null, null, null, null]"
INF200KA1FS1,SBI Nifty 50 ETF,31-08-2026,portfolio,Equity Shares,Bharat Electronics Ltd.,INE263A01024,Aerospace & Defense,69473502,287932.93,28793293000,1.35,,,,,,,,INF200KA1FS1_SBI Nifty 50 ETF.xlsx,SETFNIF50,32,"[null, ""100089"", ""Bharat Electronics Ltd."", ""INE263A01024"", ""Aerospace & Defense"", 69473502, 287932.93, 1.35, null, null, null, null, null, null, null, null, null, null, null, null, null, null, null, null, null, null, null, null, null, null, null, null, null, null, null, null, null, null, null, null, null, null, null, null, null, null, null, null, null, null, null, null, null, null, null, null, null, null, null, null, null, null, null, null, null, null, null, null, null, null, null, null, null, null, null, null, null, null, null, null, null, null, null, null, null, null, null, null, null, null, null, null, null, null, null, null, null, null, null, null, null, null, null, null, null, null, null, null, null, null, null, null, null, null, null, null, null, null, null, null, null, null, null, null, null, null, null, null, null, null, null, null, null, null, null, null, null, null, null, null, null, null, null, null, null, null, null, null, null, null, null, null, null, null, null, null, null, null, null, null, null, null, null, null, null, null, null, null, null, null, null, null, null, null, null, null, null, null, null, null, null, null, null, null, null, null, null, null, null, null, null, null, null, null, null, null, null, null, null, null, null, null, null, null, null, null, null, null, null, null, null, null, null, null, null, null, null, null, null, null, null, null, null, null, null, null, null, null, null, null, null, null, null, null, null, null, null, null, null, null, null, null, null, null, null, null, null, null, null, null, null, null, null, null, null, null]"
INF200KA1FS1,SBI Nifty 50 ETF,31-08-2026,portfolio,Equity Shares,Hindalco Industries Ltd.,INE038A01020,Non - Ferrous Metals,28084598,285185.05,28518505000,1.33,,,,,,,,INF200KA1FS1_SBI Nifty 50 ETF.xlsx,SETFNIF50,33,"[null, ""100180"", ""Hindalco Industries Ltd."", ""INE038A01020"", ""Non - Ferrous Metals"", 28084598, 285185.05, 1.33, null, null, null, null, null, null, null, null, null, null, null, null, null, null, null, null, null, null, null, null, null, null, null, null, null, null, null, null, null, null, null, null, null, null, null, null, null, null, null, null, null, null, null, null, null, null, null, null, null, null, null, null, null, null, null, null, null, null, null, null, null, null, null, null, null, null, null, null, null, null, null, null, null, null, null, null, null, null, null, null, null, null, null, null, null, null, null, null, null, null, null, null, null, null, null, null, null, null, null, null, null, null, null, null, null, null, null, null, null, null, null, null, null, null, null, null, null, null, null, null, null, null, null, null, null, null, null, null, null, null, null, null, null, null, null, null, null, null, null, null, null, null, null, null, null, null, null, null, null, null, null, null, null, null, null, null, null, null, null, null, null, null, null, null, null, null, null, null, null, null, null, null, null, null, null, null, null, null, null, null, null, null, null, null, null, null, null, null, null, null, null, null, null, null, null, null, null, null, null, null, null, null, null, null, null, null, null, null, null, null, null, null, null, null, null, null, null, null, null, null, null, null, null, null, null, null, null, null, null, null, null, null, null, null, null, null, null, null, null, null, null, null, null, null, null, null, null, null]"
INF200KA1FS1,SBI Nifty 50 ETF,31-08-2026,portfolio,Equity Shares,HCL Technologies Ltd.,INE860A01027,IT - Software,20449745,268341.55,26834155000,1.26,,,,,,,,INF200KA1FS1_SBI Nifty 50 ETF.xlsx,SETFNIF50,34,"[null, ""100037"", ""HCL Technologies Ltd."", ""INE860A01027"", ""IT - Software"", 20449745, 268341.55, 1.26, null, null, null, null, null, null, null, null, null, null, null, null, null, null, null, null, null, null, null, null, null, null, null, null, null, null, null, null, null, null, null, null, null, null, null, null, null, null, null, null, null, null, null, null, null, null, null, null, null, null, null, null, null, null, null, null, null, null, null, null, null, null, null, null, null, null, null, null, null, null, null, null, null, null, null, null, null, null, null, null, null, null, null, null, null, null, null, null, null, null, null, null, null, null, null, null, null, null, null, null, null, null, null, null, null, null, null, null, null, null, null, null, null, null, null, null, null, null, null, null, null, null, null, null, null, null, null, null, null, null, null, null, null, null, null, null, null, null, null, null, null, null, null, null, null, null, null, null, null, null, null, null, null, null, null, null, null, null, null, null, null, null, null, null, null, null, null, null, null, null, null, null, null, null, null, null, null, null, null, null, null, null, null, null, null, null, null, null, null, null, null, null, null, null, null, null, null, null, null, null, null, null, null, null, null, null, null, null, null, null, null, null, null, null, null, null, null, null, null, null, null, null, null, null, null, null, null, null, null, null, null, null, null, null, null, null, null, null, null, null, null, null, null, null, null, null, null, null]"
INF200KA1FS1,SBI Nifty 50 ETF,31-08-2026,portfolio,Equity Shares,Ultratech Cement Ltd.,INE481G01011,Cement & Cement Products,2295355,262818.15,26281815000,1.23,,,,,,,,INF200KA1FS1_SBI Nifty 50 ETF.xlsx,SETFNIF50,35,"[null, ""100082"", ""Ultratech Cement Ltd."", ""INE481G01011"", ""Cement & Cement Products"", 2295355, 262818.15, 1.23, null, null, null, null, null, null, null, null, null, null, null, null, null, null, null, null, null, null, null, null, null, null, null, null, null, null, null, null, null, null, null, null, null, null, null, null, null, null, null, null, null, null, null, null, null, null, null, null, null, null, null, null, null, null, null, null, null, null, null, null, null, null, null, null, null, null, null, null, null, null, null, null, null, null, null, null, null, null, null, null, null, null, null, null, null, null, null, null, null, null, null, null, null, null, null, null, null, null, null, null, null, null, null, null, null, null, null, null, null, null, null, null, null, null, null, null, null, null, null, null, null, null, null, null, null, null, null, null, null, null, null, null, null, null, null, null, null, null, null, null, null, null, null, null, null, null, null, null, null, null, null, null, null, null, null, null, null, null, null, null, null, null, null, null, null, null, null, null, null, null, null, null, null, null, null, null, null, null, null, null, null, null, null, null, null, null, null, null, null, null, null, null, null, null, null, null, null, null, null, null, null, null, null, null, null, null, null, null, null, null, null, null, null, null, null, null, null, null, null, null, null, null, null, null, null, null, null, null, null, null, null, null, null, null, null, null, null, null, null, null, null, null, null, null, null, null, null, null]"
INF200KA1FS1,SBI Nifty 50 ETF,31-08-2026,portfolio,Equity Shares,Bajaj Auto Ltd.,INE917I01010,Automobiles,2148253,260583.09,26058309000,1.22,,,,,,,,INF200KA1FS1_SBI Nifty 50 ETF.xlsx,SETFNIF50,36,"[null, ""100039"", ""Bajaj Auto Ltd."", ""INE917I01010"", ""Automobiles"", 2148253, 260583.09, 1.22, null, null, null, null, null, null, null, null, null, null, null, null, null, null, null, null, null, null, null, null, null, null, null, null, null, null, null, null, null, null, null, null, null, null, null, null, null, null, null, null, null, null, null, null, null, null, null, null, null, null, null, null, null, null, null, null, null, null, null, null, null, null, null, null, null, null, null, null, null, null, null, null, null, null, null, null, null, null, null, null, null, null, null, null, null, null, null, null, null, null, null, null, null, null, null, null, null, null, null, null, null, null, null, null, null, null, null, null, null, null, null, null, null, null, null, null, null, null, null, null, null, null, null, null, null, null, null, null, null, null, null, null, null, null, null, null, null, null, null, null, null, null, null, null, null, null, null, null, null, null, null, null, null, null, null, null, null, null, null, null, null, null, null, null, null, null, null, null, null, null, null, null, null, null, null, null, null, null, null, null, null, null, null, null, null, null, null, null, null, null, null, null, null, null, null, null, null, null, null, null, null, null, null, null, null, null, null, null, null, null, null, null, null, null, null, null, null, null, null, null, null, null, null, null, null, null, null, null, null, null, null, null, null, null, null, null, null, null, null, null, null, null, null, null, null, null, null, null]"
INF200KA1FS1,SBI Nifty 50 ETF,31-08-2026,portfolio,Equity Shares,Grasim Industries Ltd.,INE047A01021,Cement & Cement Products,7318576,246709.2,24670920000,1.15,,,,,,,,INF200KA1FS1_SBI Nifty 50 ETF.xlsx,SETFNIF50,37,"[null, ""100177"", ""Grasim Industries Ltd."", ""INE047A01021"", ""Cement & Cement Products"", 7318576, 246709.2, 1.15, null, null, null, null, null, null, null, null, null, null, null, null, null, null, null, null, null, null, null, null, null, null, null, null, null, null, null, null, null, null, null, null, null, null, null, null, null, null, null, null, null, null, null, null, null, null, null, null, null, null, null, null, null, null, null, null, null, null, null, null, null, null, null, null, null, null, null, null, null, null, null, null, null, null, null, null, null, null, null, null, null, null, null, null, null, null, null, null, null, null, null, null, null, null, null, null, null, null, null, null, null, null, null, null, null, null, null, null, null, null, null, null, null, null, null, null, null, null, null, null, null, null, null, null, null, null, null, null, null, null, null, null, null, null, null, null, null, null, null, null, null, null, null, null, null, null, null, null, null, null, null, null, null, null, null, null, null, null, null, null, null, null, null, null, null, null, null, null, null, null, null, null, null, null, null, null, null, null, null, null, null, null, null, null, null, null, null, null, null, null, null, null, null, null, null, null, null, null, null, null, null, null, null, null, null, null, null, null, null, null, null, null, null, null, null, null, null, null, null, null, null, null, null, null, null, null, null, null, null, null, null, null, null, null, null, null, null, null, null, null, null, null, null, null, null, null, null, null]"
INF200KA1FS1,SBI Nifty 50 ETF,31-08-2026,portfolio,Equity Shares,JSW Steel Ltd.,INE019A01038,Ferrous Metals,18193084,237910.96,23791096000,1.11,,,,,,,,INF200KA1FS1_SBI Nifty 50 ETF.xlsx,SETFNIF50,38,"[null, ""100193"", ""JSW Steel Ltd."", ""INE019A01038"", ""Ferrous Metals"", 18193084, 237910.96, 1.11, null, null, null, null, null, null, null, null, null, null, null, null, null, null, null, null, null, null, null, null, null, null, null, null, null, null, null, null, null, null, null, null, null, null, null, null, null, null, null, null, null, null, null, null, null, null, null, null, null, null, null, null, null, null, null, null, null, null, null, null, null, null, null, null, null, null, null, null, null, null, null, null, null, null, null, null, null, null, null, null, null, null, null, null, null, null, null, null, null, null, null, null, null, null, null, null, null, null, null, null, null, null, null, null, null, null, null, null, null, null, null, null, null, null, null, null, null, null, null, null, null, null, null, null, null, null, null, null, null, null, null, null, null, null, null, null, null, null, null, null, null, null, null, null, null, null, null, null, null, null, null, null, null, null, null, null, null, null, null, null, null, null, null, null, null, null, null, null, null, null, null, null, null, null, null, null, null, null, null, null, null, null, null, null, null, null, null, null, null, null, null, null, null, null, null, null, null, null, null, null, null, null, null, null, null, null, null, null, null, null, null, null, null, null, null, null, null, null, null, null, null, null, null, null, null, null, null, null, null, null, null, null, null, null, null, null, null, null, null, null, null, null, null, null, null, null, null, null]"
INF200KA1FS1,SBI Nifty 50 ETF,31-08-2026,portfolio,Equity Shares,Asian Paints Ltd.,INE021A01026,Consumer Durables,8771744,232767,23276700000,1.09,,,,,,,,INF200KA1FS1_SBI Nifty 50 ETF.xlsx,SETFNIF50,39,"[null, ""100173"", ""Asian Paints Ltd."", ""INE021A01026"", ""Consumer Durables"", 8771744, 232767, 1.09, null, null, null, null, null, null, null, null, null, null, null, null, null, null, null, null, null, null, null, null, null, null, null, null, null, null, null, null, null, null, null, null, null, null, null, null, null, null, null, null, null, null, null, null, null, null, null, null, null, null, null, null, null, null, null, null, null, null, null, null, null, null, null, null, null, null, null, null, null, null, null, null, null, null, null, null, null, null, null, null, null, null, null, null, null, null, null, null, null, null, null, null, null, null, null, null, null, null, null, null, null, null, null, null, null, null, null, null, null, null, null, null, null, null, null, null, null, null, null, null, null, null, null, null, null, null, null, null, null, null, null, null, null, null, null, null, null, null, null, null, null, null, null, null, null, null, null, null, null, null, null, null, null, null, null, null, null, null, null, null, null, null, null, null, null, null, null, null, null, null, null, null, null, null, null, null, null, null, null, null, null, null, null, null, null, null, null, null, null, null, null, null, null, null, null, null, null, null, null, null, null, null, null, null, null, null, null, null, null, null, null, null, null, null, null, null, null, null, null, null, null, null, null, null, null, null, null, null, null, null, null, null, null, null, null, null, null, null, null, null, null, null, null, null, null, null, null, null]"
INF200KA1FS1,SBI Nifty 50 ETF,31-08-2026,portfolio,Equity Shares,Power Grid Corporation of India Ltd.,INE752E01010,Power,87839473,231500.93,23150093000,1.08,,,,,,,,INF200KA1FS1_SBI Nifty 50 ETF.xlsx,SETFNIF50,40,"[null, ""100182"", ""Power Grid Corporation of India Ltd."", ""INE752E01010"", ""Power"", 87839473, 231500.93, 1.08, null, null, null, null, null, null, null, null, null, null, null, null, null, null, null, null, null, null, null, null, null, null, null, null, null, null, null, null, null, null, null, null, null, null, null, null, null, null, null, null, null, null, null, null, null, null, null, null, null, null, null, null, null, null, null, null, null, null, null, null, null, null, null, null, null, null, null, null, null, null, null, null, null, null, null, null, null, null, null, null, null, null, null, null, null, null, null, null, null, null, null, null, null, null, null, null, null, null, null, null, null, null, null, null, null, null, null, null, null, null, null, null, null, null, null, null, null, null, null, null, null, null, null, null, null, null, null, null, null, null, null, null, null, null, null, null, null, null, null, null, null, null, null, null, null, null, null, null, null, null, null, null, null, null, null, null, null, null, null, null, null, null, null, null, null, null, null, null, null, null, null, null, null, null, null, null, null, null, null, null, null, null, null, null, null, null, null, null, null, null, null, null, null, null, null, null, null, null, null, null, null, null, null, null, null, null, null, null, null, null, null, null, null, null, null, null, null, null, null, null, null, null, null, null, null, null, null, null, null, null, null, null, null, null, null, null, null, null, null, null, null, null, null, null, null, null, null, null]"
INF200KA1FS1,SBI Nifty 50 ETF,31-08-2026,portfolio,Equity Shares,Interglobe Aviation Ltd.,INE646L01027,Transport Services,4390567,229802.28,22980228000,1.07,,,,,,,,INF200KA1FS1_SBI Nifty 50 ETF.xlsx,SETFNIF50,41,"[null, ""100465"", ""Interglobe Aviation Ltd."", ""INE646L01027"", ""Transport Services"", 4390567, 229802.28, 1.07, null, null, null, null, null, null, null, null, null, null, null, null, null, null, null, null, null, null, null, null, null, null, null, null, null, null, null, null, null, null, null, null, null, null, null, null, null, null, null, null, null, null, null, null, null, null, null, null, null, null, null, null, null, null, null, null, null, null, null, null, null, null, null, null, null, null, null, null, null, null, null, null, null, null, null, null, null, null, null, null, null, null, null, null, null, null, null, null, null, null, null, null, null, null, null, null, null, null, null, null, null, null, null, null, null, null, null, null, null, null, null, null, null, null, null, null, null, null, null, null, null, null, null, null, null, null, null, null, null, null, null, null, null, null, null, null, null, null, null, null, null, null, null, null, null, null, null, null, null, null, null, null, null, null, null, null, null, null, null, null, null, null, null, null, null, null, null, null, null, null, null, null, null, null, null, null, null, null, null, null, null, null, null, null, null, null, null, null, null, null, null, null, null, null, null, null, null, null, null, null, null, null, null, null, null, null, null, null, null, null, null, null, null, null, null, null, null, null, null, null, null, null, null, null, null, null, null, null, null, null, null, null, null, null, null, null, null, null, null, null, null, null, null, null, null, null, null, null]"
INF200KA1FS1,SBI Nifty 50 ETF,31-08-2026,portfolio,Equity Shares,Adani Ports and Special Economic Zone Ltd.,INE742F01042,Transport Infrastructure,14309757,227968.74,22796874000,1.07,,,,,,,,INF200KA1FS1_SBI Nifty 50 ETF.xlsx,SETFNIF50,42,"[null, ""100108"", ""Adani Ports and Special Economic Zone Ltd."", ""INE742F01042"", ""Transport Infrastructure"", 14309757, 227968.74, 1.07, null, null, null, null, null, null, null, null, null, null, null, null, null, null, null, null, null, null, null, null, null, null, null, null, null, null, null, null, null, null, null, null, null, null, null, null, null, null, null, null, null, null, null, null, null, null, null, null, null, null, null, null, null, null, null, null, null, null, null, null, null, null, null, null, null, null, null, null, null, null, null, null, null, null, null, null, null, null, null, null, null, null, null, null, null, null, null, null, null, null, null, null, null, null, null, null, null, null, null, null, null, null, null, null, null, null, null, null, null, null, null, null, null, null, null, null, null, null, null, null, null, null, null, null, null, null, null, null, null, null, null, null, null, null, null, null, null, null, null, null, null, null, null, null, null, null, null, null, null, null, null, null, null, null, null, null, null, null, null, null, null, null, null, null, null, null, null, null, null, null, null, null, null, null, null, null, null, null, null, null, null, null, null, null, null, null, null, null, null, null, null, null, null, null, null, null, null, null, null, null, null, null, null, null, null, null, null, null, null, null, null, null, null, null, null, null, null, null, null, null, null, null, null, null, null, null, null, null, null, null, null, null, null, null, null, null, null, null, null, null, null, null, null, null, null, null, null, null]"
INF200KA1FS1,SBI Nifty 50 ETF,31-08-2026,portfolio,Equity Shares,Bajaj Finserv Ltd.,INE918I01026,Finance,11229212,226942.37,22694237000,1.06,,,,,,,,INF200KA1FS1_SBI Nifty 50 ETF.xlsx,SETFNIF50,43,"[null, ""100380"", ""Bajaj Finserv Ltd."", ""INE918I01026"", ""Finance"", 11229212, 226942.37, 1.06, null, null, null, null, null, null, null, null, null, null, null, null, null, null, null, null, null, null, null, null, null, null, null, null, null, null, null, null, null, null, null, null, null, null, null, null, null, null, null, null, null, null, null, null, null, null, null, null, null, null, null, null, null, null, null, null, null, null, null, null, null, null, null, null, null, null, null, null, null, null, null, null, null, null, null, null, null, null, null, null, null, null, null, null, null, null, null, null, null, null, null, null, null, null, null, null, null, null, null, null, null, null, null, null, null, null, null, null, null, null, null, null, null, null, null, null, null, null, null, null, null, null, null, null, null, null, null, null, null, null, null, null, null, null, null, null, null, null, null, null, null, null, null, null, null, null, null, null, null, null, null, null, null, null, null, null, null, null, null, null, null, null, null, null, null, null, null, null, null, null, null, null, null, null, null, null, null, null, null, null, null, null, null, null, null, null, null, null, null, null, null, null, null, null, null, null, null, null, null, null, null, null, null, null, null, null, null, null, null, null, null, null, null, null, null, null, null, null, null, null, null, null, null, null, null, null, null, null, null, null, null, null, null, null, null, null, null, null, null, null, null, null, null, null, null, null, null, null]"
INF200KA1FS1,SBI Nifty 50 ETF,31-08-2026,portfolio,Equity Shares,Eicher Motors Ltd.,INE066A01021,Automobiles,2673169,212610.5,21261050000,99,,,,,,,,INF200KA1FS1_SBI Nifty 50 ETF.xlsx,SETFNIF50,44,"[null, ""100128"", ""Eicher Motors Ltd."", ""INE066A01021"", ""Automobiles"", 2673169, 212610.5, 0.99, null, null, null, null, null, null, null, null, null, null, null, null, null, null, null, null, null, null, null, null, null, null, null, null, null, null, null, null, null, null, null, null, null, null, null, null, null, null, null, null, null, null, null, null, null, null, null, null, null, null, null, null, null, null, null, null, null, null, null, null, null, null, null, null, null, null, null, null, null, null, null, null, null, null, null, null, null, null, null, null, null, null, null, null, null, null, null, null, null, null, null, null, null, null, null, null, null, null, null, null, null, null, null, null, null, null, null, null, null, null, null, null, null, null, null, null, null, null, null, null, null, null, null, null, null, null, null, null, null, null, null, null, null, null, null, null, null, null, null, null, null, null, null, null, null, null, null, null, null, null, null, null, null, null, null, null, null, null, null, null, null, null, null, null, null, null, null, null, null, null, null, null, null, null, null, null, null, null, null, null, null, null, null, null, null, null, null, null, null, null, null, null, null, null, null, null, null, null, null, null, null, null, null, null, null, null, null, null, null, null, null, null, null, null, null, null, null, null, null, null, null, null, null, null, null, null, null, null, null, null, null, null, null, null, null, null, null, null, null, null, null, null, null, null, null, null, null, null]"
INF200KA1FS1,SBI Nifty 50 ETF,31-08-2026,portfolio,Equity Shares,Nestle India Ltd.,INE239A01024,Food Products,13907696,208128.67,20812867000,97,,,,,,,,INF200KA1FS1_SBI Nifty 50 ETF.xlsx,SETFNIF50,45,"[null, ""100025"", ""Nestle India Ltd."", ""INE239A01024"", ""Food Products"", 13907696, 208128.67, 0.97, null, null, null, null, null, null, null, null, null, null, null, null, null, null, null, null, null, null, null, null, null, null, null, null, null, null, null, null, null, null, null, null, null, null, null, null, null, null, null, null, null, null, null, null, null, null, null, null, null, null, null, null, null, null, null, null, null, null, null, null, null, null, null, null, null, null, null, null, null, null, null, null, null, null, null, null, null, null, null, null, null, null, null, null, null, null, null, null, null, null, null, null, null, null, null, null, null, null, null, null, null, null, null, null, null, null, null, null, null, null, null, null, null, null, null, null, null, null, null, null, null, null, null, null, null, null, null, null, null, null, null, null, null, null, null, null, null, null, null, null, null, null, null, null, null, null, null, null, null, null, null, null, null, null, null, null, null, null, null, null, null, null, null, null, null, null, null, null, null, null, null, null, null, null, null, null, null, null, null, null, null, null, null, null, null, null, null, null, null, null, null, null, null, null, null, null, null, null, null, null, null, null, null, null, null, null, null, null, null, null, null, null, null, null, null, null, null, null, null, null, null, null, null, null, null, null, null, null, null, null, null, null, null, null, null, null, null, null, null, null, null, null, null, null, null, null, null, null]"
INF200KA1FS1,SBI Nifty 50 ETF,31-08-2026,portfolio,Equity Shares,Tech Mahindra Ltd.,INE669C01036,IT - Software,12318668,200547.92,20054792000,94,,,,,,,,INF200KA1FS1_SBI Nifty 50 ETF.xlsx,SETFNIF50,46,"[null, ""100147"", ""Tech Mahindra Ltd."", ""INE669C01036"", ""IT - Software"", 12318668, 200547.92, 0.94, null, null, null, null, null, null, null, null, null, null, null, null, null, null, null, null, null, null, null, null, null, null, null, null, null, null, null, null, null, null, null, null, null, null, null, null, null, null, null, null, null, null, null, null, null, null, null, null, null, null, null, null, null, null, null, null, null, null, null, null, null, null, null, null, null, null, null, null, null, null, null, null, null, null, null, null, null, null, null, null, null, null, null, null, null, null, null, null, null, null, null, null, null, null, null, null, null, null, null, null, null, null, null, null, null, null, null, null, null, null, null, null, null, null, null, null, null, null, null, null, null, null, null, null, null, null, null, null, null, null, null, null, null, null, null, null, null, null, null, null, null, null, null, null, null, null, null, null, null, null, null, null, null, null, null, null, null, null, null, null, null, null, null, null, null, null, null, null, null, null, null, null, null, null, null, null, null, null, null, null, null, null, null, null, null, null, null, null, null, null, null, null, null, null, null, null, null, null, null, null, null, null, null, null, null, null, null, null, null, null, null, null, null, null, null, null, null, null, null, null, null, null, null, null, null, null, null, null, null, null, null, null, null, null, null, null, null, null, null, null, null, null, null, null, null, null, null, null]"
INF200KA1FS1,SBI Nifty 50 ETF,31-08-2026,portfolio,Equity Shares,Coal India Ltd.,INE522F01014,Consumable Fuels,46461247,186658.06,18665806000,87,,,,,,,,INF200KA1FS1_SBI Nifty 50 ETF.xlsx,SETFNIF50,47,"[null, ""100097"", ""Coal India Ltd."", ""INE522F01014"", ""Consumable Fuels"", 46461247, 186658.06, 0.87, null, null, null, null, null, null, null, null, null, null, null, null, null, null, null, null, null, null, null, null, null, null, null, null, null, null, null, null, null, null, null, null, null, null, null, null, null, null, null, null, null, null, null, null, null, null, null, null, null, null, null, null, null, null, null, null, null, null, null, null, null, null, null, null, null, null, null, null, null, null, null, null, null, null, null, null, null, null, null, null, null, null, null, null, null, null, null, null, null, null, null, null, null, null, null, null, null, null, null, null, null, null, null, null, null, null, null, null, null, null, null, null, null, null, null, null, null, null, null, null, null, null, null, null, null, null, null, null, null, null, null, null, null, null, null, null, null, null, null, null, null, null, null, null, null, null, null, null, null, null, null, null, null, null, null, null, null, null, null, null, null, null, null, null, null, null, null, null, null, null, null, null, null, null, null, null, null, null, null, null, null, null, null, null, null, null, null, null, null, null, null, null, null, null, null, null, null, null, null, null, null, null, null, null, null, null, null, null, null, null, null, null, null, null, null, null, null, null, null, null, null, null, null, null, null, null, null, null, null, null, null, null, null, null, null, null, null, null, null, null, null, null, null, null, null, null, null, null]"
INF200KA1FS1,SBI Nifty 50 ETF,31-08-2026,portfolio,Equity Shares,Trent Ltd.,INE849A01020,Retailing,6454393,185880.06,18588006000,87,,,,,,,,INF200KA1FS1_SBI Nifty 50 ETF.xlsx,SETFNIF50,48,"[null, ""100050"", ""Trent Ltd."", ""INE849A01020"", ""Retailing"", 6454393, 185880.06, 0.87, null, null, null, null, null, null, null, null, null, null, null, null, null, null, null, null, null, null, null, null, null, null, null, null, null, null, null, null, null, null, null, null, null, null, null, null, null, null, null, null, null, null, null, null, null, null, null, null, null, null, null, null, null, null, null, null, null, null, null, null, null, null, null, null, null, null, null, null, null, null, null, null, null, null, null, null, null, null, null, null, null, null, null, null, null, null, null, null, null, null, null, null, null, null, null, null, null, null, null, null, null, null, null, null, null, null, null, null, null, null, null, null, null, null, null, null, null, null, null, null, null, null, null, null, null, null, null, null, null, null, null, null, null, null, null, null, null, null, null, null, null, null, null, null, null, null, null, null, null, null, null, null, null, null, null, null, null, null, null, null, null, null, null, null, null, null, null, null, null, null, null, null, null, null, null, null, null, null, null, null, null, null, null, null, null, null, null, null, null, null, null, null, null, null, null, null, null, null, null, null, null, null, null, null, null, null, null, null, null, null, null, null, null, null, null, null, null, null, null, null, null, null, null, null, null, null, null, null, null, null, null, null, null, null, null, null, null, null, null, null, null, null, null, null, null, null, null, null]"
INF200KA1FS1,SBI Nifty 50 ETF,31-08-2026,portfolio,Equity Shares,Apollo Hospitals Enterprise Ltd.,INE437A01024,Healthcare Services,1996123,177625.01,17762501000,83,,,,,,,,INF200KA1FS1_SBI Nifty 50 ETF.xlsx,SETFNIF50,49,"[null, ""100150"", ""Apollo Hospitals Enterprise Ltd."", ""INE437A01024"", ""Healthcare Services"", 1996123, 177625.01, 0.83, null, null, null, null, null, null, null, null, null, null, null, null, null, null, null, null, null, null, null, null, null, null, null, null, null, null, null, null, null, null, null, null, null, null, null, null, null, null, null, null, null, null, null, null, null, null, null, null, null, null, null, null, null, null, null, null, null, null, null, null, null, null, null, null, null, null, null, null, null, null, null, null, null, null, null, null, null, null, null, null, null, null, null, null, null, null, null, null, null, null, null, null, null, null, null, null, null, null, null, null, null, null, null, null, null, null, null, null, null, null, null, null, null, null, null, null, null, null, null, null, null, null, null, null, null, null, null, null, null, null, null, null, null, null, null, null, null, null, null, null, null, null, null, null, null, null, null, null, null, null, null, null, null, null, null, null, null, null, null, null, null, null, null, null, null, null, null, null, null, null, null, null, null, null, null, null, null, null, null, null, null, null, null, null, null, null, null, null, null, null, null, null, null, null, null, null, null, null, null, null, null, null, null, null, null, null, null, null, null, null, null, null, null, null, null, null, null, null, null, null, null, null, null, null, null, null, null, null, null, null, null, null, null, null, null, null, null, null, null, null, null, null, null, null, null, null, null, null]"
INF200KA1FS1,SBI Nifty 50 ETF,31-08-2026,portfolio,Equity Shares,Oil & Natural Gas Corporation Ltd.,INE213A01029,Oil,75346735,174653.73,17465373000,82,,,,,,,,INF200KA1FS1_SBI Nifty 50 ETF.xlsx,SETFNIF50,50,"[null, ""100111"", ""Oil & Natural Gas Corporation Ltd."", ""INE213A01029"", ""Oil"", 75346735, 174653.73, 0.82, null, null, null, null, null, null, null, null, null, null, null, null, null, null, null, null, null, null, null, null, null, null, null, null, null, null, null, null, null, null, null, null, null, null, null, null, null, null, null, null, null, null, null, null, null, null, null, null, null, null, null, null, null, null, null, null, null, null, null, null, null, null, null, null, null, null, null, null, null, null, null, null, null, null, null, null, null, null, null, null, null, null, null, null, null, null, null, null, null, null, null, null, null, null, null, null, null, null, null, null, null, null, null, null, null, null, null, null, null, null, null, null, null, null, null, null, null, null, null, null, null, null, null, null, null, null, null, null, null, null, null, null, null, null, null, null, null, null, null, null, null, null, null, null, null, null, null, null, null, null, null, null, null, null, null, null, null, null, null, null, null, null, null, null, null, null, null, null, null, null, null, null, null, null, null, null, null, null, null, null, null, null, null, null, null, null, null, null, null, null, null, null, null, null, null, null, null, null, null, null, null, null, null, null, null, null, null, null, null, null, null, null, null, null, null, null, null, null, null, null, null, null, null, null, null, null, null, null, null, null, null, null, null, null, null, null, null, null, null, null, null, null, null, null, null, null, null, null]"
INF200KA1FS1,SBI Nifty 50 ETF,31-08-2026,portfolio,Equity Shares,Adani Enterprises Ltd.,INE423A01024,Metals & Minerals Trading,5597304,160032.52,16003252000,75,,,,,,,,INF200KA1FS1_SBI Nifty 50 ETF.xlsx,SETFNIF50,51,"[null, ""100418"", ""Adani Enterprises Ltd."", ""INE423A01024"", ""Metals & Minerals Trading"", 5597304, 160032.52, 0.75, null, null, null, null, null, null, null, null, null, null, null, null, null, null, null, null, null, null, null, null, null, null, null, null, null, null, null, null, null, null, null, null, null, null, null, null, null, null, null, null, null, null, null, null, null, null, null, null, null, null, null, null, null, null, null, null, null, null, null, null, null, null, null, null, null, null, null, null, null, null, null, null, null, null, null, null, null, null, null, null, null, null, null, null, null, null, null, null, null, null, null, null, null, null, null, null, null, null, null, null, null, null, null, null, null, null, null, null, null, null, null, null, null, null, null, null, null, null, null, null, null, null, null, null, null, null, null, null, null, null, null, null, null, null, null, null, null, null, null, null, null, null, null, null, null, null, null, null, null, null, null, null, null, null, null, null, null, null, null, null, null, null, null, null, null, null, null, null, null, null, null, null, null, null, null, null, null, null, null, null, null, null, null, null, null, null, null, null, null, null, null, null, null, null, null, null, null, null, null, null, null, null, null, null, null, null, null, null, null, null, null, null, null, null, null, null, null, null, null, null, null, null, null, null, null, null, null, null, null, null, null, null, null, null, null, null, null, null, null, null, null, null, null, null, null, null, null, null]"
INF200KA1FS1,SBI Nifty 50 ETF,31-08-2026,portfolio,Equity Shares,Cipla Ltd.,INE059A01026,Pharmaceuticals & Biotechnology,10914247,153803.57,15380357000,72,,,,,,,,INF200KA1FS1_SBI Nifty 50 ETF.xlsx,SETFNIF50,52,"[null, ""100153"", ""Cipla Ltd."", ""INE059A01026"", ""Pharmaceuticals & Biotechnology"", 10914247, 153803.57, 0.72, null, null, null, null, null, null, null, null, null, null, null, null, null, null, null, null, null, null, null, null, null, null, null, null, null, null, null, null, null, null, null, null, null, null, null, null, null, null, null, null, null, null, null, null, null, null, null, null, null, null, null, null, null, null, null, null, null, null, null, null, null, null, null, null, null, null, null, null, null, null, null, null, null, null, null, null, null, null, null, null, null, null, null, null, null, null, null, null, null, null, null, null, null, null, null, null, null, null, null, null, null, null, null, null, null, null, null, null, null, null, null, null, null, null, null, null, null, null, null, null, null, null, null, null, null, null, null, null, null, null, null, null, null, null, null, null, null, null, null, null, null, null, null, null, null, null, null, null, null, null, null, null, null, null, null, null, null, null, null, null, null, null, null, null, null, null, null, null, null, null, null, null, null, null, null, null, null, null, null, null, null, null, null, null, null, null, null, null, null, null, null, null, null, null, null, null, null, null, null, null, null, null, null, null, null, null, null, null, null, null, null, null, null, null, null, null, null, null, null, null, null, null, null, null, null, null, null, null, null, null, null, null, null, null, null, null, null, null, null, null, null, null, null, null, null, null, null, null]"
INF200KA1FS1,SBI Nifty 50 ETF,31-08-2026,portfolio,Equity Shares,Jio Financial Services Ltd.,INE758E01017,Finance,63642628,153601.48,15360148000,72,,,,,,,,INF200KA1FS1_SBI Nifty 50 ETF.xlsx,SETFNIF50,53,"[null, ""101889"", ""Jio Financial Services Ltd."", ""INE758E01017"", ""Finance"", 63642628, 153601.48, 0.72, null, null, null, null, null, null, null, null, null, null, null, null, null, null, null, null, null, null, null, null, null, null, null, null, null, null, null, null, null, null, null, null, null, null, null, null, null, null, null, null, null, null, null, null, null, null, null, null, null, null, null, null, null, null, null, null, null, null, null, null, null, null, null, null, null, null, null, null, null, null, null, null, null, null, null, null, null, null, null, null, null, null, null, null, null, null, null, null, null, null, null, null, null, null, null, null, null, null, null, null, null, null, null, null, null, null, null, null, null, null, null, null, null, null, null, null, null, null, null, null, null, null, null, null, null, null, null, null, null, null, null, null, null, null, null, null, null, null, null, null, null, null, null, null, null, null, null, null, null, null, null, null, null, null, null, null, null, null, null, null, null, null, null, null, null, null, null, null, null, null, null, null, null, null, null, null, null, null, null, null, null, null, null, null, null, null, null, null, null, null, null, null, null, null, null, null, null, null, null, null, null, null, null, null, null, null, null, null, null, null, null, null, null, null, null, null, null, null, null, null, null, null, null, null, null, null, null, null, null, null, null, null, null, null, null, null, null, null, null, null, null, null, null, null, null, null, null, null]"
INF200KA1FS1,SBI Nifty 50 ETF,31-08-2026,portfolio,Equity Shares,SBI Life Insurance Co. Ltd.,INE123W01016,Insurance,8715392,151691.4,15169140000,71,,,,,,,,INF200KA1FS1_SBI Nifty 50 ETF.xlsx,SETFNIF50,54,"[null, ""100684"", ""SBI Life Insurance Co. Ltd."", ""INE123W01016"", ""Insurance"", 8715392, 151691.4, 0.71, null, null, null, null, null, null, null, null, null, null, null, null, null, null, null, null, null, null, null, null, null, null, null, null, null, null, null, null, null, null, null, null, null, null, null, null, null, null, null, null, null, null, null, null, null, null, null, null, null, null, null, null, null, null, null, null, null, null, null, null, null, null, null, null, null, null, null, null, null, null, null, null, null, null, null, null, null, null, null, null, null, null, null, null, null, null, null, null, null, null, null, null, null, null, null, null, null, null, null, null, null, null, null, null, null, null, null, null, null, null, null, null, null, null, null, null, null, null, null, null, null, null, null, null, null, null, null, null, null, null, null, null, null, null, null, null, null, null, null, null, null, null, null, null, null, null, null, null, null, null, null, null, null, null, null, null, null, null, null, null, null, null, null, null, null, null, null, null, null, null, null, null, null, null, null, null, null, null, null, null, null, null, null, null, null, null, null, null, null, null, null, null, null, null, null, null, null, null, null, null, null, null, null, null, null, null, null, null, null, null, null, null, null, null, null, null, null, null, null, null, null, null, null, null, null, null, null, null, null, null, null, null, null, null, null, null, null, null, null, null, null, null, null, null, null, null, null, null]"
INF200KA1FS1,SBI Nifty 50 ETF,31-08-2026,portfolio,Equity Shares,Max Healthcare Institute Ltd.,INE027H01010,Healthcare Services,14435799,150435.46,15043546000,70,,,,,,,,INF200KA1FS1_SBI Nifty 50 ETF.xlsx,SETFNIF50,55,"[null, ""101239"", ""Max Healthcare Institute Ltd."", ""INE027H01010"", ""Healthcare Services"", 14435799, 150435.46, 0.7, null, null, null, null, null, null, null, null, null, null, null, null, null, null, null, null, null, null, null, null, null, null, null, null, null, null, null, null, null, null, null, null, null, null, null, null, null, null, null, null, null, null, null, null, null, null, null, null, null, null, null, null, null, null, null, null, null, null, null, null, null, null, null, null, null, null, null, null, null, null, null, null, null, null, null, null, null, null, null, null, null, null, null, null, null, null, null, null, null, null, null, null, null, null, null, null, null, null, null, null, null, null, null, null, null, null, null, null, null, null, null, null, null, null, null, null, null, null, null, null, null, null, null, null, null, null, null, null, null, null, null, null, null, null, null, null, null, null, null, null, null, null, null, null, null, null, null, null, null, null, null, null, null, null, null, null, null, null, null, null, null, null, null, null, null, null, null, null, null, null, null, null, null, null, null, null, null, null, null, null, null, null, null, null, null, null, null, null, null, null, null, null, null, null, null, null, null, null, null, null, null, null, null, null, null, null, null, null, null, null, null, null, null, null, null, null, null, null, null, null, null, null, null, null, null, null, null, null, null, null, null, null, null, null, null, null, null, null, null, null, null, null, null, null, null, null, null, null]"
INF200KA1FS1,SBI Nifty 50 ETF,31-08-2026,portfolio,Equity Shares,Dr. Reddy's Laboratories Ltd.,INE089A01031,Pharmaceuticals & Biotechnology,11823928,136495.42,13649542000,64,,,,,,,,INF200KA1FS1_SBI Nifty 50 ETF.xlsx,SETFNIF50,56,"[null, ""100080"", ""Dr. Reddy's Laboratories Ltd."", ""INE089A01031"", ""Pharmaceuticals & Biotechnology"", 11823928, 136495.42, 0.64, null, null, null, null, null, null, null, null, null, null, null, null, null, null, null, null, null, null, null, null, null, null, null, null, null, null, null, null, null, null, null, null, null, null, null, null, null, null, null, null, null, null, null, null, null, null, null, null, null, null, null, null, null, null, null, null, null, null, null, null, null, null, null, null, null, null, null, null, null, null, null, null, null, null, null, null, null, null, null, null, null, null, null, null, null, null, null, null, null, null, null, null, null, null, null, null, null, null, null, null, null, null, null, null, null, null, null, null, null, null, null, null, null, null, null, null, null, null, null, null, null, null, null, null, null, null, null, null, null, null, null, null, null, null, null, null, null, null, null, null, null, null, null, null, null, null, null, null, null, null, null, null, null, null, null, null, null, null, null, null, null, null, null, null, null, null, null, null, null, null, null, null, null, null, null, null, null, null, null, null, null, null, null, null, null, null, null, null, null, null, null, null, null, null, null, null, null, null, null, null, null, null, null, null, null, null, null, null, null, null, null, null, null, null, null, null, null, null, null, null, null, null, null, null, null, null, null, null, null, null, null, null, null, null, null, null, null, null, null, null, null, null, null, null, null, null, null, null]"
INF200KA1FS1,SBI Nifty 50 ETF,31-08-2026,portfolio,Equity Shares,Tata Consumer Products Ltd.,INE192A01025,Agricultural Food & other Products,12631645,131053.32,13105332000,61,,,,,,,,INF200KA1FS1_SBI Nifty 50 ETF.xlsx,SETFNIF50,57,"[null, ""100020"", ""Tata Consumer Products Ltd."", ""INE192A01025"", ""Agricultural Food & other Products"", 12631645, 131053.32, 0.61, null, null, null, null, null, null, null, null, null, null, null, null, null, null, null, null, null, null, null, null, null, null, null, null, null, null, null, null, null, null, null, null, null, null, null, null, null, null, null, null, null, null, null, null, null, null, null, null, null, null, null, null, null, null, null, null, null, null, null, null, null, null, null, null, null, null, null, null, null, null, null, null, null, null, null, null, null, null, null, null, null, null, null, null, null, null, null, null, null, null, null, null, null, null, null, null, null, null, null, null, null, null, null, null, null, null, null, null, null, null, null, null, null, null, null, null, null, null, null, null, null, null, null, null, null, null, null, null, null, null, null, null, null, null, null, null, null, null, null, null, null, null, null, null, null, null, null, null, null, null, null, null, null, null, null, null, null, null, null, null, null, null, null, null, null, null, null, null, null, null, null, null, null, null, null, null, null, null, null, null, null, null, null, null, null, null, null, null, null, null, null, null, null, null, null, null, null, null, null, null, null, null, null, null, null, null, null, null, null, null, null, null, null, null, null, null, null, null, null, null, null, null, null, null, null, null, null, null, null, null, null, null, null, null, null, null, null, null, null, null, null, null, null, null, null, null, null, null]"
INF200KA1FS1,SBI Nifty 50 ETF,31-08-2026,portfolio,Equity Shares,Tata Motors Passenger Vehicles Ltd.,INE155A01022,Automobiles,40538024,125201.69,12520169000,59,,,,,,,,INF200KA1FS1_SBI Nifty 50 ETF.xlsx,SETFNIF50,58,"[null, ""100119"", ""Tata Motors Passenger Vehicles Ltd."", ""INE155A01022"", ""Automobiles"", 40538024, 125201.69, 0.59, null, null, null, null, null, null, null, null, null, null, null, null, null, null, null, null, null, null, null, null, null, null, null, null, null, null, null, null, null, null, null, null, null, null, null, null, null, null, null, null, null, null, null, null, null, null, null, null, null, null, null, null, null, null, null, null, null, null, null, null, null, null, null, null, null, null, null, null, null, null, null, null, null, null, null, null, null, null, null, null, null, null, null, null, null, null, null, null, null, null, null, null, null, null, null, null, null, null, null, null, null, null, null, null, null, null, null, null, null, null, null, null, null, null, null, null, null, null, null, null, null, null, null, null, null, null, null, null, null, null, null, null, null, null, null, null, null, null, null, null, null, null, null, null, null, null, null, null, null, null, null, null, null, null, null, null, null, null, null, null, null, null, null, null, null, null, null, null, null, null, null, null, null, null, null, null, null, null, null, null, null, null, null, null, null, null, null, null, null, null, null, null, null, null, null, null, null, null, null, null, null, null, null, null, null, null, null, null, null, null, null, null, null, null, null, null, null, null, null, null, null, null, null, null, null, null, null, null, null, null, null, null, null, null, null, null, null, null, null, null, null, null, null, null, null, null, null, null]"
INF200KA1FS1,SBI Nifty 50 ETF,31-08-2026,portfolio,Equity Shares,HDFC Life Insurance Company Ltd.,INE795G01014,Insurance,20866144,113376.19,11337619000,53,,,,,,,,INF200KA1FS1_SBI Nifty 50 ETF.xlsx,SETFNIF50,59,"[null, ""100706"", ""HDFC Life Insurance Company Ltd."", ""INE795G01014"", ""Insurance"", 20866144, 113376.19, 0.53, null, null, null, null, null, null, null, null, null, null, null, null, null, null, null, null, null, null, null, null, null, null, null, null, null, null, null, null, null, null, null, null, null, null, null, null, null, null, null, null, null, null, null, null, null, null, null, null, null, null, null, null, null, null, null, null, null, null, null, null, null, null, null, null, null, null, null, null, null, null, null, null, null, null, null, null, null, null, null, null, null, null, null, null, null, null, null, null, null, null, null, null, null, null, null, null, null, null, null, null, null, null, null, null, null, null, null, null, null, null, null, null, null, null, null, null, null, null, null, null, null, null, null, null, null, null, null, null, null, null, null, null, null, null, null, null, null, null, null, null, null, null, null, null, null, null, null, null, null, null, null, null, null, null, null, null, null, null, null, null, null, null, null, null, null, null, null, null, null, null, null, null, null, null, null, null, null, null, null, null, null, null, null, null, null, null, null, null, null, null, null, null, null, null, null, null, null, null, null, null, null, null, null, null, null, null, null, null, null, null, null, null, null, null, null, null, null, null, null, null, null, null, null, null, null, null, null, null, null, null, null, null, null, null, null, null, null, null, null, null, null, null, null, null, null, null, null, null]"
INF200KA1FS1,SBI Nifty 50 ETF,31-08-2026,portfolio,Equity Shares,Wipro Ltd.,INE075A01022,IT - Software,52530688,96919.12,9691912000,45,,,,,,,,INF200KA1FS1_SBI Nifty 50 ETF.xlsx,SETFNIF50,60,"[null, ""100011"", ""Wipro Ltd."", ""INE075A01022"", ""IT - Software"", 52530688, 96919.12, 0.45, null, null, null, null, null, null, null, null, null, null, null, null, null, null, null, null, null, null, null, null, null, null, null, null, null, null, null, null, null, null, null, null, null, null, null, null, null, null, null, null, null, null, null, null, null, null, null, null, null, null, null, null, null, null, null, null, null, null, null, null, null, null, null, null, null, null, null, null, null, null, null, null, null, null, null, null, null, null, null, null, null, null, null, null, null, null, null, null, null, null, null, null, null, null, null, null, null, null, null, null, null, null, null, null, null, null, null, null, null, null, null, null, null, null, null, null, null, null, null, null, null, null, null, null, null, null, null, null, null, null, null, null, null, null, null, null, null, null, null, null, null, null, null, null, null, null, null, null, null, null, null, null, null, null, null, null, null, null, null, null, null, null, null, null, null, null, null, null, null, null, null, null, null, null, null, null, null, null, null, null, null, null, null, null, null, null, null, null, null, null, null, null, null, null, null, null, null, null, null, null, null, null, null, null, null, null, null, null, null, null, null, null, null, null, null, null, null, null, null, null, null, null, null, null, null, null, null, null, null, null, null, null, null, null, null, null, null, null, null, null, null, null, null, null, null, null, null, null]"
INF200KA1FS1,SBI Nifty 50 ETF,31-08-2026,portfolio,Equity Shares,Total,,,,21374791.48,2.13748E+12,99.97,,,,,,,,INF200KA1FS1_SBI Nifty 50 ETF.xlsx,SETFNIF50,61,"[null, null, ""Total"", null, null, null, 21374791.48, 99.97, null, null, null, null, null, null, null, null, null, null, null, null, null, null, null, null, null, null, null, null, null, null, null, null, null, null, null, null, null, null, null, null, null, null, null, null, null, null, null, null, null, null, null, null, null, null, null, null, null, null, null, null, null, null, null, null, null, null, null, null, null, null, null, null, null, null, null, null, null, null, null, null, null, null, null, null, null, null, null, null, null, null, null, null, null, null, null, null, null, null, null, null, null, null, null, null, null, null, null, null, null, null, null, null, null, null, null, null, null, null, null, null, null, null, null, null, null, null, null, null, null, null, null, null, null, null, null, null, null, null, null, null, null, null, null, null, null, null, null, null, null, null, null, null, null, null, null, null, null, null, null, null, null, null, null, null, null, null, null, null, null, null, null, null, null, null, null, null, null, null, null, null, null, null, null, null, null, null, null, null, null, null, null, null, null, null, null, null, null, null, null, null, null, null, null, null, null, null, null, null, null, null, null, null, null, null, null, null, null, null, null, null, null, null, null, null, null, null, null, null, null, null, null, null, null, null, null, null, null, null, null, null, null, null, null, null, null, null, null, null, null, null, null, null, null, null, null, null]"
INF200KA1FS1,SBI Nifty 50 ETF,31-08-2026,portfolio,Equity Shares,Foreign Securities and /or overseas ETF,,,,,,,,,,,,,,INF200KA1FS1_SBI Nifty 50 ETF.xlsx,SETFNIF50,63,"[null, null, ""Foreign Securities and /or overseas ETF"", null, null, null, ""NIL"", ""NIL"", null, null, null, null, null, null, null, null, null, null, null, null, null, null, null, null, null, null, null, null, null, null, null, null, null, null, null, null, null, null, null, null, null, null, null, null, null, null, null, null, null, null, null, null, null, null, null, null, null, null, null, null, null, null, null, null, null, null, null, null, null, null, null, null, null, null, null, null, null, null, null, null, null, null, null, null, null, null, null, null, null, null, null, null, null, null, null, null, null, null, null, null, null, null, null, null, null, null, null, null, null, null, null, null, null, null, null, null, null, null, null, null, null, null, null, null, null, null, null, null, null, null, null, null, null, null, null, null, null, null, null, null, null, null, null, null, null, null, null, null, null, null, null, null, null, null, null, null, null, null, null, null, null, null, null, null, null, null, null, null, null, null, null, null, null, null, null, null, null, null, null, null, null, null, null, null, null, null, null, null, null, null, null, null, null, null, null, null, null, null, null, null, null, null, null, null, null, null, null, null, null, null, null, null, null, null, null, null, null, null, null, null, null, null, null, null, null, null, null, null, null, null, null, null, null, null, null, null, null, null, null, null, null, null, null, null, null, null, null, null, null, null, null, null, null, null, null, null]"
INF200KA1FS1,SBI Nifty 50 ETF,31-08-2026,portfolio,Equity Shares,b) Unlisted,,,,,,,,,,,,,,INF200KA1FS1_SBI Nifty 50 ETF.xlsx,SETFNIF50,65,"[null, null, ""b) Unlisted"", null, null, null, ""NIL"", ""NIL"", null, null, null, null, null, null, null, null, null, null, null, null, null, null, null, null, null, null, null, null, null, null, null, null, null, null, null, null, null, null, null, null, null, null, null, null, null, null, null, null, null, null, null, null, null, null, null, null, null, null, null, null, null, null, null, null, null, null, null, null, null, null, null, null, null, null, null, null, null, null, null, null, null, null, null, null, null, null, null, null, null, null, null, null, null, null, null, null, null, null, null, null, null, null, null, null, null, null, null, null, null, null, null, null, null, null, null, null, null, null, null, null, null, null, null, null, null, null, null, null, null, null, null, null, null, null, null, null, null, null, null, null, null, null, null, null, null, null, null, null, null, null, null, null, null, null, null, null, null, null, null, null, null, null, null, null, null, null, null, null, null, null, null, null, null, null, null, null, null, null, null, null, null, null, null, null, null, null, null, null, null, null, null, null, null, null, null, null, null, null, null, null, null, null, null, null, null, null, null, null, null, null, null, null, null, null, null, null, null, null, null, null, null, null, null, null, null, null, null, null, null, null, null, null, null, null, null, null, null, null, null, null, null, null, null, null, null, null, null, null, null, null, null, null, null, null, null, null]"
INF200KA1FS1,SBI Nifty 50 ETF,31-08-2026,portfolio,DEBT INSTRUMENTS,a) Listed/awaiting listing on the stock exchanges,,,,,,,,,,,,,,INF200KA1FS1_SBI Nifty 50 ETF.xlsx,SETFNIF50,69,"[null, null, ""a) Listed/awaiting listing on the stock exchanges"", null, null, null, ""NIL"", ""NIL"", null, null, null, null, null, null, null, null, null, null, null, null, null, null, null, null, null, null, null, null, null, null, null, null, null, null, null, null, null, null, null, null, null, null, null, null, null, null, null, null, null, null, null, null, null, null, null, null, null, null, null, null, null, null, null, null, null, null, null, null, null, null, null, null, null, null, null, null, null, null, null, null, null, null, null, null, null, null, null, null, null, null, null, null, null, null, null, null, null, null, null, null, null, null, null, null, null, null, null, null, null, null, null, null, null, null, null, null, null, null, null, null, null, null, null, null, null, null, null, null, null, null, null, null, null, null, null, null, null, null, null, null, null, null, null, null, null, null, null, null, null, null, null, null, null, null, null, null, null, null, null, null, null, null, null, null, null, null, null, null, null, null, null, null, null, null, null, null, null, null, null, null, null, null, null, null, null, null, null, null, null, null, null, null, null, null, null, null, null, null, null, null, null, null, null, null, null, null, null, null, null, null, null, null, null, null, null, null, null, null, null, null, null, null, null, null, null, null, null, null, null, null, null, null, null, null, null, null, null, null, null, null, null, null, null, null, null, null, null, null, null, null, null, null, null, null, null, null]"
INF200KA1FS1,SBI Nifty 50 ETF,31-08-2026,portfolio,DEBT INSTRUMENTS,Non-convertible Preference Shares,,,,,,,,,,,,,,INF200KA1FS1_SBI Nifty 50 ETF.xlsx,SETFNIF50,71,"[null, null, ""Non-convertible Preference Shares"", null, null, null, ""NIL"", ""NIL"", null, null, null, null, null, null, null, null, null, null, null, null, null, null, null, null, null, null, null, null, null, null, null, null, null, null, null, null, null, null, null, null, null, null, null, null, null, null, null, null, null, null, null, null, null, null, null, null, null, null, null, null, null, null, null, null, null, null, null, null, null, null, null, null, null, null, null, null, null, null, null, null, null, null, null, null, null, null, null, null, null, null, null, null, null, null, null, null, null, null, null, null, null, null, null, null, null, null, null, null, null, null, null, null, null, null, null, null, null, null, null, null, null, null, null, null, null, null, null, null, null, null, null, null, null, null, null, null, null, null, null, null, null, null, null, null, null, null, null, null, null, null, null, null, null, null, null, null, null, null, null, null, null, null, null, null, null, null, null, null, null, null, null, null, null, null, null, null, null, null, null, null, null, null, null, null, null, null, null, null, null, null, null, null, null, null, null, null, null, null, null, null, null, null, null, null, null, null, null, null, null, null, null, null, null, null, null, null, null, null, null, null, null, null, null, null, null, null, null, null, null, null, null, null, null, null, null, null, null, null, null, null, null, null, null, null, null, null, null, null, null, null, null, null, null, null, null, null]"
INF200KA1FS1,SBI Nifty 50 ETF,31-08-2026,portfolio,DEBT INSTRUMENTS,Securitised Debt Instruments,,,,,,,,,,,,,,INF200KA1FS1_SBI Nifty 50 ETF.xlsx,SETFNIF50,73,"[null, null, ""Securitised Debt Instruments"", null, null, null, ""NIL"", ""NIL"", null, null, null, null, null, null, null, null, null, null, null, null, null, null, null, null, null, null, null, null, null, null, null, null, null, null, null, null, null, null, null, null, null, null, null, null, null, null, null, null, null, null, null, null, null, null, null, null, null, null, null, null, null, null, null, null, null, null, null, null, null, null, null, null, null, null, null, null, null, null, null, null, null, null, null, null, null, null, null, null, null, null, null, null, null, null, null, null, null, null, null, null, null, null, null, null, null, null, null, null, null, null, null, null, null, null, null, null, null, null, null, null, null, null, null, null, null, null, null, null, null, null, null, null, null, null, null, null, null, null, null, null, null, null, null, null, null, null, null, null, null, null, null, null, null, null, null, null, null, null, null, null, null, null, null, null, null, null, null, null, null, null, null, null, null, null, null, null, null, null, null, null, null, null, null, null, null, null, null, null, null, null, null, null, null, null, null, null, null, null, null, null, null, null, null, null, null, null, null, null, null, null, null, null, null, null, null, null, null, null, null, null, null, null, null, null, null, null, null, null, null, null, null, null, null, null, null, null, null, null, null, null, null, null, null, null, null, null, null, null, null, null, null, null, null, null, null, null]"
INF200KA1FS1,SBI Nifty 50 ETF,31-08-2026,portfolio,DEBT INSTRUMENTS,Central Government Securities,,,,,,,,,,,,,,INF200KA1FS1_SBI Nifty 50 ETF.xlsx,SETFNIF50,75,"[null, null, ""Central Government Securities"", null, null, null, ""NIL"", ""NIL"", null, null, null, null, null, null, null, null, null, null, null, null, null, null, null, null, null, null, null, null, null, null, null, null, null, null, null, null, null, null, null, null, null, null, null, null, null, null, null, null, null, null, null, null, null, null, null, null, null, null, null, null, null, null, null, null, null, null, null, null, null, null, null, null, null, null, null, null, null, null, null, null, null, null, null, null, null, null, null, null, null, null, null, null, null, null, null, null, null, null, null, null, null, null, null, null, null, null, null, null, null, null, null, null, null, null, null, null, null, null, null, null, null, null, null, null, null, null, null, null, null, null, null, null, null, null, null, null, null, null, null, null, null, null, null, null, null, null, null, null, null, null, null, null, null, null, null, null, null, null, null, null, null, null, null, null, null, null, null, null, null, null, null, null, null, null, null, null, null, null, null, null, null, null, null, null, null, null, null, null, null, null, null, null, null, null, null, null, null, null, null, null, null, null, null, null, null, null, null, null, null, null, null, null, null, null, null, null, null, null, null, null, null, null, null, null, null, null, null, null, null, null, null, null, null, null, null, null, null, null, null, null, null, null, null, null, null, null, null, null, null, null, null, null, null, null, null, null]"
INF200KA1FS1,SBI Nifty 50 ETF,31-08-2026,portfolio,DEBT INSTRUMENTS,State Government Securities,,,,,,,,,,,,,,INF200KA1FS1_SBI Nifty 50 ETF.xlsx,SETFNIF50,77,"[null, null, ""State Government Securities"", null, null, null, ""NIL"", ""NIL"", null, null, null, null, null, null, null, null, null, null, null, null, null, null, null, null, null, null, null, null, null, null, null, null, null, null, null, null, null, null, null, null, null, null, null, null, null, null, null, null, null, null, null, null, null, null, null, null, null, null, null, null, null, null, null, null, null, null, null, null, null, null, null, null, null, null, null, null, null, null, null, null, null, null, null, null, null, null, null, null, null, null, null, null, null, null, null, null, null, null, null, null, null, null, null, null, null, null, null, null, null, null, null, null, null, null, null, null, null, null, null, null, null, null, null, null, null, null, null, null, null, null, null, null, null, null, null, null, null, null, null, null, null, null, null, null, null, null, null, null, null, null, null, null, null, null, null, null, null, null, null, null, null, null, null, null, null, null, null, null, null, null, null, null, null, null, null, null, null, null, null, null, null, null, null, null, null, null, null, null, null, null, null, null, null, null, null, null, null, null, null, null, null, null, null, null, null, null, null, null, null, null, null, null, null, null, null, null, null, null, null, null, null, null, null, null, null, null, null, null, null, null, null, null, null, null, null, null, null, null, null, null, null, null, null, null, null, null, null, null, null, null, null, null, null, null, null, null]"
INF200KA1FS1,SBI Nifty 50 ETF,31-08-2026,portfolio,DEBT INSTRUMENTS,b) Privately Placed/Unlisted,,,,,,,,,,,,,,INF200KA1FS1_SBI Nifty 50 ETF.xlsx,SETFNIF50,79,"[null, null, ""b) Privately Placed/Unlisted"", null, null, null, ""NIL"", ""NIL"", null, null, null, null, null, null, null, null, null, null, null, null, null, null, null, null, null, null, null, null, null, null, null, null, null, null, null, null, null, null, null, null, null, null, null, null, null, null, null, null, null, null, null, null, null, null, null, null, null, null, null, null, null, null, null, null, null, null, null, null, null, null, null, null, null, null, null, null, null, null, null, null, null, null, null, null, null, null, null, null, null, null, null, null, null, null, null, null, null, null, null, null, null, null, null, null, null, null, null, null, null, null, null, null, null, null, null, null, null, null, null, null, null, null, null, null, null, null, null, null, null, null, null, null, null, null, null, null, null, null, null, null, null, null, null, null, null, null, null, null, null, null, null, null, null, null, null, null, null, null, null, null, null, null, null, null, null, null, null, null, null, null, null, null, null, null, null, null, null, null, null, null, null, null, null, null, null, null, null, null, null, null, null, null, null, null, null, null, null, null, null, null, null, null, null, null, null, null, null, null, null, null, null, null, null, null, null, null, null, null, null, null, null, null, null, null, null, null, null, null, null, null, null, null, null, null, null, null, null, null, null, null, null, null, null, null, null, null, null, null, null, null, null, null, null, null, null, null]"
INF200KA1FS1,SBI Nifty 50 ETF,31-08-2026,portfolio,MONEY MARKET INSTRUMENTS,Commercial Paper,,,,,,,,,,,,,,INF200KA1FS1_SBI Nifty 50 ETF.xlsx,SETFNIF50,83,"[null, null, ""Commercial Paper"", null, null, null, ""NIL"", ""NIL"", null, null, null, null, null, null, null, null, null, null, null, null, null, null, null, null, null, null, null, null, null, null, null, null, null, null, null, null, null, null, null, null, null, null, null, null, null, null, null, null, null, null, null, null, null, null, null, null, null, null, null, null, null, null, null, null, null, null, null, null, null, null, null, null, null, null, null, null, null, null, null, null, null, null, null, null, null, null, null, null, null, null, null, null, null, null, null, null, null, null, null, null, null, null, null, null, null, null, null, null, null, null, null, null, null, null, null, null, null, null, null, null, null, null, null, null, null, null, null, null, null, null, null, null, null, null, null, null, null, null, null, null, null, null, null, null, null, null, null, null, null, null, null, null, null, null, null, null, null, null, null, null, null, null, null, null, null, null, null, null, null, null, null, null, null, null, null, null, null, null, null, null, null, null, null, null, null, null, null, null, null, null, null, null, null, null, null, null, null, null, null, null, null, null, null, null, null, null, null, null, null, null, null, null, null, null, null, null, null, null, null, null, null, null, null, null, null, null, null, null, null, null, null, null, null, null, null, null, null, null, null, null, null, null, null, null, null, null, null, null, null, null, null, null, null, null, null, null]"
INF200KA1FS1,SBI Nifty 50 ETF,31-08-2026,portfolio,MONEY MARKET INSTRUMENTS,Certificate of Deposits,,,,,,,,,,,,,,INF200KA1FS1_SBI Nifty 50 ETF.xlsx,SETFNIF50,85,"[null, null, ""Certificate of Deposits"", null, null, null, ""NIL"", ""NIL"", null, null, null, null, null, null, null, null, null, null, null, null, null, null, null, null, null, null, null, null, null, null, null, null, null, null, null, null, null, null, null, null, null, null, null, null, null, null, null, null, null, null, null, null, null, null, null, null, null, null, null, null, null, null, null, null, null, null, null, null, null, null, null, null, null, null, null, null, null, null, null, null, null, null, null, null, null, null, null, null, null, null, null, null, null, null, null, null, null, null, null, null, null, null, null, null, null, null, null, null, null, null, null, null, null, null, null, null, null, null, null, null, null, null, null, null, null, null, null, null, null, null, null, null, null, null, null, null, null, null, null, null, null, null, null, null, null, null, null, null, null, null, null, null, null, null, null, null, null, null, null, null, null, null, null, null, null, null, null, null, null, null, null, null, null, null, null, null, null, null, null, null, null, null, null, null, null, null, null, null, null, null, null, null, null, null, null, null, null, null, null, null, null, null, null, null, null, null, null, null, null, null, null, null, null, null, null, null, null, null, null, null, null, null, null, null, null, null, null, null, null, null, null, null, null, null, null, null, null, null, null, null, null, null, null, null, null, null, null, null, null, null, null, null, null, null, null, null]"
INF200KA1FS1,SBI Nifty 50 ETF,31-08-2026,portfolio,MONEY MARKET INSTRUMENTS,Treasury Bills,,,,,,,,,,,,,,INF200KA1FS1_SBI Nifty 50 ETF.xlsx,SETFNIF50,87,"[null, null, ""Treasury Bills"", null, null, null, ""NIL"", ""NIL"", null, null, null, null, null, null, null, null, null, null, null, null, null, null, null, null, null, null, null, null, null, null, null, null, null, null, null, null, null, null, null, null, null, null, null, null, null, null, null, null, null, null, null, null, null, null, null, null, null, null, null, null, null, null, null, null, null, null, null, null, null, null, null, null, null, null, null, null, null, null, null, null, null, null, null, null, null, null, null, null, null, null, null, null, null, null, null, null, null, null, null, null, null, null, null, null, null, null, null, null, null, null, null, null, null, null, null, null, null, null, null, null, null, null, null, null, null, null, null, null, null, null, null, null, null, null, null, null, null, null, null, null, null, null, null, null, null, null, null, null, null, null, null, null, null, null, null, null, null, null, null, null, null, null, null, null, null, null, null, null, null, null, null, null, null, null, null, null, null, null, null, null, null, null, null, null, null, null, null, null, null, null, null, null, null, null, null, null, null, null, null, null, null, null, null, null, null, null, null, null, null, null, null, null, null, null, null, null, null, null, null, null, null, null, null, null, null, null, null, null, null, null, null, null, null, null, null, null, null, null, null, null, null, null, null, null, null, null, null, null, null, null, null, null, null, null, null, null]"
INF200KA1FS1,SBI Nifty 50 ETF,31-08-2026,portfolio,MONEY MARKET INSTRUMENTS,STRIPS,,,,,,,,,,,,,,INF200KA1FS1_SBI Nifty 50 ETF.xlsx,SETFNIF50,89,"[null, null, ""STRIPS"", null, null, null, ""NIL"", ""NIL"", null, null, null, null, null, null, null, null, null, null, null, null, null, null, null, null, null, null, null, null, null, null, null, null, null, null, null, null, null, null, null, null, null, null, null, null, null, null, null, null, null, null, null, null, null, null, null, null, null, null, null, null, null, null, null, null, null, null, null, null, null, null, null, null, null, null, null, null, null, null, null, null, null, null, null, null, null, null, null, null, null, null, null, null, null, null, null, null, null, null, null, null, null, null, null, null, null, null, null, null, null, null, null, null, null, null, null, null, null, null, null, null, null, null, null, null, null, null, null, null, null, null, null, null, null, null, null, null, null, null, null, null, null, null, null, null, null, null, null, null, null, null, null, null, null, null, null, null, null, null, null, null, null, null, null, null, null, null, null, null, null, null, null, null, null, null, null, null, null, null, null, null, null, null, null, null, null, null, null, null, null, null, null, null, null, null, null, null, null, null, null, null, null, null, null, null, null, null, null, null, null, null, null, null, null, null, null, null, null, null, null, null, null, null, null, null, null, null, null, null, null, null, null, null, null, null, null, null, null, null, null, null, null, null, null, null, null, null, null, null, null, null, null, null, null, null, null, null]"
INF200KA1FS1,SBI Nifty 50 ETF,31-08-2026,portfolio,MONEY MARKET INSTRUMENTS,Bills Re- Discounting,,,,,,,,,,,,,,INF200KA1FS1_SBI Nifty 50 ETF.xlsx,SETFNIF50,91,"[null, null, ""Bills Re- Discounting"", null, null, null, ""NIL"", ""NIL"", null, null, null, null, null, null, null, null, null, null, null, null, null, null, null, null, null, null, null, null, null, null, null, null, null, null, null, null, null, null, null, null, null, null, null, null, null, null, null, null, null, null, null, null, null, null, null, null, null, null, null, null, null, null, null, null, null, null, null, null, null, null, null, null, null, null, null, null, null, null, null, null, null, null, null, null, null, null, null, null, null, null, null, null, null, null, null, null, null, null, null, null, null, null, null, null, null, null, null, null, null, null, null, null, null, null, null, null, null, null, null, null, null, null, null, null, null, null, null, null, null, null, null, null, null, null, null, null, null, null, null, null, null, null, null, null, null, null, null, null, null, null, null, null, null, null, null, null, null, null, null, null, null, null, null, null, null, null, null, null, null, null, null, null, null, null, null, null, null, null, null, null, null, null, null, null, null, null, null, null, null, null, null, null, null, null, null, null, null, null, null, null, null, null, null, null, null, null, null, null, null, null, null, null, null, null, null, null, null, null, null, null, null, null, null, null, null, null, null, null, null, null, null, null, null, null, null, null, null, null, null, null, null, null, null, null, null, null, null, null, null, null, null, null, null, null, null, null]"
INF200KA1FS1,SBI Nifty 50 ETF,31-08-2026,portfolio,OTHERS,Mutual Fund Units / Exchange Traded Funds,,,,,,,,,,,,,,INF200KA1FS1_SBI Nifty 50 ETF.xlsx,SETFNIF50,94,"[null, null, ""Mutual Fund Units / Exchange Traded Funds"", null, null, null, ""NIL"", ""NIL"", null, null, null, null, null, null, null, null, null, null, null, null, null, null, null, null, null, null, null, null, null, null, null, null, null, null, null, null, null, null, null, null, null, null, null, null, null, null, null, null, null, null, null, null, null, null, null, null, null, null, null, null, null, null, null, null, null, null, null, null, null, null, null, null, null, null, null, null, null, null, null, null, null, null, null, null, null, null, null, null, null, null, null, null, null, null, null, null, null, null, null, null, null, null, null, null, null, null, null, null, null, null, null, null, null, null, null, null, null, null, null, null, null, null, null, null, null, null, null, null, null, null, null, null, null, null, null, null, null, null, null, null, null, null, null, null, null, null, null, null, null, null, null, null, null, null, null, null, null, null, null, null, null, null, null, null, null, null, null, null, null, null, null, null, null, null, null, null, null, null, null, null, null, null, null, null, null, null, null, null, null, null, null, null, null, null, null, null, null, null, null, null, null, null, null, null, null, null, null, null, null, null, null, null, null, null, null, null, null, null, null, null, null, null, null, null, null, null, null, null, null, null, null, null, null, null, null, null, null, null, null, null, null, null, null, null, null, null, null, null, null, null, null, null, null, null, null, null]"
INF200KA1FS1,SBI Nifty 50 ETF,31-08-2026,portfolio,OTHERS,Alternative Investment Funds,,,,,,,,,,,,,,INF200KA1FS1_SBI Nifty 50 ETF.xlsx,SETFNIF50,96,"[null, null, ""Alternative Investment Funds"", null, null, null, ""NIL"", ""NIL"", null, null, null, null, null, null, null, null, null, null, null, null, null, null, null, null, null, null, null, null, null, null, null, null, null, null, null, null, null, null, null, null, null, null, null, null, null, null, null, null, null, null, null, null, null, null, null, null, null, null, null, null, null, null, null, null, null, null, null, null, null, null, null, null, null, null, null, null, null, null, null, null, null, null, null, null, null, null, null, null, null, null, null, null, null, null, null, null, null, null, null, null, null, null, null, null, null, null, null, null, null, null, null, null, null, null, null, null, null, null, null, null, null, null, null, null, null, null, null, null, null, null, null, null, null, null, null, null, null, null, null, null, null, null, null, null, null, null, null, null, null, null, null, null, null, null, null, null, null, null, null, null, null, null, null, null, null, null, null, null, null, null, null, null, null, null, null, null, null, null, null, null, null, null, null, null, null, null, null, null, null, null, null, null, null, null, null, null, null, null, null, null, null, null, null, null, null, null, null, null, null, null, null, null, null, null, null, null, null, null, null, null, null, null, null, null, null, null, null, null, null, null, null, null, null, null, null, null, null, null, null, null, null, null, null, null, null, null, null, null, null, null, null, null, null, null, null, null]"
INF200KA1FS1,SBI Nifty 50 ETF,31-08-2026,portfolio,OTHERS,Short Term Deposits,,,,,,,,,,,,,,INF200KA1FS1_SBI Nifty 50 ETF.xlsx,SETFNIF50,98,"[null, null, ""Short Term Deposits"", null, null, null, ""NIL"", ""NIL"", null, null, null, null, null, null, null, null, null, null, null, null, null, null, null, null, null, null, null, null, null, null, null, null, null, null, null, null, null, null, null, null, null, null, null, null, null, null, null, null, null, null, null, null, null, null, null, null, null, null, null, null, null, null, null, null, null, null, null, null, null, null, null, null, null, null, null, null, null, null, null, null, null, null, null, null, null, null, null, null, null, null, null, null, null, null, null, null, null, null, null, null, null, null, null, null, null, null, null, null, null, null, null, null, null, null, null, null, null, null, null, null, null, null, null, null, null, null, null, null, null, null, null, null, null, null, null, null, null, null, null, null, null, null, null, null, null, null, null, null, null, null, null, null, null, null, null, null, null, null, null, null, null, null, null, null, null, null, null, null, null, null, null, null, null, null, null, null, null, null, null, null, null, null, null, null, null, null, null, null, null, null, null, null, null, null, null, null, null, null, null, null, null, null, null, null, null, null, null, null, null, null, null, null, null, null, null, null, null, null, null, null, null, null, null, null, null, null, null, null, null, null, null, null, null, null, null, null, null, null, null, null, null, null, null, null, null, null, null, null, null, null, null, null, null, null, null, null]"
INF200KA1FS1,SBI Nifty 50 ETF,31-08-2026,portfolio,OTHERS,Term Deposits Placed as Margins,,,,,,,,,,,,,,INF200KA1FS1_SBI Nifty 50 ETF.xlsx,SETFNIF50,100,"[null, null, ""Term Deposits Placed as Margins"", null, null, null, ""NIL"", ""NIL"", null, null, null, null, null, null, null, null, null, null, null, null, null, null, null, null, null, null, null, null, null, null, null, null, null, null, null, null, null, null, null, null, null, null, null, null, null, null, null, null, null, null, null, null, null, null, null, null, null, null, null, null, null, null, null, null, null, null, null, null, null, null, null, null, null, null, null, null, null, null, null, null, null, null, null, null, null, null, null, null, null, null, null, null, null, null, null, null, null, null, null, null, null, null, null, null, null, null, null, null, null, null, null, null, null, null, null, null, null, null, null, null, null, null, null, null, null, null, null, null, null, null, null, null, null, null, null, null, null, null, null, null, null, null, null, null, null, null, null, null, null, null, null, null, null, null, null, null, null, null, null, null, null, null, null, null, null, null, null, null, null, null, null, null, null, null, null, null, null, null, null, null, null, null, null, null, null, null, null, null, null, null, null, null, null, null, null, null, null, null, null, null, null, null, null, null, null, null, null, null, null, null, null, null, null, null, null, null, null, null, null, null, null, null, null, null, null, null, null, null, null, null, null, null, null, null, null, null, null, null, null, null, null, null, null, null, null, null, null, null, null, null, null, null, null, null, null, null]"
INF200KA1FS1,SBI Nifty 50 ETF,31-08-2026,portfolio,TREPS / Reverse Repo Investments,TREPS,,,,3509.74,350974000,2,,,,,,,,INF200KA1FS1_SBI Nifty 50 ETF.xlsx,SETFNIF50,103,"[null, ""109260100"", ""TREPS"", null, null, null, 3509.74, 0.02, null, null, null, null, null, null, null, null, null, null, null, null, null, null, null, null, null, null, null, null, null, null, null, null, null, null, null, null, null, null, null, null, null, null, null, null, null, null, null, null, null, null, null, null, null, null, null, null, null, null, null, null, null, null, null, null, null, null, null, null, null, null, null, null, null, null, null, null, null, null, null, null, null, null, null, null, null, null, null, null, null, null, null, null, null, null, null, null, null, null, null, null, null, null, null, null, null, null, null, null, null, null, null, null, null, null, null, null, null, null, null, null, null, null, null, null, null, null, null, null, null, null, null, null, null, null, null, null, null, null, null, null, null, null, null, null, null, null, null, null, null, null, null, null, null, null, null, null, null, null, null, null, null, null, null, null, null, null, null, null, null, null, null, null, null, null, null, null, null, null, null, null, null, null, null, null, null, null, null, null, null, null, null, null, null, null, null, null, null, null, null, null, null, null, null, null, null, null, null, null, null, null, null, null, null, null, null, null, null, null, null, null, null, null, null, null, null, null, null, null, null, null, null, null, null, null, null, null, null, null, null, null, null, null, null, null, null, null, null, null, null, null, null, null, null, null, null, null]"
INF200KA1FS1,SBI Nifty 50 ETF,31-08-2026,portfolio,TREPS / Reverse Repo Investments,Total,,,,3509.74,350974000,2,,,,,,,,INF200KA1FS1_SBI Nifty 50 ETF.xlsx,SETFNIF50,104,"[null, null, ""Total"", null, null, null, 3509.74, 0.02, null, null, null, null, null, null, null, null, null, null, null, null, null, null, null, null, null, null, null, null, null, null, null, null, null, null, null, null, null, null, null, null, null, null, null, null, null, null, null, null, null, null, null, null, null, null, null, null, null, null, null, null, null, null, null, null, null, null, null, null, null, null, null, null, null, null, null, null, null, null, null, null, null, null, null, null, null, null, null, null, null, null, null, null, null, null, null, null, null, null, null, null, null, null, null, null, null, null, null, null, null, null, null, null, null, null, null, null, null, null, null, null, null, null, null, null, null, null, null, null, null, null, null, null, null, null, null, null, null, null, null, null, null, null, null, null, null, null, null, null, null, null, null, null, null, null, null, null, null, null, null, null, null, null, null, null, null, null, null, null, null, null, null, null, null, null, null, null, null, null, null, null, null, null, null, null, null, null, null, null, null, null, null, null, null, null, null, null, null, null, null, null, null, null, null, null, null, null, null, null, null, null, null, null, null, null, null, null, null, null, null, null, null, null, null, null, null, null, null, null, null, null, null, null, null, null, null, null, null, null, null, null, null, null, null, null, null, null, null, null, null, null, null, null, null, null, null, null]"
INF200KA1FS1,SBI Nifty 50 ETF,31-08-2026,portfolio,Other Current Assets / (Liabilities),Margin amount for Derivative positions,,,,,,,,,,,,,,INF200KA1FS1_SBI Nifty 50 ETF.xlsx,SETFNIF50,107,"[null, null, ""Margin amount for Derivative positions"", null, null, null, ""NIL"", ""NIL"", null, null, null, null, null, null, null, null, null, null, null, null, null, null, null, null, null, null, null, null, null, null, null, null, null, null, null, null, null, null, null, null, null, null, null, null, null, null, null, null, null, null, null, null, null, null, null, null, null, null, null, null, null, null, null, null, null, null, null, null, null, null, null, null, null, null, null, null, null, null, null, null, null, null, null, null, null, null, null, null, null, null, null, null, null, null, null, null, null, null, null, null, null, null, null, null, null, null, null, null, null, null, null, null, null, null, null, null, null, null, null, null, null, null, null, null, null, null, null, null, null, null, null, null, null, null, null, null, null, null, null, null, null, null, null, null, null, null, null, null, null, null, null, null, null, null, null, null, null, null, null, null, null, null, null, null, null, null, null, null, null, null, null, null, null, null, null, null, null, null, null, null, null, null, null, null, null, null, null, null, null, null, null, null, null, null, null, null, null, null, null, null, null, null, null, null, null, null, null, null, null, null, null, null, null, null, null, null, null, null, null, null, null, null, null, null, null, null, null, null, null, null, null, null, null, null, null, null, null, null, null, null, null, null, null, null, null, null, null, null, null, null, null, null, null, null, null, null]"
INF200KA1FS1,SBI Nifty 50 ETF,31-08-2026,portfolio,Other Current Assets / (Liabilities),Net Receivable / Payable,,,,1096.66,109666000,1,,,,,,,,INF200KA1FS1_SBI Nifty 50 ETF.xlsx,SETFNIF50,108,"[null, null, ""Net Receivable / Payable"", null, null, null, 1096.66, 0.01, null, null, null, null, null, null, null, null, null, null, null, null, null, null, null, null, null, null, null, null, null, null, null, null, null, null, null, null, null, null, null, null, null, null, null, null, null, null, null, null, null, null, null, null, null, null, null, null, null, null, null, null, null, null, null, null, null, null, null, null, null, null, null, null, null, null, null, null, null, null, null, null, null, null, null, null, null, null, null, null, null, null, null, null, null, null, null, null, null, null, null, null, null, null, null, null, null, null, null, null, null, null, null, null, null, null, null, null, null, null, null, null, null, null, null, null, null, null, null, null, null, null, null, null, null, null, null, null, null, null, null, null, null, null, null, null, null, null, null, null, null, null, null, null, null, null, null, null, null, null, null, null, null, null, null, null, null, null, null, null, null, null, null, null, null, null, null, null, null, null, null, null, null, null, null, null, null, null, null, null, null, null, null, null, null, null, null, null, null, null, null, null, null, null, null, null, null, null, null, null, null, null, null, null, null, null, null, null, null, null, null, null, null, null, null, null, null, null, null, null, null, null, null, null, null, null, null, null, null, null, null, null, null, null, null, null, null, null, null, null, null, null, null, null, null, null, null, null]"
INF200KA1FS1,SBI Nifty 50 ETF,31-08-2026,portfolio,Other Current Assets / (Liabilities),Total,,,,1096.66,109666000,1,,,,,,,,INF200KA1FS1_SBI Nifty 50 ETF.xlsx,SETFNIF50,109,"[null, null, ""Total"", null, null, null, 1096.66, 0.01, null, null, null, null, null, null, null, null, null, null, null, null, null, null, null, null, null, null, null, null, null, null, null, null, null, null, null, null, null, null, null, null, null, null, null, null, null, null, null, null, null, null, null, null, null, null, null, null, null, null, null, null, null, null, null, null, null, null, null, null, null, null, null, null, null, null, null, null, null, null, null, null, null, null, null, null, null, null, null, null, null, null, null, null, null, null, null, null, null, null, null, null, null, null, null, null, null, null, null, null, null, null, null, null, null, null, null, null, null, null, null, null, null, null, null, null, null, null, null, null, null, null, null, null, null, null, null, null, null, null, null, null, null, null, null, null, null, null, null, null, null, null, null, null, null, null, null, null, null, null, null, null, null, null, null, null, null, null, null, null, null, null, null, null, null, null, null, null, null, null, null, null, null, null, null, null, null, null, null, null, null, null, null, null, null, null, null, null, null, null, null, null, null, null, null, null, null, null, null, null, null, null, null, null, null, null, null, null, null, null, null, null, null, null, null, null, null, null, null, null, null, null, null, null, null, null, null, null, null, null, null, null, null, null, null, null, null, null, null, null, null, null, null, null, null, null, null, null]"
INF200KA1FS1,SBI Nifty 50 ETF,31-08-2026,portfolio,Other Current Assets / (Liabilities),GRAND TOTAL (AUM),,,,21379397.88,2.13794E+12,100,,,,,,,,INF200KA1FS1_SBI Nifty 50 ETF.xlsx,SETFNIF50,111,"[null, null, ""GRAND TOTAL (AUM)"", null, null, null, 21379397.88, 100, null, null, null, null, null, null, null, null, null, null, null, null, null, null, null, null, null, null, null, null, null, null, null, null, null, null, null, null, null, null, null, null, null, null, null, null, null, null, null, null, null, null, null, null, null, null, null, null, null, null, null, null, null, null, null, null, null, null, null, null, null, null, null, null, null, null, null, null, null, null, null, null, null, null, null, null, null, null, null, null, null, null, null, null, null, null, null, null, null, null, null, null, null, null, null, null, null, null, null, null, null, null, null, null, null, null, null, null, null, null, null, null, null, null, null, null, null, null, null, null, null, null, null, null, null, null, null, null, null, null, null, null, null, null, null, null, null, null, null, null, null, null, null, null, null, null, null, null, null, null, null, null, null, null, null, null, null, null, null, null, null, null, null, null, null, null, null, null, null, null, null, null, null, null, null, null, null, null, null, null, null, null, null, null, null, null, null, null, null, null, null, null, null, null, null, null, null, null, null, null, null, null, null, null, null, null, null, null, null, null, null, null, null, null, null, null, null, null, null, null, null, null, null, null, null, null, null, null, null, null, null, null, null, null, null, null, null, null, null, null, null, null, null, null, null, null, null, null]"
INF200KA1FS1,SBI Nifty 50 ETF,31-08-2026,portfolio,4. Total number of instances of deviation in valuation of securities of the scheme from the valuation price given by the valuation agencies during the period are: Nil,(A) Securities is in default beyond its maturity date and its percentage to NAV :,,NIL,,,,,,,,,,,,INF200KA1FS1_SBI Nifty 50 ETF.xlsx,SETFNIF50,121,"[null, null, ""(A) Securities is in default beyond its maturity date and its percentage to NAV :"", null, ""NIL"", null, null, null, null, null, null, null, null, null, null, null, null, null, null, null, null, null, null, null, null, null, null, null, null, null, null, null, null, null, null, null, null, null, null, null, null, null, null, null, null, null, null, null, null, null, null, null, null, null, null, null, null, null, null, null, null, null, null, null, null, null, null, null, null, null, null, null, null, null, null, null, null, null, null, null, null, null, null, null, null, null, null, null, null, null, null, null, null, null, null, null, null, null, null, null, null, null, null, null, null, null, null, null, null, null, null, null, null, null, null, null, null, null, null, null, null, null, null, null, null, null, null, null, null, null, null, null, null, null, null, null, null, null, null, null, null, null, null, null, null, null, null, null, null, null, null, null, null, null, null, null, null, null, null, null, null, null, null, null, null, null, null, null, null, null, null, null, null, null, null, null, null, null, null, null, null, null, null, null, null, null, null, null, null, null, null, null, null, null, null, null, null, null, null, null, null, null, null, null, null, null, null, null, null, null, null, null, null, null, null, null, null, null, null, null, null, null, null, null, null, null, null, null, null, null, null, null, null, null, null, null, null, null, null, null, null, null, null, null, null, null, null, null, null, null, null, null, null, null, null, null]"
INF200KA1FS1,SBI Nifty 50 ETF,31-08-2026,portfolio,4. Total number of instances of deviation in valuation of securities of the scheme from the valuation price given by the valuation agencies during the period are: Nil,(B) Total value and percentage of illiquid equity shares :,,NIL,,,,,,,,,,,,INF200KA1FS1_SBI Nifty 50 ETF.xlsx,SETFNIF50,123,"[null, null, ""(B) Total value and percentage of illiquid equity shares :"", null, ""NIL"", null, null, null, null, null, null, null, null, null, null, null, null, null, null, null, null, null, null, null, null, null, null, null, null, null, null, null, null, null, null, null, null, null, null, null, null, null, null, null, null, null, null, null, null, null, null, null, null, null, null, null, null, null, null, null, null, null, null, null, null, null, null, null, null, null, null, null, null, null, null, null, null, null, null, null, null, null, null, null, null, null, null, null, null, null, null, null, null, null, null, null, null, null, null, null, null, null, null, null, null, null, null, null, null, null, null, null, null, null, null, null, null, null, null, null, null, null, null, null, null, null, null, null, null, null, null, null, null, null, null, null, null, null, null, null, null, null, null, null, null, null, null, null, null, null, null, null, null, null, null, null, null, null, null, null, null, null, null, null, null, null, null, null, null, null, null, null, null, null, null, null, null, null, null, null, null, null, null, null, null, null, null, null, null, null, null, null, null, null, null, null, null, null, null, null, null, null, null, null, null, null, null, null, null, null, null, null, null, null, null, null, null, null, null, null, null, null, null, null, null, null, null, null, null, null, null, null, null, null, null, null, null, null, null, null, null, null, null, null, null, null, null, null, null, null, null, null, null, null, null, null]"
INF200KA1FS1,SBI Nifty 50 ETF,31-08-2026,portfolio,(i) NAV at the beginning and end of the month period :,Plan Name:,NAV as on 31.07.2026 (Rs.),NAV as on 31.08.2026 (Rs.),,,,,,,,,,,,INF200KA1FS1_SBI Nifty 50 ETF.xlsx,SETFNIF50,128,"[null, null, ""Plan Name:"", ""NAV as on 31.07.2026 (Rs.)"", ""NAV as on 31.08.2026 (Rs.)"", null, null, null, null, null, null, null, null, null, null, null, null, null, null, null, null, null, null, null, null, null, null, null, null, null, null, null, null, null, null, null, null, null, null, null, null, null, null, null, null, null, null, null, null, null, null, null, null, null, null, null, null, null, null, null, null, null, null, null, null, null, null, null, null, null, null, null, null, null, null, null, null, null, null, null, null, null, null, null, null, null, null, null, null, null, null, null, null, null, null, null, null, null, null, null, null, null, null, null, null, null, null, null, null, null, null, null, null, null, null, null, null, null, null, null, null, null, null, null, null, null, null, null, null, null, null, null, null, null, null, null, null, null, null, null, null, null, null, null, null, null, null, null, null, null, null, null, null, null, null, null, null, null, null, null, null, null, null, null, null, null, null, null, null, null, null, null, null, null, null, null, null, null, null, null, null, null, null, null, null, null, null, null, null, null, null, null, null, null, null, null, null, null, null, null, null, null, null, null, null, null, null, null, null, null, null, null, null, null, null, null, null, null, null, null, null, null, null, null, null, null, null, null, null, null, null, null, null, null, null, null, null, null, null, null, null, null, null, null, null, null, null, null, null, null, null, null, null, null, null, null]"
INF200KA1FS1,SBI Nifty 50 ETF,31-08-2026,portfolio,(i) NAV at the beginning and end of the month period :,Single Plan,262.4906,259.4917,,,,,,,,,,,,INF200KA1FS1_SBI Nifty 50 ETF.xlsx,SETFNIF50,129,"[null, null, ""Single Plan"", 262.4906, 259.4917, null, null, null, null, null, null, null, null, null, null, null, null, null, null, null, null, null, null, null, null, null, null, null, null, null, null, null, null, null, null, null, null, null, null, null, null, null, null, null, null, null, null, null, null, null, null, null, null, null, null, null, null, null, null, null, null, null, null, null, null, null, null, null, null, null, null, null, null, null, null, null, null, null, null, null, null, null, null, null, null, null, null, null, null, null, null, null, null, null, null, null, null, null, null, null, null, null, null, null, null, null, null, null, null, null, null, null, null, null, null, null, null, null, null, null, null, null, null, null, null, null, null, null, null, null, null, null, null, null, null, null, null, null, null, null, null, null, null, null, null, null, null, null, null, null, null, null, null, null, null, null, null, null, null, null, null, null, null, null, null, null, null, null, null, null, null, null, null, null, null, null, null, null, null, null, null, null, null, null, null, null, null, null, null, null, null, null, null, null, null, null, null, null, null, null, null, null, null, null, null, null, null, null, null, null, null, null, null, null, null, null, null, null, null, null, null, null, null, null, null, null, null, null, null, null, null, null, null, null, null, null, null, null, null, null, null, null, null, null, null, null, null, null, null, null, null, null, null, null, null, null]"
INF200KA1FS1,SBI Nifty 50 ETF,31-08-2026,portfolio,(i) NAV at the beginning and end of the month period :,"(ii) Dividend declared by the Scheme during the month ending August 31, 2026:",,NIL,,,,,,,,,,,,INF200KA1FS1_SBI Nifty 50 ETF.xlsx,SETFNIF50,131,"[null, null, ""(ii) Dividend declared by the Scheme during the month ending August 31, 2026:"", null, ""NIL"", null, null, null, null, null, null, null, null, null, null, null, null, null, null, null, null, null, null, null, null, null, null, null, null, null, null, null, null, null, null, null, null, null, null, null, null, null, null, null, null, null, null, null, null, null, null, null, null, null, null, null, null, null, null, null, null, null, null, null, null, null, null, null, null, null, null, null, null, null, null, null, null, null, null, null, null, null, null, null, null, null, null, null, null, null, null, null, null, null, null, null, null, null, null, null, null, null, null, null, null, null, null, null, null, null, null, null, null, null, null, null, null, null, null, null, null, null, null, null, null, null, null, null, null, null, null, null, null, null, null, null, null, null, null, null, null, null, null, null, null, null, null, null, null, null, null, null, null, null, null, null, null, null, null, null, null, null, null, null, null, null, null, null, null, null, null, null, null, null, null, null, null, null, null, null, null, null, null, null, null, null, null, null, null, null, null, null, null, null, null, null, null, null, null, null, null, null, null, null, null, null, null, null, null, null, null, null, null, null, null, null, null, null, null, null, null, null, null, null, null, null, null, null, null, null, null, null, null, null, null, null, null, null, null, null, null, null, null, null, null, null, null, null, null, null, null, null, null, null, null, null]"
INF200KA1FS1,SBI Nifty 50 ETF,31-08-2026,portfolio,(i) NAV at the beginning and end of the month period :,"(iii) Bonus declared by the Scheme during the month ending August 31, 2026:",,NIL,,,,,,,,,,,,INF200KA1FS1_SBI Nifty 50 ETF.xlsx,SETFNIF50,133,"[null, null, ""(iii) Bonus declared by the Scheme during the month ending August 31, 2026:"", null, ""NIL"", null, null, null, null, null, null, null, null, null, null, null, null, null, null, null, null, null, null, null, null, null, null, null, null, null, null, null, null, null, null, null, null, null, null, null, null, null, null, null, null, null, null, null, null, null, null, null, null, null, null, null, null, null, null, null, null, null, null, null, null, null, null, null, null, null, null, null, null, null, null, null, null, null, null, null, null, null, null, null, null, null, null, null, null, null, null, null, null, null, null, null, null, null, null, null, null, null, null, null, null, null, null, null, null, null, null, null, null, null, null, null, null, null, null, null, null, null, null, null, null, null, null, null, null, null, null, null, null, null, null, null, null, null, null, null, null, null, null, null, null, null, null, null, null, null, null, null, null, null, null, null, null, null, null, null, null, null, null, null, null, null, null, null, null, null, null, null, null, null, null, null, null, null, null, null, null, null, null, null, null, null, null, null, null, null, null, null, null, null, null, null, null, null, null, null, null, null, null, null, null, null, null, null, null, null, null, null, null, null, null, null, null, null, null, null, null, null, null, null, null, null, null, null, null, null, null, null, null, null, null, null, null, null, null, null, null, null, null, null, null, null, null, null, null, null, null, null, null, null, null, null]"
INF200KA1FS1,SBI Nifty 50 ETF,31-08-2026,portfolio,(i) NAV at the beginning and end of the month period :,(D) Total outstanding exposure in derivative instruments at the end of the period :,,NIL,,,,,,,,,,,,INF200KA1FS1_SBI Nifty 50 ETF.xlsx,SETFNIF50,135,"[null, null, ""(D) Total outstanding exposure in derivative instruments at the end of the period :"", null, ""NIL"", null, null, null, null, null, null, null, null, null, null, null, null, null, null, null, null, null, null, null, null, null, null, null, null, null, null, null, null, null, null, null, null, null, null, null, null, null, null, null, null, null, null, null, null, null, null, null, null, null, null, null, null, null, null, null, null, null, null, null, null, null, null, null, null, null, null, null, null, null, null, null, null, null, null, null, null, null, null, null, null, null, null, null, null, null, null, null, null, null, null, null, null, null, null, null, null, null, null, null, null, null, null, null, null, null, null, null, null, null, null, null, null, null, null, null, null, null, null, null, null, null, null, null, null, null, null, null, null, null, null, null, null, null, null, null, null, null, null, null, null, null, null, null, null, null, null, null, null, null, null, null, null, null, null, null, null, null, null, null, null, null, null, null, null, null, null, null, null, null, null, null, null, null, null, null, null, null, null, null, null, null, null, null, null, null, null, null, null, null, null, null, null, null, null, null, null, null, null, null, null, null, null, null, null, null, null, null, null, null, null, null, null, null, null, null, null, null, null, null, null, null, null, null, null, null, null, null, null, null, null, null, null, null, null, null, null, null, null, null, null, null, null, null, null, null, null, null, null, null, null, null]"
INF200KA1FS1,SBI Nifty 50 ETF,31-08-2026,portfolio,(i) NAV at the beginning and end of the month period :,(E) Total investments in foreign securities / ADRs / GDRs at the end of the period :,,NIL,,,,,,,,,,,,INF200KA1FS1_SBI Nifty 50 ETF.xlsx,SETFNIF50,137,"[null, null, ""(E) Total investments in foreign securities / ADRs / GDRs at the end of the period :"", null, ""NIL"", null, null, null, null, null, null, null, null, null, null, null, null, null, null, null, null, null, null, null, null, null, null, null, null, null, null, null, null, null, null, null, null, null, null, null, null, null, null, null, null, null, null, null, null, null, null, null, null, null, null, null, null, null, null, null, null, null, null, null, null, null, null, null, null, null, null, null, null, null, null, null, null, null, null, null, null, null, null, null, null, null, null, null, null, null, null, null, null, null, null, null, null, null, null, null, null, null, null, null, null, null, null, null, null, null, null, null, null, null, null, null, null, null, null, null, null, null, null, null, null, null, null, null, null, null, null, null, null, null, null, null, null, null, null, null, null, null, null, null, null, null, null, null, null, null, null, null, null, null, null, null, null, null, null, null, null, null, null, null, null, null, null, null, null, null, null, null, null, null, null, null, null, null, null, null, null, null, null, null, null, null, null, null, null, null, null, null, null, null, null, null, null, null, null, null, null, null, null, null, null, null, null, null, null, null, null, null, null, null, null, null, null, null, null, null, null, null, null, null, null, null, null, null, null, null, null, null, null, null, null, null, null, null, null, null, null, null, null, null, null, null, null, null, null, null, null, null, null, null, null, null]"
INF200KA1FS1,SBI Nifty 50 ETF,31-08-2026,portfolio,(i) NAV at the beginning and end of the month period :,(F) Portfolio turnover ratio (Equity Schemes) :,,0.050428857,,,,,,,,,,,,INF200KA1FS1_SBI Nifty 50 ETF.xlsx,SETFNIF50,139,"[null, null, ""(F) Portfolio turnover ratio (Equity Schemes) :"", null, 0.050428857141721385, null, null, null, null, null, null, null, null, null, null, null, null, null, null, null, null, null, null, null, null, null, null, null, null, null, null, null, null, null, null, null, null, null, null, null, null, null, null, null, null, null, null, null, null, null, null, null, null, null, null, null, null, null, null, null, null, null, null, null, null, null, null, null, null, null, null, null, null, null, null, null, null, null, null, null, null, null, null, null, null, null, null, null, null, null, null, null, null, null, null, null, null, null, null, null, null, null, null, null, null, null, null, null, null, null, null, null, null, null, null, null, null, null, null, null, null, null, null, null, null, null, null, null, null, null, null, null, null, null, null, null, null, null, null, null, null, null, null, null, null, null, null, null, null, null, null, null, null, null, null, null, null, null, null, null, null, null, null, null, null, null, null, null, null, null, null, null, null, null, null, null, null, null, null, null, null, null, null, null, null, null, null, null, null, null, null, null, null, null, null, null, null, null, null, null, null, null, null, null, null, null, null, null, null, null, null, null, null, null, null, null, null, null, null, null, null, null, null, null, null, null, null, null, null, null, null, null, null, null, null, null, null, null, null, null, null, null, null, null, null, null, null, null, null, null, null, null, null, null, null, null]"
INF200KA1FS1,SBI Nifty 50 ETF,31-08-2026,portfolio,(i) NAV at the beginning and end of the month period :,(G) The Average maturity period (Debt Schemes) :,,N.A.,,,,,,,,,,,,INF200KA1FS1_SBI Nifty 50 ETF.xlsx,SETFNIF50,141,"[null, null, ""(G) The Average maturity period (Debt Schemes) :"", null, ""N.A."", null, null, null, null, null, null, null, null, null, null, null, null, null, null, null, null, null, null, null, null, null, null, null, null, null, null, null, null, null, null, null, null, null, null, null, null, null, null, null, null, null, null, null, null, null, null, null, null, null, null, null, null, null, null, null, null, null, null, null, null, null, null, null, null, null, null, null, null, null, null, null, null, null, null, null, null, null, null, null, null, null, null, null, null, null, null, null, null, null, null, null, null, null, null, null, null, null, null, null, null, null, null, null, null, null, null, null, null, null, null, null, null, null, null, null, null, null, null, null, null, null, null, null, null, null, null, null, null, null, null, null, null, null, null, null, null, null, null, null, null, null, null, null, null, null, null, null, null, null, null, null, null, null, null, null, null, null, null, null, null, null, null, null, null, null, null, null, null, null, null, null, null, null, null, null, null, null, null, null, null, null, null, null, null, null, null, null, null, null, null, null, null, null, null, null, null, null, null, null, null, null, null, null, null, null, null, null, null, null, null, null, null, null, null, null, null, null, null, null, null, null, null, null, null, null, null, null, null, null, null, null, null, null, null, null, null, null, null, null, null, null, null, null, null, null, null, null, null, null, null, null]"
INF200KA1FS1,SBI Nifty 50 ETF,31-08-2026,portfolio,(i) NAV at the beginning and end of the month period :,"(H) Repo transactions in corporate debt securities during the month ending August 31, 2026 :",,NIL,,,,,,,,,,,,INF200KA1FS1_SBI Nifty 50 ETF.xlsx,SETFNIF50,143,"[null, null, ""(H) Repo transactions in corporate debt securities during the month ending August 31, 2026 :"", null, ""NIL"", null, null, null, null, null, null, null, null, null, null, null, null, null, null, null, null, null, null, null, null, null, null, null, null, null, null, null, null, null, null, null, null, null, null, null, null, null, null, null, null, null, null, null, null, null, null, null, null, null, null, null, null, null, null, null, null, null, null, null, null, null, null, null, null, null, null, null, null, null, null, null, null, null, null, null, null, null, null, null, null, null, null, null, null, null, null, null, null, null, null, null, null, null, null, null, null, null, null, null, null, null, null, null, null, null, null, null, null, null, null, null, null, null, null, null, null, null, null, null, null, null, null, null, null, null, null, null, null, null, null, null, null, null, null, null, null, null, null, null, null, null, null, null, null, null, null, null, null, null, null, null, null, null, null, null, null, null, null, null, null, null, null, null, null, null, null, null, null, null, null, null, null, null, null, null, null, null, null, null, null, null, null, null, null, null, null, null, null, null, null, null, null, null, null, null, null, null, null, null, null, null, null, null, null, null, null, null, null, null, null, null, null, null, null, null, null, null, null, null, null, null, null, null, null, null, null, null, null, null, null, null, null, null, null, null, null, null, null, null, null, null, null, null, null, null, null, null, null, null, null, null]"
INF200KA1FS1,SBI Nifty 50 ETF,31-08-2026,portfolio,"Portfolio Turnover Ratio = Lower of purchases or sales of securities during the twelve months ended August 31, 2026 / Average Net Assets during the twelve months ended August 31, 2026.",Scheme Risk-O-Meter,,Benchmark Risk-O-Meter,,,,,,,,,,,,INF200KA1FS1_SBI Nifty 50 ETF.xlsx,SETFNIF50,147,"[null, null, ""Scheme Risk-O-Meter"", null, ""Benchmark Risk-O-Meter"", null, null, null, null, null, null, null, null, null, null, null, null, null, null, null, null, null, null, null, null, null, null, null, null, null, null, null, null, null, null, null, null, null, null, null, null, null, null, null, null, null, null, null, null, null, null, null, null, null, null, null, null, null, null, null, null, null, null, null, null, null, null, null, null, null, null, null, null, null, null, null, null, null, null, null, null, null, null, null, null, null, null, null, null, null, null, null, null, null, null, null, null, null, null, null, null, null, null, null, null, null, null, null, null, null, null, null, null, null, null, null, null, null, null, null, null, null, null, null, null, null, null, null, null, null, null, null, null, null, null, null, null, null, null, null, null, null, null, null, null, null, null, null, null, null, null, null, null, null, null, null, null, null, null, null, null, null, null, null, null, null, null, null, null, null, null, null, null, null, null, null, null, null, null, null, null, null, null, null, null, null, null, null, null, null, null, null, null, null, null, null, null, null, null, null, null, null, null, null, null, null, null, null, null, null, null, null, null, null, null, null, null, null, null, null, null, null, null, null, null, null, null, null, null, null, null, null, null, null, null, null, null, null, null, null, null, null, null, null, null, null, null, null, null, null, null, null, null, null, null, null]"
INF204K01K15,Nippon India Small Cap Fund,31-08-2026,portfolio,(a) Listed / awaiting listing on Stock Exchanges,Bharat Heavy Electricals Limited,INE257A01026,Electrical Equipment,34508595,152752.3,15275230000,1.85,,,,,,,,INF204K01K15_Nippon India Small Cap Fund.xlsx,SC,7,"[""BHAH02"", ""INE257A01026"", ""Bharat Heavy Electricals Limited"", ""Electrical Equipment"", 34508595, 152752.3, 0.0185, null]"
INF204K01K15,Nippon India Small Cap Fund,31-08-2026,portfolio,(a) Listed / awaiting listing on Stock Exchanges,TD Power Systems Limited,INE419M01035,Electrical Equipment,19307704,150020.86,15002086000,1.82,,,,,,,,INF204K01K15_Nippon India Small Cap Fund.xlsx,SC,8,"[""TDPS03"", ""INE419M01035"", ""TD Power Systems Limited"", ""Electrical Equipment"", 19307704, 150020.86, 0.0182, null]"
INF204K01K15,Nippon India Small Cap Fund,31-08-2026,portfolio,(a) Listed / awaiting listing on Stock Exchanges,Apar Industries Limited,INE372A01015,Electrical Equipment,808204,143068.27,14306827000,1.73,,,,,,,,INF204K01K15_Nippon India Small Cap Fund.xlsx,SC,9,"[""GAPA02"", ""INE372A01015"", ""Apar Industries Limited"", ""Electrical Equipment"", 808204, 143068.27, 0.0173, null]"
INF204K01K15,Nippon India Small Cap Fund,31-08-2026,portfolio,(a) Listed / awaiting listing on Stock Exchanges,HDFC Bank Limited,INE040A01034,Banks,19954929,141480.45,14148045000,1.71,,,,,,,,INF204K01K15_Nippon India Small Cap Fund.xlsx,SC,10,"[""HDFB03"", ""INE040A01034"", ""HDFC Bank Limited"", ""Banks"", 19954929, 141480.45, 0.0171, null]"
INF204K01K15,Nippon India Small Cap Fund,31-08-2026,portfolio,(a) Listed / awaiting listing on Stock Exchanges,Karur Vysya Bank Limited,INE036D01028,Banks,31907252,110909.61,11090961000,1.34,,,,,,,,INF204K01K15_Nippon India Small Cap Fund.xlsx,SC,11,"[""KAVY06"", ""INE036D01028"", ""Karur Vysya Bank Limited"", ""Banks"", 31907252, 110909.61, 0.0134, null]"
INF204K01K15,Nippon India Small Cap Fund,31-08-2026,portfolio,(a) Listed / awaiting listing on Stock Exchanges,State Bank of India,INE062A01020,Banks,10000000,106000,10600000000,1.28,,,,,,,,INF204K01K15_Nippon India Small Cap Fund.xlsx,SC,12,"[""SBAI02"", ""INE062A01020"", ""State Bank of India"", ""Banks"", 10000000, 106000, 0.0128, null]"
INF204K01K15,Nippon India Small Cap Fund,31-08-2026,portfolio,(a) Listed / awaiting listing on Stock Exchanges,Sundram Fasteners Limited,INE387A01021,Auto Components,8522020,102596.6,10259660000,1.24,,,,,,,,INF204K01K15_Nippon India Small Cap Fund.xlsx,SC,13,"[""SUFA02"", ""INE387A01021"", ""Sundram Fasteners Limited"", ""Auto Components"", 8522020, 102596.6, 0.0124, null]"
INF204K01K15,Nippon India Small Cap Fund,31-08-2026,portfolio,(a) Listed / awaiting listing on Stock Exchanges,Acme Solar Holdings Ltd,INE622W01025,Power,24487415,98427.16,9842716000,1.19,,,,,,,,INF204K01K15_Nippon India Small Cap Fund.xlsx,SC,14,"[""ACSO01"", ""INE622W01025"", ""Acme Solar Holdings Ltd"", ""Power"", 24487415, 98427.16, 0.0119, null]"
INF204K01K15,Nippon India Small Cap Fund,31-08-2026,portfolio,(a) Listed / awaiting listing on Stock Exchanges,Sai Life Sciences Limited,INE570L01029,Pharmaceuticals & Biotechnology,6563832,95812.26,9581226000,1.16,,,,,,,,INF204K01K15_Nippon India Small Cap Fund.xlsx,SC,15,"[""SAPH01"", ""INE570L01029"", ""Sai Life Sciences Limited"", ""Pharmaceuticals & Biotechnology"", 6563832, 95812.26, 0.0116, null]"
INF204K01K15,Nippon India Small Cap Fund,31-08-2026,portfolio,(a) Listed / awaiting listing on Stock Exchanges,Multi Commodity Exchange of India Limited,INE745G01043,Capital Markets,2800000,95200,9520000000,1.15,,,,,,,,INF204K01K15_Nippon India Small Cap Fund.xlsx,SC,16,"[""MCEX02"", ""INE745G01043"", ""Multi Commodity Exchange of India Limited"", ""Capital Markets"", 2800000, 95200, 0.0115, null]"
INF204K01K15,Nippon India Small Cap Fund,31-08-2026,portfolio,(a) Listed / awaiting listing on Stock Exchanges,Avalon Technologies Limited,INE0LCL01028,Electrical Equipment,3879742,92077.92,9207792000,1.12,,,,,,,,INF204K01K15_Nippon India Small Cap Fund.xlsx,SC,17,"[""AVAT01"", ""INE0LCL01028"", ""Avalon Technologies Limited"", ""Electrical Equipment"", 3879742, 92077.92, 0.0112, null]"
INF204K01K15,Nippon India Small Cap Fund,31-08-2026,portfolio,(a) Listed / awaiting listing on Stock Exchanges,Zydus Wellness Limited,INE768C01028,Food Products,17132587,90871.24,9087124000,1.1,,,,,,,,INF204K01K15_Nippon India Small Cap Fund.xlsx,SC,18,"[""CNAF02"", ""INE768C01028"", ""Zydus Wellness Limited"", ""Food Products"", 17132587, 90871.24, 0.011, null]"
INF204K01K15,Nippon India Small Cap Fund,31-08-2026,portfolio,(a) Listed / awaiting listing on Stock Exchanges,Kirloskar Brothers Limited,INE732A01036,Industrial Products,4525148,85986.86,8598686000,1.04,,,,,,,,INF204K01K15_Nippon India Small Cap Fund.xlsx,SC,19,"[""KIBO03"", ""INE732A01036"", ""Kirloskar Brothers Limited"", ""Industrial Products"", 4525148, 85986.86, 0.0104, null]"
INF204K01K15,Nippon India Small Cap Fund,31-08-2026,portfolio,(a) Listed / awaiting listing on Stock Exchanges,Union Bank of India,INE692A01016,Banks,41391115,78076.06,7807606000,0.95,,,,,,,,INF204K01K15_Nippon India Small Cap Fund.xlsx,SC,20,"[""UNBI01"", ""INE692A01016"", ""Union Bank of India"", ""Banks"", 41391115, 78076.06, 0.0095, null]"
INF204K01K15,Nippon India Small Cap Fund,31-08-2026,portfolio,(a) Listed / awaiting listing on Stock Exchanges,Elantas Beck India Limited,INE280B01018,Chemicals & Petrochemicals,677636,78636.27,7863627000,0.95,,,,,,,,INF204K01K15_Nippon India Small Cap Fund.xlsx,SC,21,"[""BECK01"", ""INE280B01018"", ""Elantas Beck India Limited"", ""Chemicals & Petrochemicals"", 677636, 78636.27, 0.0095, null]"
INF204K01K15,Nippon India Small Cap Fund,31-08-2026,portfolio,(a) Listed / awaiting listing on Stock Exchanges,Axis Bank Limited,INE238A01034,Banks,5977976,77713.69,7771369000,0.94,,,,,,,,INF204K01K15_Nippon India Small Cap Fund.xlsx,SC,22,"[""UTIB02"", ""INE238A01034"", ""Axis Bank Limited"", ""Banks"", 5977976, 77713.69, 0.0094, null]"
INF204K01K15,Nippon India Small Cap Fund,31-08-2026,portfolio,(a) Listed / awaiting listing on Stock Exchanges,Balrampur Chini Mills Limited,INE119A01028,Agricultural Food & other Products,11131698,77198.33,7719833000,0.93,,,,,,,,INF204K01K15_Nippon India Small Cap Fund.xlsx,SC,23,"[""BALC02"", ""INE119A01028"", ""Balrampur Chini Mills Limited"", ""Agricultural Food & other Products"", 11131698, 77198.33, 0.0093, null]"
INF204K01K15,Nippon India Small Cap Fund,31-08-2026,portfolio,(a) Listed / awaiting listing on Stock Exchanges,NLC India Limited,INE589A01014,Power,27587015,73767.68,7376768000,0.89,,,,,,,,INF204K01K15_Nippon India Small Cap Fund.xlsx,SC,24,"[""NAYV01"", ""INE589A01014"", ""NLC India Limited"", ""Power"", 27587015, 73767.68, 0.0089, null]"
INF204K01K15,Nippon India Small Cap Fund,31-08-2026,portfolio,(a) Listed / awaiting listing on Stock Exchanges,Kirloskar Oil Engines Limited,INE146L01010,Industrial Products,3400001,71379.62,7137962000,0.86,,,,,,,,INF204K01K15_Nippon India Small Cap Fund.xlsx,SC,25,"[""KENI01"", ""INE146L01010"", ""Kirloskar Oil Engines Limited"", ""Industrial Products"", 3400001, 71379.62, 0.0086, null]"
INF204K01K15,Nippon India Small Cap Fund,31-08-2026,portfolio,(a) Listed / awaiting listing on Stock Exchanges,Voltamp Transformers Limited,INE540H01012,Electrical Equipment,642476,70084.49,7008449000,0.85,,,,,,,,INF204K01K15_Nippon India Small Cap Fund.xlsx,SC,26,"[""VATL01"", ""INE540H01012"", ""Voltamp Transformers Limited"", ""Electrical Equipment"", 642476, 70084.49, 0.0085, null]"
INF204K01K15,Nippon India Small Cap Fund,31-08-2026,portfolio,(a) Listed / awaiting listing on Stock Exchanges,Tube Investments of India Limited,INE974X01010,Auto Components,2499222,69478.37,6947837000,0.84,,,,,,,,INF204K01K15_Nippon India Small Cap Fund.xlsx,SC,27,"[""TLFH01"", ""INE974X01010"", ""Tube Investments of India Limited"", ""Auto Components"", 2499222, 69478.37, 0.0084, null]"
INF204K01K15,Nippon India Small Cap Fund,31-08-2026,portfolio,(a) Listed / awaiting listing on Stock Exchanges,eClerx Services Limited,INE738I01010,Commercial Services & Supplies,3450588,68214.67,6821467000,0.83,,,,,,,,INF204K01K15_Nippon India Small Cap Fund.xlsx,SC,28,"[""ECLE01"", ""INE738I01010"", ""eClerx Services Limited"", ""Commercial Services & Supplies"", 3450588, 68214.67, 0.0083, null]"
INF204K01K15,Nippon India Small Cap Fund,31-08-2026,portfolio,(a) Listed / awaiting listing on Stock Exchanges,Craftsman Automation Limited,INE00LO01017,Auto Components,597209,66878.45,6687845000,0.81,,,,,,,,INF204K01K15_Nippon India Small Cap Fund.xlsx,SC,29,"[""CRAF01"", ""INE00LO01017"", ""Craftsman Automation Limited"", ""Auto Components"", 597209, 66878.45, 0.0081, null]"
INF204K01K15,Nippon India Small Cap Fund,31-08-2026,portfolio,(a) Listed / awaiting listing on Stock Exchanges,MTAR Technologies Limited,INE864I01014,Electrical Equipment,954732,67246.55,6724655000,0.81,,,,,,,,INF204K01K15_Nippon India Small Cap Fund.xlsx,SC,30,"[""MTAR01"", ""INE864I01014"", ""MTAR Technologies Limited"", ""Electrical Equipment"", 954732, 67246.55, 0.0081, null]"
INF204K01K15,Nippon India Small Cap Fund,31-08-2026,portfolio,(a) Listed / awaiting listing on Stock Exchanges,Aster DM Quality Care Limited,INE914M01019,Healthcare Services,8772707,66321.66,6632166000,0.8,,,,,,,,INF204K01K15_Nippon India Small Cap Fund.xlsx,SC,31,"[""ADHL01"", ""INE914M01019"", ""Aster DM Quality Care Limited"", ""Healthcare Services"", 8772707, 66321.66, 0.008, null]"
INF204K01K15,Nippon India Small Cap Fund,31-08-2026,portfolio,(a) Listed / awaiting listing on Stock Exchanges,Radico Khaitan Limited,INE944F01028,Beverages,1427333,64015.89,6401589000,0.78,,,,,,,,INF204K01K15_Nippon India Small Cap Fund.xlsx,SC,32,"[""RAKH02"", ""INE944F01028"", ""Radico Khaitan Limited"", ""Beverages"", 1427333, 64015.89, 0.0078, null]"
INF204K01K15,Nippon India Small Cap Fund,31-08-2026,portfolio,(a) Listed / awaiting listing on Stock Exchanges,Whirlpool of India Limited,INE716A01013,Consumer Durables,8009151,64325.5,6432550000,0.78,,,,,,,,INF204K01K15_Nippon India Small Cap Fund.xlsx,SC,33,"[""KELV01"", ""INE716A01013"", ""Whirlpool of India Limited"", ""Consumer Durables"", 8009151, 64325.5, 0.0078, null]"
INF204K01K15,Nippon India Small Cap Fund,31-08-2026,portfolio,(a) Listed / awaiting listing on Stock Exchanges,Paradeep Phosphates Limited,INE088F01024,Fertilizers & Agrochemicals,39089109,62558.21,6255821000,0.76,,,,,,,,INF204K01K15_Nippon India Small Cap Fund.xlsx,SC,34,"[""PAPH01"", ""INE088F01024"", ""Paradeep Phosphates Limited"", ""Fertilizers & Agrochemicals"", 39089109, 62558.21, 0.0076, null]"
INF204K01K15,Nippon India Small Cap Fund,31-08-2026,portfolio,(a) Listed / awaiting listing on Stock Exchanges,Emami Limited,INE548C01032,Personal Products,16844801,61315.08,6131508000,0.74,,,,,,,,INF204K01K15_Nippon India Small Cap Fund.xlsx,SC,35,"[""EMAM02"", ""INE548C01032"", ""Emami Limited"", ""Personal Products"", 16844801, 61315.08, 0.0074, null]"
INF204K01K15,Nippon India Small Cap Fund,31-08-2026,portfolio,(a) Listed / awaiting listing on Stock Exchanges,Ajanta Pharma Limited,INE031B01049,Pharmaceuticals & Biotechnology,1674471,60312.77,6031277000,0.73,,,,,,,,INF204K01K15_Nippon India Small Cap Fund.xlsx,SC,36,"[""AJPH03"", ""INE031B01049"", ""Ajanta Pharma Limited"", ""Pharmaceuticals & Biotechnology"", 1674471, 60312.77, 0.0073, null]"
INF204K01K15,Nippon India Small Cap Fund,31-08-2026,portfolio,(a) Listed / awaiting listing on Stock Exchanges,TBO Tek Limited,INE673O01025,Leisure Services,3427297,59809.76,5980976000,0.72,,,,,,,,INF204K01K15_Nippon India Small Cap Fund.xlsx,SC,37,"[""TBOT01"", ""INE673O01025"", ""TBO Tek Limited"", ""Leisure Services"", 3427297, 59809.76, 0.0072, null]"
INF204K01K15,Nippon India Small Cap Fund,31-08-2026,portfolio,(a) Listed / awaiting listing on Stock Exchanges,Kirloskar Pneumatic Company Limited,INE811A01038,Industrial Products,8218880,58732.12,5873212000,0.71,,,,,,,,INF204K01K15_Nippon India Small Cap Fund.xlsx,SC,38,"[""KPNE03"", ""INE811A01038"", ""Kirloskar Pneumatic Company Limited"", ""Industrial Products"", 8218880, 58732.12, 0.0071, null]"
INF204K01K15,Nippon India Small Cap Fund,31-08-2026,portfolio,(a) Listed / awaiting listing on Stock Exchanges,Central Mine Planning & Design Institute Limited,INE05HV01027,Commercial Services & Supplies,24749675,57151.95,5715195000,0.69,,,,,,,,INF204K01K15_Nippon India Small Cap Fund.xlsx,SC,39,"[""CMPD01"", ""INE05HV01027"", ""Central Mine Planning & Design Institute Limited"", ""Commercial Services & Supplies"", 24749675, 57151.95, 0.0069, null]"
INF204K01K15,Nippon India Small Cap Fund,31-08-2026,portfolio,(a) Listed / awaiting listing on Stock Exchanges,Hindustan Unilever Limited,INE030A01027,Diversified FMCG,2895540,56966.85,5696685000,0.69,,,,,,,,INF204K01K15_Nippon India Small Cap Fund.xlsx,SC,40,"[""HLEL02"", ""INE030A01027"", ""Hindustan Unilever Limited"", ""Diversified FMCG"", 2895540, 56966.85, 0.0069, null]"
INF204K01K15,Nippon India Small Cap Fund,31-08-2026,portfolio,(a) Listed / awaiting listing on Stock Exchanges,Pfizer Limited,INE182A01018,Pharmaceuticals & Biotechnology,1206103,56498.69,5649869000,0.68,,,,,,,,INF204K01K15_Nippon India Small Cap Fund.xlsx,SC,41,"[""PFIZ01"", ""INE182A01018"", ""Pfizer Limited"", ""Pharmaceuticals & Biotechnology"", 1206103, 56498.69, 0.0068, null]"
INF204K01K15,Nippon India Small Cap Fund,31-08-2026,portfolio,(a) Listed / awaiting listing on Stock Exchanges,Dixon Technologies (India) Limited,INE935N01020,Consumer Durables,370644,55040.63,5504063000,0.67,,,,,,,,INF204K01K15_Nippon India Small Cap Fund.xlsx,SC,42,"[""DIXO02"", ""INE935N01020"", ""Dixon Technologies (India) Limited"", ""Consumer Durables"", 370644, 55040.63, 0.0067, null]"
INF204K01K15,Nippon India Small Cap Fund,31-08-2026,portfolio,(a) Listed / awaiting listing on Stock Exchanges,PNB Housing Finance Limited,INE572E01012,Finance,4748659,54547.85,5454785000,0.66,,,,,,,,INF204K01K15_Nippon India Small Cap Fund.xlsx,SC,43,"[""PHFP02"", ""INE572E01012"", ""PNB Housing Finance Limited"", ""Finance"", 4748659, 54547.85, 0.0066, null]"
INF204K01K15,Nippon India Small Cap Fund,31-08-2026,portfolio,(a) Listed / awaiting listing on Stock Exchanges,Syngene International Limited,INE398R01022,Healthcare Services,13322540,53390.08,5339008000,0.65,,,,,,,,INF204K01K15_Nippon India Small Cap Fund.xlsx,SC,44,"[""SYNI01"", ""INE398R01022"", ""Syngene International Limited"", ""Healthcare Services"", 13322540, 53390.08, 0.0065, null]"
INF204K01K15,Nippon India Small Cap Fund,31-08-2026,portfolio,(a) Listed / awaiting listing on Stock Exchanges,Gland Pharma Limited,INE068V01023,Pharmaceuticals & Biotechnology,1832424,52880.09,5288009000,0.64,,,,,,,,INF204K01K15_Nippon India Small Cap Fund.xlsx,SC,45,"[""GLAN02"", ""INE068V01023"", ""Gland Pharma Limited"", ""Pharmaceuticals & Biotechnology"", 1832424, 52880.09, 0.0064, null]"
INF204K01K15,Nippon India Small Cap Fund,31-08-2026,portfolio,(a) Listed / awaiting listing on Stock Exchanges,Coal India Limited,INE522F01014,Consumable Fuels,13000000,52227.5,5222750000,0.63,,,,,,,,INF204K01K15_Nippon India Small Cap Fund.xlsx,SC,46,"[""COAL01"", ""INE522F01014"", ""Coal India Limited"", ""Consumable Fuels"", 13000000, 52227.5, 0.0063, null]"
INF204K01K15,Nippon India Small Cap Fund,31-08-2026,portfolio,(a) Listed / awaiting listing on Stock Exchanges,Esab India Limited,INE284A01012,Industrial Products,853782,52247.19,5224719000,0.63,,,,,,,,INF204K01K15_Nippon India Small Cap Fund.xlsx,SC,47,"[""ESAB01"", ""INE284A01012"", ""Esab India Limited"", ""Industrial Products"", 853782, 52247.19, 0.0063, null]"
INF204K01K15,Nippon India Small Cap Fund,31-08-2026,portfolio,(a) Listed / awaiting listing on Stock Exchanges,Lumax Auto Technologies Limited,INE872H01027,Auto Components,2480000,51546.8,5154680000,0.62,,,,,,,,INF204K01K15_Nippon India Small Cap Fund.xlsx,SC,48,"[""LATL02"", ""INE872H01027"", ""Lumax Auto Technologies Limited"", ""Auto Components"", 2480000, 51546.8, 0.0062, null]"
INF204K01K15,Nippon India Small Cap Fund,31-08-2026,portfolio,(a) Listed / awaiting listing on Stock Exchanges,AWL Agri Business Limited,INE699H01024,Agricultural Food & other Products,26233343,50512.3,5051230000,0.61,,,,,,,,INF204K01K15_Nippon India Small Cap Fund.xlsx,SC,49,"[""ADWI01"", ""INE699H01024"", ""AWL Agri Business Limited"", ""Agricultural Food & other Products"", 26233343, 50512.3, 0.0061, null]"
INF204K01K15,Nippon India Small Cap Fund,31-08-2026,portfolio,(a) Listed / awaiting listing on Stock Exchanges,Kalpataru Projects International Limited,INE220B01022,Construction,3622814,50752,5075200000,0.61,,,,,,,,INF204K01K15_Nippon India Small Cap Fund.xlsx,SC,50,"[""KPTL02"", ""INE220B01022"", ""Kalpataru Projects International Limited"", ""Construction"", 3622814, 50752, 0.0061, null]"
INF204K01K15,Nippon India Small Cap Fund,31-08-2026,portfolio,(a) Listed / awaiting listing on Stock Exchanges,Navin Fluorine International Limited,INE048G01026,Chemicals & Petrochemicals,567368,49222.01,4922201000,0.6,,,,,,,,INF204K01K15_Nippon India Small Cap Fund.xlsx,SC,51,"[""PRRC03"", ""INE048G01026"", ""Navin Fluorine International Limited"", ""Chemicals & Petrochemicals"", 567368, 49222.01, 0.006, null]"
INF204K01K15,Nippon India Small Cap Fund,31-08-2026,portfolio,(a) Listed / awaiting listing on Stock Exchanges,Rategain Travel Technologies Limited,INE0CLI01024,IT - Software,5314611,49835.11,4983511000,0.6,,,,,,,,INF204K01K15_Nippon India Small Cap Fund.xlsx,SC,52,"[""RATG01"", ""INE0CLI01024"", ""Rategain Travel Technologies Limited"", ""IT - Software"", 5314611, 49835.11, 0.006, null]"
INF204K01K15,Nippon India Small Cap Fund,31-08-2026,portfolio,(a) Listed / awaiting listing on Stock Exchanges,Asahi India Glass Limited,INE439A01020,Auto Components,5102823,48581.43,4858143000,0.59,,,,,,,,INF204K01K15_Nippon India Small Cap Fund.xlsx,SC,53,"[""ASAI01"", ""INE439A01020"", ""Asahi India Glass Limited"", ""Auto Components"", 5102823, 48581.43, 0.0059, null]"
INF204K01K15,Nippon India Small Cap Fund,31-08-2026,portfolio,(a) Listed / awaiting listing on Stock Exchanges,Vardhman Textiles Limited,INE825A01020,Textiles & Apparels,8465828,48428.77,4842877000,0.59,,,,,,,,INF204K01K15_Nippon India Small Cap Fund.xlsx,SC,54,"[""MASP02"", ""INE825A01020"", ""Vardhman Textiles Limited"", ""Textiles & Apparels"", 8465828, 48428.77, 0.0059, null]"
INF204K01K15,Nippon India Small Cap Fund,31-08-2026,portfolio,(a) Listed / awaiting listing on Stock Exchanges,Bluestone Jewellery and Lifestyle Limited,INE304W01038,Consumer Durables,5830504,47658.54,4765854000,0.58,,,,,,,,INF204K01K15_Nippon India Small Cap Fund.xlsx,SC,55,"[""BJLP02"", ""INE304W01038"", ""Bluestone Jewellery and Lifestyle Limited"", ""Consumer Durables"", 5830504, 47658.54, 0.0058, null]"
INF204K01K15,Nippon India Small Cap Fund,31-08-2026,portfolio,(a) Listed / awaiting listing on Stock Exchanges,Orkla India Limited,INE16NZ01023,Food Products,8091739,48113.48,4811348000,0.58,,,,,,,,INF204K01K15_Nippon India Small Cap Fund.xlsx,SC,56,"[""ORKL01"", ""INE16NZ01023"", ""Orkla India Limited"", ""Food Products"", 8091739, 48113.48, 0.0058, null]"
INF204K01K15,Nippon India Small Cap Fund,31-08-2026,portfolio,(a) Listed / awaiting listing on Stock Exchanges,Delhivery Limited,INE148O01028,Transport Services,10517117,47979.09,4797909000,0.58,,,,,,,,INF204K01K15_Nippon India Small Cap Fund.xlsx,SC,57,"[""SSNL02"", ""INE148O01028"", ""Delhivery Limited"", ""Transport Services"", 10517117, 47979.09, 0.0058, null]"
INF204K01K15,Nippon India Small Cap Fund,31-08-2026,portfolio,(a) Listed / awaiting listing on Stock Exchanges,Mas Financial Services Limited,INE348L01012,Finance,15087423,45948.75,4594875000,0.56,,,,,,,,INF204K01K15_Nippon India Small Cap Fund.xlsx,SC,58,"[""MFSL01"", ""INE348L01012"", ""Mas Financial Services Limited"", ""Finance"", 15087423, 45948.75, 0.0056, null]"
INF204K01K15,Nippon India Small Cap Fund,31-08-2026,portfolio,(a) Listed / awaiting listing on Stock Exchanges,Krishna Institute Of Medical Sciences Limited,INE967H01025,Healthcare Services,6118377,46224.34,4622434000,0.56,,,,,,,,INF204K01K15_Nippon India Small Cap Fund.xlsx,SC,59,"[""KIMS02"", ""INE967H01025"", ""Krishna Institute Of Medical Sciences Limited"", ""Healthcare Services"", 6118377, 46224.34, 0.0056, null]"
INF204K01K15,Nippon India Small Cap Fund,31-08-2026,portfolio,(a) Listed / awaiting listing on Stock Exchanges,Omnitech Engineering Limited,INE0UH301010,Industrial Manufacturing,8573332,46338.86,4633886000,0.56,,,,,,,,INF204K01K15_Nippon India Small Cap Fund.xlsx,SC,60,"[""OMEL01"", ""INE0UH301010"", ""Omnitech Engineering Limited"", ""Industrial Manufacturing"", 8573332, 46338.86, 0.0056, null]"
INF204K01K15,Nippon India Small Cap Fund,31-08-2026,portfolio,(a) Listed / awaiting listing on Stock Exchanges,HDFC Life Insurance Company Limited,INE795G01014,Insurance,8549571,46454.09,4645409000,0.56,,,,,,,,INF204K01K15_Nippon India Small Cap Fund.xlsx,SC,61,"[""HDLI01"", ""INE795G01014"", ""HDFC Life Insurance Company Limited"", ""Insurance"", 8549571, 46454.09, 0.0056, null]"
INF204K01K15,Nippon India Small Cap Fund,31-08-2026,portfolio,(a) Listed / awaiting listing on Stock Exchanges,AstraZeneca Pharma India Limited,INE203A01020,Pharmaceuticals & Biotechnology,661875,46010.24,4601024000,0.56,,,,,,,,INF204K01K15_Nippon India Small Cap Fund.xlsx,SC,62,"[""ASPH02"", ""INE203A01020"", ""AstraZeneca Pharma India Limited"", ""Pharmaceuticals & Biotechnology"", 661875, 46010.24, 0.0056, null]"
INF204K01K15,Nippon India Small Cap Fund,31-08-2026,portfolio,(a) Listed / awaiting listing on Stock Exchanges,Carborundum Universal Limited,INE120A01034,Industrial Products,4073740,45080.01,4508001000,0.55,,,,,,,,INF204K01K15_Nippon India Small Cap Fund.xlsx,SC,63,"[""CARU03"", ""INE120A01034"", ""Carborundum Universal Limited"", ""Industrial Products"", 4073740, 45080.01, 0.0055, null]"
INF204K01K15,Nippon India Small Cap Fund,31-08-2026,portfolio,(a) Listed / awaiting listing on Stock Exchanges,Aditya Birla Sun Life AMC Limited,INE404A01024,Capital Markets,4249792,44699.31,4469931000,0.54,,,,,,,,INF204K01K15_Nippon India Small Cap Fund.xlsx,SC,64,"[""BSLM02"", ""INE404A01024"", ""Aditya Birla Sun Life AMC Limited"", ""Capital Markets"", 4249792, 44699.31, 0.0054, null]"
INF204K01K15,Nippon India Small Cap Fund,31-08-2026,portfolio,(a) Listed / awaiting listing on Stock Exchanges,The Ramco Cements Limited,INE331A01037,Cement & Cement Products,5076860,44653.52,4465352000,0.54,,,,,,,,INF204K01K15_Nippon India Small Cap Fund.xlsx,SC,65,"[""MCEL03"", ""INE331A01037"", ""The Ramco Cements Limited"", ""Cement & Cement Products"", 5076860, 44653.52, 0.0054, null]"
INF204K01K15,Nippon India Small Cap Fund,31-08-2026,portfolio,(a) Listed / awaiting listing on Stock Exchanges,Timken India Limited,INE325A01013,Industrial Products,1382500,43543.22,4354322000,0.53,,,,,,,,INF204K01K15_Nippon India Small Cap Fund.xlsx,SC,66,"[""TIIN01"", ""INE325A01013"", ""Timken India Limited"", ""Industrial Products"", 1382500, 43543.22, 0.0053, null]"
INF204K01K15,Nippon India Small Cap Fund,31-08-2026,portfolio,(a) Listed / awaiting listing on Stock Exchanges,Gokaldas Exports Limited,INE887G01027,Textiles & Apparels,5394102,42122.54,4212254000,0.51,,,,,,,,INF204K01K15_Nippon India Small Cap Fund.xlsx,SC,67,"[""GOEX02"", ""INE887G01027"", ""Gokaldas Exports Limited"", ""Textiles & Apparels"", 5394102, 42122.54, 0.0051, null]"
INF204K01K15,Nippon India Small Cap Fund,31-08-2026,portfolio,(a) Listed / awaiting listing on Stock Exchanges,Hindustan Aeronautics Limited,INE066F01020,Aerospace & Defense,862972,41436.46,4143646000,0.5,,,,,,,,INF204K01K15_Nippon India Small Cap Fund.xlsx,SC,68,"[""HALT02"", ""INE066F01020"", ""Hindustan Aeronautics Limited"", ""Aerospace & Defense"", 862972, 41436.46, 0.005, null]"
INF204K01K15,Nippon India Small Cap Fund,31-08-2026,portfolio,(a) Listed / awaiting listing on Stock Exchanges,Fine Organic Industries Limited,INE686Y01026,Chemicals & Petrochemicals,785023,41471.2,4147120000,0.5,,,,,,,,INF204K01K15_Nippon India Small Cap Fund.xlsx,SC,69,"[""FOIL01"", ""INE686Y01026"", ""Fine Organic Industries Limited"", ""Chemicals & Petrochemicals"", 785023, 41471.2, 0.005, null]"
INF204K01K15,Nippon India Small Cap Fund,31-08-2026,portfolio,(a) Listed / awaiting listing on Stock Exchanges,Affle 3i Limited,INE00WC01027,IT - Services,2587622,41347.61,4134761000,0.5,,,,,,,,INF204K01K15_Nippon India Small Cap Fund.xlsx,SC,70,"[""AFFI02"", ""INE00WC01027"", ""Affle 3i Limited"", ""IT - Services"", 2587622, 41347.61, 0.005, null]"
INF204K01K15,Nippon India Small Cap Fund,31-08-2026,portfolio,(a) Listed / awaiting listing on Stock Exchanges,PVR INOX Limited,INE191H01014,Entertainment,3333342,40256.77,4025677000,0.49,,,,,,,,INF204K01K15_Nippon India Small Cap Fund.xlsx,SC,71,"[""PVRL01"", ""INE191H01014"", ""PVR INOX Limited"", ""Entertainment"", 3333342, 40256.77, 0.0049, null]"
INF204K01K15,Nippon India Small Cap Fund,31-08-2026,portfolio,(a) Listed / awaiting listing on Stock Exchanges,Procter & Gamble Health Limited,INE199A01012,Pharmaceuticals & Biotechnology,694659,40067.93,4006793000,0.49,,,,,,,,INF204K01K15_Nippon India Small Cap Fund.xlsx,SC,72,"[""EMER01"", ""INE199A01012"", ""Procter & Gamble Health Limited"", ""Pharmaceuticals & Biotechnology"", 694659, 40067.93, 0.0049, null]"
INF204K01K15,Nippon India Small Cap Fund,31-08-2026,portfolio,(a) Listed / awaiting listing on Stock Exchanges,K.P.R. Mill Limited,INE930H01031,Textiles & Apparels,3448243,40606.51,4060651000,0.49,,,,,,,,INF204K01K15_Nippon India Small Cap Fund.xlsx,SC,73,"[""KPRM03"", ""INE930H01031"", ""K.P.R. Mill Limited"", ""Textiles & Apparels"", 3448243, 40606.51, 0.0049, null]"
INF204K01K15,Nippon India Small Cap Fund,31-08-2026,portfolio,(a) Listed / awaiting listing on Stock Exchanges,ICRA Limited,INE725G01011,Capital Markets,809283,39787.59,3978759000,0.48,,,,,,,,INF204K01K15_Nippon India Small Cap Fund.xlsx,SC,74,"[""ICRA01"", ""INE725G01011"", ""ICRA Limited"", ""Capital Markets"", 809283, 39787.59, 0.0048, null]"
INF204K01K15,Nippon India Small Cap Fund,31-08-2026,portfolio,(a) Listed / awaiting listing on Stock Exchanges,Sona BLW Precision Forgings Limited,INE073K01018,Auto Components,4785079,38905.08,3890508000,0.47,,,,,,,,INF204K01K15_Nippon India Small Cap Fund.xlsx,SC,75,"[""SONB01"", ""INE073K01018"", ""Sona BLW Precision Forgings Limited"", ""Auto Components"", 4785079, 38905.08, 0.0047, null]"
INF204K01K15,Nippon India Small Cap Fund,31-08-2026,portfolio,(a) Listed / awaiting listing on Stock Exchanges,United Spirits Limited,INE854D01024,Beverages,2617659,39003.12,3900312000,0.47,,,,,,,,INF204K01K15_Nippon India Small Cap Fund.xlsx,SC,76,"[""MCSP02"", ""INE854D01024"", ""United Spirits Limited"", ""Beverages"", 2617659, 39003.12, 0.0047, null]"
INF204K01K15,Nippon India Small Cap Fund,31-08-2026,portfolio,(a) Listed / awaiting listing on Stock Exchanges,Century Plyboards (India) Limited,INE348B01021,Consumer Durables,5074464,38426.38,3842638000,0.47,,,,,,,,INF204K01K15_Nippon India Small Cap Fund.xlsx,SC,77,"[""CEPL02"", ""INE348B01021"", ""Century Plyboards (India) Limited"", ""Consumer Durables"", 5074464, 38426.38, 0.0047, null]"
INF204K01K15,Nippon India Small Cap Fund,31-08-2026,portfolio,(a) Listed / awaiting listing on Stock Exchanges,Jubilant Foodworks Limited,INE797F01020,Leisure Services,7755917,38469.35,3846935000,0.47,,,,,,,,INF204K01K15_Nippon India Small Cap Fund.xlsx,SC,78,"[""JUFL02"", ""INE797F01020"", ""Jubilant Foodworks Limited"", ""Leisure Services"", 7755917, 38469.35, 0.0047, null]"
INF204K01K15,Nippon India Small Cap Fund,31-08-2026,portfolio,(a) Listed / awaiting listing on Stock Exchanges,PhysicsWallah Limited,INE0LP301011,Other Consumer Services,33086819,38479.97,3847997000,0.47,,,,,,,,INF204K01K15_Nippon India Small Cap Fund.xlsx,SC,79,"[""PHWL01"", ""INE0LP301011"", ""PhysicsWallah Limited"", ""Other Consumer Services"", 33086819, 38479.97, 0.0047, null]"
INF204K01K15,Nippon India Small Cap Fund,31-08-2026,portfolio,(a) Listed / awaiting listing on Stock Exchanges,KFin Technologies Limited,INE138Y01010,Capital Markets,3937532,38194.06,3819406000,0.46,,,,,,,,INF204K01K15_Nippon India Small Cap Fund.xlsx,SC,80,"[""KFIN01"", ""INE138Y01010"", ""KFin Technologies Limited"", ""Capital Markets"", 3937532, 38194.06, 0.0046, null]"
INF204K01K15,Nippon India Small Cap Fund,31-08-2026,portfolio,(a) Listed / awaiting listing on Stock Exchanges,Finolex Cables Limited,INE235A01022,Industrial Products,3040235,37916.29,3791629000,0.46,,,,,,,,INF204K01K15_Nippon India Small Cap Fund.xlsx,SC,81,"[""FINO02"", ""INE235A01022"", ""Finolex Cables Limited"", ""Industrial Products"", 3040235, 37916.29, 0.0046, null]"
INF204K01K15,Nippon India Small Cap Fund,31-08-2026,portfolio,(a) Listed / awaiting listing on Stock Exchanges,Tata Consumer Products Limited,INE192A01025,Agricultural Food & other Products,3608686,37440.12,3744012000,0.45,,,,,,,,INF204K01K15_Nippon India Small Cap Fund.xlsx,SC,82,"[""TTEA02"", ""INE192A01025"", ""Tata Consumer Products Limited"", ""Agricultural Food & other Products"", 3608686, 37440.12, 0.0045, null]"
INF204K01K15,Nippon India Small Cap Fund,31-08-2026,portfolio,(a) Listed / awaiting listing on Stock Exchanges,Poonawalla Fincorp Limited,INE511C01022,Finance,8091706,37529.33,3752933000,0.45,,,,,,,,INF204K01K15_Nippon India Small Cap Fund.xlsx,SC,83,"[""MALE02"", ""INE511C01022"", ""Poonawalla Fincorp Limited"", ""Finance"", 8091706, 37529.33, 0.0045, null]"
INF204K01K15,Nippon India Small Cap Fund,31-08-2026,portfolio,(a) Listed / awaiting listing on Stock Exchanges,REC Limited,INE020B01018,Finance,11511370,37216.26,3721626000,0.45,,,,,,,,INF204K01K15_Nippon India Small Cap Fund.xlsx,SC,84,"[""RELC01"", ""INE020B01018"", ""REC Limited"", ""Finance"", 11511370, 37216.26, 0.0045, null]"
INF204K01K15,Nippon India Small Cap Fund,31-08-2026,portfolio,(a) Listed / awaiting listing on Stock Exchanges,Grindwell Norton Limited,INE536A01023,Industrial Products,1817531,36768.65,3676865000,0.45,,,,,,,,INF204K01K15_Nippon India Small Cap Fund.xlsx,SC,85,"[""GRIN02"", ""INE536A01023"", ""Grindwell Norton Limited"", ""Industrial Products"", 1817531, 36768.65, 0.0045, null]"
INF204K01K15,Nippon India Small Cap Fund,31-08-2026,portfolio,(a) Listed / awaiting listing on Stock Exchanges,Astra Microwave Products Limited,INE386C01029,Aerospace & Defense,2200000,36652,3665200000,0.44,,,,,,,,INF204K01K15_Nippon India Small Cap Fund.xlsx,SC,86,"[""AMPL02"", ""INE386C01029"", ""Astra Microwave Products Limited"", ""Aerospace & Defense"", 2200000, 36652, 0.0044, null]"
INF204K01K15,Nippon India Small Cap Fund,31-08-2026,portfolio,(a) Listed / awaiting listing on Stock Exchanges,Crompton Greaves Consumer Electricals Limited,INE299U01018,Consumer Durables,15310436,36117.32,3611732000,0.44,,,,,,,,INF204K01K15_Nippon India Small Cap Fund.xlsx,SC,87,"[""CGCE01"", ""INE299U01018"", ""Crompton Greaves Consumer Electricals Limited"", ""Consumer Durables"", 15310436, 36117.32, 0.0044, null]"
INF204K01K15,Nippon India Small Cap Fund,31-08-2026,portfolio,(a) Listed / awaiting listing on Stock Exchanges,Kotak Mahindra Bank Limited,INE237A01036,Banks,8500000,35649,3564900000,0.43,,,,,,,,INF204K01K15_Nippon India Small Cap Fund.xlsx,SC,88,"[""KOMA03"", ""INE237A01036"", ""Kotak Mahindra Bank Limited"", ""Banks"", 8500000, 35649, 0.0043, null]"
INF204K01K15,Nippon India Small Cap Fund,31-08-2026,portfolio,(a) Listed / awaiting listing on Stock Exchanges,Central Depository Services (India) Limited,INE736A01011,Capital Markets,2539226,35612.64,3561264000,0.43,,,,,,,,INF204K01K15_Nippon India Small Cap Fund.xlsx,SC,89,"[""CDSL01"", ""INE736A01011"", ""Central Depository Services (India) Limited"", ""Capital Markets"", 2539226, 35612.64, 0.0043, null]"
INF204K01K15,Nippon India Small Cap Fund,31-08-2026,portfolio,(a) Listed / awaiting listing on Stock Exchanges,Galaxy Surfactants Limited,INE600K01018,Chemicals & Petrochemicals,1558820,35160.74,3516074000,0.43,,,,,,,,INF204K01K15_Nippon India Small Cap Fund.xlsx,SC,90,"[""GALS01"", ""INE600K01018"", ""Galaxy Surfactants Limited"", ""Chemicals & Petrochemicals"", 1558820, 35160.74, 0.0043, null]"
INF204K01K15,Nippon India Small Cap Fund,31-08-2026,portfolio,(a) Listed / awaiting listing on Stock Exchanges,ISGEC Heavy Engineering Limited,INE858B01029,Construction,4498108,35564.29,3556429000,0.43,,,,,,,,INF204K01K15_Nippon India Small Cap Fund.xlsx,SC,91,"[""SIDS02"", ""INE858B01029"", ""ISGEC Heavy Engineering Limited"", ""Construction"", 4498108, 35564.29, 0.0043, null]"
INF204K01K15,Nippon India Small Cap Fund,31-08-2026,portfolio,(a) Listed / awaiting listing on Stock Exchanges,Jio Financial Services Limited,INE758E01017,Finance,14450010,34875.1,3487510000,0.42,,,,,,,,INF204K01K15_Nippon India Small Cap Fund.xlsx,SC,92,"[""RELS01"", ""INE758E01017"", ""Jio Financial Services Limited"", ""Finance"", 14450010, 34875.1, 0.0042, null]"
INF204K01K15,Nippon India Small Cap Fund,31-08-2026,portfolio,(a) Listed / awaiting listing on Stock Exchanges,Bajaj Consumer Care Limited,INE933K01021,Personal Products,7292317,34569.23,3456923000,0.42,,,,,,,,INF204K01K15_Nippon India Small Cap Fund.xlsx,SC,93,"[""BAJC02"", ""INE933K01021"", ""Bajaj Consumer Care Limited"", ""Personal Products"", 7292317, 34569.23, 0.0042, null]"
INF204K01K15,Nippon India Small Cap Fund,31-08-2026,portfolio,(a) Listed / awaiting listing on Stock Exchanges,Shadowfax Technologies Limited,INE12UN01015,Transport Services,13437356,34732.88,3473288000,0.42,,,,,,,,INF204K01K15_Nippon India Small Cap Fund.xlsx,SC,94,"[""SHAD01"", ""INE12UN01015"", ""Shadowfax Technologies Limited"", ""Transport Services"", 13437356, 34732.88, 0.0042, null]"
INF204K01K15,Nippon India Small Cap Fund,31-08-2026,portfolio,(a) Listed / awaiting listing on Stock Exchanges,Sansera Engineering Limited,INE953O01021,Auto Components,840207,33759.52,3375952000,0.41,,,,,,,,INF204K01K15_Nippon India Small Cap Fund.xlsx,SC,95,"[""SANE01"", ""INE953O01021"", ""Sansera Engineering Limited"", ""Auto Components"", 840207, 33759.52, 0.0041, null]"
INF204K01K15,Nippon India Small Cap Fund,31-08-2026,portfolio,(a) Listed / awaiting listing on Stock Exchanges,RBL Bank Limited,INE976G01028,Banks,8932844,33976.07,3397607000,0.41,,,,,,,,INF204K01K15_Nippon India Small Cap Fund.xlsx,SC,96,"[""RATN01"", ""INE976G01028"", ""RBL Bank Limited"", ""Banks"", 8932844, 33976.07, 0.0041, null]"
INF204K01K15,Nippon India Small Cap Fund,31-08-2026,portfolio,(a) Listed / awaiting listing on Stock Exchanges,Orient Electric Limited,INE142Z01019,Consumer Durables,19057091,34270.37,3427037000,0.41,,,,,,,,INF204K01K15_Nippon India Small Cap Fund.xlsx,SC,97,"[""OREL01"", ""INE142Z01019"", ""Orient Electric Limited"", ""Consumer Durables"", 19057091, 34270.37, 0.0041, null]"
INF204K01K15,Nippon India Small Cap Fund,31-08-2026,portfolio,(a) Listed / awaiting listing on Stock Exchanges,Healthcare Global Enterprises Limited,INE075I01017,Healthcare Services,4658823,34163.15,3416315000,0.41,,,,,,,,INF204K01K15_Nippon India Small Cap Fund.xlsx,SC,98,"[""HGEL01"", ""INE075I01017"", ""Healthcare Global Enterprises Limited"", ""Healthcare Services"", 4658823, 34163.15, 0.0041, null]"
INF204K01K15,Nippon India Small Cap Fund,31-08-2026,portfolio,(a) Listed / awaiting listing on Stock Exchanges,TSF Investments Limited,INE202Z01029,Finance,8201672,32905.11,3290511000,0.4,,,,,,,,INF204K01K15_Nippon India Small Cap Fund.xlsx,SC,99,"[""SFIN01"", ""INE202Z01029"", ""TSF Investments Limited"", ""Finance"", 8201672, 32905.11, 0.004, null]"
INF204K01K15,Nippon India Small Cap Fund,31-08-2026,portfolio,(a) Listed / awaiting listing on Stock Exchanges,Cyient Limited,INE136B01020,IT - Services,2791867,32798.85,3279885000,0.4,,,,,,,,INF204K01K15_Nippon India Small Cap Fund.xlsx,SC,100,"[""INEN02"", ""INE136B01020"", ""Cyient Limited"", ""IT - Services"", 2791867, 32798.85, 0.004, null]"
INF204K01K15,Nippon India Small Cap Fund,31-08-2026,portfolio,(a) Listed / awaiting listing on Stock Exchanges,Sudarshan Chemical Industries Limited,INE659A01023,Chemicals & Petrochemicals,2565754,32502.97,3250297000,0.39,,,,,,,,INF204K01K15_Nippon India Small Cap Fund.xlsx,SC,101,"[""SUCH02"", ""INE659A01023"", ""Sudarshan Chemical Industries Limited"", ""Chemicals & Petrochemicals"", 2565754, 32502.97, 0.0039, null]"
INF204K01K15,Nippon India Small Cap Fund,31-08-2026,portfolio,(a) Listed / awaiting listing on Stock Exchanges,Deepak Nitrite Limited,INE288B01029,Chemicals & Petrochemicals,1857622,32497.24,3249724000,0.39,,,,,,,,INF204K01K15_Nippon India Small Cap Fund.xlsx,SC,102,"[""DENI02"", ""INE288B01029"", ""Deepak Nitrite Limited"", ""Chemicals & Petrochemicals"", 1857622, 32497.24, 0.0039, null]"
INF204K01K15,Nippon India Small Cap Fund,31-08-2026,portfolio,(a) Listed / awaiting listing on Stock Exchanges,City Union Bank Limited,INE491A01021,Banks,13667560,31324.68,3132468000,0.38,,,,,,,,INF204K01K15_Nippon India Small Cap Fund.xlsx,SC,103,"[""CUBI02"", ""INE491A01021"", ""City Union Bank Limited"", ""Banks"", 13667560, 31324.68, 0.0038, null]"
INF204K01K15,Nippon India Small Cap Fund,31-08-2026,portfolio,(a) Listed / awaiting listing on Stock Exchanges,Billionbrains Garage Ventures Ltd,INE0HOQ01053,Capital Markets,16523048,31734.17,3173417000,0.38,,,,,,,,INF204K01K15_Nippon India Small Cap Fund.xlsx,SC,104,"[""BBGV02"", ""INE0HOQ01053"", ""Billionbrains Garage Ventures Ltd"", ""Capital Markets"", 16523048, 31734.17, 0.0038, null]"
INF204K01K15,Nippon India Small Cap Fund,31-08-2026,portfolio,(a) Listed / awaiting listing on Stock Exchanges,Thyrocare Technologies Limited,INE594H01019,Healthcare Services,5167803,31239.37,3123937000,0.38,,,,,,,,INF204K01K15_Nippon India Small Cap Fund.xlsx,SC,105,"[""THYR01"", ""INE594H01019"", ""Thyrocare Technologies Limited"", ""Healthcare Services"", 5167803, 31239.37, 0.0038, null]"
INF204K01K15,Nippon India Small Cap Fund,31-08-2026,portfolio,(a) Listed / awaiting listing on Stock Exchanges,Persistent Systems Limited,INE262H01021,IT - Software,550028,30771.32,3077132000,0.37,,,,,,,,INF204K01K15_Nippon India Small Cap Fund.xlsx,SC,106,"[""PSYL02"", ""INE262H01021"", ""Persistent Systems Limited"", ""IT - Software"", 550028, 30771.32, 0.0037, null]"
INF204K01K15,Nippon India Small Cap Fund,31-08-2026,portfolio,(a) Listed / awaiting listing on Stock Exchanges,Vedanta Aluminium Metal Limited,INE1CDF01017,Non - Ferrous Metals,7019640,30545.96,3054596000,0.37,,,,,,,,INF204K01K15_Nippon India Small Cap Fund.xlsx,SC,107,"[""VAML01"", ""INE1CDF01017"", ""Vedanta Aluminium Metal Limited"", ""Non - Ferrous Metals"", 7019640, 30545.96, 0.0037, null]"
INF204K01K15,Nippon India Small Cap Fund,31-08-2026,portfolio,(a) Listed / awaiting listing on Stock Exchanges,Aarti Industries Limited,INE769A01020,Chemicals & Petrochemicals,5663408,29698.91,2969891000,0.36,,,,,,,,INF204K01K15_Nippon India Small Cap Fund.xlsx,SC,108,"[""AARI02"", ""INE769A01020"", ""Aarti Industries Limited"", ""Chemicals & Petrochemicals"", 5663408, 29698.91, 0.0036, null]"
INF204K01K15,Nippon India Small Cap Fund,31-08-2026,portfolio,(a) Listed / awaiting listing on Stock Exchanges,Voltas Limited,INE226A01021,Consumer Durables,2493009,29776.5,2977650000,0.36,,,,,,,,INF204K01K15_Nippon India Small Cap Fund.xlsx,SC,109,"[""VOLT02"", ""INE226A01021"", ""Voltas Limited"", ""Consumer Durables"", 2493009, 29776.5, 0.0036, null]"
INF204K01K15,Nippon India Small Cap Fund,31-08-2026,portfolio,(a) Listed / awaiting listing on Stock Exchanges,The Indian Hotels Company Limited,INE053A01029,Leisure Services,3975828,29337.63,2933763000,0.36,,,,,,,,INF204K01K15_Nippon India Small Cap Fund.xlsx,SC,110,"[""IHOT02"", ""INE053A01029"", ""The Indian Hotels Company Limited"", ""Leisure Services"", 3975828, 29337.63, 0.0036, null]"
INF204K01K15,Nippon India Small Cap Fund,31-08-2026,portfolio,(a) Listed / awaiting listing on Stock Exchanges,Samvardhana Motherson International Limited,INE775A01035,Auto Components,17000000,29015.6,2901560000,0.35,,,,,,,,INF204K01K15_Nippon India Small Cap Fund.xlsx,SC,111,"[""MOSU03"", ""INE775A01035"", ""Samvardhana Motherson International Limited"", ""Auto Components"", 17000000, 29015.6, 0.0035, null]"
INF204K01K15,Nippon India Small Cap Fund,31-08-2026,portfolio,(a) Listed / awaiting listing on Stock Exchanges,Blue Star Limited,INE472A01039,Consumer Durables,2002468,29312.13,2931213000,0.35,,,,,,,,INF204K01K15_Nippon India Small Cap Fund.xlsx,SC,112,"[""BLUS03"", ""INE472A01039"", ""Blue Star Limited"", ""Consumer Durables"", 2002468, 29312.13, 0.0035, null]"
INF204K01K15,Nippon India Small Cap Fund,31-08-2026,portfolio,(a) Listed / awaiting listing on Stock Exchanges,eMudhra Limited,INE01QM01018,IT - Services,5114115,28017.68,2801768000,0.34,,,,,,,,INF204K01K15_Nippon India Small Cap Fund.xlsx,SC,113,"[""EMUD01"", ""INE01QM01018"", ""eMudhra Limited"", ""IT - Services"", 5114115, 28017.68, 0.0034, null]"
INF204K01K15,Nippon India Small Cap Fund,31-08-2026,portfolio,(a) Listed / awaiting listing on Stock Exchanges,NIIT Learning Systems Limited,INE342G01023,Other Consumer Services,12207638,27725.99,2772599000,0.34,,,,,,,,INF204K01K15_Nippon India Small Cap Fund.xlsx,SC,114,"[""NILS01"", ""INE342G01023"", ""NIIT Learning Systems Limited"", ""Other Consumer Services"", 12207638, 27725.99, 0.0034, null]"
INF204K01K15,Nippon India Small Cap Fund,31-08-2026,portfolio,(a) Listed / awaiting listing on Stock Exchanges,NTPC Green Energy Limited,INE0ONG01011,Power,31207243,27933.6,2793360000,0.34,,,,,,,,INF204K01K15_Nippon India Small Cap Fund.xlsx,SC,115,"[""NGEL01"", ""INE0ONG01011"", ""NTPC Green Energy Limited"", ""Power"", 31207243, 27933.6, 0.0034, null]"
INF204K01K15,Nippon India Small Cap Fund,31-08-2026,portfolio,(a) Listed / awaiting listing on Stock Exchanges,Tejas Networks Limited,INE010J01012,Telecom - Equipment & Accessories,5007516,28029.57,2802957000,0.34,,,,,,,,INF204K01K15_Nippon India Small Cap Fund.xlsx,SC,116,"[""TEJN01"", ""INE010J01012"", ""Tejas Networks Limited"", ""Telecom - Equipment & Accessories"", 5007516, 28029.57, 0.0034, null]"
INF204K01K15,Nippon India Small Cap Fund,31-08-2026,portfolio,(a) Listed / awaiting listing on Stock Exchanges,Jtekt India Limited,INE643A01035,Auto Components,21133584,26347.24,2634724000,0.32,,,,,,,,INF204K01K15_Nippon India Small Cap Fund.xlsx,SC,117,"[""SOKO03"", ""INE643A01035"", ""Jtekt India Limited"", ""Auto Components"", 21133584, 26347.24, 0.0032, null]"
INF204K01K15,Nippon India Small Cap Fund,31-08-2026,portfolio,(a) Listed / awaiting listing on Stock Exchanges,Ambuja Cements Limited,INE079A01024,Cement & Cement Products,6615810,26539.32,2653932000,0.32,,,,,,,,INF204K01K15_Nippon India Small Cap Fund.xlsx,SC,118,"[""GUAM02"", ""INE079A01024"", ""Ambuja Cements Limited"", ""Cement & Cement Products"", 6615810, 26539.32, 0.0032, null]"
INF204K01K15,Nippon India Small Cap Fund,31-08-2026,portfolio,(a) Listed / awaiting listing on Stock Exchanges,Pine Labs Limited,INE15B701018,Financial Technology (Fintech),16237157,26633.81,2663381000,0.32,,,,,,,,INF204K01K15_Nippon India Small Cap Fund.xlsx,SC,119,"[""PINP01"", ""INE15B701018"", ""Pine Labs Limited"", ""Financial Technology (Fintech)"", 16237157, 26633.81, 0.0032, null]"
INF204K01K15,Nippon India Small Cap Fund,31-08-2026,portfolio,(a) Listed / awaiting listing on Stock Exchanges,Metropolis Healthcare Limited,INE112L01020,Healthcare Services,4581344,26679.46,2667946000,0.32,,,,,,,,INF204K01K15_Nippon India Small Cap Fund.xlsx,SC,120,"[""METR01"", ""INE112L01020"", ""Metropolis Healthcare Limited"", ""Healthcare Services"", 4581344, 26679.46, 0.0032, null]"
INF204K01K15,Nippon India Small Cap Fund,31-08-2026,portfolio,(a) Listed / awaiting listing on Stock Exchanges,ION Exchange (India) Limited,INE570A01022,Other Utilities,7161360,26056.61,2605661000,0.32,,,,,,,,INF204K01K15_Nippon India Small Cap Fund.xlsx,SC,121,"[""IONX02"", ""INE570A01022"", ""ION Exchange (India) Limited"", ""Other Utilities"", 7161360, 26056.61, 0.0032, null]"
INF204K01K15,Nippon India Small Cap Fund,31-08-2026,portfolio,(a) Listed / awaiting listing on Stock Exchanges,Tata Power Company Limited,INE245A01021,Power,7707138,26743.77,2674377000,0.32,,,,,,,,INF204K01K15_Nippon India Small Cap Fund.xlsx,SC,122,"[""TPOW02"", ""INE245A01021"", ""Tata Power Company Limited"", ""Power"", 7707138, 26743.77, 0.0032, null]"
INF204K01K15,Nippon India Small Cap Fund,31-08-2026,portfolio,(a) Listed / awaiting listing on Stock Exchanges,Bharat Electronics Limited,INE263A01024,Aerospace & Defense,6211691,25744.35,2574435000,0.31,,,,,,,,INF204K01K15_Nippon India Small Cap Fund.xlsx,SC,123,"[""BHEL02"", ""INE263A01024"", ""Bharat Electronics Limited"", ""Aerospace & Defense"", 6211691, 25744.35, 0.0031, null]"
INF204K01K15,Nippon India Small Cap Fund,31-08-2026,portfolio,(a) Listed / awaiting listing on Stock Exchanges,Allied Blenders And Distillers Limited,INE552Z01027,Beverages,4178025,25836.91,2583691000,0.31,,,,,,,,INF204K01K15_Nippon India Small Cap Fund.xlsx,SC,124,"[""ABDL01"", ""INE552Z01027"", ""Allied Blenders And Distillers Limited"", ""Beverages"", 4178025, 25836.91, 0.0031, null]"
INF204K01K15,Nippon India Small Cap Fund,31-08-2026,portfolio,(a) Listed / awaiting listing on Stock Exchanges,CARE Ratings Limited,INE752H01013,Capital Markets,1476822,25534.25,2553425000,0.31,,,,,,,,INF204K01K15_Nippon India Small Cap Fund.xlsx,SC,125,"[""CARL01"", ""INE752H01013"", ""CARE Ratings Limited"", ""Capital Markets"", 1476822, 25534.25, 0.0031, null]"
INF204K01K15,Nippon India Small Cap Fund,31-08-2026,portfolio,(a) Listed / awaiting listing on Stock Exchanges,JSW Cement Limited,INE718I01012,Cement & Cement Products,20260819,25532.68,2553268000,0.31,,,,,,,,INF204K01K15_Nippon India Small Cap Fund.xlsx,SC,126,"[""JSWC01"", ""INE718I01012"", ""JSW Cement Limited"", ""Cement & Cement Products"", 20260819, 25532.68, 0.0031, null]"
INF204K01K15,Nippon India Small Cap Fund,31-08-2026,portfolio,(a) Listed / awaiting listing on Stock Exchanges,Linde India Limited,INE473A01011,Chemicals & Petrochemicals,400000,25542,2554200000,0.31,,,,,,,,INF204K01K15_Nippon India Small Cap Fund.xlsx,SC,127,"[""BOCL01"", ""INE473A01011"", ""Linde India Limited"", ""Chemicals & Petrochemicals"", 400000, 25542, 0.0031, null]"
INF204K01K15,Nippon India Small Cap Fund,31-08-2026,portfolio,(a) Listed / awaiting listing on Stock Exchanges,Clean Science and Technology Limited,INE227W01023,Chemicals & Petrochemicals,3091186,25435.82,2543582000,0.31,,,,,,,,INF204K01K15_Nippon India Small Cap Fund.xlsx,SC,128,"[""CSTL01"", ""INE227W01023"", ""Clean Science and Technology Limited"", ""Chemicals & Petrochemicals"", 3091186, 25435.82, 0.0031, null]"
INF204K01K15,Nippon India Small Cap Fund,31-08-2026,portfolio,(a) Listed / awaiting listing on Stock Exchanges,TTK Prestige Limited,INE690A01028,Consumer Durables,4413794,25767.73,2576773000,0.31,,,,,,,,INF204K01K15_Nippon India Small Cap Fund.xlsx,SC,129,"[""TTPL02"", ""INE690A01028"", ""TTK Prestige Limited"", ""Consumer Durables"", 4413794, 25767.73, 0.0031, null]"
INF204K01K15,Nippon India Small Cap Fund,31-08-2026,portfolio,(a) Listed / awaiting listing on Stock Exchanges,Sapphire Foods India Limited,INE806T01020,Leisure Services,10793786,25301.71,2530171000,0.31,,,,,,,,INF204K01K15_Nippon India Small Cap Fund.xlsx,SC,130,"[""SAPF02"", ""INE806T01020"", ""Sapphire Foods India Limited"", ""Leisure Services"", 10793786, 25301.71, 0.0031, null]"
INF204K01K15,Nippon India Small Cap Fund,31-08-2026,portfolio,(a) Listed / awaiting listing on Stock Exchanges,Torrent Pharmaceuticals Limited,INE685A01028,Pharmaceuticals & Biotechnology,505464,25606.81,2560681000,0.31,,,,,,,,INF204K01K15_Nippon India Small Cap Fund.xlsx,SC,131,"[""TOPH02"", ""INE685A01028"", ""Torrent Pharmaceuticals Limited"", ""Pharmaceuticals & Biotechnology"", 505464, 25606.81, 0.0031, null]"
INF204K01K15,Nippon India Small Cap Fund,31-08-2026,portfolio,(a) Listed / awaiting listing on Stock Exchanges,Juniper Green Energy Limited,INE05C901015,Power,9797902,25942.88,2594288000,0.31,,,,,,,,INF204K01K15_Nippon India Small Cap Fund.xlsx,SC,132,"[""JUNI01"", ""INE05C901015"", ""Juniper Green Energy Limited"", ""Power"", 9797902, 25942.88, 0.0031, null]"
INF204K01K15,Nippon India Small Cap Fund,31-08-2026,portfolio,(a) Listed / awaiting listing on Stock Exchanges,Adani Ports and Special Economic Zone Limited,INE742F01042,Transport Infrastructure,1593769,25390.33,2539033000,0.31,,,,,,,,INF204K01K15_Nippon India Small Cap Fund.xlsx,SC,133,"[""MUND02"", ""INE742F01042"", ""Adani Ports and Special Economic Zone Limited"", ""Transport Infrastructure"", 1593769, 25390.33, 0.0031, null]"
INF204K01K15,Nippon India Small Cap Fund,31-08-2026,portfolio,(a) Listed / awaiting listing on Stock Exchanges,Exide Industries Limited,INE302A01020,Auto Components,5659350,24915.29,2491529000,0.3,,,,,,,,INF204K01K15_Nippon India Small Cap Fund.xlsx,SC,134,"[""CHLO02"", ""INE302A01020"", ""Exide Industries Limited"", ""Auto Components"", 5659350, 24915.29, 0.003, null]"
INF204K01K15,Nippon India Small Cap Fund,31-08-2026,portfolio,(a) Listed / awaiting listing on Stock Exchanges,Vindhya Telelinks Limited,INE707A01012,Construction,974673,24712.83,2471283000,0.3,,,,,,,,INF204K01K15_Nippon India Small Cap Fund.xlsx,SC,135,"[""VITE01"", ""INE707A01012"", ""Vindhya Telelinks Limited"", ""Construction"", 974673, 24712.83, 0.003, null]"
INF204K01K15,Nippon India Small Cap Fund,31-08-2026,portfolio,(a) Listed / awaiting listing on Stock Exchanges,Power Finance Corporation Limited,INE134E01011,Finance,7393176,24863.25,2486325000,0.3,,,,,,,,INF204K01K15_Nippon India Small Cap Fund.xlsx,SC,136,"[""PFCL01"", ""INE134E01011"", ""Power Finance Corporation Limited"", ""Finance"", 7393176, 24863.25, 0.003, null]"
INF204K01K15,Nippon India Small Cap Fund,31-08-2026,portfolio,(a) Listed / awaiting listing on Stock Exchanges,Godrej Agrovet Limited,INE850D01014,Food Products,4021039,24741.45,2474145000,0.3,,,,,,,,INF204K01K15_Nippon India Small Cap Fund.xlsx,SC,137,"[""GOAG01"", ""INE850D01014"", ""Godrej Agrovet Limited"", ""Food Products"", 4021039, 24741.45, 0.003, null]"
INF204K01K15,Nippon India Small Cap Fund,31-08-2026,portfolio,(a) Listed / awaiting listing on Stock Exchanges,Dr. Lal Path Labs Limited,INE600L01024,Healthcare Services,1290970,24975.11,2497511000,0.3,,,,,,,,INF204K01K15_Nippon India Small Cap Fund.xlsx,SC,138,"[""DLPL01"", ""INE600L01024"", ""Dr. Lal Path Labs Limited"", ""Healthcare Services"", 1290970, 24975.11, 0.003, null]"
INF204K01K15,Nippon India Small Cap Fund,31-08-2026,portfolio,(a) Listed / awaiting listing on Stock Exchanges,Data Patterns (India) Limited,INE0IX101010,Aerospace & Defense,524363,23709.07,2370907000,0.29,,,,,,,,INF204K01K15_Nippon India Small Cap Fund.xlsx,SC,139,"[""DPIL01"", ""INE0IX101010"", ""Data Patterns (India) Limited"", ""Aerospace & Defense"", 524363, 23709.07, 0.0029, null]"
INF204K01K15,Nippon India Small Cap Fund,31-08-2026,portfolio,(a) Listed / awaiting listing on Stock Exchanges,Birla Corporation Limited,INE340A01012,Cement & Cement Products,2697453,23540.67,2354067000,0.29,,,,,,,,INF204K01K15_Nippon India Small Cap Fund.xlsx,SC,140,"[""BIRJ01"", ""INE340A01012"", ""Birla Corporation Limited"", ""Cement & Cement Products"", 2697453, 23540.67, 0.0029, null]"
INF204K01K15,Nippon India Small Cap Fund,31-08-2026,portfolio,(a) Listed / awaiting listing on Stock Exchanges,Kajaria Ceramics Limited,INE217B01036,Consumer Durables,1895015,23589.15,2358915000,0.29,,,,,,,,INF204K01K15_Nippon India Small Cap Fund.xlsx,SC,141,"[""KACE03"", ""INE217B01036"", ""Kajaria Ceramics Limited"", ""Consumer Durables"", 1895015, 23589.15, 0.0029, null]"
INF204K01K15,Nippon India Small Cap Fund,31-08-2026,portfolio,(a) Listed / awaiting listing on Stock Exchanges,Genus Power Infrastructures Limited,INE955D01029,Electrical Equipment,7000000,23464,2346400000,0.28,,,,,,,,INF204K01K15_Nippon India Small Cap Fund.xlsx,SC,142,"[""GOEL02"", ""INE955D01029"", ""Genus Power Infrastructures Limited"", ""Electrical Equipment"", 7000000, 23464, 0.0028, null]"
INF204K01K15,Nippon India Small Cap Fund,31-08-2026,portfolio,(a) Listed / awaiting listing on Stock Exchanges,Jindal Saw Limited,INE324A01032,Industrial Products,7567590,23433.04,2343304000,0.28,,,,,,,,INF204K01K15_Nippon India Small Cap Fund.xlsx,SC,143,"[""SAWP03"", ""INE324A01032"", ""Jindal Saw Limited"", ""Industrial Products"", 7567590, 23433.04, 0.0028, null]"
INF204K01K15,Nippon India Small Cap Fund,31-08-2026,portfolio,(a) Listed / awaiting listing on Stock Exchanges,Aditya Birla Real Estate Limited,INE055A01016,Realty,1721623,23336.6,2333660000,0.28,,,,,,,,INF204K01K15_Nippon India Small Cap Fund.xlsx,SC,144,"[""CENT02"", ""INE055A01016"", ""Aditya Birla Real Estate Limited"", ""Realty"", 1721623, 23336.6, 0.0028, null]"
INF204K01K15,Nippon India Small Cap Fund,31-08-2026,portfolio,(a) Listed / awaiting listing on Stock Exchanges,Belrise Industries Ltd.,INE894V01022,Auto Components,9728130,22602.34,2260234000,0.27,,,,,,,,INF204K01K15_Nippon India Small Cap Fund.xlsx,SC,145,"[""BELR01"", ""INE894V01022"", ""Belrise Industries Ltd."", ""Auto Components"", 9728130, 22602.34, 0.0027, null]"
INF204K01K15,Nippon India Small Cap Fund,31-08-2026,portfolio,(a) Listed / awaiting listing on Stock Exchanges,Styrenix Performance Materials Limited,INE189B01011,Chemicals & Petrochemicals,1109890,22222.22,2222222000,0.27,,,,,,,,INF204K01K15_Nippon India Small Cap Fund.xlsx,SC,146,"[""BAAB01"", ""INE189B01011"", ""Styrenix Performance Materials Limited"", ""Chemicals & Petrochemicals"", 1109890, 22222.22, 0.0027, null]"
INF204K01K15,Nippon India Small Cap Fund,31-08-2026,portfolio,(a) Listed / awaiting listing on Stock Exchanges,Bayer Cropscience Limited,INE462A01022,Fertilizers & Agrochemicals,566144,22481.01,2248101000,0.27,,,,,,,,INF204K01K15_Nippon India Small Cap Fund.xlsx,SC,147,"[""BAYE02"", ""INE462A01022"", ""Bayer Cropscience Limited"", ""Fertilizers & Agrochemicals"", 566144, 22481.01, 0.0027, null]"
INF204K01K15,Nippon India Small Cap Fund,31-08-2026,portfolio,(a) Listed / awaiting listing on Stock Exchanges,V.S.T Tillers Tractors Limited,INE764D01017,"Agricultural, Commercial & Construction Vehicles",501622,21861.19,2186119000,0.26,,,,,,,,INF204K01K15_Nippon India Small Cap Fund.xlsx,SC,148,"[""VSTT01"", ""INE764D01017"", ""V.S.T Tillers Tractors Limited"", ""Agricultural, Commercial & Construction Vehicles"", 501622, 21861.19, 0.0026, null]"
INF204K01K15,Nippon India Small Cap Fund,31-08-2026,portfolio,(a) Listed / awaiting listing on Stock Exchanges,Premier Energies Limited,INE0BS701011,Electrical Equipment,2053186,21277.17,2127717000,0.26,,,,,,,,INF204K01K15_Nippon India Small Cap Fund.xlsx,SC,149,"[""PREE01"", ""INE0BS701011"", ""Premier Energies Limited"", ""Electrical Equipment"", 2053186, 21277.17, 0.0026, null]"
INF204K01K15,Nippon India Small Cap Fund,31-08-2026,portfolio,(a) Listed / awaiting listing on Stock Exchanges,LIC Housing Finance Limited,INE115A01026,Finance,4017748,21631.56,2163156000,0.26,,,,,,,,INF204K01K15_Nippon India Small Cap Fund.xlsx,SC,150,"[""LICH02"", ""INE115A01026"", ""LIC Housing Finance Limited"", ""Finance"", 4017748, 21631.56, 0.0026, null]"
INF204K01K15,Nippon India Small Cap Fund,31-08-2026,portfolio,(a) Listed / awaiting listing on Stock Exchanges,Jyothy Labs Limited,INE668F01031,Household Products,10691520,21754.04,2175404000,0.26,,,,,,,,INF204K01K15_Nippon India Small Cap Fund.xlsx,SC,151,"[""JYLL02"", ""INE668F01031"", ""Jyothy Labs Limited"", ""Household Products"", 10691520, 21754.04, 0.0026, null]"
INF204K01K15,Nippon India Small Cap Fund,31-08-2026,portfolio,(a) Listed / awaiting listing on Stock Exchanges,West Coast Paper Mills Limited,INE976A01021,"Paper, Forest & Jute Products",3459187,21163.31,2116331000,0.26,,,,,,,,INF204K01K15_Nippon India Small Cap Fund.xlsx,SC,152,"[""WCPA02"", ""INE976A01021"", ""West Coast Paper Mills Limited"", ""Paper, Forest & Jute Products"", 3459187, 21163.31, 0.0026, null]"
INF204K01K15,Nippon India Small Cap Fund,31-08-2026,portfolio,(a) Listed / awaiting listing on Stock Exchanges,Leela Palaces Hotels & Resorts Limited,INE0AQ201015,Leisure Services,3688067,21036.73,2103673000,0.25,,,,,,,,INF204K01K15_Nippon India Small Cap Fund.xlsx,SC,153,"[""SCLB01"", ""INE0AQ201015"", ""Leela Palaces Hotels & Resorts Limited"", ""Leisure Services"", 3688067, 21036.73, 0.0025, null]"
INF204K01K15,Nippon India Small Cap Fund,31-08-2026,portfolio,(a) Listed / awaiting listing on Stock Exchanges,Lemon Tree Hotels Limited,INE970X01018,Leisure Services,19133536,20329.38,2032938000,0.25,,,,,,,,INF204K01K15_Nippon India Small Cap Fund.xlsx,SC,154,"[""LTHL01"", ""INE970X01018"", ""Lemon Tree Hotels Limited"", ""Leisure Services"", 19133536, 20329.38, 0.0025, null]"
INF204K01K15,Nippon India Small Cap Fund,31-08-2026,portfolio,(a) Listed / awaiting listing on Stock Exchanges,Schaeffler India Limited,INE513A01022,Auto Components,484271,19442.51,1944251000,0.24,,,,,,,,INF204K01K15_Nippon India Small Cap Fund.xlsx,SC,155,"[""FAGP02"", ""INE513A01022"", ""Schaeffler India Limited"", ""Auto Components"", 484271, 19442.51, 0.0024, null]"
INF204K01K15,Nippon India Small Cap Fund,31-08-2026,portfolio,(a) Listed / awaiting listing on Stock Exchanges,CIE Automotive India Limited,INE536H01010,Auto Components,4966784,19422.61,1942261000,0.24,,,,,,,,INF204K01K15_Nippon India Small Cap Fund.xlsx,SC,156,"[""MAAU01"", ""INE536H01010"", ""CIE Automotive India Limited"", ""Auto Components"", 4966784, 19422.61, 0.0024, null]"
INF204K01K15,Nippon India Small Cap Fund,31-08-2026,portfolio,(a) Listed / awaiting listing on Stock Exchanges,RITES Limited,INE320J01015,Construction,9200000,20096.48,2009648000,0.24,,,,,,,,INF204K01K15_Nippon India Small Cap Fund.xlsx,SC,157,"[""RILI01"", ""INE320J01015"", ""RITES Limited"", ""Construction"", 9200000, 20096.48, 0.0024, null]"
INF204K01K15,Nippon India Small Cap Fund,31-08-2026,portfolio,(a) Listed / awaiting listing on Stock Exchanges,PG Electroplast Limited,INE457L01029,Consumer Durables,3451480,20053.1,2005310000,0.24,,,,,,,,INF204K01K15_Nippon India Small Cap Fund.xlsx,SC,158,"[""PGEL02"", ""INE457L01029"", ""PG Electroplast Limited"", ""Consumer Durables"", 3451480, 20053.1, 0.0024, null]"
INF204K01K15,Nippon India Small Cap Fund,31-08-2026,portfolio,(a) Listed / awaiting listing on Stock Exchanges,Sun Pharmaceutical Industries Limited,INE044A01036,Pharmaceuticals & Biotechnology,1000000,19848,1984800000,0.24,,,,,,,,INF204K01K15_Nippon India Small Cap Fund.xlsx,SC,159,"[""SPIL03"", ""INE044A01036"", ""Sun Pharmaceutical Industries Limited"", ""Pharmaceuticals & Biotechnology"", 1000000, 19848, 0.0024, null]"
INF204K01K15,Nippon India Small Cap Fund,31-08-2026,portfolio,(a) Listed / awaiting listing on Stock Exchanges,Afcons Infrastructure Limited,INE101I01011,Construction,6695997,19127.12,1912712000,0.23,,,,,,,,INF204K01K15_Nippon India Small Cap Fund.xlsx,SC,160,"[""AFCI01"", ""INE101I01011"", ""Afcons Infrastructure Limited"", ""Construction"", 6695997, 19127.12, 0.0023, null]"
INF204K01K15,Nippon India Small Cap Fund,31-08-2026,portfolio,(a) Listed / awaiting listing on Stock Exchanges,Vedanta Limited,INE205A01025,Diversified Metals,6944141,19318.6,1931860000,0.23,,,,,,,,INF204K01K15_Nippon India Small Cap Fund.xlsx,SC,161,"[""SESA02"", ""INE205A01025"", ""Vedanta Limited"", ""Diversified Metals"", 6944141, 19318.6, 0.0023, null]"
INF204K01K15,Nippon India Small Cap Fund,31-08-2026,portfolio,(a) Listed / awaiting listing on Stock Exchanges,Harsha Engineers International Limited,INE0JUS01029,Industrial Products,4136864,18859.96,1885996000,0.23,,,,,,,,INF204K01K15_Nippon India Small Cap Fund.xlsx,SC,162,"[""HARS01"", ""INE0JUS01029"", ""Harsha Engineers International Limited"", ""Industrial Products"", 4136864, 18859.96, 0.0023, null]"
INF204K01K15,Nippon India Small Cap Fund,31-08-2026,portfolio,(a) Listed / awaiting listing on Stock Exchanges,Castrol India Limited,INE172A01027,Petroleum Products,10072811,18583.33,1858333000,0.23,,,,,,,,INF204K01K15_Nippon India Small Cap Fund.xlsx,SC,163,"[""CAST03"", ""INE172A01027"", ""Castrol India Limited"", ""Petroleum Products"", 10072811, 18583.33, 0.0023, null]"
INF204K01K15,Nippon India Small Cap Fund,31-08-2026,portfolio,(a) Listed / awaiting listing on Stock Exchanges,Aditya Birla Lifestyle Brands Limited,INE14LE01019,Retailing,22375020,19401.38,1940138000,0.23,,,,,,,,INF204K01K15_Nippon India Small Cap Fund.xlsx,SC,164,"[""ADBL01"", ""INE14LE01019"", ""Aditya Birla Lifestyle Brands Limited"", ""Retailing"", 22375020, 19401.38, 0.0023, null]"
INF204K01K15,Nippon India Small Cap Fund,31-08-2026,portfolio,(a) Listed / awaiting listing on Stock Exchanges,Sumitomo Chemical India Limited,INE258G01013,Fertilizers & Agrochemicals,3554584,18393.19,1839319000,0.22,,,,,,,,INF204K01K15_Nippon India Small Cap Fund.xlsx,SC,165,"[""SUMI01"", ""INE258G01013"", ""Sumitomo Chemical India Limited"", ""Fertilizers & Agrochemicals"", 3554584, 18393.19, 0.0022, null]"
INF204K01K15,Nippon India Small Cap Fund,31-08-2026,portfolio,(a) Listed / awaiting listing on Stock Exchanges,Piramal Finance Limited,INE202B01038,Finance,806058,18542.56,1854256000,0.22,,,,,,,,INF204K01K15_Nippon India Small Cap Fund.xlsx,SC,166,"[""PFPL01"", ""INE202B01038"", ""Piramal Finance Limited"", ""Finance"", 806058, 18542.56, 0.0022, null]"
INF204K01K15,Nippon India Small Cap Fund,31-08-2026,portfolio,(a) Listed / awaiting listing on Stock Exchanges,Narayana Hrudayalaya Limited,INE410P01011,Healthcare Services,944173,18007.27,1800727000,0.22,,,,,,,,INF204K01K15_Nippon India Small Cap Fund.xlsx,SC,167,"[""NAHR01"", ""INE410P01011"", ""Narayana Hrudayalaya Limited"", ""Healthcare Services"", 944173, 18007.27, 0.0022, null]"
INF204K01K15,Nippon India Small Cap Fund,31-08-2026,portfolio,(a) Listed / awaiting listing on Stock Exchanges,Honda India Power Products Limited,INE634A01018,Industrial Manufacturing,898730,18136.37,1813637000,0.22,,,,,,,,INF204K01K15_Nippon India Small Cap Fund.xlsx,SC,168,"[""SHON01"", ""INE634A01018"", ""Honda India Power Products Limited"", ""Industrial Manufacturing"", 898730, 18136.37, 0.0022, null]"
INF204K01K15,Nippon India Small Cap Fund,31-08-2026,portfolio,(a) Listed / awaiting listing on Stock Exchanges,ZF Commercial Vehicle Control Systems India Limited,INE342J01019,Auto Components,669600,16971.68,1697168000,0.21,,,,,,,,INF204K01K15_Nippon India Small Cap Fund.xlsx,SC,169,"[""WABT01"", ""INE342J01019"", ""ZF Commercial Vehicle Control Systems India Limited"", ""Auto Components"", 669600, 16971.68, 0.0021, null]"
INF204K01K15,Nippon India Small Cap Fund,31-08-2026,portfolio,(a) Listed / awaiting listing on Stock Exchanges,Kaynes Technology India Limited,INE918Z01012,Industrial Manufacturing,479269,17661.06,1766106000,0.21,,,,,,,,INF204K01K15_Nippon India Small Cap Fund.xlsx,SC,170,"[""KAYN01"", ""INE918Z01012"", ""Kaynes Technology India Limited"", ""Industrial Manufacturing"", 479269, 17661.06, 0.0021, null]"
INF204K01K15,Nippon India Small Cap Fund,31-08-2026,portfolio,(a) Listed / awaiting listing on Stock Exchanges,Praj Industries Limited,INE074A01025,Industrial Manufacturing,5051724,17372.88,1737288000,0.21,,,,,,,,INF204K01K15_Nippon India Small Cap Fund.xlsx,SC,171,"[""PRAJ02"", ""INE074A01025"", ""Praj Industries Limited"", ""Industrial Manufacturing"", 5051724, 17372.88, 0.0021, null]"
INF204K01K15,Nippon India Small Cap Fund,31-08-2026,portfolio,(a) Listed / awaiting listing on Stock Exchanges,Sandhar Technologies Limited,INE278H01035,Auto Components,2482877,16226.84,1622684000,0.2,,,,,,,,INF204K01K15_Nippon India Small Cap Fund.xlsx,SC,172,"[""SANH01"", ""INE278H01035"", ""Sandhar Technologies Limited"", ""Auto Components"", 2482877, 16226.84, 0.002, null]"
INF204K01K15,Nippon India Small Cap Fund,31-08-2026,portfolio,(a) Listed / awaiting listing on Stock Exchanges,Chambal Fertilizers & Chemicals Limited,INE085A01013,Fertilizers & Agrochemicals,4057980,16619.46,1661946000,0.2,,,,,,,,INF204K01K15_Nippon India Small Cap Fund.xlsx,SC,173,"[""CHAM01"", ""INE085A01013"", ""Chambal Fertilizers & Chemicals Limited"", ""Fertilizers & Agrochemicals"", 4057980, 16619.46, 0.002, null]"
INF204K01K15,Nippon India Small Cap Fund,31-08-2026,portfolio,(a) Listed / awaiting listing on Stock Exchanges,CESC Limited,INE486A01021,Power,11188202,16352.68,1635268000,0.2,,,,,,,,INF204K01K15_Nippon India Small Cap Fund.xlsx,SC,174,"[""CALC03"", ""INE486A01021"", ""CESC Limited"", ""Power"", 11188202, 16352.68, 0.002, null]"
INF204K01K15,Nippon India Small Cap Fund,31-08-2026,portfolio,(a) Listed / awaiting listing on Stock Exchanges,Landmark Cars Limited,INE559R01029,Automobiles,3111032,16098.04,1609804000,0.19,,,,,,,,INF204K01K15_Nippon India Small Cap Fund.xlsx,SC,175,"[""LACA01"", ""INE559R01029"", ""Landmark Cars Limited"", ""Automobiles"", 3111032, 16098.04, 0.0019, null]"
INF204K01K15,Nippon India Small Cap Fund,31-08-2026,portfolio,(a) Listed / awaiting listing on Stock Exchanges,Fujiyama Power Systems Limited,INE12UR01024,Electrical Equipment,3321083,15311.85,1531185000,0.19,,,,,,,,INF204K01K15_Nippon India Small Cap Fund.xlsx,SC,176,"[""FPSL01"", ""INE12UR01024"", ""Fujiyama Power Systems Limited"", ""Electrical Equipment"", 3321083, 15311.85, 0.0019, null]"
INF204K01K15,Nippon India Small Cap Fund,31-08-2026,portfolio,(a) Listed / awaiting listing on Stock Exchanges,Aavas Financiers Limited,INE216P01012,Finance,1268993,16004.54,1600454000,0.19,,,,,,,,INF204K01K15_Nippon India Small Cap Fund.xlsx,SC,177,"[""AUHF01"", ""INE216P01012"", ""Aavas Financiers Limited"", ""Finance"", 1268993, 16004.54, 0.0019, null]"
INF204K01K15,Nippon India Small Cap Fund,31-08-2026,portfolio,(a) Listed / awaiting listing on Stock Exchanges,LMW Limited,INE269B01029,Industrial Manufacturing,84041,15946.78,1594678000,0.19,,,,,,,,INF204K01K15_Nippon India Small Cap Fund.xlsx,SC,178,"[""LMAW02"", ""INE269B01029"", ""LMW Limited"", ""Industrial Manufacturing"", 84041, 15946.78, 0.0019, null]"
INF204K01K15,Nippon India Small Cap Fund,31-08-2026,portfolio,(a) Listed / awaiting listing on Stock Exchanges,Brigade Enterprises Limited,INE791I01019,Realty,2443732,16027.22,1602722000,0.19,,,,,,,,INF204K01K15_Nippon India Small Cap Fund.xlsx,SC,179,"[""BRIG01"", ""INE791I01019"", ""Brigade Enterprises Limited"", ""Realty"", 2443732, 16027.22, 0.0019, null]"
INF204K01K15,Nippon India Small Cap Fund,31-08-2026,portfolio,(a) Listed / awaiting listing on Stock Exchanges,DLF Limited,INE271C01023,Realty,2211533,15282.8,1528280000,0.19,,,,,,,,INF204K01K15_Nippon India Small Cap Fund.xlsx,SC,180,"[""DLFL01"", ""INE271C01023"", ""DLF Limited"", ""Realty"", 2211533, 15282.8, 0.0019, null]"
INF204K01K15,Nippon India Small Cap Fund,31-08-2026,portfolio,(a) Listed / awaiting listing on Stock Exchanges,Bharat Dynamics Limited,INE171Z01026,Aerospace & Defense,1197856,15272.66,1527266000,0.18,,,,,,,,INF204K01K15_Nippon India Small Cap Fund.xlsx,SC,181,"[""BHDY02"", ""INE171Z01026"", ""Bharat Dynamics Limited"", ""Aerospace & Defense"", 1197856, 15272.66, 0.0018, null]"
INF204K01K15,Nippon India Small Cap Fund,31-08-2026,portfolio,(a) Listed / awaiting listing on Stock Exchanges,LG Balakrishnan & Bros Limited,INE337A01034,Auto Components,890918,15077.9,1507790000,0.18,,,,,,,,INF204K01K15_Nippon India Small Cap Fund.xlsx,SC,182,"[""LGBB02"", ""INE337A01034"", ""LG Balakrishnan & Bros Limited"", ""Auto Components"", 890918, 15077.9, 0.0018, null]"
INF204K01K15,Nippon India Small Cap Fund,31-08-2026,portfolio,(a) Listed / awaiting listing on Stock Exchanges,Computer Age Management Services Limited,INE596I01020,Capital Markets,1888055,14764.59,1476459000,0.18,,,,,,,,INF204K01K15_Nippon India Small Cap Fund.xlsx,SC,183,"[""CAMS02"", ""INE596I01020"", ""Computer Age Management Services Limited"", ""Capital Markets"", 1888055, 14764.59, 0.0018, null]"
INF204K01K15,Nippon India Small Cap Fund,31-08-2026,portfolio,(a) Listed / awaiting listing on Stock Exchanges,Indigo Paints Limited,INE09VQ01012,Consumer Durables,1323874,15262.94,1526294000,0.18,,,,,,,,INF204K01K15_Nippon India Small Cap Fund.xlsx,SC,184,"[""IPPL01"", ""INE09VQ01012"", ""Indigo Paints Limited"", ""Consumer Durables"", 1323874, 15262.94, 0.0018, null]"
INF204K01K15,Nippon India Small Cap Fund,31-08-2026,portfolio,(a) Listed / awaiting listing on Stock Exchanges,Doms Industries Limited,INE321T01012,Household Products,650911,14531.59,1453159000,0.18,,,,,,,,INF204K01K15_Nippon India Small Cap Fund.xlsx,SC,185,"[""DOMS01"", ""INE321T01012"", ""Doms Industries Limited"", ""Household Products"", 650911, 14531.59, 0.0018, null]"
INF204K01K15,Nippon India Small Cap Fund,31-08-2026,portfolio,(a) Listed / awaiting listing on Stock Exchanges,Sanofi India Limited,INE058A01010,Pharmaceuticals & Biotechnology,479885,14991.61,1499161000,0.18,,,,,,,,INF204K01K15_Nippon India Small Cap Fund.xlsx,SC,186,"[""HOCH01"", ""INE058A01010"", ""Sanofi India Limited"", ""Pharmaceuticals & Biotechnology"", 479885, 14991.61, 0.0018, null]"
INF204K01K15,Nippon India Small Cap Fund,31-08-2026,portfolio,(a) Listed / awaiting listing on Stock Exchanges,Seamec Limited,INE497B01018,Transport Services,911479,15265.45,1526545000,0.18,,,,,,,,INF204K01K15_Nippon India Small Cap Fund.xlsx,SC,187,"[""PEER01"", ""INE497B01018"", ""Seamec Limited"", ""Transport Services"", 911479, 15265.45, 0.0018, null]"
INF204K01K15,Nippon India Small Cap Fund,31-08-2026,portfolio,(a) Listed / awaiting listing on Stock Exchanges,Divgi Torqtransfer Systems Limited,INE753U01022,Auto Components,1152910,13681.58,1368158000,0.17,,,,,,,,INF204K01K15_Nippon India Small Cap Fund.xlsx,SC,188,"[""DTTS01"", ""INE753U01022"", ""Divgi Torqtransfer Systems Limited"", ""Auto Components"", 1152910, 13681.58, 0.0017, null]"
INF204K01K15,Nippon India Small Cap Fund,31-08-2026,portfolio,(a) Listed / awaiting listing on Stock Exchanges,CreditAccess Grameen Limited,INE741K01010,Finance,1038984,14166.55,1416655000,0.17,,,,,,,,INF204K01K15_Nippon India Small Cap Fund.xlsx,SC,189,"[""GRAM01"", ""INE741K01010"", ""CreditAccess Grameen Limited"", ""Finance"", 1038984, 14166.55, 0.0017, null]"
INF204K01K15,Nippon India Small Cap Fund,31-08-2026,portfolio,(a) Listed / awaiting listing on Stock Exchanges,KPIT Technologies Limited,INE04I401011,IT - Software,2401213,14047.1,1404710000,0.17,,,,,,,,INF204K01K15_Nippon India Small Cap Fund.xlsx,SC,190,"[""KPEL01"", ""INE04I401011"", ""KPIT Technologies Limited"", ""IT - Software"", 2401213, 14047.1, 0.0017, null]"
INF204K01K15,Nippon India Small Cap Fund,31-08-2026,portfolio,(a) Listed / awaiting listing on Stock Exchanges,Elgi Equipments Limited,INE285A01027,Industrial Products,2193888,13763.36,1376336000,0.17,,,,,,,,INF204K01K15_Nippon India Small Cap Fund.xlsx,SC,191,"[""ELGI02"", ""INE285A01027"", ""Elgi Equipments Limited"", ""Industrial Products"", 2193888, 13763.36, 0.0017, null]"
INF204K01K15,Nippon India Small Cap Fund,31-08-2026,portfolio,(a) Listed / awaiting listing on Stock Exchanges,FDC Limited,INE258B01022,Pharmaceuticals & Biotechnology,4275331,14416.42,1441642000,0.17,,,,,,,,INF204K01K15_Nippon India Small Cap Fund.xlsx,SC,192,"[""FDCL01"", ""INE258B01022"", ""FDC Limited"", ""Pharmaceuticals & Biotechnology"", 4275331, 14416.42, 0.0017, null]"
INF204K01K15,Nippon India Small Cap Fund,31-08-2026,portfolio,(a) Listed / awaiting listing on Stock Exchanges,Automotive Axles Limited,INE449A01011,Auto Components,759930,13136.15,1313615000,0.16,,,,,,,,INF204K01K15_Nippon India Small Cap Fund.xlsx,SC,193,"[""AUAX01"", ""INE449A01011"", ""Automotive Axles Limited"", ""Auto Components"", 759930, 13136.15, 0.0016, null]"
INF204K01K15,Nippon India Small Cap Fund,31-08-2026,portfolio,(a) Listed / awaiting listing on Stock Exchanges,Canara Robeco Asset Management Company Ltd,INE218I01013,Capital Markets,5123624,13285.56,1328556000,0.16,,,,,,,,INF204K01K15_Nippon India Small Cap Fund.xlsx,SC,194,"[""CANA01"", ""INE218I01013"", ""Canara Robeco Asset Management Company Ltd"", ""Capital Markets"", 5123624, 13285.56, 0.0016, null]"
INF204K01K15,Nippon India Small Cap Fund,31-08-2026,portfolio,(a) Listed / awaiting listing on Stock Exchanges,UTI Asset Management Company Limited,INE094J01016,Capital Markets,1509207,13138.4,1313840000,0.16,,,,,,,,INF204K01K15_Nippon India Small Cap Fund.xlsx,SC,195,"[""UTIA01"", ""INE094J01016"", ""UTI Asset Management Company Limited"", ""Capital Markets"", 1509207, 13138.4, 0.0016, null]"
INF204K01K15,Nippon India Small Cap Fund,31-08-2026,portfolio,(a) Listed / awaiting listing on Stock Exchanges,Can Fin Homes Limited,INE477A01020,Finance,1644260,13076.8,1307680000,0.16,,,,,,,,INF204K01K15_Nippon India Small Cap Fund.xlsx,SC,196,"[""CANH02"", ""INE477A01020"", ""Can Fin Homes Limited"", ""Finance"", 1644260, 13076.8, 0.0016, null]"
INF204K01K15,Nippon India Small Cap Fund,31-08-2026,portfolio,(a) Listed / awaiting listing on Stock Exchanges,Max Estates Limited,INE03EI01018,Realty,2510461,12866.11,1286611000,0.16,,,,,,,,INF204K01K15_Nippon India Small Cap Fund.xlsx,SC,197,"[""MEST01"", ""INE03EI01018"", ""Max Estates Limited"", ""Realty"", 2510461, 12866.11, 0.0016, null]"
INF204K01K15,Nippon India Small Cap Fund,31-08-2026,portfolio,(a) Listed / awaiting listing on Stock Exchanges,Sharda Motor Industries Ltd.,INE597I01028,Auto Components,1433082,12652.68,1265268000,0.15,,,,,,,,INF204K01K15_Nippon India Small Cap Fund.xlsx,SC,198,"[""SMIL02"", ""INE597I01028"", ""Sharda Motor Industries Ltd."", ""Auto Components"", 1433082, 12652.68, 0.0015, null]"
INF204K01K15,Nippon India Small Cap Fund,31-08-2026,portfolio,(a) Listed / awaiting listing on Stock Exchanges,Texmaco Rail & Engineering Limited,INE621L01012,Industrial Manufacturing,11408783,12429.87,1242987000,0.15,,,,,,,,INF204K01K15_Nippon India Small Cap Fund.xlsx,SC,199,"[""TEXR01"", ""INE621L01012"", ""Texmaco Rail & Engineering Limited"", ""Industrial Manufacturing"", 11408783, 12429.87, 0.0015, null]"
INF204K01K15,Nippon India Small Cap Fund,31-08-2026,portfolio,(a) Listed / awaiting listing on Stock Exchanges,Swiggy Limited,INE00H001014,Retailing,4472620,12608.32,1260832000,0.15,,,,,,,,INF204K01K15_Nippon India Small Cap Fund.xlsx,SC,200,"[""BLTE01"", ""INE00H001014"", ""Swiggy Limited"", ""Retailing"", 4472620, 12608.32, 0.0015, null]"
INF204K01K15,Nippon India Small Cap Fund,31-08-2026,portfolio,(a) Listed / awaiting listing on Stock Exchanges,Just Dial Limited,INE599M01018,Retailing,1690305,12004.55,1200455000,0.15,,,,,,,,INF204K01K15_Nippon India Small Cap Fund.xlsx,SC,201,"[""JDPL01"", ""INE599M01018"", ""Just Dial Limited"", ""Retailing"", 1690305, 12004.55, 0.0015, null]"
INF204K01K15,Nippon India Small Cap Fund,31-08-2026,portfolio,(a) Listed / awaiting listing on Stock Exchanges,Escorts Kubota Limited,INE042A01014,"Agricultural, Commercial & Construction Vehicles",394076,11802.58,1180258000,0.14,,,,,,,,INF204K01K15_Nippon India Small Cap Fund.xlsx,SC,202,"[""ESCO01"", ""INE042A01014"", ""Escorts Kubota Limited"", ""Agricultural, Commercial & Construction Vehicles"", 394076, 11802.58, 0.0014, null]"
INF204K01K15,Nippon India Small Cap Fund,31-08-2026,portfolio,(a) Listed / awaiting listing on Stock Exchanges,Asian Paints Limited,INE021A01026,Consumer Durables,442652,11746.21,1174621000,0.14,,,,,,,,INF204K01K15_Nippon India Small Cap Fund.xlsx,SC,203,"[""ASPA02"", ""INE021A01026"", ""Asian Paints Limited"", ""Consumer Durables"", 442652, 11746.21, 0.0014, null]"
INF204K01K15,Nippon India Small Cap Fund,31-08-2026,portfolio,(a) Listed / awaiting listing on Stock Exchanges,Bajel Projects Limited,INE0KQN01018,Electrical Equipment,6150393,11939.14,1193914000,0.14,,,,,,,,INF204K01K15_Nippon India Small Cap Fund.xlsx,SC,204,"[""BAJP01"", ""INE0KQN01018"", ""Bajel Projects Limited"", ""Electrical Equipment"", 6150393, 11939.14, 0.0014, null]"
INF204K01K15,Nippon India Small Cap Fund,31-08-2026,portfolio,(a) Listed / awaiting listing on Stock Exchanges,Zensar Technologies Limited,INE520A01027,IT - Software,2496604,11493.12,1149312000,0.14,,,,,,,,INF204K01K15_Nippon India Small Cap Fund.xlsx,SC,205,"[""FUJI02"", ""INE520A01027"", ""Zensar Technologies Limited"", ""IT - Software"", 2496604, 11493.12, 0.0014, null]"
INF204K01K15,Nippon India Small Cap Fund,31-08-2026,portfolio,(a) Listed / awaiting listing on Stock Exchanges,Vesuvius India Limited,INE386A01023,Industrial Products,2880000,11743.2,1174320000,0.14,,,,,,,,INF204K01K15_Nippon India Small Cap Fund.xlsx,SC,206,"[""VESU02"", ""INE386A01023"", ""Vesuvius India Limited"", ""Industrial Products"", 2880000, 11743.2, 0.0014, null]"
INF204K01K15,Nippon India Small Cap Fund,31-08-2026,portfolio,(a) Listed / awaiting listing on Stock Exchanges,NIIT Limited,INE161A01038,Other Consumer Services,11111066,11271.07,1127107000,0.14,,,,,,,,INF204K01K15_Nippon India Small Cap Fund.xlsx,SC,207,"[""NIIT03"", ""INE161A01038"", ""NIIT Limited"", ""Other Consumer Services"", 11111066, 11271.07, 0.0014, null]"
INF204K01K15,Nippon India Small Cap Fund,31-08-2026,portfolio,(a) Listed / awaiting listing on Stock Exchanges,Sanofi Consumer Healthcare India Limited,INE0UOS01011,Pharmaceuticals & Biotechnology,272552,11284.2,1128420000,0.14,,,,,,,,INF204K01K15_Nippon India Small Cap Fund.xlsx,SC,208,"[""SCHI01"", ""INE0UOS01011"", ""Sanofi Consumer Healthcare India Limited"", ""Pharmaceuticals & Biotechnology"", 272552, 11284.2, 0.0014, null]"
INF204K01K15,Nippon India Small Cap Fund,31-08-2026,portfolio,(a) Listed / awaiting listing on Stock Exchanges,Mishra Dhatu Nigam Limited,INE099Z01011,Aerospace & Defense,2589175,10723.07,1072307000,0.13,,,,,,,,INF204K01K15_Nippon India Small Cap Fund.xlsx,SC,209,"[""MISH01"", ""INE099Z01011"", ""Mishra Dhatu Nigam Limited"", ""Aerospace & Defense"", 2589175, 10723.07, 0.0013, null]"
INF204K01K15,Nippon India Small Cap Fund,31-08-2026,portfolio,(a) Listed / awaiting listing on Stock Exchanges,Cyient Dlm Ltd,INE055S01018,Aerospace & Defense,1256139,10589.25,1058925000,0.13,,,,,,,,INF204K01K15_Nippon India Small Cap Fund.xlsx,SC,210,"[""CYDL01"", ""INE055S01018"", ""Cyient Dlm Ltd"", ""Aerospace & Defense"", 1256139, 10589.25, 0.0013, null]"
INF204K01K15,Nippon India Small Cap Fund,31-08-2026,portfolio,(a) Listed / awaiting listing on Stock Exchanges,H.G. Infra Engineering Limited,INE926X01010,Construction,2214923,10854.23,1085423000,0.13,,,,,,,,INF204K01K15_Nippon India Small Cap Fund.xlsx,SC,211,"[""HGIE01"", ""INE926X01010"", ""H.G. Infra Engineering Limited"", ""Construction"", 2214923, 10854.23, 0.0013, null]"
INF204K01K15,Nippon India Small Cap Fund,31-08-2026,portfolio,(a) Listed / awaiting listing on Stock Exchanges,G R Infraprojects Limited,INE201P01022,Construction,1191114,10436.54,1043654000,0.13,,,,,,,,INF204K01K15_Nippon India Small Cap Fund.xlsx,SC,212,"[""GRIF02"", ""INE201P01022"", ""G R Infraprojects Limited"", ""Construction"", 1191114, 10436.54, 0.0013, null]"
INF204K01K15,Nippon India Small Cap Fund,31-08-2026,portfolio,(a) Listed / awaiting listing on Stock Exchanges,Greenlam Industries Limited,INE544R01021,Consumer Durables,4422876,10964.31,1096431000,0.13,,,,,,,,INF204K01K15_Nippon India Small Cap Fund.xlsx,SC,213,"[""GRIL02"", ""INE544R01021"", ""Greenlam Industries Limited"", ""Consumer Durables"", 4422876, 10964.31, 0.0013, null]"
INF204K01K15,Nippon India Small Cap Fund,31-08-2026,portfolio,(a) Listed / awaiting listing on Stock Exchanges,Triveni Turbine Limited,INE152M01016,Electrical Equipment,1842606,10653.03,1065303000,0.13,,,,,,,,INF204K01K15_Nippon India Small Cap Fund.xlsx,SC,214,"[""TRTL01"", ""INE152M01016"", ""Triveni Turbine Limited"", ""Electrical Equipment"", 1842606, 10653.03, 0.0013, null]"
INF204K01K15,Nippon India Small Cap Fund,31-08-2026,portfolio,(a) Listed / awaiting listing on Stock Exchanges,Rainbow Childrens Medicare Limited,INE961O01016,Healthcare Services,785051,11106.12,1110612000,0.13,,,,,,,,INF204K01K15_Nippon India Small Cap Fund.xlsx,SC,215,"[""RACM01"", ""INE961O01016"", ""Rainbow Childrens Medicare Limited"", ""Healthcare Services"", 785051, 11106.12, 0.0013, null]"
INF204K01K15,Nippon India Small Cap Fund,31-08-2026,portfolio,(a) Listed / awaiting listing on Stock Exchanges,Piramal Pharma Limited,INE0DK501011,Pharmaceuticals & Biotechnology,4990259,10699.12,1069912000,0.13,,,,,,,,INF204K01K15_Nippon India Small Cap Fund.xlsx,SC,216,"[""PPHA01"", ""INE0DK501011"", ""Piramal Pharma Limited"", ""Pharmaceuticals & Biotechnology"", 4990259, 10699.12, 0.0013, null]"
INF204K01K15,Nippon India Small Cap Fund,31-08-2026,portfolio,(a) Listed / awaiting listing on Stock Exchanges,Equitas Small Finance Bank Limited,INE063P01018,Banks,13733036,10158.33,1015833000,0.12,,,,,,,,INF204K01K15_Nippon India Small Cap Fund.xlsx,SC,217,"[""EFPL01"", ""INE063P01018"", ""Equitas Small Finance Bank Limited"", ""Banks"", 13733036, 10158.33, 0.0012, null]"
INF204K01K15,Nippon India Small Cap Fund,31-08-2026,portfolio,(a) Listed / awaiting listing on Stock Exchanges,Bajaj Electricals Limited,INE193E01025,Consumer Durables,3092715,10045.14,1004514000,0.12,,,,,,,,INF204K01K15_Nippon India Small Cap Fund.xlsx,SC,218,"[""BAJE02"", ""INE193E01025"", ""Bajaj Electricals Limited"", ""Consumer Durables"", 3092715, 10045.14, 0.0012, null]"
INF204K01K15,Nippon India Small Cap Fund,31-08-2026,portfolio,(a) Listed / awaiting listing on Stock Exchanges,Rishabh Instruments Ltd,INE0N2P01017,Electrical Equipment,1346725,9500.47,950047000,0.12,,,,,,,,INF204K01K15_Nippon India Small Cap Fund.xlsx,SC,219,"[""RIIN01"", ""INE0N2P01017"", ""Rishabh Instruments Ltd"", ""Electrical Equipment"", 1346725, 9500.47, 0.0012, null]"
INF204K01K15,Nippon India Small Cap Fund,31-08-2026,portfolio,(a) Listed / awaiting listing on Stock Exchanges,Milky Mist Dairy Food Limited,INE00IT01020,Food Products,4817119,10161.23,1016123000,0.12,,,,,,,,INF204K01K15_Nippon India Small Cap Fund.xlsx,SC,220,"[""MIMD01"", ""INE00IT01020"", ""Milky Mist Dairy Food Limited"", ""Food Products"", 4817119, 10161.23, 0.0012, null]"
INF204K01K15,Nippon India Small Cap Fund,31-08-2026,portfolio,(a) Listed / awaiting listing on Stock Exchanges,Venus Pipes And Tubes Limited,INE0JA001018,Industrial Products,600000,9858.6,985860000,0.12,,,,,,,,INF204K01K15_Nippon India Small Cap Fund.xlsx,SC,221,"[""VEPI01"", ""INE0JA001018"", ""Venus Pipes And Tubes Limited"", ""Industrial Products"", 600000, 9858.6, 0.0012, null]"
INF204K01K15,Nippon India Small Cap Fund,31-08-2026,portfolio,(a) Listed / awaiting listing on Stock Exchanges,ICICI Prudential Life Insurance Company Limited,INE726G01019,Insurance,1896344,9805.05,980505000,0.12,,,,,,,,INF204K01K15_Nippon India Small Cap Fund.xlsx,SC,222,"[""IPLI01"", ""INE726G01019"", ""ICICI Prudential Life Insurance Company Limited"", ""Insurance"", 1896344, 9805.05, 0.0012, null]"
INF204K01K15,Nippon India Small Cap Fund,31-08-2026,portfolio,(a) Listed / awaiting listing on Stock Exchanges,Campus Activewear Limited,INE278Y01022,Consumer Durables,4066385,9197.76,919776000,0.11,,,,,,,,INF204K01K15_Nippon India Small Cap Fund.xlsx,SC,223,"[""CAMP01"", ""INE278Y01022"", ""Campus Activewear Limited"", ""Consumer Durables"", 4066385, 9197.76, 0.0011, null]"
INF204K01K15,Nippon India Small Cap Fund,31-08-2026,portfolio,(a) Listed / awaiting listing on Stock Exchanges,Inox Wind Limited,INE066P01011,Electrical Equipment,12720455,8951.38,895138000,0.11,,,,,,,,INF204K01K15_Nippon India Small Cap Fund.xlsx,SC,224,"[""INOW01"", ""INE066P01011"", ""Inox Wind Limited"", ""Electrical Equipment"", 12720455, 8951.38, 0.0011, null]"
INF204K01K15,Nippon India Small Cap Fund,31-08-2026,portfolio,(a) Listed / awaiting listing on Stock Exchanges,Saatvik Green Energy Limited,INE13B501022,Electrical Equipment,2112376,8828.68,882868000,0.11,,,,,,,,INF204K01K15_Nippon India Small Cap Fund.xlsx,SC,225,"[""SAGR01"", ""INE13B501022"", ""Saatvik Green Energy Limited"", ""Electrical Equipment"", 2112376, 8828.68, 0.0011, null]"
INF204K01K15,Nippon India Small Cap Fund,31-08-2026,portfolio,(a) Listed / awaiting listing on Stock Exchanges,Sonata Software Limited,INE269A01021,IT - Software,3158666,9224.88,922488000,0.11,,,,,,,,INF204K01K15_Nippon India Small Cap Fund.xlsx,SC,226,"[""SOSO03"", ""INE269A01021"", ""Sonata Software Limited"", ""IT - Software"", 3158666, 9224.88, 0.0011, null]"
INF204K01K15,Nippon India Small Cap Fund,31-08-2026,portfolio,(a) Listed / awaiting listing on Stock Exchanges,India Shelter Finance Corporation Limited,INE922K01024,Finance,1330048,8645.31,864531000,0.1,,,,,,,,INF204K01K15_Nippon India Small Cap Fund.xlsx,SC,227,"[""ISHF02"", ""INE922K01024"", ""India Shelter Finance Corporation Limited"", ""Finance"", 1330048, 8645.31, 0.001, null]"
INF204K01K15,Nippon India Small Cap Fund,31-08-2026,portfolio,(a) Listed / awaiting listing on Stock Exchanges,Birlasoft Limited,INE836A01035,IT - Software,2901558,8450.79,845079000,0.1,,,,,,,,INF204K01K15_Nippon India Small Cap Fund.xlsx,SC,228,"[""KPIT03"", ""INE836A01035"", ""Birlasoft Limited"", ""IT - Software"", 2901558, 8450.79, 0.001, null]"
INF204K01K15,Nippon India Small Cap Fund,31-08-2026,portfolio,(a) Listed / awaiting listing on Stock Exchanges,Arvind Limited,INE034A01011,Textiles & Apparels,1485148,8252.22,825222000,0.1,,,,,,,,INF204K01K15_Nippon India Small Cap Fund.xlsx,SC,229,"[""ARVI01"", ""INE034A01011"", ""Arvind Limited"", ""Textiles & Apparels"", 1485148, 8252.22, 0.001, null]"
INF204K01K15,Nippon India Small Cap Fund,31-08-2026,portfolio,(a) Listed / awaiting listing on Stock Exchanges,Shiprocket Limited,INE0FOO01011,Transport Services,5885152,8173.89,817389000,0.1,,,,,,,,INF204K01K15_Nippon India Small Cap Fund.xlsx,SC,230,"[""BRSP01"", ""INE0FOO01011"", ""Shiprocket Limited"", ""Transport Services"", 5885152, 8173.89, 0.001, null]"
INF204K01K15,Nippon India Small Cap Fund,31-08-2026,portfolio,(a) Listed / awaiting listing on Stock Exchanges,Fineotex Chemical Limited,INE045J01034,Chemicals & Petrochemicals,14829218,7531.76,753176000,0.09,,,,,,,,INF204K01K15_Nippon India Small Cap Fund.xlsx,SC,231,"[""FCHE03"", ""INE045J01034"", ""Fineotex Chemical Limited"", ""Chemicals & Petrochemicals"", 14829218, 7531.76, 0.0009, null]"
INF204K01K15,Nippon India Small Cap Fund,31-08-2026,portfolio,(a) Listed / awaiting listing on Stock Exchanges,Raymond Limited,INE301A01014,Industrial Manufacturing,1238343,7824.47,782447000,0.09,,,,,,,,INF204K01K15_Nippon India Small Cap Fund.xlsx,SC,232,"[""RAWO01"", ""INE301A01014"", ""Raymond Limited"", ""Industrial Manufacturing"", 1238343, 7824.47, 0.0009, null]"
INF204K01K15,Nippon India Small Cap Fund,31-08-2026,portfolio,(a) Listed / awaiting listing on Stock Exchanges,Polyplex Corporation Limited,INE633B01018,Industrial Products,657517,7775.8,777580000,0.09,,,,,,,,INF204K01K15_Nippon India Small Cap Fund.xlsx,SC,233,"[""POCO01"", ""INE633B01018"", ""Polyplex Corporation Limited"", ""Industrial Products"", 657517, 7775.8, 0.0009, null]"
INF204K01K15,Nippon India Small Cap Fund,31-08-2026,portfolio,(a) Listed / awaiting listing on Stock Exchanges,RHI Magnesita India Limited,INE743M01012,Industrial Products,1984176,7373.2,737320000,0.09,,,,,,,,INF204K01K15_Nippon India Small Cap Fund.xlsx,SC,234,"[""ORRE01"", ""INE743M01012"", ""RHI Magnesita India Limited"", ""Industrial Products"", 1984176, 7373.2, 0.0009, null]"
INF204K01K15,Nippon India Small Cap Fund,31-08-2026,portfolio,(a) Listed / awaiting listing on Stock Exchanges,Urban Company Ltd.,INE0CAZ01013,Retailing,4600506,7687.91,768791000,0.09,,,,,,,,INF204K01K15_Nippon India Small Cap Fund.xlsx,SC,235,"[""UCTI01"", ""INE0CAZ01013"", ""Urban Company Ltd."", ""Retailing"", 4600506, 7687.91, 0.0009, null]"
INF204K01K15,Nippon India Small Cap Fund,31-08-2026,portfolio,(a) Listed / awaiting listing on Stock Exchanges,Vinati Organics Limited,INE410B01037,Chemicals & Petrochemicals,519708,6911.6,691160000,0.08,,,,,,,,INF204K01K15_Nippon India Small Cap Fund.xlsx,SC,236,"[""VORL03"", ""INE410B01037"", ""Vinati Organics Limited"", ""Chemicals & Petrochemicals"", 519708, 6911.6, 0.0008, null]"
INF204K01K15,Nippon India Small Cap Fund,31-08-2026,portfolio,(a) Listed / awaiting listing on Stock Exchanges,Archean Chemical Industries Limited,INE128X01021,Chemicals & Petrochemicals,1373373,6667.04,666704000,0.08,,,,,,,,INF204K01K15_Nippon India Small Cap Fund.xlsx,SC,237,"[""ACHI01"", ""INE128X01021"", ""Archean Chemical Industries Limited"", ""Chemicals & Petrochemicals"", 1373373, 6667.04, 0.0008, null]"
INF204K01K15,Nippon India Small Cap Fund,31-08-2026,portfolio,(a) Listed / awaiting listing on Stock Exchanges,Kirloskar Ferrous Industries Limited,INE884B01025,Ferrous Metals,1532554,6930.21,693021000,0.08,,,,,,,,INF204K01K15_Nippon India Small Cap Fund.xlsx,SC,238,"[""KIFE02"", ""INE884B01025"", ""Kirloskar Ferrous Industries Limited"", ""Ferrous Metals"", 1532554, 6930.21, 0.0008, null]"
INF204K01K15,Nippon India Small Cap Fund,31-08-2026,portfolio,(a) Listed / awaiting listing on Stock Exchanges,Hatsun Agro Product Limited,INE473B01035,Food Products,564524,6720.38,672038000,0.08,,,,,,,,INF204K01K15_Nippon India Small Cap Fund.xlsx,SC,239,"[""HTAP02"", ""INE473B01035"", ""Hatsun Agro Product Limited"", ""Food Products"", 564524, 6720.38, 0.0008, null]"
INF204K01K15,Nippon India Small Cap Fund,31-08-2026,portfolio,(a) Listed / awaiting listing on Stock Exchanges,Subros Ltd,INE287B01021,Industrial Products,968256,6947.24,694724000,0.08,,,,,,,,INF204K01K15_Nippon India Small Cap Fund.xlsx,SC,240,"[""SUBL02"", ""INE287B01021"", ""Subros Ltd"", ""Industrial Products"", 968256, 6947.24, 0.0008, null]"
INF204K01K15,Nippon India Small Cap Fund,31-08-2026,portfolio,(a) Listed / awaiting listing on Stock Exchanges,Indoco Remedies Limited,INE873D01024,Pharmaceuticals & Biotechnology,2594559,6313.6,631360000,0.08,,,,,,,,INF204K01K15_Nippon India Small Cap Fund.xlsx,SC,241,"[""INRL02"", ""INE873D01024"", ""Indoco Remedies Limited"", ""Pharmaceuticals & Biotechnology"", 2594559, 6313.6, 0.0008, null]"
INF204K01K15,Nippon India Small Cap Fund,31-08-2026,portfolio,(a) Listed / awaiting listing on Stock Exchanges,Vedant Fashions Limited,INE825V01034,Retailing,1234652,6731.94,673194000,0.08,,,,,,,,INF204K01K15_Nippon India Small Cap Fund.xlsx,SC,242,"[""VEDF01"", ""INE825V01034"", ""Vedant Fashions Limited"", ""Retailing"", 1234652, 6731.94, 0.0008, null]"
INF204K01K15,Nippon India Small Cap Fund,31-08-2026,portfolio,(a) Listed / awaiting listing on Stock Exchanges,JK Lakshmi Cement Limited,INE786A01032,Cement & Cement Products,1063054,5643.75,564375000,0.07,,,,,,,,INF204K01K15_Nippon India Small Cap Fund.xlsx,SC,243,"[""STPR03"", ""INE786A01032"", ""JK Lakshmi Cement Limited"", ""Cement & Cement Products"", 1063054, 5643.75, 0.0007, null]"
INF204K01K15,Nippon India Small Cap Fund,31-08-2026,portfolio,(a) Listed / awaiting listing on Stock Exchanges,PNC Infratech Limited,INE195J01029,Construction,3282291,6175.63,617563000,0.07,,,,,,,,INF204K01K15_Nippon India Small Cap Fund.xlsx,SC,244,"[""PNCI02"", ""INE195J01029"", ""PNC Infratech Limited"", ""Construction"", 3282291, 6175.63, 0.0007, null]"
INF204K01K15,Nippon India Small Cap Fund,31-08-2026,portfolio,(a) Listed / awaiting listing on Stock Exchanges,KEC International Limited,INE389H01022,Construction,1480930,6168.07,616807000,0.07,,,,,,,,INF204K01K15_Nippon India Small Cap Fund.xlsx,SC,245,"[""KEIN02"", ""INE389H01022"", ""KEC International Limited"", ""Construction"", 1480930, 6168.07, 0.0007, null]"
INF204K01K15,Nippon India Small Cap Fund,31-08-2026,portfolio,(a) Listed / awaiting listing on Stock Exchanges,Pokarna Limited,INE637C01025,Consumer Durables,660727,5648.22,564822000,0.07,,,,,,,,INF204K01K15_Nippon India Small Cap Fund.xlsx,SC,246,"[""POKA02"", ""INE637C01025"", ""Pokarna Limited"", ""Consumer Durables"", 660727, 5648.22, 0.0007, null]"
INF204K01K15,Nippon India Small Cap Fund,31-08-2026,portfolio,(a) Listed / awaiting listing on Stock Exchanges,Laser Power And Infra Limited,INE17IR01028,Industrial Products,1784029,5607.2,560720000,0.07,,,,,,,,INF204K01K15_Nippon India Small Cap Fund.xlsx,SC,247,"[""LASE01"", ""INE17IR01028"", ""Laser Power And Infra Limited"", ""Industrial Products"", 1784029, 5607.2, 0.0007, null]"
INF204K01K15,Nippon India Small Cap Fund,31-08-2026,portfolio,(a) Listed / awaiting listing on Stock Exchanges,Go Fashion (India) Limited,INE0BJS01011,Retailing,1675335,5492.59,549259000,0.07,,,,,,,,INF204K01K15_Nippon India Small Cap Fund.xlsx,SC,248,"[""GFPL01"", ""INE0BJS01011"", ""Go Fashion (India) Limited"", ""Retailing"", 1675335, 5492.59, 0.0007, null]"
INF204K01K15,Nippon India Small Cap Fund,31-08-2026,portfolio,(a) Listed / awaiting listing on Stock Exchanges,Sanathan Textiles Limited,INE0JPD01013,Textiles & Apparels,1243351,5623.05,562305000,0.07,,,,,,,,INF204K01K15_Nippon India Small Cap Fund.xlsx,SC,249,"[""STHA01"", ""INE0JPD01013"", ""Sanathan Textiles Limited"", ""Textiles & Apparels"", 1243351, 5623.05, 0.0007, null]"
INF204K01K15,Nippon India Small Cap Fund,31-08-2026,portfolio,(a) Listed / awaiting listing on Stock Exchanges,Protean eGov Technologies Limited,INE004A01022,IT - Services,902883,4702.67,470267000,0.06,,,,,,,,INF204K01K15_Nippon India Small Cap Fund.xlsx,SC,250,"[""NSDL02"", ""INE004A01022"", ""Protean eGov Technologies Limited"", ""IT - Services"", 902883, 4702.67, 0.0006, null]"
INF204K01K15,Nippon India Small Cap Fund,31-08-2026,portfolio,(a) Listed / awaiting listing on Stock Exchanges,Lohia Corp Limited,INE0QJW01029,Industrial Manufacturing,894955,4935.23,493523000,0.06,,,,,,,,INF204K01K15_Nippon India Small Cap Fund.xlsx,SC,251,"[""LOCO01"", ""INE0QJW01029"", ""Lohia Corp Limited"", ""Industrial Manufacturing"", 894955, 4935.23, 0.0006, null]"
INF204K01K15,Nippon India Small Cap Fund,31-08-2026,portfolio,(a) Listed / awaiting listing on Stock Exchanges,Augmont Enterprises Limited,INE16W401027,Non - Ferrous Metals,458093,4160.17,416017000,0.05,,,,,,,,INF204K01K15_Nippon India Small Cap Fund.xlsx,SC,252,"[""AUGM01"", ""INE16W401027"", ""Augmont Enterprises Limited"", ""Non - Ferrous Metals"", 458093, 4160.17, 0.0005, null]"
INF204K01K15,Nippon India Small Cap Fund,31-08-2026,portfolio,(a) Listed / awaiting listing on Stock Exchanges,Raymond Lifestyle Limited,INE02ID01020,Textiles & Apparels,607753,4027.88,402788000,0.05,,,,,,,,INF204K01K15_Nippon India Small Cap Fund.xlsx,SC,253,"[""RCCL01"", ""INE02ID01020"", ""Raymond Lifestyle Limited"", ""Textiles & Apparels"", 607753, 4027.88, 0.0005, null]"
INF204K01K15,Nippon India Small Cap Fund,31-08-2026,portfolio,(a) Listed / awaiting listing on Stock Exchanges,Stanley Lifestyles Limited,INE01A001028,Consumer Durables,2526912,3451,345100000,0.04,,,,,,,,INF204K01K15_Nippon India Small Cap Fund.xlsx,SC,254,"[""STLI01"", ""INE01A001028"", ""Stanley Lifestyles Limited"", ""Consumer Durables"", 2526912, 3451, 0.0004, null]"
INF204K01K15,Nippon India Small Cap Fund,31-08-2026,portfolio,(a) Listed / awaiting listing on Stock Exchanges,Astec LifeSciences Limited,INE563J01010,Fertilizers & Agrochemicals,526867,2954.14,295414000,0.04,,,,,,,,INF204K01K15_Nippon India Small Cap Fund.xlsx,SC,255,"[""ASEC01"", ""INE563J01010"", ""Astec LifeSciences Limited"", ""Fertilizers & Agrochemicals"", 526867, 2954.14, 0.0004, null]"
INF204K01K15,Nippon India Small Cap Fund,31-08-2026,portfolio,(a) Listed / awaiting listing on Stock Exchanges,Tempsens Instruments (India) Limited,INE1KZI01025,Industrial Manufacturing,601433,3389.68,338968000,0.04,,,,,,,,INF204K01K15_Nippon India Small Cap Fund.xlsx,SC,256,"[""TEMP01"", ""INE1KZI01025"", ""Tempsens Instruments (India) Limited"", ""Industrial Manufacturing"", 601433, 3389.68, 0.0004, null]"
INF204K01K15,Nippon India Small Cap Fund,31-08-2026,portfolio,(a) Listed / awaiting listing on Stock Exchanges,Studds Accessories Ltd,INE00Q601028,Auto Components,556582,2476.79,247679000,0.03,,,,,,,,INF204K01K15_Nippon India Small Cap Fund.xlsx,SC,257,"[""STUD01"", ""INE00Q601028"", ""Studds Accessories Ltd"", ""Auto Components"", 556582, 2476.79, 0.0003, null]"
INF204K01K15,Nippon India Small Cap Fund,31-08-2026,portfolio,(a) Listed / awaiting listing on Stock Exchanges,CMR Green Technologies Limited,INE00WV01027,Industrial Products,1154393,2664.11,266411000,0.03,,,,,,,,INF204K01K15_Nippon India Small Cap Fund.xlsx,SC,258,"[""CGTL01"", ""INE00WV01027"", ""CMR Green Technologies Limited"", ""Industrial Products"", 1154393, 2664.11, 0.0003, null]"
INF204K01K15,Nippon India Small Cap Fund,31-08-2026,portfolio,(a) Listed / awaiting listing on Stock Exchanges,Kusumgar Limited,INE0ISX01025,Textiles & Apparels,246052,1430.67,143067000,0.02,,,,,,,,INF204K01K15_Nippon India Small Cap Fund.xlsx,SC,259,"[""KUSU01"", ""INE0ISX01025"", ""Kusumgar Limited"", ""Textiles & Apparels"", 246052, 1430.67, 0.0002, null]"
INF204K01K15,Nippon India Small Cap Fund,31-08-2026,portfolio,(a) Listed / awaiting listing on Stock Exchanges,Genus Prime Infra Limited,INE256D01014,Chemicals & Petrochemicals,1458388,590.94,59094000,0.01,,,,,,,,INF204K01K15_Nippon India Small Cap Fund.xlsx,SC,260,"[""GUCL01"", ""INE256D01014"", ""Genus Prime Infra Limited"", ""Chemicals & Petrochemicals"", 1458388, 590.94, 0.0001, null]"
INF204K01K15,Nippon India Small Cap Fund,31-08-2026,portfolio,(a) Listed / awaiting listing on Stock Exchanges,Subtotal,,,,8032455.66,8.03246E+11,97.17,,,,,,,,INF204K01K15_Nippon India Small Cap Fund.xlsx,SC,261,"[null, null, ""Subtotal"", null, null, 8032455.66, 0.9717, null]"
INF204K01K15,Nippon India Small Cap Fund,31-08-2026,portfolio,(a) Listed / awaiting listing on Stock Exchanges,(b) UNLISTED,,,,,,,,,,,,,,INF204K01K15_Nippon India Small Cap Fund.xlsx,SC,262,"[null, null, ""(b) UNLISTED"", null, null, ""NIL"", ""NIL"", ""NIL""]"
INF204K01K15,Nippon India Small Cap Fund,31-08-2026,portfolio,(a) Listed / awaiting listing on Stock Exchanges,Subtotal,,,,,,,,,,,,,,INF204K01K15_Nippon India Small Cap Fund.xlsx,SC,263,"[null, null, ""Subtotal"", null, null, ""NIL"", ""NIL"", ""NIL""]"
INF204K01K15,Nippon India Small Cap Fund,31-08-2026,portfolio,(a) Listed / awaiting listing on Stock Exchanges,Total,,,,8032455.66,8.03246E+11,97.17,,,,,,,,INF204K01K15_Nippon India Small Cap Fund.xlsx,SC,264,"[null, null, ""Total"", null, null, 8032455.66, 0.9717, null]"
INF204K01K15,Nippon India Small Cap Fund,31-08-2026,portfolio,Triparty Repo/ Reverse Repo Instrument,Triparty Repo,,,,213900.07,21390007000,2.59,,,,,,,,INF204K01K15_Nippon India Small Cap Fund.xlsx,SC,267,"[null, null, ""Triparty Repo"", null, null, 213900.07, 0.0259, null]"
INF204K01K15,Nippon India Small Cap Fund,31-08-2026,portfolio,Triparty Repo/ Reverse Repo Instrument,Total,,,,213900.07,21390007000,2.59,,,,,,,,INF204K01K15_Nippon India Small Cap Fund.xlsx,SC,268,"[null, null, ""Total"", null, null, 213900.07, 0.0259, null]"
INF204K01K15,Nippon India Small Cap Fund,31-08-2026,portfolio,OTHERS,Cash Margin - CCIL,,,,1250.12,125012000,0.02,,,,,,,,INF204K01K15_Nippon India Small Cap Fund.xlsx,SC,270,"[""CCILMGN"", null, ""Cash Margin - CCIL"", null, null, 1250.12, 0.0002, null]"
INF204K01K15,Nippon India Small Cap Fund,31-08-2026,portfolio,OTHERS,Total,,,,1250.12,125012000,0.02,,,,,,,,INF204K01K15_Nippon India Small Cap Fund.xlsx,SC,271,"[null, null, ""Total"", null, null, 1250.12, 0.0002, null]"
INF204K01K15,Nippon India Small Cap Fund,31-08-2026,portfolio,OTHERS,Net Current Assets,,,,10424.78,1042478000,0.22,,,,,,,,INF204K01K15_Nippon India Small Cap Fund.xlsx,SC,272,"[null, null, ""Net Current Assets"", null, null, 10424.78, 0.0022, null]"
INF204K01K15,Nippon India Small Cap Fund,31-08-2026,portfolio,OTHERS,GRAND TOTAL,,,,8258030.634,8.25803E+11,100,,,,,,,,INF204K01K15_Nippon India Small Cap Fund.xlsx,SC,273,"[null, null, ""GRAND TOTAL"", null, null, 8258030.633821701, 1, null]"
INF204K01K15,Nippon India Small Cap Fund,31-08-2026,portfolio,Classification for Traded or Non Traded instruments are done on the basis of information provided by CRISIL and ICRA for last business day.,NAV per unit (Rs),Face Value Per Unit Rs 10 per unit,,,,,,,,,,,,,INF204K01K15_Nippon India Small Cap Fund.xlsx,SC,284,"[null, ""Face Value Per Unit Rs 10 per unit"", ""NAV per unit (Rs)"", null, null, null, null, null]"
INF204K01K15,Nippon India Small Cap Fund,31-08-2026,portfolio,Classification for Traded or Non Traded instruments are done on the basis of information provided by CRISIL and ICRA for last business day.,"As on July 31, 2026",Plan/Option,"As on August 31, 2026",,,,,,,,,,,,INF204K01K15_Nippon India Small Cap Fund.xlsx,SC,285,"[""RLMF200"", ""Plan/Option"", ""As on July 31, 2026"", ""As on August 31, 2026"", null, null, null, null]"
INF204K01K15,Nippon India Small Cap Fund,31-08-2026,portfolio,Classification for Traded or Non Traded instruments are done on the basis of information provided by CRISIL and ICRA for last business day.,179.9222,Bonus Plan,186.4546,,,,,,,,,,,,INF204K01K15_Nippon India Small Cap Fund.xlsx,SC,286,"[""RLMF200-RB"", ""Bonus Plan"", 179.9222, 186.4546, null, null, null, null]"
INF204K01K15,Nippon India Small Cap Fund,31-08-2026,portfolio,Classification for Traded or Non Traded instruments are done on the basis of information provided by CRISIL and ICRA for last business day.,203.1573,Direct Plan-Bonus Plan,210.6609,,,,,,,,,,,,INF204K01K15_Nippon India Small Cap Fund.xlsx,SC,287,"[""RLMF200-DB"", ""Direct Plan-Bonus Plan"", 203.1573, 210.6609, null, null, null, null]"
INF204K01K15,Nippon India Small Cap Fund,31-08-2026,portfolio,Classification for Traded or Non Traded instruments are done on the basis of information provided by CRISIL and ICRA for last business day.,203.1573,Direct Plan-Growth Plan,210.6609,,,,,,,,,,,,INF204K01K15_Nippon India Small Cap Fund.xlsx,SC,288,"[""RLMF200-DG"", ""Direct Plan-Growth Plan"", 203.1573, 210.6609, null, null, null, null]"
INF204K01K15,Nippon India Small Cap Fund,31-08-2026,portfolio,Classification for Traded or Non Traded instruments are done on the basis of information provided by CRISIL and ICRA for last business day.,108.044,Direct Plan-IDCW Plan,112.0346,,,,,,,,,,,,INF204K01K15_Nippon India Small Cap Fund.xlsx,SC,289,"[""RLMF200-ZD"", ""Direct Plan-IDCW Plan"", 108.044, 112.0346, null, null, null, null]"
INF204K01K15,Nippon India Small Cap Fund,31-08-2026,portfolio,Classification for Traded or Non Traded instruments are done on the basis of information provided by CRISIL and ICRA for last business day.,179.9222,Growth Plan,186.4546,,,,,,,,,,,,INF204K01K15_Nippon India Small Cap Fund.xlsx,SC,290,"[""RLMF200-RG"", ""Growth Plan"", 179.9222, 186.4546, null, null, null, null]"
INF204K01K15,Nippon India Small Cap Fund,31-08-2026,portfolio,Classification for Traded or Non Traded instruments are done on the basis of information provided by CRISIL and ICRA for last business day.,92.4854,IDCW Plan,95.8433,,,,,,,,,,,,INF204K01K15_Nippon India Small Cap Fund.xlsx,SC,291,"[""RLMF200-RD"", ""IDCW Plan"", 92.4854, 95.8433, null, null, null, null]"
INF204K01K15,Nippon India Small Cap Fund,31-08-2026,portfolio,Classification for Traded or Non Traded instruments are done on the basis of information provided by CRISIL and ICRA for last business day.,RLMF200,"(7) During the period, the portfolio turnover ratio is 0.21 times.",,,,,,,,,,,,,INF204K01K15_Nippon India Small Cap Fund.xlsx,SC,295,"[""RLMF200"", ""(7) During the period, the portfolio turnover ratio is 0.21 times."", null, null, null, null, null, null]"
INF204K01K15,Nippon India Small Cap Fund,31-08-2026,portfolio,Derivatives disclosure Table,A.,Hedging positions through futures as at 31 Aug 2026: Nil.,,,,,,,,,,,,,INF204K01K15_Nippon India Small Cap Fund.xlsx,SC,299,"[""A."", ""Hedging positions through futures as at 31 Aug 2026: Nil."", null, null, null, null, null, null]"
INF204K01K15,Nippon India Small Cap Fund,31-08-2026,portfolio,Derivatives disclosure Table,B.,Other than hedging position through futures as at 31 Aug 2026: Nil.,,,,,,,,,,,,,INF204K01K15_Nippon India Small Cap Fund.xlsx,SC,304,"[""B."", ""Other than hedging position through futures as at 31 Aug 2026: Nil."", null, null, null, null, null, null]"
INF204K01K15,Nippon India Small Cap Fund,31-08-2026,portfolio,Derivatives disclosure Table,C.,Hedging position through put options as at 31 Aug 2026: Nil.,,,,,,,,,,,,,INF204K01K15_Nippon India Small Cap Fund.xlsx,SC,308,"[""C."", ""Hedging position through put options as at 31 Aug 2026: Nil."", null, null, null, null, null, null]"
INF204K01K15,Nippon India Small Cap Fund,31-08-2026,portfolio,Derivatives disclosure Table,D.,Other than hedging position through options as at 31 Aug 2026: Nil.,,,,,,,,,,,,,INF204K01K15_Nippon India Small Cap Fund.xlsx,SC,312,"[""D."", ""Other than hedging position through options as at 31 Aug 2026: Nil."", null, null, null, null, null, null]"
INF204K01K15,Nippon India Small Cap Fund,31-08-2026,portfolio,Derivatives disclosure Table,E.,Hedging positions through swaps as at 31 Aug 2026: Nil.,,,,,,,,,,,,,INF204K01K15_Nippon India Small Cap Fund.xlsx,SC,316,"[""E."", ""Hedging positions through swaps as at 31 Aug 2026: Nil."", null, null, null, null, null, null]"
INF204K01K15,Nippon India Small Cap Fund,31-08-2026,portfolio,Derivatives disclosure Table,F.,Call options written as at 31 Aug 2026: Nil.,,,,,,,,,,,,,INF204K01K15_Nippon India Small Cap Fund.xlsx,SC,318,"[""F."", ""Call options written as at 31 Aug 2026: Nil."", null, null, null, null, null, null]"
INF204K01XI3,Nippon India Large Cap Fund,31-08-2026,portfolio,(a) Listed / awaiting listing on Stock Exchanges,HDFC Bank Limited,INE040A01034,Banks,66080734,468512.4,46851240000,8.65,,,,,,,,INF204K01XI3_Nippon India Large Cap Fund.xlsx,EA,7,"[""HDFB03"", ""INE040A01034"", ""HDFC Bank Limited"", ""Banks"", 66080734, 468512.4, 0.0865, null]"
INF204K01XI3,Nippon India Large Cap Fund,31-08-2026,portfolio,(a) Listed / awaiting listing on Stock Exchanges,ICICI Bank Limited,INE090A01021,Banks,25000000,363500,36350000000,6.71,,,,,,,,INF204K01XI3_Nippon India Large Cap Fund.xlsx,EA,8,"[""IBCL05"", ""INE090A01021"", ""ICICI Bank Limited"", ""Banks"", 25000000, 363500, 0.0671, null]"
INF204K01XI3,Nippon India Large Cap Fund,31-08-2026,portfolio,(a) Listed / awaiting listing on Stock Exchanges,Axis Bank Limited,INE238A01034,Banks,22015542,286202.05,28620205000,5.29,,,,,,,,INF204K01XI3_Nippon India Large Cap Fund.xlsx,EA,9,"[""UTIB02"", ""INE238A01034"", ""Axis Bank Limited"", ""Banks"", 22015542, 286202.05, 0.0529, null]"
INF204K01XI3,Nippon India Large Cap Fund,31-08-2026,portfolio,(a) Listed / awaiting listing on Stock Exchanges,Reliance Industries Limited,INE002A01018,Petroleum Products,17441139,222723.35,22272335000,4.11,,,,,,,,INF204K01XI3_Nippon India Large Cap Fund.xlsx,EA,10,"[""RIND01"", ""INE002A01018"", ""Reliance Industries Limited"", ""Petroleum Products"", 17441139, 222723.35, 0.0411, null]"
INF204K01XI3,Nippon India Large Cap Fund,31-08-2026,portfolio,(a) Listed / awaiting listing on Stock Exchanges,Larsen & Toubro Limited,INE018A01030,Construction,4947774,200132.51,20013251000,3.7,,,,,,,,INF204K01XI3_Nippon India Large Cap Fund.xlsx,EA,11,"[""LARS02"", ""INE018A01030"", ""Larsen & Toubro Limited"", ""Construction"", 4947774, 200132.51, 0.037, null]"
INF204K01XI3,Nippon India Large Cap Fund,31-08-2026,portfolio,(a) Listed / awaiting listing on Stock Exchanges,Infosys Limited,INE009A01021,IT - Software,17349771,196711.7,19671170000,3.63,,,,,,,,INF204K01XI3_Nippon India Large Cap Fund.xlsx,EA,12,"[""INFS02"", ""INE009A01021"", ""Infosys Limited"", ""IT - Software"", 17349771, 196711.7, 0.0363, null]"
INF204K01XI3,Nippon India Large Cap Fund,31-08-2026,portfolio,(a) Listed / awaiting listing on Stock Exchanges,Tata Consultancy Services Limited,INE467B01029,IT - Software,8000000,191944,19194400000,3.55,,,,,,,,INF204K01XI3_Nippon India Large Cap Fund.xlsx,EA,13,"[""TCSL01"", ""INE467B01029"", ""Tata Consultancy Services Limited"", ""IT - Software"", 8000000, 191944, 0.0355, null]"
INF204K01XI3,Nippon India Large Cap Fund,31-08-2026,portfolio,(a) Listed / awaiting listing on Stock Exchanges,Bajaj Finance Limited,INE296A01032,Finance,16534184,174766.32,17476632000,3.23,,,,,,,,INF204K01XI3_Nippon India Large Cap Fund.xlsx,EA,14,"[""BAFL03"", ""INE296A01032"", ""Bajaj Finance Limited"", ""Finance"", 16534184, 174766.32, 0.0323, null]"
INF204K01XI3,Nippon India Large Cap Fund,31-08-2026,portfolio,(a) Listed / awaiting listing on Stock Exchanges,State Bank of India,INE062A01020,Banks,15082107,159870.33,15987033000,2.95,,,,,,,,INF204K01XI3_Nippon India Large Cap Fund.xlsx,EA,15,"[""SBAI02"", ""INE062A01020"", ""State Bank of India"", ""Banks"", 15082107, 159870.33, 0.0295, null]"
INF204K01XI3,Nippon India Large Cap Fund,31-08-2026,portfolio,(a) Listed / awaiting listing on Stock Exchanges,Mahindra & Mahindra Limited,INE101A01026,Automobiles,4821580,158244.26,15824426000,2.92,,,,,,,,INF204K01XI3_Nippon India Large Cap Fund.xlsx,EA,16,"[""MAHI02"", ""INE101A01026"", ""Mahindra & Mahindra Limited"", ""Automobiles"", 4821580, 158244.26, 0.0292, null]"
INF204K01XI3,Nippon India Large Cap Fund,31-08-2026,portfolio,(a) Listed / awaiting listing on Stock Exchanges,Hindustan Unilever Limited,INE030A01027,Diversified FMCG,6889046,135535.09,13553509000,2.5,,,,,,,,INF204K01XI3_Nippon India Large Cap Fund.xlsx,EA,17,"[""HLEL02"", ""INE030A01027"", ""Hindustan Unilever Limited"", ""Diversified FMCG"", 6889046, 135535.09, 0.025, null]"
INF204K01XI3,Nippon India Large Cap Fund,31-08-2026,portfolio,(a) Listed / awaiting listing on Stock Exchanges,Sun Pharmaceutical Industries Limited,INE044A01036,Pharmaceuticals & Biotechnology,6154333,122151.2,12215120000,2.26,,,,,,,,INF204K01XI3_Nippon India Large Cap Fund.xlsx,EA,18,"[""SPIL03"", ""INE044A01036"", ""Sun Pharmaceutical Industries Limited"", ""Pharmaceuticals & Biotechnology"", 6154333, 122151.2, 0.0226, null]"
INF204K01XI3,Nippon India Large Cap Fund,31-08-2026,portfolio,(a) Listed / awaiting listing on Stock Exchanges,Avenue Supermarts Limited,INE192R01011,Retailing,2963895,115591.91,11559191000,2.14,,,,,,,,INF204K01XI3_Nippon India Large Cap Fund.xlsx,EA,19,"[""AVSP01"", ""INE192R01011"", ""Avenue Supermarts Limited"", ""Retailing"", 2963895, 115591.91, 0.0214, null]"
INF204K01XI3,Nippon India Large Cap Fund,31-08-2026,portfolio,(a) Listed / awaiting listing on Stock Exchanges,ITC Limited,INE154A01025,Diversified FMCG,45029812,115051.17,11505117000,2.13,,,,,,,,INF204K01XI3_Nippon India Large Cap Fund.xlsx,EA,20,"[""ITCL02"", ""INE154A01025"", ""ITC Limited"", ""Diversified FMCG"", 45029812, 115051.17, 0.0213, null]"
INF204K01XI3,Nippon India Large Cap Fund,31-08-2026,portfolio,(a) Listed / awaiting listing on Stock Exchanges,Samvardhana Motherson International Limited,INE775A01035,Auto Components,63549826,108466.84,10846684000,2,,,,,,,,INF204K01XI3_Nippon India Large Cap Fund.xlsx,EA,21,"[""MOSU03"", ""INE775A01035"", ""Samvardhana Motherson International Limited"", ""Auto Components"", 63549826, 108466.84, 0.02, null]"
INF204K01XI3,Nippon India Large Cap Fund,31-08-2026,portfolio,(a) Listed / awaiting listing on Stock Exchanges,Kotak Mahindra Bank Limited,INE237A01036,Banks,25005900,104874.74,10487474000,1.94,,,,,,,,INF204K01XI3_Nippon India Large Cap Fund.xlsx,EA,22,"[""KOMA03"", ""INE237A01036"", ""Kotak Mahindra Bank Limited"", ""Banks"", 25005900, 104874.74, 0.0194, null]"
INF204K01XI3,Nippon India Large Cap Fund,31-08-2026,portfolio,(a) Listed / awaiting listing on Stock Exchanges,GE Vernova T&D India Limited,INE200A01026,Electrical Equipment,2251405,100079.46,10007946000,1.85,,,,,,,,INF204K01XI3_Nippon India Large Cap Fund.xlsx,EA,23,"[""ALLI02"", ""INE200A01026"", ""GE Vernova T&D India Limited"", ""Electrical Equipment"", 2251405, 100079.46, 0.0185, null]"
INF204K01XI3,Nippon India Large Cap Fund,31-08-2026,portfolio,(a) Listed / awaiting listing on Stock Exchanges,NTPC Limited,INE733E01010,Power,30017977,98278.86,9827886000,1.82,,,,,,,,INF204K01XI3_Nippon India Large Cap Fund.xlsx,EA,24,"[""NTPC01"", ""INE733E01010"", ""NTPC Limited"", ""Power"", 30017977, 98278.86, 0.0182, null]"
INF204K01XI3,Nippon India Large Cap Fund,31-08-2026,portfolio,(a) Listed / awaiting listing on Stock Exchanges,Eternal Limited,INE758T01015,Retailing,30064524,98641.7,9864170000,1.82,,,,,,,,INF204K01XI3_Nippon India Large Cap Fund.xlsx,EA,25,"[""ZMPL01"", ""INE758T01015"", ""Eternal Limited"", ""Retailing"", 30064524, 98641.7, 0.0182, null]"
INF204K01XI3,Nippon India Large Cap Fund,31-08-2026,portfolio,(a) Listed / awaiting listing on Stock Exchanges,Divi's Laboratories Limited,INE361B01024,Pharmaceuticals & Biotechnology,861190,81528.86,8152886000,1.51,,,,,,,,INF204K01XI3_Nippon India Large Cap Fund.xlsx,EA,26,"[""DIVI02"", ""INE361B01024"", ""Divi's Laboratories Limited"", ""Pharmaceuticals & Biotechnology"", 861190, 81528.86, 0.0151, null]"
INF204K01XI3,Nippon India Large Cap Fund,31-08-2026,portfolio,(a) Listed / awaiting listing on Stock Exchanges,HDFC Life Insurance Company Limited,INE795G01014,Insurance,13000000,70635.5,7063550000,1.3,,,,,,,,INF204K01XI3_Nippon India Large Cap Fund.xlsx,EA,27,"[""HDLI01"", ""INE795G01014"", ""HDFC Life Insurance Company Limited"", ""Insurance"", 13000000, 70635.5, 0.013, null]"
INF204K01XI3,Nippon India Large Cap Fund,31-08-2026,portfolio,(a) Listed / awaiting listing on Stock Exchanges,Trent Limited,INE849A01020,Retailing,2440603,70286.93,7028693000,1.3,,,,,,,,INF204K01XI3_Nippon India Large Cap Fund.xlsx,EA,28,"[""LAKM02"", ""INE849A01020"", ""Trent Limited"", ""Retailing"", 2440603, 70286.93, 0.013, null]"
INF204K01XI3,Nippon India Large Cap Fund,31-08-2026,portfolio,(a) Listed / awaiting listing on Stock Exchanges,Tata Power Company Limited,INE245A01021,Power,20185719,70044.44,7004444000,1.29,,,,,,,,INF204K01XI3_Nippon India Large Cap Fund.xlsx,EA,29,"[""TPOW02"", ""INE245A01021"", ""Tata Power Company Limited"", ""Power"", 20185719, 70044.44, 0.0129, null]"
INF204K01XI3,Nippon India Large Cap Fund,31-08-2026,portfolio,(a) Listed / awaiting listing on Stock Exchanges,Maruti Suzuki India Limited,INE585B01010,Automobiles,502749,68107.41,6810741000,1.26,,,,,,,,INF204K01XI3_Nippon India Large Cap Fund.xlsx,EA,30,"[""MAUD01"", ""INE585B01010"", ""Maruti Suzuki India Limited"", ""Automobiles"", 502749, 68107.41, 0.0126, null]"
INF204K01XI3,Nippon India Large Cap Fund,31-08-2026,portfolio,(a) Listed / awaiting listing on Stock Exchanges,Swiggy Limited,INE00H001014,Retailing,22744706,64117.33,6411733000,1.18,,,,,,,,INF204K01XI3_Nippon India Large Cap Fund.xlsx,EA,31,"[""BLTE01"", ""INE00H001014"", ""Swiggy Limited"", ""Retailing"", 22744706, 64117.33, 0.0118, null]"
INF204K01XI3,Nippon India Large Cap Fund,31-08-2026,portfolio,(a) Listed / awaiting listing on Stock Exchanges,Dixon Technologies (India) Limited,INE935N01020,Consumer Durables,413953,61472.02,6147202000,1.14,,,,,,,,INF204K01XI3_Nippon India Large Cap Fund.xlsx,EA,32,"[""DIXO02"", ""INE935N01020"", ""Dixon Technologies (India) Limited"", ""Consumer Durables"", 413953, 61472.02, 0.0114, null]"
INF204K01XI3,Nippon India Large Cap Fund,31-08-2026,portfolio,(a) Listed / awaiting listing on Stock Exchanges,SBI Life Insurance Company Limited,INE123W01016,Insurance,3361333,58504,5850400000,1.08,,,,,,,,INF204K01XI3_Nippon India Large Cap Fund.xlsx,EA,33,"[""SLIF01"", ""INE123W01016"", ""SBI Life Insurance Company Limited"", ""Insurance"", 3361333, 58504, 0.0108, null]"
INF204K01XI3,Nippon India Large Cap Fund,31-08-2026,portfolio,(a) Listed / awaiting listing on Stock Exchanges,Bajaj Auto Limited,INE917I01010,Automobiles,475526,57681.3,5768130000,1.07,,,,,,,,INF204K01XI3_Nippon India Large Cap Fund.xlsx,EA,34,"[""BALN01"", ""INE917I01010"", ""Bajaj Auto Limited"", ""Automobiles"", 475526, 57681.3, 0.0107, null]"
INF204K01XI3,Nippon India Large Cap Fund,31-08-2026,portfolio,(a) Listed / awaiting listing on Stock Exchanges,Cipla Limited,INE059A01026,Pharmaceuticals & Biotechnology,4086211,57582.89,5758289000,1.06,,,,,,,,INF204K01XI3_Nippon India Large Cap Fund.xlsx,EA,35,"[""CIPL03"", ""INE059A01026"", ""Cipla Limited"", ""Pharmaceuticals & Biotechnology"", 4086211, 57582.89, 0.0106, null]"
INF204K01XI3,Nippon India Large Cap Fund,31-08-2026,portfolio,(a) Listed / awaiting listing on Stock Exchanges,ABB India Limited,INE117A01022,Electrical Equipment,729315,55708.73,5570873000,1.03,,,,,,,,INF204K01XI3_Nippon India Large Cap Fund.xlsx,EA,36,"[""ASEA02"", ""INE117A01022"", ""ABB India Limited"", ""Electrical Equipment"", 729315, 55708.73, 0.0103, null]"
INF204K01XI3,Nippon India Large Cap Fund,31-08-2026,portfolio,(a) Listed / awaiting listing on Stock Exchanges,The Indian Hotels Company Limited,INE053A01029,Leisure Services,7460653,55052.16,5505216000,1.02,,,,,,,,INF204K01XI3_Nippon India Large Cap Fund.xlsx,EA,37,"[""IHOT02"", ""INE053A01029"", ""The Indian Hotels Company Limited"", ""Leisure Services"", 7460653, 55052.16, 0.0102, null]"
INF204K01XI3,Nippon India Large Cap Fund,31-08-2026,portfolio,(a) Listed / awaiting listing on Stock Exchanges,Chalet Hotels Limited,INE427F01016,Leisure Services,5679690,51341.56,5134156000,0.95,,,,,,,,INF204K01XI3_Nippon India Large Cap Fund.xlsx,EA,38,"[""CHAL01"", ""INE427F01016"", ""Chalet Hotels Limited"", ""Leisure Services"", 5679690, 51341.56, 0.0095, null]"
INF204K01XI3,Nippon India Large Cap Fund,31-08-2026,portfolio,(a) Listed / awaiting listing on Stock Exchanges,HCL Technologies Limited,INE860A01027,IT - Software,3889064,51032.3,5103230000,0.94,,,,,,,,INF204K01XI3_Nippon India Large Cap Fund.xlsx,EA,39,"[""HCLT02"", ""INE860A01027"", ""HCL Technologies Limited"", ""IT - Software"", 3889064, 51032.3, 0.0094, null]"
INF204K01XI3,Nippon India Large Cap Fund,31-08-2026,portfolio,(a) Listed / awaiting listing on Stock Exchanges,PB Fintech Limited,INE417T01026,Financial Technology (Fintech),2656013,49800.24,4980024000,0.92,,,,,,,,INF204K01XI3_Nippon India Large Cap Fund.xlsx,EA,40,"[""ESMC02"", ""INE417T01026"", ""PB Fintech Limited"", ""Financial Technology (Fintech)"", 2656013, 49800.24, 0.0092, null]"
INF204K01XI3,Nippon India Large Cap Fund,31-08-2026,portfolio,(a) Listed / awaiting listing on Stock Exchanges,Godrej Consumer Products Limited,INE102D01028,Personal Products,5300000,47768.9,4776890000,0.88,,,,,,,,INF204K01XI3_Nippon India Large Cap Fund.xlsx,EA,41,"[""GCPL02"", ""INE102D01028"", ""Godrej Consumer Products Limited"", ""Personal Products"", 5300000, 47768.9, 0.0088, null]"
INF204K01XI3,Nippon India Large Cap Fund,31-08-2026,portfolio,(a) Listed / awaiting listing on Stock Exchanges,Lupin Limited,INE326A01037,Pharmaceuticals & Biotechnology,2178374,47671.54,4767154000,0.88,,,,,,,,INF204K01XI3_Nippon India Large Cap Fund.xlsx,EA,42,"[""LUPL02"", ""INE326A01037"", ""Lupin Limited"", ""Pharmaceuticals & Biotechnology"", 2178374, 47671.54, 0.0088, null]"
INF204K01XI3,Nippon India Large Cap Fund,31-08-2026,portfolio,(a) Listed / awaiting listing on Stock Exchanges,Tata Consumer Products Limited,INE192A01025,Agricultural Food & other Products,4529578,46994.37,4699437000,0.87,,,,,,,,INF204K01XI3_Nippon India Large Cap Fund.xlsx,EA,43,"[""TTEA02"", ""INE192A01025"", ""Tata Consumer Products Limited"", ""Agricultural Food & other Products"", 4529578, 46994.37, 0.0087, null]"
INF204K01XI3,Nippon India Large Cap Fund,31-08-2026,portfolio,(a) Listed / awaiting listing on Stock Exchanges,Tech Mahindra Limited,INE669C01036,IT - Software,2897680,47174.23,4717423000,0.87,,,,,,,,INF204K01XI3_Nippon India Large Cap Fund.xlsx,EA,44,"[""TEMA02"", ""INE669C01036"", ""Tech Mahindra Limited"", ""IT - Software"", 2897680, 47174.23, 0.0087, null]"
INF204K01XI3,Nippon India Large Cap Fund,31-08-2026,portfolio,(a) Listed / awaiting listing on Stock Exchanges,Mankind Pharma Limited,INE634S01028,Pharmaceuticals & Biotechnology,1934592,46801.65,4680165000,0.86,,,,,,,,INF204K01XI3_Nippon India Large Cap Fund.xlsx,EA,45,"[""MKIP01"", ""INE634S01028"", ""Mankind Pharma Limited"", ""Pharmaceuticals & Biotechnology"", 1934592, 46801.65, 0.0086, null]"
INF204K01XI3,Nippon India Large Cap Fund,31-08-2026,portfolio,(a) Listed / awaiting listing on Stock Exchanges,Dr. Reddy's Laboratories Limited,INE089A01031,Pharmaceuticals & Biotechnology,4001922,46198.19,4619819000,0.85,,,,,,,,INF204K01XI3_Nippon India Large Cap Fund.xlsx,EA,46,"[""DRRL03"", ""INE089A01031"", ""Dr. Reddy's Laboratories Limited"", ""Pharmaceuticals & Biotechnology"", 4001922, 46198.19, 0.0085, null]"
INF204K01XI3,Nippon India Large Cap Fund,31-08-2026,portfolio,(a) Listed / awaiting listing on Stock Exchanges,Meesho Ltd,INE0VDM01015,Retailing,21660932,44489.39,4448939000,0.82,,,,,,,,INF204K01XI3_Nippon India Large Cap Fund.xlsx,EA,47,"[""MEES01"", ""INE0VDM01015"", ""Meesho Ltd"", ""Retailing"", 21660932, 44489.39, 0.0082, null]"
INF204K01XI3,Nippon India Large Cap Fund,31-08-2026,portfolio,(a) Listed / awaiting listing on Stock Exchanges,Cholamandalam Investment and Finance Company Ltd,INE121A01024,Finance,2291499,42562.3,4256230000,0.79,,,,,,,,INF204K01XI3_Nippon India Large Cap Fund.xlsx,EA,48,"[""CHOL02"", ""INE121A01024"", ""Cholamandalam Investment and Finance Company Ltd"", ""Finance"", 2291499, 42562.3, 0.0079, null]"
INF204K01XI3,Nippon India Large Cap Fund,31-08-2026,portfolio,(a) Listed / awaiting listing on Stock Exchanges,Shree Cement Limited,INE070A01015,Cement & Cement Products,181243,42048.38,4204838000,0.78,,,,,,,,INF204K01XI3_Nippon India Large Cap Fund.xlsx,EA,49,"[""SHCE01"", ""INE070A01015"", ""Shree Cement Limited"", ""Cement & Cement Products"", 181243, 42048.38, 0.0078, null]"
INF204K01XI3,Nippon India Large Cap Fund,31-08-2026,portfolio,(a) Listed / awaiting listing on Stock Exchanges,Jubilant Foodworks Limited,INE797F01020,Leisure Services,8548076,42398.46,4239846000,0.78,,,,,,,,INF204K01XI3_Nippon India Large Cap Fund.xlsx,EA,50,"[""JUFL02"", ""INE797F01020"", ""Jubilant Foodworks Limited"", ""Leisure Services"", 8548076, 42398.46, 0.0078, null]"
INF204K01XI3,Nippon India Large Cap Fund,31-08-2026,portfolio,(a) Listed / awaiting listing on Stock Exchanges,Coal India Limited,INE522F01014,Consumable Fuels,10000000,40175,4017500000,0.74,,,,,,,,INF204K01XI3_Nippon India Large Cap Fund.xlsx,EA,51,"[""COAL01"", ""INE522F01014"", ""Coal India Limited"", ""Consumable Fuels"", 10000000, 40175, 0.0074, null]"
INF204K01XI3,Nippon India Large Cap Fund,31-08-2026,portfolio,(a) Listed / awaiting listing on Stock Exchanges,Siemens Limited,INE003A01024,Electrical Equipment,983917,39651.86,3965186000,0.73,,,,,,,,INF204K01XI3_Nippon India Large Cap Fund.xlsx,EA,52,"[""SIEM02"", ""INE003A01024"", ""Siemens Limited"", ""Electrical Equipment"", 983917, 39651.86, 0.0073, null]"
INF204K01XI3,Nippon India Large Cap Fund,31-08-2026,portfolio,(a) Listed / awaiting listing on Stock Exchanges,Vishal Mega Mart Limited,INE01EA01019,Retailing,35035033,38762.76,3876276000,0.72,,,,,,,,INF204K01XI3_Nippon India Large Cap Fund.xlsx,EA,53,"[""VMML01"", ""INE01EA01019"", ""Vishal Mega Mart Limited"", ""Retailing"", 35035033, 38762.76, 0.0072, null]"
INF204K01XI3,Nippon India Large Cap Fund,31-08-2026,portfolio,(a) Listed / awaiting listing on Stock Exchanges,Tata Steel Limited,INE081A01020,Ferrous Metals,20503160,37797.58,3779758000,0.7,,,,,,,,INF204K01XI3_Nippon India Large Cap Fund.xlsx,EA,54,"[""TISC03"", ""INE081A01020"", ""Tata Steel Limited"", ""Ferrous Metals"", 20503160, 37797.58, 0.007, null]"
INF204K01XI3,Nippon India Large Cap Fund,31-08-2026,portfolio,(a) Listed / awaiting listing on Stock Exchanges,Hindustan Aeronautics Limited,INE066F01020,Aerospace & Defense,759818,36483.42,3648342000,0.67,,,,,,,,INF204K01XI3_Nippon India Large Cap Fund.xlsx,EA,55,"[""HALT02"", ""INE066F01020"", ""Hindustan Aeronautics Limited"", ""Aerospace & Defense"", 759818, 36483.42, 0.0067, null]"
INF204K01XI3,Nippon India Large Cap Fund,31-08-2026,portfolio,(a) Listed / awaiting listing on Stock Exchanges,Vedanta Aluminium Metal Limited,INE1CDF01017,Non - Ferrous Metals,7910833,34423.99,3442399000,0.64,,,,,,,,INF204K01XI3_Nippon India Large Cap Fund.xlsx,EA,56,"[""VAML01"", ""INE1CDF01017"", ""Vedanta Aluminium Metal Limited"", ""Non - Ferrous Metals"", 7910833, 34423.99, 0.0064, null]"
INF204K01XI3,Nippon India Large Cap Fund,31-08-2026,portfolio,(a) Listed / awaiting listing on Stock Exchanges,NTPC Green Energy Limited,INE0ONG01011,Power,37981560,33997.29,3399729000,0.63,,,,,,,,INF204K01XI3_Nippon India Large Cap Fund.xlsx,EA,57,"[""NGEL01"", ""INE0ONG01011"", ""NTPC Green Energy Limited"", ""Power"", 37981560, 33997.29, 0.0063, null]"
INF204K01XI3,Nippon India Large Cap Fund,31-08-2026,portfolio,(a) Listed / awaiting listing on Stock Exchanges,Siemens Energy India Limited,INE1NPP01017,Electrical Equipment,1044959,33748,3374800000,0.62,,,,,,,,INF204K01XI3_Nippon India Large Cap Fund.xlsx,EA,58,"[""SENE01"", ""INE1NPP01017"", ""Siemens Energy India Limited"", ""Electrical Equipment"", 1044959, 33748, 0.0062, null]"
INF204K01XI3,Nippon India Large Cap Fund,31-08-2026,portfolio,(a) Listed / awaiting listing on Stock Exchanges,United Spirits Limited,INE854D01024,Beverages,2155258,32113.34,3211334000,0.59,,,,,,,,INF204K01XI3_Nippon India Large Cap Fund.xlsx,EA,59,"[""MCSP02"", ""INE854D01024"", ""United Spirits Limited"", ""Beverages"", 2155258, 32113.34, 0.0059, null]"
INF204K01XI3,Nippon India Large Cap Fund,31-08-2026,portfolio,(a) Listed / awaiting listing on Stock Exchanges,EIH Limited,INE230A01023,Leisure Services,10731627,30295.38,3029538000,0.56,,,,,,,,INF204K01XI3_Nippon India Large Cap Fund.xlsx,EA,60,"[""EASI02"", ""INE230A01023"", ""EIH Limited"", ""Leisure Services"", 10731627, 30295.38, 0.0056, null]"
INF204K01XI3,Nippon India Large Cap Fund,31-08-2026,portfolio,(a) Listed / awaiting listing on Stock Exchanges,Colgate Palmolive (India) Limited,INE259A01022,Personal Products,1590441,30180.21,3018021000,0.56,,,,,,,,INF204K01XI3_Nippon India Large Cap Fund.xlsx,EA,61,"[""COLG02"", ""INE259A01022"", ""Colgate Palmolive (India) Limited"", ""Personal Products"", 1590441, 30180.21, 0.0056, null]"
INF204K01XI3,Nippon India Large Cap Fund,31-08-2026,portfolio,(a) Listed / awaiting listing on Stock Exchanges,SBI Cards and Payment Services Limited,INE018E01016,Finance,4639814,29915.2,2991520000,0.55,,,,,,,,INF204K01XI3_Nippon India Large Cap Fund.xlsx,EA,62,"[""SBCP01"", ""INE018E01016"", ""SBI Cards and Payment Services Limited"", ""Finance"", 4639814, 29915.2, 0.0055, null]"
INF204K01XI3,Nippon India Large Cap Fund,31-08-2026,portfolio,(a) Listed / awaiting listing on Stock Exchanges,Gillette India Limited,INE322A01010,Personal Products,384084,28149.52,2814952000,0.52,,,,,,,,INF204K01XI3_Nippon India Large Cap Fund.xlsx,EA,63,"[""ISHA01"", ""INE322A01010"", ""Gillette India Limited"", ""Personal Products"", 384084, 28149.52, 0.0052, null]"
INF204K01XI3,Nippon India Large Cap Fund,31-08-2026,portfolio,(a) Listed / awaiting listing on Stock Exchanges,United Breweries Limited,INE686F01025,Beverages,1934970,25319.08,2531908000,0.47,,,,,,,,INF204K01XI3_Nippon India Large Cap Fund.xlsx,EA,64,"[""UBBL02"", ""INE686F01025"", ""United Breweries Limited"", ""Beverages"", 1934970, 25319.08, 0.0047, null]"
INF204K01XI3,Nippon India Large Cap Fund,31-08-2026,portfolio,(a) Listed / awaiting listing on Stock Exchanges,Varun Beverages Limited,INE200M01039,Beverages,5943052,23798.95,2379895000,0.44,,,,,,,,INF204K01XI3_Nippon India Large Cap Fund.xlsx,EA,65,"[""VNBL03"", ""INE200M01039"", ""Varun Beverages Limited"", ""Beverages"", 5943052, 23798.95, 0.0044, null]"
INF204K01XI3,Nippon India Large Cap Fund,31-08-2026,portfolio,(a) Listed / awaiting listing on Stock Exchanges,Devyani International Limited,INE872J01023,Leisure Services,15596125,21642.74,2164274000,0.4,,,,,,,,INF204K01XI3_Nippon India Large Cap Fund.xlsx,EA,66,"[""DEVY01"", ""INE872J01023"", ""Devyani International Limited"", ""Leisure Services"", 15596125, 21642.74, 0.004, null]"
INF204K01XI3,Nippon India Large Cap Fund,31-08-2026,portfolio,(a) Listed / awaiting listing on Stock Exchanges,Life Insurance Corporation Of India,INE0J1Y01017,Insurance,4306407,18000.78,1800078000,0.33,,,,,,,,INF204K01XI3_Nippon India Large Cap Fund.xlsx,EA,67,"[""LICO01"", ""INE0J1Y01017"", ""Life Insurance Corporation Of India"", ""Insurance"", 4306407, 18000.78, 0.0033, null]"
INF204K01XI3,Nippon India Large Cap Fund,31-08-2026,portfolio,(a) Listed / awaiting listing on Stock Exchanges,Union Bank of India,INE692A01016,Banks,8924402,16834.1,1683410000,0.31,,,,,,,,INF204K01XI3_Nippon India Large Cap Fund.xlsx,EA,68,"[""UNBI01"", ""INE692A01016"", ""Union Bank of India"", ""Banks"", 8924402, 16834.1, 0.0031, null]"
INF204K01XI3,Nippon India Large Cap Fund,31-08-2026,portfolio,(a) Listed / awaiting listing on Stock Exchanges,Max Financial Services Limited,INE180A01020,Insurance,955716,15034.37,1503437000,0.28,,,,,,,,INF204K01XI3_Nippon India Large Cap Fund.xlsx,EA,69,"[""MAXI02"", ""INE180A01020"", ""Max Financial Services Limited"", ""Insurance"", 955716, 15034.37, 0.0028, null]"
INF204K01XI3,Nippon India Large Cap Fund,31-08-2026,portfolio,(a) Listed / awaiting listing on Stock Exchanges,Linde India Limited,INE473A01011,Chemicals & Petrochemicals,216434,13820.39,1382039000,0.26,,,,,,,,INF204K01XI3_Nippon India Large Cap Fund.xlsx,EA,70,"[""BOCL01"", ""INE473A01011"", ""Linde India Limited"", ""Chemicals & Petrochemicals"", 216434, 13820.39, 0.0026, null]"
INF204K01XI3,Nippon India Large Cap Fund,31-08-2026,portfolio,(a) Listed / awaiting listing on Stock Exchanges,PVR INOX Limited,INE191H01014,Entertainment,1018203,12296.84,1229684000,0.23,,,,,,,,INF204K01XI3_Nippon India Large Cap Fund.xlsx,EA,71,"[""PVRL01"", ""INE191H01014"", ""PVR INOX Limited"", ""Entertainment"", 1018203, 12296.84, 0.0023, null]"
INF204K01XI3,Nippon India Large Cap Fund,31-08-2026,portfolio,(a) Listed / awaiting listing on Stock Exchanges,SBI Funds Management Limited,INE640G01020,Capital Markets,940758,5432.88,543288000,0.1,,,,,,,,INF204K01XI3_Nippon India Large Cap Fund.xlsx,EA,72,"[""SBFU01"", ""INE640G01020"", ""SBI Funds Management Limited"", ""Capital Markets"", 940758, 5432.88, 0.001, null]"
INF204K01XI3,Nippon India Large Cap Fund,31-08-2026,portfolio,(a) Listed / awaiting listing on Stock Exchanges,Subtotal,,,,5396154.65,5.39615E+11,99.68,,,,,,,,INF204K01XI3_Nippon India Large Cap Fund.xlsx,EA,73,"[null, null, ""Subtotal"", null, null, 5396154.65, 0.9968, null]"
INF204K01XI3,Nippon India Large Cap Fund,31-08-2026,portfolio,(a) Listed / awaiting listing on Stock Exchanges,(b) UNLISTED,,,,,,,,,,,,,,INF204K01XI3_Nippon India Large Cap Fund.xlsx,EA,74,"[null, null, ""(b) UNLISTED"", null, null, ""NIL"", ""NIL"", ""NIL""]"
INF204K01XI3,Nippon India Large Cap Fund,31-08-2026,portfolio,(a) Listed / awaiting listing on Stock Exchanges,Subtotal,,,,,,,,,,,,,,INF204K01XI3_Nippon India Large Cap Fund.xlsx,EA,75,"[null, null, ""Subtotal"", null, null, ""NIL"", ""NIL"", ""NIL""]"
INF204K01XI3,Nippon India Large Cap Fund,31-08-2026,portfolio,(a) Listed / awaiting listing on Stock Exchanges,Total,,,,5396154.65,5.39615E+11,99.68,,,,,,,,INF204K01XI3_Nippon India Large Cap Fund.xlsx,EA,76,"[null, null, ""Total"", null, null, 5396154.65, 0.9968, null]"
INF204K01XI3,Nippon India Large Cap Fund,31-08-2026,portfolio,Triparty Repo/ Reverse Repo Instrument,Triparty Repo,,,,11550.12,1155012000,0.21,,,,,,,,INF204K01XI3_Nippon India Large Cap Fund.xlsx,EA,79,"[null, null, ""Triparty Repo"", null, null, 11550.12, 0.0021, null]"
INF204K01XI3,Nippon India Large Cap Fund,31-08-2026,portfolio,Triparty Repo/ Reverse Repo Instrument,Total,,,,11550.12,1155012000,0.21,,,,,,,,INF204K01XI3_Nippon India Large Cap Fund.xlsx,EA,80,"[null, null, ""Total"", null, null, 11550.12, 0.0021, null]"
INF204K01XI3,Nippon India Large Cap Fund,31-08-2026,portfolio,OTHERS,Cash Margin - CCIL,,,,73.08,7308000,,,,,,,,,INF204K01XI3_Nippon India Large Cap Fund.xlsx,EA,82,"[""CCILMGN"", null, ""Cash Margin - CCIL"", null, null, 73.08, ""$0.00%"", null]"
INF204K01XI3,Nippon India Large Cap Fund,31-08-2026,portfolio,OTHERS,Total,,,,73.08,7308000,0,,,,,,,,INF204K01XI3_Nippon India Large Cap Fund.xlsx,EA,83,"[null, null, ""Total"", null, null, 73.08, 0, null]"
INF204K01XI3,Nippon India Large Cap Fund,31-08-2026,portfolio,OTHERS,Net Current Assets,,,,5588.17,558817000,0.11,,,,,,,,INF204K01XI3_Nippon India Large Cap Fund.xlsx,EA,84,"[null, null, ""Net Current Assets"", null, null, 5588.17, 0.0011, null]"
INF204K01XI3,Nippon India Large Cap Fund,31-08-2026,portfolio,OTHERS,GRAND TOTAL,,,,5413366.019,5.41337E+11,100,,,,,,,,INF204K01XI3_Nippon India Large Cap Fund.xlsx,EA,85,"[null, null, ""GRAND TOTAL"", null, null, 5413366.0189123, 1, null]"
INF204K01XI3,Nippon India Large Cap Fund,31-08-2026,portfolio,Classification for Traded or Non Traded instruments are done on the basis of information provided by CRISIL and ICRA for last business day.,NAV per unit (Rs),Face Value Per Unit Rs 10 per unit,,,,,,,,,,,,,INF204K01XI3_Nippon India Large Cap Fund.xlsx,EA,97,"[null, ""Face Value Per Unit Rs 10 per unit"", ""NAV per unit (Rs)"", null, null, null, null, null]"
INF204K01XI3,Nippon India Large Cap Fund,31-08-2026,portfolio,Classification for Traded or Non Traded instruments are done on the basis of information provided by CRISIL and ICRA for last business day.,"As on July 31, 2026",Plan/Option,"As on August 31, 2026",,,,,,,,,,,,INF204K01XI3_Nippon India Large Cap Fund.xlsx,EA,98,"[""RLMF112"", ""Plan/Option"", ""As on July 31, 2026"", ""As on August 31, 2026"", null, null, null, null]"
INF204K01XI3,Nippon India Large Cap Fund,31-08-2026,portfolio,Classification for Traded or Non Traded instruments are done on the basis of information provided by CRISIL and ICRA for last business day.,90.5135,Bonus Plan,90.1668,,,,,,,,,,,,INF204K01XI3_Nippon India Large Cap Fund.xlsx,EA,99,"[""RLMF112-RB"", ""Bonus Plan"", 90.5135, 90.1668, null, null, null, null]"
INF204K01XI3,Nippon India Large Cap Fund,31-08-2026,portfolio,Classification for Traded or Non Traded instruments are done on the basis of information provided by CRISIL and ICRA for last business day.,101.8133,Direct Plan-Bonus Plan,101.4885,,,,,,,,,,,,INF204K01XI3_Nippon India Large Cap Fund.xlsx,EA,100,"[""RLMF112-DB"", ""Direct Plan-Bonus Plan"", 101.8133, 101.4885, null, null, null, null]"
INF204K01XI3,Nippon India Large Cap Fund,31-08-2026,portfolio,Classification for Traded or Non Traded instruments are done on the basis of information provided by CRISIL and ICRA for last business day.,101.8133,Direct Plan-Growth Plan,101.4885,,,,,,,,,,,,INF204K01XI3_Nippon India Large Cap Fund.xlsx,EA,101,"[""RLMF112-DG"", ""Direct Plan-Growth Plan"", 101.8133, 101.4885, null, null, null, null]"
INF204K01XI3,Nippon India Large Cap Fund,31-08-2026,portfolio,Classification for Traded or Non Traded instruments are done on the basis of information provided by CRISIL and ICRA for last business day.,40.4952,Direct Plan-IDCW Plan,40.366,,,,,,,,,,,,INF204K01XI3_Nippon India Large Cap Fund.xlsx,EA,102,"[""RLMF112-ZD"", ""Direct Plan-IDCW Plan"", 40.4952, 40.366, null, null, null, null]"
INF204K01XI3,Nippon India Large Cap Fund,31-08-2026,portfolio,Classification for Traded or Non Traded instruments are done on the basis of information provided by CRISIL and ICRA for last business day.,90.5135,Growth Plan,90.1668,,,,,,,,,,,,INF204K01XI3_Nippon India Large Cap Fund.xlsx,EA,103,"[""RLMF112-RG"", ""Growth Plan"", 90.5135, 90.1668, null, null, null, null]"
INF204K01XI3,Nippon India Large Cap Fund,31-08-2026,portfolio,Classification for Traded or Non Traded instruments are done on the basis of information provided by CRISIL and ICRA for last business day.,26.4633,IDCW Plan,26.3619,,,,,,,,,,,,INF204K01XI3_Nippon India Large Cap Fund.xlsx,EA,104,"[""RLMF112-RD"", ""IDCW Plan"", 26.4633, 26.3619, null, null, null, null]"
INF204K01XI3,Nippon India Large Cap Fund,31-08-2026,portfolio,Classification for Traded or Non Traded instruments are done on the basis of information provided by CRISIL and ICRA for last business day.,RLMF112,"(7) During the period, the portfolio turnover ratio is 0.38 times.",,,,,,,,,,,,,INF204K01XI3_Nippon India Large Cap Fund.xlsx,EA,108,"[""RLMF112"", ""(7) During the period, the portfolio turnover ratio is 0.38 times."", null, null, null, null, null, null]"
INF204K01XI3,Nippon India Large Cap Fund,31-08-2026,portfolio,Derivatives disclosure Table,A.,Hedging positions through futures as at 31 Aug 2026: Nil.,,,,,,,,,,,,,INF204K01XI3_Nippon India Large Cap Fund.xlsx,EA,112,"[""A."", ""Hedging positions through futures as at 31 Aug 2026: Nil."", null, null, null, null, null, null]"
INF204K01XI3,Nippon India Large Cap Fund,31-08-2026,portfolio,Derivatives disclosure Table,B.,Other than hedging position through futures as at 31 Aug 2026: Nil,,,,,,,,,,,,,INF204K01XI3_Nippon India Large Cap Fund.xlsx,EA,117,"[""B."", ""Other than hedging position through futures as at 31 Aug 2026: Nil"", null, null, null, null, null, null]"
INF204K01XI3,Nippon India Large Cap Fund,31-08-2026,portfolio,Derivatives disclosure Table,C.,Hedging position through put options as at 31 Aug 2026: Nil.,,,,,,,,,,,,,INF204K01XI3_Nippon India Large Cap Fund.xlsx,EA,121,"[""C."", ""Hedging position through put options as at 31 Aug 2026: Nil."", null, null, null, null, null, null]"
INF204K01XI3,Nippon India Large Cap Fund,31-08-2026,portfolio,Derivatives disclosure Table,D.,Other than hedging position through options as at 31 Aug 2026: Nil.,,,,,,,,,,,,,INF204K01XI3_Nippon India Large Cap Fund.xlsx,EA,125,"[""D."", ""Other than hedging position through options as at 31 Aug 2026: Nil."", null, null, null, null, null, null]"
INF204K01XI3,Nippon India Large Cap Fund,31-08-2026,portfolio,Derivatives disclosure Table,E.,Hedging positions through swaps as at 31 Aug 2026: Nil.,,,,,,,,,,,,,INF204K01XI3_Nippon India Large Cap Fund.xlsx,EA,129,"[""E."", ""Hedging positions through swaps as at 31 Aug 2026: Nil."", null, null, null, null, null, null]"
INF204K01XI3,Nippon India Large Cap Fund,31-08-2026,portfolio,Derivatives disclosure Table,F.,Call options written as at 31 Aug 2026: Nil.,,,,,,,,,,,,,INF204K01XI3_Nippon India Large Cap Fund.xlsx,EA,131,"[""F."", ""Call options written as at 31 Aug 2026: Nil."", null, null, null, null, null, null]"
INF204KA1B72,Nippon India Retirement Fund- Wealth Creation Scheme,31-08-2026,portfolio,(a) Listed / awaiting listing on Stock Exchanges,ICICI Bank Limited,INE090A01021,Banks,1620000,23554.8,2355480000,7.53,,,,,,,,INF204KA1B72_Nippon India Retirement Fund- Wealth Creation Scheme.xlsx,RW,7,"[""IBCL05"", ""INE090A01021"", ""ICICI Bank Limited"", ""Banks"", 1620000, 23554.8, 0.0753, null]"
INF204KA1B72,Nippon India Retirement Fund- Wealth Creation Scheme,31-08-2026,portfolio,(a) Listed / awaiting listing on Stock Exchanges,HDFC Bank Limited,INE040A01034,Banks,3200000,22688,2268800000,7.26,,,,,,,,INF204KA1B72_Nippon India Retirement Fund- Wealth Creation Scheme.xlsx,RW,8,"[""HDFB03"", ""INE040A01034"", ""HDFC Bank Limited"", ""Banks"", 3200000, 22688, 0.0726, null]"
INF204KA1B72,Nippon India Retirement Fund- Wealth Creation Scheme,31-08-2026,portfolio,(a) Listed / awaiting listing on Stock Exchanges,Reliance Industries Limited,INE002A01018,Petroleum Products,1025000,13089.25,1308925000,4.19,,,,,,,,INF204KA1B72_Nippon India Retirement Fund- Wealth Creation Scheme.xlsx,RW,9,"[""RIND01"", ""INE002A01018"", ""Reliance Industries Limited"", ""Petroleum Products"", 1025000, 13089.25, 0.0419, null]"
INF204KA1B72,Nippon India Retirement Fund- Wealth Creation Scheme,31-08-2026,portfolio,(a) Listed / awaiting listing on Stock Exchanges,Axis Bank Limited,INE238A01034,Banks,1000000,13000,1300000000,4.16,,,,,,,,INF204KA1B72_Nippon India Retirement Fund- Wealth Creation Scheme.xlsx,RW,10,"[""UTIB02"", ""INE238A01034"", ""Axis Bank Limited"", ""Banks"", 1000000, 13000, 0.0416, null]"
INF204KA1B72,Nippon India Retirement Fund- Wealth Creation Scheme,31-08-2026,portfolio,(a) Listed / awaiting listing on Stock Exchanges,Infosys Limited,INE009A01021,IT - Software,1099277,12463.6,1246360000,3.99,,,,,,,,INF204KA1B72_Nippon India Retirement Fund- Wealth Creation Scheme.xlsx,RW,11,"[""INFS02"", ""INE009A01021"", ""Infosys Limited"", ""IT - Software"", 1099277, 12463.6, 0.0399, null]"
INF204KA1B72,Nippon India Retirement Fund- Wealth Creation Scheme,31-08-2026,portfolio,(a) Listed / awaiting listing on Stock Exchanges,Mahindra & Mahindra Limited,INE101A01026,Automobiles,326017,10699.88,1069988000,3.42,,,,,,,,INF204KA1B72_Nippon India Retirement Fund- Wealth Creation Scheme.xlsx,RW,12,"[""MAHI02"", ""INE101A01026"", ""Mahindra & Mahindra Limited"", ""Automobiles"", 326017, 10699.88, 0.0342, null]"
INF204KA1B72,Nippon India Retirement Fund- Wealth Creation Scheme,31-08-2026,portfolio,(a) Listed / awaiting listing on Stock Exchanges,State Bank of India,INE062A01020,Banks,900000,9540,954000000,3.05,,,,,,,,INF204KA1B72_Nippon India Retirement Fund- Wealth Creation Scheme.xlsx,RW,13,"[""SBAI02"", ""INE062A01020"", ""State Bank of India"", ""Banks"", 900000, 9540, 0.0305, null]"
INF204KA1B72,Nippon India Retirement Fund- Wealth Creation Scheme,31-08-2026,portfolio,(a) Listed / awaiting listing on Stock Exchanges,JSW Energy Limited,INE121E01018,Power,1798211,9357.89,935789000,2.99,,,,,,,,INF204KA1B72_Nippon India Retirement Fund- Wealth Creation Scheme.xlsx,RW,14,"[""JSWE01"", ""INE121E01018"", ""JSW Energy Limited"", ""Power"", 1798211, 9357.89, 0.0299, null]"
INF204KA1B72,Nippon India Retirement Fund- Wealth Creation Scheme,31-08-2026,portfolio,(a) Listed / awaiting listing on Stock Exchanges,Alkem Laboratories Limited,INE540L01014,Pharmaceuticals & Biotechnology,128483,6847.5,684750000,2.19,,,,,,,,INF204KA1B72_Nippon India Retirement Fund- Wealth Creation Scheme.xlsx,RW,15,"[""ALKE01"", ""INE540L01014"", ""Alkem Laboratories Limited"", ""Pharmaceuticals & Biotechnology"", 128483, 6847.5, 0.0219, null]"
INF204KA1B72,Nippon India Retirement Fund- Wealth Creation Scheme,31-08-2026,portfolio,(a) Listed / awaiting listing on Stock Exchanges,Hindustan Aeronautics Limited,INE066F01020,Aerospace & Defense,135000,6482.16,648216000,2.07,,,,,,,,INF204KA1B72_Nippon India Retirement Fund- Wealth Creation Scheme.xlsx,RW,16,"[""HALT02"", ""INE066F01020"", ""Hindustan Aeronautics Limited"", ""Aerospace & Defense"", 135000, 6482.16, 0.0207, null]"
INF204KA1B72,Nippon India Retirement Fund- Wealth Creation Scheme,31-08-2026,portfolio,(a) Listed / awaiting listing on Stock Exchanges,HDFC Asset Management Company Limited,INE127D01025,Capital Markets,246000,6450.37,645037000,2.06,,,,,,,,INF204KA1B72_Nippon India Retirement Fund- Wealth Creation Scheme.xlsx,RW,17,"[""HDAM01"", ""INE127D01025"", ""HDFC Asset Management Company Limited"", ""Capital Markets"", 246000, 6450.37, 0.0206, null]"
INF204KA1B72,Nippon India Retirement Fund- Wealth Creation Scheme,31-08-2026,portfolio,(a) Listed / awaiting listing on Stock Exchanges,Vedanta Aluminium Metal Limited,INE1CDF01017,Non - Ferrous Metals,1430000,6222.65,622265000,1.99,,,,,,,,INF204KA1B72_Nippon India Retirement Fund- Wealth Creation Scheme.xlsx,RW,18,"[""VAML01"", ""INE1CDF01017"", ""Vedanta Aluminium Metal Limited"", ""Non - Ferrous Metals"", 1430000, 6222.65, 0.0199, null]"
INF204KA1B72,Nippon India Retirement Fund- Wealth Creation Scheme,31-08-2026,portfolio,(a) Listed / awaiting listing on Stock Exchanges,Larsen & Toubro Limited,INE018A01030,Construction,150000,6067.35,606735000,1.94,,,,,,,,INF204KA1B72_Nippon India Retirement Fund- Wealth Creation Scheme.xlsx,RW,19,"[""LARS02"", ""INE018A01030"", ""Larsen & Toubro Limited"", ""Construction"", 150000, 6067.35, 0.0194, null]"
INF204KA1B72,Nippon India Retirement Fund- Wealth Creation Scheme,31-08-2026,portfolio,(a) Listed / awaiting listing on Stock Exchanges,Eternal Limited,INE758T01015,Retailing,1700000,5577.7,557770000,1.78,,,,,,,,INF204KA1B72_Nippon India Retirement Fund- Wealth Creation Scheme.xlsx,RW,20,"[""ZMPL01"", ""INE758T01015"", ""Eternal Limited"", ""Retailing"", 1700000, 5577.7, 0.0178, null]"
INF204KA1B72,Nippon India Retirement Fund- Wealth Creation Scheme,31-08-2026,portfolio,(a) Listed / awaiting listing on Stock Exchanges,JSW Infrastructure Ltd,INE880J01026,Transport Infrastructure,1628070,5535.44,553544000,1.77,,,,,,,,INF204KA1B72_Nippon India Retirement Fund- Wealth Creation Scheme.xlsx,RW,21,"[""JSWI01"", ""INE880J01026"", ""JSW Infrastructure Ltd"", ""Transport Infrastructure"", 1628070, 5535.44, 0.0177, null]"
INF204KA1B72,Nippon India Retirement Fund- Wealth Creation Scheme,31-08-2026,portfolio,(a) Listed / awaiting listing on Stock Exchanges,Info Edge (India) Limited,INE663F01032,Retailing,404720,5313.97,531397000,1.7,,,,,,,,INF204KA1B72_Nippon India Retirement Fund- Wealth Creation Scheme.xlsx,RW,22,"[""IEIN02"", ""INE663F01032"", ""Info Edge (India) Limited"", ""Retailing"", 404720, 5313.97, 0.017, null]"
INF204KA1B72,Nippon India Retirement Fund- Wealth Creation Scheme,31-08-2026,portfolio,(a) Listed / awaiting listing on Stock Exchanges,InterGlobe Aviation Limited,INE646L01027,Transport Services,100000,5234,523400000,1.67,,,,,,,,INF204KA1B72_Nippon India Retirement Fund- Wealth Creation Scheme.xlsx,RW,23,"[""INAV01"", ""INE646L01027"", ""InterGlobe Aviation Limited"", ""Transport Services"", 100000, 5234, 0.0167, null]"
INF204KA1B72,Nippon India Retirement Fund- Wealth Creation Scheme,31-08-2026,portfolio,(a) Listed / awaiting listing on Stock Exchanges,Varun Beverages Limited,INE200M01039,Beverages,1300000,5205.85,520585000,1.66,,,,,,,,INF204KA1B72_Nippon India Retirement Fund- Wealth Creation Scheme.xlsx,RW,24,"[""VNBL03"", ""INE200M01039"", ""Varun Beverages Limited"", ""Beverages"", 1300000, 5205.85, 0.0166, null]"
INF204KA1B72,Nippon India Retirement Fund- Wealth Creation Scheme,31-08-2026,portfolio,(a) Listed / awaiting listing on Stock Exchanges,Cholamandalam Investment and Finance Company Ltd,INE121A01024,Finance,274825,5104.6,510460000,1.63,,,,,,,,INF204KA1B72_Nippon India Retirement Fund- Wealth Creation Scheme.xlsx,RW,25,"[""CHOL02"", ""INE121A01024"", ""Cholamandalam Investment and Finance Company Ltd"", ""Finance"", 274825, 5104.6, 0.0163, null]"
INF204KA1B72,Nippon India Retirement Fund- Wealth Creation Scheme,31-08-2026,portfolio,(a) Listed / awaiting listing on Stock Exchanges,Indus Towers Limited,INE121J01017,Telecom - Services,1305037,5073.98,507398000,1.62,,,,,,,,INF204KA1B72_Nippon India Retirement Fund- Wealth Creation Scheme.xlsx,RW,26,"[""BINL01"", ""INE121J01017"", ""Indus Towers Limited"", ""Telecom - Services"", 1305037, 5073.98, 0.0162, null]"
INF204KA1B72,Nippon India Retirement Fund- Wealth Creation Scheme,31-08-2026,portfolio,(a) Listed / awaiting listing on Stock Exchanges,Swiggy Limited,INE00H001014,Retailing,1700000,4792.3,479230000,1.53,,,,,,,,INF204KA1B72_Nippon India Retirement Fund- Wealth Creation Scheme.xlsx,RW,27,"[""BLTE01"", ""INE00H001014"", ""Swiggy Limited"", ""Retailing"", 1700000, 4792.3, 0.0153, null]"
INF204KA1B72,Nippon India Retirement Fund- Wealth Creation Scheme,31-08-2026,portfolio,(a) Listed / awaiting listing on Stock Exchanges,Godrej Consumer Products Limited,INE102D01028,Personal Products,510393,4600.17,460017000,1.47,,,,,,,,INF204KA1B72_Nippon India Retirement Fund- Wealth Creation Scheme.xlsx,RW,28,"[""GCPL02"", ""INE102D01028"", ""Godrej Consumer Products Limited"", ""Personal Products"", 510393, 4600.17, 0.0147, null]"
INF204KA1B72,Nippon India Retirement Fund- Wealth Creation Scheme,31-08-2026,portfolio,(a) Listed / awaiting listing on Stock Exchanges,Tech Mahindra Limited,INE669C01036,IT - Software,280000,4558.4,455840000,1.46,,,,,,,,INF204KA1B72_Nippon India Retirement Fund- Wealth Creation Scheme.xlsx,RW,29,"[""TEMA02"", ""INE669C01036"", ""Tech Mahindra Limited"", ""IT - Software"", 280000, 4558.4, 0.0146, null]"
INF204KA1B72,Nippon India Retirement Fund- Wealth Creation Scheme,31-08-2026,portfolio,(a) Listed / awaiting listing on Stock Exchanges,Max Financial Services Limited,INE180A01020,Insurance,275377,4331.96,433196000,1.39,,,,,,,,INF204KA1B72_Nippon India Retirement Fund- Wealth Creation Scheme.xlsx,RW,30,"[""MAXI02"", ""INE180A01020"", ""Max Financial Services Limited"", ""Insurance"", 275377, 4331.96, 0.0139, null]"
INF204KA1B72,Nippon India Retirement Fund- Wealth Creation Scheme,31-08-2026,portfolio,(a) Listed / awaiting listing on Stock Exchanges,Gland Pharma Limited,INE068V01023,Pharmaceuticals & Biotechnology,150000,4328.7,432870000,1.38,,,,,,,,INF204KA1B72_Nippon India Retirement Fund- Wealth Creation Scheme.xlsx,RW,31,"[""GLAN02"", ""INE068V01023"", ""Gland Pharma Limited"", ""Pharmaceuticals & Biotechnology"", 150000, 4328.7, 0.0138, null]"
INF204KA1B72,Nippon India Retirement Fund- Wealth Creation Scheme,31-08-2026,portfolio,(a) Listed / awaiting listing on Stock Exchanges,Bajaj Finance Limited,INE296A01032,Finance,400000,4228,422800000,1.35,,,,,,,,INF204KA1B72_Nippon India Retirement Fund- Wealth Creation Scheme.xlsx,RW,32,"[""BAFL03"", ""INE296A01032"", ""Bajaj Finance Limited"", ""Finance"", 400000, 4228, 0.0135, null]"
INF204KA1B72,Nippon India Retirement Fund- Wealth Creation Scheme,31-08-2026,portfolio,(a) Listed / awaiting listing on Stock Exchanges,Ambuja Cements Limited,INE079A01024,Cement & Cement Products,1037977,4163.84,416384000,1.33,,,,,,,,INF204KA1B72_Nippon India Retirement Fund- Wealth Creation Scheme.xlsx,RW,33,"[""GUAM02"", ""INE079A01024"", ""Ambuja Cements Limited"", ""Cement & Cement Products"", 1037977, 4163.84, 0.0133, null]"
INF204KA1B72,Nippon India Retirement Fund- Wealth Creation Scheme,31-08-2026,portfolio,(a) Listed / awaiting listing on Stock Exchanges,United Spirits Limited,INE854D01024,Beverages,275000,4097.5,409750000,1.31,,,,,,,,INF204KA1B72_Nippon India Retirement Fund- Wealth Creation Scheme.xlsx,RW,34,"[""MCSP02"", ""INE854D01024"", ""United Spirits Limited"", ""Beverages"", 275000, 4097.5, 0.0131, null]"
INF204KA1B72,Nippon India Retirement Fund- Wealth Creation Scheme,31-08-2026,portfolio,(a) Listed / awaiting listing on Stock Exchanges,Nestle India Limited,INE239A01024,Food Products,267031,3996.12,399612000,1.28,,,,,,,,INF204KA1B72_Nippon India Retirement Fund- Wealth Creation Scheme.xlsx,RW,35,"[""NEST02"", ""INE239A01024"", ""Nestle India Limited"", ""Food Products"", 267031, 3996.12, 0.0128, null]"
INF204KA1B72,Nippon India Retirement Fund- Wealth Creation Scheme,31-08-2026,portfolio,(a) Listed / awaiting listing on Stock Exchanges,NTPC Green Energy Limited,INE0ONG01011,Power,4480856,4010.81,401081000,1.28,,,,,,,,INF204KA1B72_Nippon India Retirement Fund- Wealth Creation Scheme.xlsx,RW,36,"[""NGEL01"", ""INE0ONG01011"", ""NTPC Green Energy Limited"", ""Power"", 4480856, 4010.81, 0.0128, null]"
INF204KA1B72,Nippon India Retirement Fund- Wealth Creation Scheme,31-08-2026,portfolio,(a) Listed / awaiting listing on Stock Exchanges,The Indian Hotels Company Limited,INE053A01029,Leisure Services,500006,3689.54,368954000,1.18,,,,,,,,INF204KA1B72_Nippon India Retirement Fund- Wealth Creation Scheme.xlsx,RW,37,"[""IHOT02"", ""INE053A01029"", ""The Indian Hotels Company Limited"", ""Leisure Services"", 500006, 3689.54, 0.0118, null]"
INF204KA1B72,Nippon India Retirement Fund- Wealth Creation Scheme,31-08-2026,portfolio,(a) Listed / awaiting listing on Stock Exchanges,Blue Star Limited,INE472A01039,Consumer Durables,250000,3659.5,365950000,1.17,,,,,,,,INF204KA1B72_Nippon India Retirement Fund- Wealth Creation Scheme.xlsx,RW,38,"[""BLUS03"", ""INE472A01039"", ""Blue Star Limited"", ""Consumer Durables"", 250000, 3659.5, 0.0117, null]"
INF204KA1B72,Nippon India Retirement Fund- Wealth Creation Scheme,31-08-2026,portfolio,(a) Listed / awaiting listing on Stock Exchanges,Endurance Technologies Limited,INE913H01037,Auto Components,120435,3457.93,345793000,1.11,,,,,,,,INF204KA1B72_Nippon India Retirement Fund- Wealth Creation Scheme.xlsx,RW,39,"[""ENDT01"", ""INE913H01037"", ""Endurance Technologies Limited"", ""Auto Components"", 120435, 3457.93, 0.0111, null]"
INF204KA1B72,Nippon India Retirement Fund- Wealth Creation Scheme,31-08-2026,portfolio,(a) Listed / awaiting listing on Stock Exchanges,Titan Company Limited,INE280A01028,Consumer Durables,66000,3367.58,336758000,1.08,,,,,,,,INF204KA1B72_Nippon India Retirement Fund- Wealth Creation Scheme.xlsx,RW,40,"[""TWAT02"", ""INE280A01028"", ""Titan Company Limited"", ""Consumer Durables"", 66000, 3367.58, 0.0108, null]"
INF204KA1B72,Nippon India Retirement Fund- Wealth Creation Scheme,31-08-2026,portfolio,(a) Listed / awaiting listing on Stock Exchanges,TD Power Systems Limited,INE419M01035,Electrical Equipment,411498,3197.34,319734000,1.02,,,,,,,,INF204KA1B72_Nippon India Retirement Fund- Wealth Creation Scheme.xlsx,RW,41,"[""TDPS03"", ""INE419M01035"", ""TD Power Systems Limited"", ""Electrical Equipment"", 411498, 3197.34, 0.0102, null]"
INF204KA1B72,Nippon India Retirement Fund- Wealth Creation Scheme,31-08-2026,portfolio,(a) Listed / awaiting listing on Stock Exchanges,LIC Housing Finance Limited,INE115A01026,Finance,582560,3136.5,313650000,1,,,,,,,,INF204KA1B72_Nippon India Retirement Fund- Wealth Creation Scheme.xlsx,RW,42,"[""LICH02"", ""INE115A01026"", ""LIC Housing Finance Limited"", ""Finance"", 582560, 3136.5, 0.01, null]"
INF204KA1B72,Nippon India Retirement Fund- Wealth Creation Scheme,31-08-2026,portfolio,(a) Listed / awaiting listing on Stock Exchanges,Crompton Greaves Consumer Electricals Limited,INE299U01018,Consumer Durables,1300000,3066.7,306670000,0.98,,,,,,,,INF204KA1B72_Nippon India Retirement Fund- Wealth Creation Scheme.xlsx,RW,43,"[""CGCE01"", ""INE299U01018"", ""Crompton Greaves Consumer Electricals Limited"", ""Consumer Durables"", 1300000, 3066.7, 0.0098, null]"
INF204KA1B72,Nippon India Retirement Fund- Wealth Creation Scheme,31-08-2026,portfolio,(a) Listed / awaiting listing on Stock Exchanges,Cummins India Limited,INE298A01020,Industrial Products,60000,3063,306300000,0.98,,,,,,,,INF204KA1B72_Nippon India Retirement Fund- Wealth Creation Scheme.xlsx,RW,44,"[""KCUL02"", ""INE298A01020"", ""Cummins India Limited"", ""Industrial Products"", 60000, 3063, 0.0098, null]"
INF204KA1B72,Nippon India Retirement Fund- Wealth Creation Scheme,31-08-2026,portfolio,(a) Listed / awaiting listing on Stock Exchanges,TVS Motor Company Limited,INE494B01023,Automobiles,70000,3038.91,303891000,0.97,,,,,,,,INF204KA1B72_Nippon India Retirement Fund- Wealth Creation Scheme.xlsx,RW,45,"[""SAEL02"", ""INE494B01023"", ""TVS Motor Company Limited"", ""Automobiles"", 70000, 3038.91, 0.0097, null]"
INF204KA1B72,Nippon India Retirement Fund- Wealth Creation Scheme,31-08-2026,portfolio,(a) Listed / awaiting listing on Stock Exchanges,Healthcare Global Enterprises Limited,INE075I01017,Healthcare Services,415318,3045.53,304553000,0.97,,,,,,,,INF204KA1B72_Nippon India Retirement Fund- Wealth Creation Scheme.xlsx,RW,46,"[""HGEL01"", ""INE075I01017"", ""Healthcare Global Enterprises Limited"", ""Healthcare Services"", 415318, 3045.53, 0.0097, null]"
INF204KA1B72,Nippon India Retirement Fund- Wealth Creation Scheme,31-08-2026,portfolio,(a) Listed / awaiting listing on Stock Exchanges,PB Fintech Limited,INE417T01026,Financial Technology (Fintech),160000,3000,300000000,0.96,,,,,,,,INF204KA1B72_Nippon India Retirement Fund- Wealth Creation Scheme.xlsx,RW,47,"[""ESMC02"", ""INE417T01026"", ""PB Fintech Limited"", ""Financial Technology (Fintech)"", 160000, 3000, 0.0096, null]"
INF204KA1B72,Nippon India Retirement Fund- Wealth Creation Scheme,31-08-2026,portfolio,(a) Listed / awaiting listing on Stock Exchanges,Bharti Hexacom Limited,INE343G01021,Telecom - Services,191470,2959.17,295917000,0.95,,,,,,,,INF204KA1B72_Nippon India Retirement Fund- Wealth Creation Scheme.xlsx,RW,48,"[""BHHX01"", ""INE343G01021"", ""Bharti Hexacom Limited"", ""Telecom - Services"", 191470, 2959.17, 0.0095, null]"
INF204KA1B72,Nippon India Retirement Fund- Wealth Creation Scheme,31-08-2026,portfolio,(a) Listed / awaiting listing on Stock Exchanges,Mishra Dhatu Nigam Limited,INE099Z01011,Aerospace & Defense,642358,2660.33,266033000,0.85,,,,,,,,INF204KA1B72_Nippon India Retirement Fund- Wealth Creation Scheme.xlsx,RW,49,"[""MISH01"", ""INE099Z01011"", ""Mishra Dhatu Nigam Limited"", ""Aerospace & Defense"", 642358, 2660.33, 0.0085, null]"
INF204KA1B72,Nippon India Retirement Fund- Wealth Creation Scheme,31-08-2026,portfolio,(a) Listed / awaiting listing on Stock Exchanges,Shriram Finance Limited,INE721A01047,Finance,226209,2510.69,251069000,0.8,,,,,,,,INF204KA1B72_Nippon India Retirement Fund- Wealth Creation Scheme.xlsx,RW,50,"[""SHTR02"", ""INE721A01047"", ""Shriram Finance Limited"", ""Finance"", 226209, 2510.69, 0.008, null]"
INF204KA1B72,Nippon India Retirement Fund- Wealth Creation Scheme,31-08-2026,portfolio,(a) Listed / awaiting listing on Stock Exchanges,Abbott India Limited,INE358A01014,Pharmaceuticals & Biotechnology,9667,2498.92,249892000,0.8,,,,,,,,INF204KA1B72_Nippon India Retirement Fund- Wealth Creation Scheme.xlsx,RW,51,"[""BOOT01"", ""INE358A01014"", ""Abbott India Limited"", ""Pharmaceuticals & Biotechnology"", 9667, 2498.92, 0.008, null]"
INF204KA1B72,Nippon India Retirement Fund- Wealth Creation Scheme,31-08-2026,portfolio,(a) Listed / awaiting listing on Stock Exchanges,Tata Power Company Limited,INE245A01021,Power,725000,2515.75,251575000,0.8,,,,,,,,INF204KA1B72_Nippon India Retirement Fund- Wealth Creation Scheme.xlsx,RW,52,"[""TPOW02"", ""INE245A01021"", ""Tata Power Company Limited"", ""Power"", 725000, 2515.75, 0.008, null]"
INF204KA1B72,Nippon India Retirement Fund- Wealth Creation Scheme,31-08-2026,portfolio,(a) Listed / awaiting listing on Stock Exchanges,Power Finance Corporation Limited,INE134E01011,Finance,727027,2444.99,244499000,0.78,,,,,,,,INF204KA1B72_Nippon India Retirement Fund- Wealth Creation Scheme.xlsx,RW,53,"[""PFCL01"", ""INE134E01011"", ""Power Finance Corporation Limited"", ""Finance"", 727027, 2444.99, 0.0078, null]"
INF204KA1B72,Nippon India Retirement Fund- Wealth Creation Scheme,31-08-2026,portfolio,(a) Listed / awaiting listing on Stock Exchanges,Tata Motors Ltd,INE1TAE01010,"Agricultural, Commercial & Construction Vehicles",500000,2355.5,235550000,0.75,,,,,,,,INF204KA1B72_Nippon India Retirement Fund- Wealth Creation Scheme.xlsx,RW,54,"[""TMLC01"", ""INE1TAE01010"", ""Tata Motors Ltd"", ""Agricultural, Commercial & Construction Vehicles"", 500000, 2355.5, 0.0075, null]"
INF204KA1B72,Nippon India Retirement Fund- Wealth Creation Scheme,31-08-2026,portfolio,(a) Listed / awaiting listing on Stock Exchanges,Piramal Pharma Limited,INE0DK501011,Pharmaceuticals & Biotechnology,987514,2117.23,211723000,0.68,,,,,,,,INF204KA1B72_Nippon India Retirement Fund- Wealth Creation Scheme.xlsx,RW,55,"[""PPHA01"", ""INE0DK501011"", ""Piramal Pharma Limited"", ""Pharmaceuticals & Biotechnology"", 987514, 2117.23, 0.0068, null]"
INF204KA1B72,Nippon India Retirement Fund- Wealth Creation Scheme,31-08-2026,portfolio,(a) Listed / awaiting listing on Stock Exchanges,TBO Tek Limited,INE673O01025,Leisure Services,120000,2094.12,209412000,0.67,,,,,,,,INF204KA1B72_Nippon India Retirement Fund- Wealth Creation Scheme.xlsx,RW,56,"[""TBOT01"", ""INE673O01025"", ""TBO Tek Limited"", ""Leisure Services"", 120000, 2094.12, 0.0067, null]"
INF204KA1B72,Nippon India Retirement Fund- Wealth Creation Scheme,31-08-2026,portfolio,(a) Listed / awaiting listing on Stock Exchanges,ISGEC Heavy Engineering Limited,INE858B01029,Construction,260000,2055.69,205569000,0.66,,,,,,,,INF204KA1B72_Nippon India Retirement Fund- Wealth Creation Scheme.xlsx,RW,57,"[""SIDS02"", ""INE858B01029"", ""ISGEC Heavy Engineering Limited"", ""Construction"", 260000, 2055.69, 0.0066, null]"
INF204KA1B72,Nippon India Retirement Fund- Wealth Creation Scheme,31-08-2026,portfolio,(a) Listed / awaiting listing on Stock Exchanges,Kaynes Technology India Limited,INE918Z01012,Industrial Manufacturing,52955,1951.39,195139000,0.62,,,,,,,,INF204KA1B72_Nippon India Retirement Fund- Wealth Creation Scheme.xlsx,RW,58,"[""KAYN01"", ""INE918Z01012"", ""Kaynes Technology India Limited"", ""Industrial Manufacturing"", 52955, 1951.39, 0.0062, null]"
INF204KA1B72,Nippon India Retirement Fund- Wealth Creation Scheme,31-08-2026,portfolio,(a) Listed / awaiting listing on Stock Exchanges,Mankind Pharma Limited,INE634S01028,Pharmaceuticals & Biotechnology,76526,1851.32,185132000,0.59,,,,,,,,INF204KA1B72_Nippon India Retirement Fund- Wealth Creation Scheme.xlsx,RW,59,"[""MKIP01"", ""INE634S01028"", ""Mankind Pharma Limited"", ""Pharmaceuticals & Biotechnology"", 76526, 1851.32, 0.0059, null]"
INF204KA1B72,Nippon India Retirement Fund- Wealth Creation Scheme,31-08-2026,portfolio,(a) Listed / awaiting listing on Stock Exchanges,Escorts Kubota Limited,INE042A01014,"Agricultural, Commercial & Construction Vehicles",60547,1813.38,181338000,0.58,,,,,,,,INF204KA1B72_Nippon India Retirement Fund- Wealth Creation Scheme.xlsx,RW,60,"[""ESCO01"", ""INE042A01014"", ""Escorts Kubota Limited"", ""Agricultural, Commercial & Construction Vehicles"", 60547, 1813.38, 0.0058, null]"
INF204KA1B72,Nippon India Retirement Fund- Wealth Creation Scheme,31-08-2026,portfolio,(a) Listed / awaiting listing on Stock Exchanges,Samvardhana Motherson International Limited,INE775A01035,Auto Components,1000000,1706.8,170680000,0.55,,,,,,,,INF204KA1B72_Nippon India Retirement Fund- Wealth Creation Scheme.xlsx,RW,61,"[""MOSU03"", ""INE775A01035"", ""Samvardhana Motherson International Limited"", ""Auto Components"", 1000000, 1706.8, 0.0055, null]"
INF204KA1B72,Nippon India Retirement Fund- Wealth Creation Scheme,31-08-2026,portfolio,(a) Listed / awaiting listing on Stock Exchanges,Bharat Heavy Electricals Limited,INE257A01026,Electrical Equipment,373776,1654.52,165452000,0.53,,,,,,,,INF204KA1B72_Nippon India Retirement Fund- Wealth Creation Scheme.xlsx,RW,62,"[""BHAH02"", ""INE257A01026"", ""Bharat Heavy Electricals Limited"", ""Electrical Equipment"", 373776, 1654.52, 0.0053, null]"
INF204KA1B72,Nippon India Retirement Fund- Wealth Creation Scheme,31-08-2026,portfolio,(a) Listed / awaiting listing on Stock Exchanges,Indegene Limited,INE065X01017,Healthcare Services,251590,1538.85,153885000,0.49,,,,,,,,INF204KA1B72_Nippon India Retirement Fund- Wealth Creation Scheme.xlsx,RW,63,"[""IEPL01"", ""INE065X01017"", ""Indegene Limited"", ""Healthcare Services"", 251590, 1538.85, 0.0049, null]"
INF204KA1B72,Nippon India Retirement Fund- Wealth Creation Scheme,31-08-2026,portfolio,(a) Listed / awaiting listing on Stock Exchanges,Syngene International Limited,INE398R01022,Healthcare Services,367942,1474.53,147453000,0.47,,,,,,,,INF204KA1B72_Nippon India Retirement Fund- Wealth Creation Scheme.xlsx,RW,64,"[""SYNI01"", ""INE398R01022"", ""Syngene International Limited"", ""Healthcare Services"", 367942, 1474.53, 0.0047, null]"
INF204KA1B72,Nippon India Retirement Fund- Wealth Creation Scheme,31-08-2026,portfolio,(a) Listed / awaiting listing on Stock Exchanges,Gillette India Limited,INE322A01010,Personal Products,19673,1441.83,144183000,0.46,,,,,,,,INF204KA1B72_Nippon India Retirement Fund- Wealth Creation Scheme.xlsx,RW,65,"[""ISHA01"", ""INE322A01010"", ""Gillette India Limited"", ""Personal Products"", 19673, 1441.83, 0.0046, null]"
INF204KA1B72,Nippon India Retirement Fund- Wealth Creation Scheme,31-08-2026,portfolio,(a) Listed / awaiting listing on Stock Exchanges,Bajel Projects Limited,INE0KQN01018,Electrical Equipment,712744,1383.58,138358000,0.44,,,,,,,,INF204KA1B72_Nippon India Retirement Fund- Wealth Creation Scheme.xlsx,RW,66,"[""BAJP01"", ""INE0KQN01018"", ""Bajel Projects Limited"", ""Electrical Equipment"", 712744, 1383.58, 0.0044, null]"
INF204KA1B72,Nippon India Retirement Fund- Wealth Creation Scheme,31-08-2026,portfolio,(a) Listed / awaiting listing on Stock Exchanges,Sharda Motor Industries Ltd.,INE597I01028,Auto Components,152211,1343.87,134387000,0.43,,,,,,,,INF204KA1B72_Nippon India Retirement Fund- Wealth Creation Scheme.xlsx,RW,67,"[""SMIL02"", ""INE597I01028"", ""Sharda Motor Industries Ltd."", ""Auto Components"", 152211, 1343.87, 0.0043, null]"
INF204KA1B72,Nippon India Retirement Fund- Wealth Creation Scheme,31-08-2026,portfolio,(a) Listed / awaiting listing on Stock Exchanges,Ellenbarrie Industrial Gases Limited,INE236E01022,Chemicals & Petrochemicals,391005,1260.01,126001000,0.4,,,,,,,,INF204KA1B72_Nippon India Retirement Fund- Wealth Creation Scheme.xlsx,RW,68,"[""ELLE01"", ""INE236E01022"", ""Ellenbarrie Industrial Gases Limited"", ""Chemicals & Petrochemicals"", 391005, 1260.01, 0.004, null]"
INF204KA1B72,Nippon India Retirement Fund- Wealth Creation Scheme,31-08-2026,portfolio,(a) Listed / awaiting listing on Stock Exchanges,KPIT Technologies Limited,INE04I401011,IT - Software,200401,1172.35,117235000,0.37,,,,,,,,INF204KA1B72_Nippon India Retirement Fund- Wealth Creation Scheme.xlsx,RW,69,"[""KPEL01"", ""INE04I401011"", ""KPIT Technologies Limited"", ""IT - Software"", 200401, 1172.35, 0.0037, null]"
INF204KA1B72,Nippon India Retirement Fund- Wealth Creation Scheme,31-08-2026,portfolio,(a) Listed / awaiting listing on Stock Exchanges,ICICI Prudential Life Insurance Company Limited,INE726G01019,Insurance,224018,1158.29,115829000,0.37,,,,,,,,INF204KA1B72_Nippon India Retirement Fund- Wealth Creation Scheme.xlsx,RW,70,"[""IPLI01"", ""INE726G01019"", ""ICICI Prudential Life Insurance Company Limited"", ""Insurance"", 224018, 1158.29, 0.0037, null]"
INF204KA1B72,Nippon India Retirement Fund- Wealth Creation Scheme,31-08-2026,portfolio,(a) Listed / awaiting listing on Stock Exchanges,United Breweries Limited,INE686F01025,Beverages,82468,1079.09,107909000,0.35,,,,,,,,INF204KA1B72_Nippon India Retirement Fund- Wealth Creation Scheme.xlsx,RW,71,"[""UBBL02"", ""INE686F01025"", ""United Breweries Limited"", ""Beverages"", 82468, 1079.09, 0.0035, null]"
INF204KA1B72,Nippon India Retirement Fund- Wealth Creation Scheme,31-08-2026,portfolio,(a) Listed / awaiting listing on Stock Exchanges,NLC India Limited,INE589A01014,Power,400000,1069.6,106960000,0.34,,,,,,,,INF204KA1B72_Nippon India Retirement Fund- Wealth Creation Scheme.xlsx,RW,72,"[""NAYV01"", ""INE589A01014"", ""NLC India Limited"", ""Power"", 400000, 1069.6, 0.0034, null]"
INF204KA1B72,Nippon India Retirement Fund- Wealth Creation Scheme,31-08-2026,portfolio,(a) Listed / awaiting listing on Stock Exchanges,AU Small Finance Bank Limited,INE949L01017,Banks,73623,799.69,79969000,0.26,,,,,,,,INF204KA1B72_Nippon India Retirement Fund- Wealth Creation Scheme.xlsx,RW,73,"[""AFPL02"", ""INE949L01017"", ""AU Small Finance Bank Limited"", ""Banks"", 73623, 799.69, 0.0026, null]"
INF204KA1B72,Nippon India Retirement Fund- Wealth Creation Scheme,31-08-2026,portfolio,(a) Listed / awaiting listing on Stock Exchanges,Afcons Infrastructure Limited,INE101I01011,Construction,224668,641.76,64176000,0.21,,,,,,,,INF204KA1B72_Nippon India Retirement Fund- Wealth Creation Scheme.xlsx,RW,74,"[""AFCI01"", ""INE101I01011"", ""Afcons Infrastructure Limited"", ""Construction"", 224668, 641.76, 0.0021, null]"
INF204KA1B72,Nippon India Retirement Fund- Wealth Creation Scheme,31-08-2026,portfolio,(a) Listed / awaiting listing on Stock Exchanges,Page Industries Limited,INE761H01022,Textiles & Apparels,1872,670.18,67018000,0.21,,,,,,,,INF204KA1B72_Nippon India Retirement Fund- Wealth Creation Scheme.xlsx,RW,75,"[""PAGE01"", ""INE761H01022"", ""Page Industries Limited"", ""Textiles & Apparels"", 1872, 670.18, 0.0021, null]"
INF204KA1B72,Nippon India Retirement Fund- Wealth Creation Scheme,31-08-2026,portfolio,(a) Listed / awaiting listing on Stock Exchanges,Tube Investments of India Limited,INE974X01010,Auto Components,22380,622.16,62216000,0.2,,,,,,,,INF204KA1B72_Nippon India Retirement Fund- Wealth Creation Scheme.xlsx,RW,76,"[""TLFH01"", ""INE974X01010"", ""Tube Investments of India Limited"", ""Auto Components"", 22380, 622.16, 0.002, null]"
INF204KA1B72,Nippon India Retirement Fund- Wealth Creation Scheme,31-08-2026,portfolio,(a) Listed / awaiting listing on Stock Exchanges,Subtotal,,,,311184.91,31118491000,99.48,,,,,,,,INF204KA1B72_Nippon India Retirement Fund- Wealth Creation Scheme.xlsx,RW,77,"[null, null, ""Subtotal"", null, null, 311184.91, 0.9948, null]"
INF204KA1B72,Nippon India Retirement Fund- Wealth Creation Scheme,31-08-2026,portfolio,(a) Listed / awaiting listing on Stock Exchanges,(b) UNLISTED,,,,,,,,,,,,,,INF204KA1B72_Nippon India Retirement Fund- Wealth Creation Scheme.xlsx,RW,78,"[null, null, ""(b) UNLISTED"", null, null, ""NIL"", ""NIL"", ""NIL""]"
INF204KA1B72,Nippon India Retirement Fund- Wealth Creation Scheme,31-08-2026,portfolio,(a) Listed / awaiting listing on Stock Exchanges,Subtotal,,,,,,,,,,,,,,INF204KA1B72_Nippon India Retirement Fund- Wealth Creation Scheme.xlsx,RW,79,"[null, null, ""Subtotal"", null, null, ""NIL"", ""NIL"", ""NIL""]"
INF204KA1B72,Nippon India Retirement Fund- Wealth Creation Scheme,31-08-2026,portfolio,(a) Listed / awaiting listing on Stock Exchanges,Total,,,,311184.91,31118491000,99.48,,,,,,,,INF204KA1B72_Nippon India Retirement Fund- Wealth Creation Scheme.xlsx,RW,80,"[null, null, ""Total"", null, null, 311184.91, 0.9948, null]"
INF204KA1B72,Nippon India Retirement Fund- Wealth Creation Scheme,31-08-2026,portfolio,Non Convertible Debentures,9% Yes Bank Limited**#,INE528G08394,ICRA D,500,0,0,,,,,,,,,INF204KA1B72_Nippon India Retirement Fund- Wealth Creation Scheme.xlsx,RW,84,"[""YESB671A"", ""INE528G08394"", ""9% Yes Bank Limited**#"", ""ICRA D"", 500, 0, ""$0.00%"", null]"
INF204KA1B72,Nippon India Retirement Fund- Wealth Creation Scheme,31-08-2026,portfolio,Non Convertible Debentures,Subtotal,,,,0,0,0,,,,,,,,INF204KA1B72_Nippon India Retirement Fund- Wealth Creation Scheme.xlsx,RW,85,"[null, null, ""Subtotal"", null, null, 0, 0, null]"
INF204KA1B72,Nippon India Retirement Fund- Wealth Creation Scheme,31-08-2026,portfolio,Non Convertible Debentures,(b) Privately placed / Unlisted,,,,,,,,,,,,,,INF204KA1B72_Nippon India Retirement Fund- Wealth Creation Scheme.xlsx,RW,86,"[null, null, ""(b) Privately placed / Unlisted"", null, null, ""NIL"", ""NIL"", ""NIL""]"
INF204KA1B72,Nippon India Retirement Fund- Wealth Creation Scheme,31-08-2026,portfolio,Non Convertible Debentures,Subtotal,,,,,,,,,,,,,,INF204KA1B72_Nippon India Retirement Fund- Wealth Creation Scheme.xlsx,RW,87,"[null, null, ""Subtotal"", null, null, ""NIL"", ""NIL"", ""NIL""]"
INF204KA1B72,Nippon India Retirement Fund- Wealth Creation Scheme,31-08-2026,portfolio,(c) Securitised Debt,Subtotal,,,,,,,,,,,,,,INF204KA1B72_Nippon India Retirement Fund- Wealth Creation Scheme.xlsx,RW,89,"[null, null, ""Subtotal"", null, null, ""NIL"", ""NIL"", null]"
INF204KA1B72,Nippon India Retirement Fund- Wealth Creation Scheme,31-08-2026,portfolio,(c) Securitised Debt,Total,,,,0,0,0,,,,,,,,INF204KA1B72_Nippon India Retirement Fund- Wealth Creation Scheme.xlsx,RW,90,"[null, null, ""Total"", null, null, 0, 0, null]"
INF204KA1B72,Nippon India Retirement Fund- Wealth Creation Scheme,31-08-2026,portfolio,Triparty Repo/ Reverse Repo Instrument,Triparty Repo,,,,1739.96,173996000,0.56,,,,,,,,INF204KA1B72_Nippon India Retirement Fund- Wealth Creation Scheme.xlsx,RW,93,"[null, null, ""Triparty Repo"", null, null, 1739.96, 0.0056, null]"
INF204KA1B72,Nippon India Retirement Fund- Wealth Creation Scheme,31-08-2026,portfolio,Triparty Repo/ Reverse Repo Instrument,Total,,,,1739.96,173996000,0.56,,,,,,,,INF204KA1B72_Nippon India Retirement Fund- Wealth Creation Scheme.xlsx,RW,94,"[null, null, ""Total"", null, null, 1739.96, 0.0056, null]"
INF204KA1B72,Nippon India Retirement Fund- Wealth Creation Scheme,31-08-2026,portfolio,OTHERS,Cash Margin - CCIL,,,,10.33,1033000,,,,,,,,,INF204KA1B72_Nippon India Retirement Fund- Wealth Creation Scheme.xlsx,RW,96,"[""CCILMGN"", null, ""Cash Margin - CCIL"", null, null, 10.33, ""$0.00%"", null]"
INF204KA1B72,Nippon India Retirement Fund- Wealth Creation Scheme,31-08-2026,portfolio,OTHERS,Total,,,,10.33,1033000,0,,,,,,,,INF204KA1B72_Nippon India Retirement Fund- Wealth Creation Scheme.xlsx,RW,97,"[null, null, ""Total"", null, null, 10.33, 0, null]"
INF204KA1B72,Nippon India Retirement Fund- Wealth Creation Scheme,31-08-2026,portfolio,OTHERS,Net Current Assets,,,,-227.5,-22750000,-0.04,,,,,,,,INF204KA1B72_Nippon India Retirement Fund- Wealth Creation Scheme.xlsx,RW,98,"[null, null, ""Net Current Assets"", null, null, -227.5, -0.0004, null]"
INF204KA1B72,Nippon India Retirement Fund- Wealth Creation Scheme,31-08-2026,portfolio,OTHERS,GRAND TOTAL,,,,312707.6954,31270769539,100,,,,,,,,INF204KA1B72_Nippon India Retirement Fund- Wealth Creation Scheme.xlsx,RW,99,"[null, null, ""GRAND TOTAL"", null, null, 312707.6953883, 1, null]"
INF204KA1B72,Nippon India Retirement Fund- Wealth Creation Scheme,31-08-2026,portfolio,Classification for Traded or Non Traded instruments are done on the basis of information provided by CRISIL and ICRA for last business day.,NAV per unit (Rs),Face Value Per Unit Rs 10 per unit,,,,,,,,,,,,,INF204KA1B72_Nippon India Retirement Fund- Wealth Creation Scheme.xlsx,RW,113,"[null, ""Face Value Per Unit Rs 10 per unit"", ""NAV per unit (Rs)"", null, null, null, null, null]"
INF204KA1B72,Nippon India Retirement Fund- Wealth Creation Scheme,31-08-2026,portfolio,Classification for Traded or Non Traded instruments are done on the basis of information provided by CRISIL and ICRA for last business day.,"As on July 31, 2026",Plan/Option,"As on August 31, 2026",,,,,,,,,,,,INF204KA1B72_Nippon India Retirement Fund- Wealth Creation Scheme.xlsx,RW,114,"[""RLMF534"", ""Plan/Option"", ""As on July 31, 2026"", ""As on August 31, 2026"", null, null, null, null]"
INF204KA1B72,Nippon India Retirement Fund- Wealth Creation Scheme,31-08-2026,portfolio,Classification for Traded or Non Traded instruments are done on the basis of information provided by CRISIL and ICRA for last business day.,28.9712,Bonus Plan,28.9927,,,,,,,,,,,,INF204KA1B72_Nippon India Retirement Fund- Wealth Creation Scheme.xlsx,RW,115,"[""RLMF534-RB"", ""Bonus Plan"", 28.9712, 28.9927, null, null, null, null]"
INF204KA1B72,Nippon India Retirement Fund- Wealth Creation Scheme,31-08-2026,portfolio,Classification for Traded or Non Traded instruments are done on the basis of information provided by CRISIL and ICRA for last business day.,32.956,Direct Plan-Bonus Plan,33.007,,,,,,,,,,,,INF204KA1B72_Nippon India Retirement Fund- Wealth Creation Scheme.xlsx,RW,116,"[""RLMF534-DB"", ""Direct Plan-Bonus Plan"", 32.956, 33.007, null, null, null, null]"
INF204KA1B72,Nippon India Retirement Fund- Wealth Creation Scheme,31-08-2026,portfolio,Classification for Traded or Non Traded instruments are done on the basis of information provided by CRISIL and ICRA for last business day.,32.956,Direct Plan-Growth Plan,33.007,,,,,,,,,,,,INF204KA1B72_Nippon India Retirement Fund- Wealth Creation Scheme.xlsx,RW,117,"[""RLMF534-DG"", ""Direct Plan-Growth Plan"", 32.956, 33.007, null, null, null, null]"
INF204KA1B72,Nippon India Retirement Fund- Wealth Creation Scheme,31-08-2026,portfolio,Classification for Traded or Non Traded instruments are done on the basis of information provided by CRISIL and ICRA for last business day.,22.8264,Direct Plan-IDCW Plan,22.8617,,,,,,,,,,,,INF204KA1B72_Nippon India Retirement Fund- Wealth Creation Scheme.xlsx,RW,118,"[""RLMF534-ZD"", ""Direct Plan-IDCW Plan"", 22.8264, 22.8617, null, null, null, null]"
INF204KA1B72,Nippon India Retirement Fund- Wealth Creation Scheme,31-08-2026,portfolio,Classification for Traded or Non Traded instruments are done on the basis of information provided by CRISIL and ICRA for last business day.,28.9712,Growth Plan,28.9927,,,,,,,,,,,,INF204KA1B72_Nippon India Retirement Fund- Wealth Creation Scheme.xlsx,RW,119,"[""RLMF534-RG"", ""Growth Plan"", 28.9712, 28.9927, null, null, null, null]"
INF204KA1B72,Nippon India Retirement Fund- Wealth Creation Scheme,31-08-2026,portfolio,Classification for Traded or Non Traded instruments are done on the basis of information provided by CRISIL and ICRA for last business day.,19.4424,IDCW Plan,19.4565,,,,,,,,,,,,INF204KA1B72_Nippon India Retirement Fund- Wealth Creation Scheme.xlsx,RW,120,"[""RLMF534-RD"", ""IDCW Plan"", 19.4424, 19.4565, null, null, null, null]"
INF204KA1B72,Nippon India Retirement Fund- Wealth Creation Scheme,31-08-2026,portfolio,Classification for Traded or Non Traded instruments are done on the basis of information provided by CRISIL and ICRA for last business day.,RLMF534,"(7) During the period, the portfolio turnover ratio is 0.51 times.",,,,,,,,,,,,,INF204KA1B72_Nippon India Retirement Fund- Wealth Creation Scheme.xlsx,RW,124,"[""RLMF534"", ""(7) During the period, the portfolio turnover ratio is 0.51 times."", null, null, null, null, null, null]"
INF204KA1B72,Nippon India Retirement Fund- Wealth Creation Scheme,31-08-2026,portfolio,Derivatives disclosure Table,A.,Hedging positions through futures as at 31 Aug 2026: Nil.,,,,,,,,,,,,,INF204KA1B72_Nippon India Retirement Fund- Wealth Creation Scheme.xlsx,RW,128,"[""A."", ""Hedging positions through futures as at 31 Aug 2026: Nil."", null, null, null, null, null, null]"
INF204KA1B72,Nippon India Retirement Fund- Wealth Creation Scheme,31-08-2026,portfolio,Derivatives disclosure Table,B.,Other than hedging position through futures as at 31 Aug 2026: Nil.,,,,,,,,,,,,,INF204KA1B72_Nippon India Retirement Fund- Wealth Creation Scheme.xlsx,RW,133,"[""B."", ""Other than hedging position through futures as at 31 Aug 2026: Nil."", null, null, null, null, null, null]"
INF204KA1B72,Nippon India Retirement Fund- Wealth Creation Scheme,31-08-2026,portfolio,Derivatives disclosure Table,C.,Hedging position through put options as at 31 Aug 2026: Nil.,,,,,,,,,,,,,INF204KA1B72_Nippon India Retirement Fund- Wealth Creation Scheme.xlsx,RW,137,"[""C."", ""Hedging position through put options as at 31 Aug 2026: Nil."", null, null, null, null, null, null]"
INF204KA1B72,Nippon India Retirement Fund- Wealth Creation Scheme,31-08-2026,portfolio,Derivatives disclosure Table,D.,Other than hedging position through options as at 31 Aug 2026: Nil.,,,,,,,,,,,,,INF204KA1B72_Nippon India Retirement Fund- Wealth Creation Scheme.xlsx,RW,141,"[""D."", ""Other than hedging position through options as at 31 Aug 2026: Nil."", null, null, null, null, null, null]"
INF204KA1B72,Nippon India Retirement Fund- Wealth Creation Scheme,31-08-2026,portfolio,Derivatives disclosure Table,E.,Hedging positions through swaps as at 31 Aug 2026: Nil.,,,,,,,,,,,,,INF204KA1B72_Nippon India Retirement Fund- Wealth Creation Scheme.xlsx,RW,145,"[""E."", ""Hedging positions through swaps as at 31 Aug 2026: Nil."", null, null, null, null, null, null]"
INF204KA1B72,Nippon India Retirement Fund- Wealth Creation Scheme,31-08-2026,portfolio,Derivatives disclosure Table,F.,Call options written as at 31 Aug 2026: Nil.,,,,,,,,,,,,,INF204KA1B72_Nippon India Retirement Fund- Wealth Creation Scheme.xlsx,RW,147,"[""F."", ""Call options written as at 31 Aug 2026: Nil."", null, null, null, null, null, null]"
INF789F01XA0,UTI Nifty 50 Index Fund,31-08-2026,portfolio,(a) Listed/awaiting listing on Stock Exchanges,HDFC BANK LIMITED,INE040A01034,Banks,40975419,290515.72,29051572000,9.85,,,,,,,,INF789F01XA0_UTI Nifty 50 Index Fund.xlsx,Portfolio,8,"[""EQ - HDFC BANK LIMITED"", ""Banks"", 40975419, 290515.72, 9.85, null, null, ""INE040A01034"", null, null]"
INF789F01XA0,UTI Nifty 50 Index Fund,31-08-2026,portfolio,(a) Listed/awaiting listing on Stock Exchanges,ICICI BANK LTD,INE090A01021,Banks,19168725,278713.26,27871326000,9.45,,,,,,,,INF789F01XA0_UTI Nifty 50 Index Fund.xlsx,Portfolio,9,"[""EQ - ICICI BANK LTD"", ""Banks"", 19168725, 278713.26, 9.45, null, null, ""INE090A01021"", null, null]"
INF789F01XA0,UTI Nifty 50 Index Fund,31-08-2026,portfolio,(a) Listed/awaiting listing on Stock Exchanges,RELIANCE INDUSTRIES LTD.,INE002A01018,Petroleum Products,18076860,230841.5,23084150000,7.83,,,,,,,,INF789F01XA0_UTI Nifty 50 Index Fund.xlsx,Portfolio,10,"[""EQ - RELIANCE INDUSTRIES LTD."", ""Petroleum Products"", 18076860, 230841.5, 7.83, null, null, ""INE002A01018"", null, null]"
INF789F01XA0,UTI Nifty 50 Index Fund,31-08-2026,portfolio,(a) Listed/awaiting listing on Stock Exchanges,BHARTI AIRTEL LTD.,INE397D01024,Telecom - Services,8136797,147430.62,14743062000,5,,,,,,,,INF789F01XA0_UTI Nifty 50 Index Fund.xlsx,Portfolio,11,"[""EQ - BHARTI AIRTEL LTD."", ""Telecom - Services"", 8136797, 147430.62, 5, null, null, ""INE397D01024"", null, null]"
INF789F01XA0,UTI Nifty 50 Index Fund,31-08-2026,portfolio,(a) Listed/awaiting listing on Stock Exchanges,LARSEN & TOUBRO LTD.,INE018A01030,Construction,3131881,126681.45,12668145000,4.3,,,,,,,,INF789F01XA0_UTI Nifty 50 Index Fund.xlsx,Portfolio,12,"[""EQ - LARSEN & TOUBRO LTD."", ""Construction"", 3131881, 126681.45, 4.3, null, null, ""INE018A01030"", null, null]"
INF789F01XA0,UTI Nifty 50 Index Fund,31-08-2026,portfolio,(a) Listed/awaiting listing on Stock Exchanges,STATE BANK OF INDIA,INE062A01020,Banks,11060356,117239.77,11723977000,3.98,,,,,,,,INF789F01XA0_UTI Nifty 50 Index Fund.xlsx,Portfolio,13,"[""EQ - STATE BANK OF INDIA"", ""Banks"", 11060356, 117239.77, 3.98, null, null, ""INE062A01020"", null, null]"
INF789F01XA0,UTI Nifty 50 Index Fund,31-08-2026,portfolio,(a) Listed/awaiting listing on Stock Exchanges,INFOSYS LTD.,INE009A01021,IT - Software,9385439,106412.11,10641211000,3.61,,,,,,,,INF789F01XA0_UTI Nifty 50 Index Fund.xlsx,Portfolio,14,"[""EQ - INFOSYS LTD."", ""IT - Software"", 9385439, 106412.11, 3.61, null, null, ""INE009A01021"", null, null]"
INF789F01XA0,UTI Nifty 50 Index Fund,31-08-2026,portfolio,(a) Listed/awaiting listing on Stock Exchanges,AXIS BANK LTD.,INE238A01034,Banks,7684715,99901.3,9990130000,3.39,,,,,,,,INF789F01XA0_UTI Nifty 50 Index Fund.xlsx,Portfolio,15,"[""EQ - AXIS BANK LTD."", ""Banks"", 7684715, 99901.3, 3.39, null, null, ""INE238A01034"", null, null]"
INF789F01XA0,UTI Nifty 50 Index Fund,31-08-2026,portfolio,(a) Listed/awaiting listing on Stock Exchanges,KOTAK MAHINDRA BANK LTD.,INE237A01036,Banks,19700767,82625.02,8262502000,2.8,,,,,,,,INF789F01XA0_UTI Nifty 50 Index Fund.xlsx,Portfolio,16,"[""EQ - KOTAK MAHINDRA BANK LTD."", ""Banks"", 19700767, 82625.02, 2.8, null, null, ""INE237A01036"", null, null]"
INF789F01XA0,UTI Nifty 50 Index Fund,31-08-2026,portfolio,(a) Listed/awaiting listing on Stock Exchanges,MAHINDRA & MAHINDRA LTD.,INE101A01026,Automobiles,2388915,78404.19,7840419000,2.66,,,,,,,,INF789F01XA0_UTI Nifty 50 Index Fund.xlsx,Portfolio,17,"[""EQ - MAHINDRA & MAHINDRA LTD."", ""Automobiles"", 2388915, 78404.19, 2.66, null, null, ""INE101A01026"", null, null]"
INF789F01XA0,UTI Nifty 50 Index Fund,31-08-2026,portfolio,(a) Listed/awaiting listing on Stock Exchanges,BAJAJ FINANCE LTD.,INE296A01032,Finance,7171794,75805.86,7580586000,2.57,,,,,,,,INF789F01XA0_UTI Nifty 50 Index Fund.xlsx,Portfolio,18,"[""EQ - BAJAJ FINANCE LTD."", ""Finance"", 7171794, 75805.86, 2.57, null, null, ""INE296A01032"", null, null]"
INF789F01XA0,UTI Nifty 50 Index Fund,31-08-2026,portfolio,(a) Listed/awaiting listing on Stock Exchanges,ITC LTD.,INE154A01025,Diversified FMCG,25794011,65903.7,6590370000,2.24,,,,,,,,INF789F01XA0_UTI Nifty 50 Index Fund.xlsx,Portfolio,19,"[""EQ - ITC LTD."", ""Diversified FMCG"", 25794011, 65903.7, 2.24, null, null, ""INE154A01025"", null, null]"
INF789F01XA0,UTI Nifty 50 Index Fund,31-08-2026,portfolio,(a) Listed/awaiting listing on Stock Exchanges,TATA CONSULTANCY SERVICES LTD.,INE467B01029,IT - Software,2731953,65547.75,6554775000,2.22,,,,,,,,INF789F01XA0_UTI Nifty 50 Index Fund.xlsx,Portfolio,20,"[""EQ - TATA CONSULTANCY SERVICES LTD."", ""IT - Software"", 2731953, 65547.75, 2.22, null, null, ""INE467B01029"", null, null]"
INF789F01XA0,UTI Nifty 50 Index Fund,31-08-2026,portfolio,(a) Listed/awaiting listing on Stock Exchanges,ETERNAL LIMITED,INE758T01015,Retailing,19344899,63470.61,6347061000,2.15,,,,,,,,INF789F01XA0_UTI Nifty 50 Index Fund.xlsx,Portfolio,21,"[""EQ - ETERNAL LIMITED"", ""Retailing"", 19344899, 63470.61, 2.15, null, null, ""INE758T01015"", null, null]"
INF789F01XA0,UTI Nifty 50 Index Fund,31-08-2026,portfolio,(a) Listed/awaiting listing on Stock Exchanges,TITAN COMPANY LTD.,INE280A01028,Consumer Durables,1104754,56368.97,5636897000,1.91,,,,,,,,INF789F01XA0_UTI Nifty 50 Index Fund.xlsx,Portfolio,22,"[""EQ - TITAN COMPANY LTD."", ""Consumer Durables"", 1104754, 56368.97, 1.91, null, null, ""INE280A01028"", null, null]"
INF789F01XA0,UTI Nifty 50 Index Fund,31-08-2026,portfolio,(a) Listed/awaiting listing on Stock Exchanges,SUN PHARMACEUTICALS INDUSTRIES,INE044A01036,Pharmaceuticals & Biotechnology,2833365,56236.63,5623663000,1.91,,,,,,,,INF789F01XA0_UTI Nifty 50 Index Fund.xlsx,Portfolio,23,"[""EQ - SUN PHARMACEUTICALS INDUSTRIES"", ""Pharmaceuticals & Biotechnology"", 2833365, 56236.63, 1.91, null, null, ""INE044A01036"", null, null]"
INF789F01XA0,UTI Nifty 50 Index Fund,31-08-2026,portfolio,(a) Listed/awaiting listing on Stock Exchanges,MARUTI SUZUKI INDIA LTD.,INE585B01010,Automobiles,349075,47289.19,4728919000,1.6,,,,,,,,INF789F01XA0_UTI Nifty 50 Index Fund.xlsx,Portfolio,24,"[""EQ - MARUTI SUZUKI INDIA LTD."", ""Automobiles"", 349075, 47289.19, 1.6, null, null, ""INE585B01010"", null, null]"
INF789F01XA0,UTI Nifty 50 Index Fund,31-08-2026,portfolio,(a) Listed/awaiting listing on Stock Exchanges,HINDUSTAN UNILEVER LTD,INE030A01027,Diversified FMCG,2373946,46705.01,4670501000,1.58,,,,,,,,INF789F01XA0_UTI Nifty 50 Index Fund.xlsx,Portfolio,25,"[""EQ - HINDUSTAN UNILEVER LTD"", ""Diversified FMCG"", 2373946, 46705.01, 1.58, null, null, ""INE030A01027"", null, null]"
INF789F01XA0,UTI Nifty 50 Index Fund,31-08-2026,portfolio,(a) Listed/awaiting listing on Stock Exchanges,SHRIRAM FINANCE LTD,INE721A01047,Finance,3747436,41592.79,4159279000,1.41,,,,,,,,INF789F01XA0_UTI Nifty 50 Index Fund.xlsx,Portfolio,26,"[""EQ - SHRIRAM FINANCE LTD"", ""Finance"", 3747436, 41592.79, 1.41, null, null, ""INE721A01047"", null, null]"
INF789F01XA0,UTI Nifty 50 Index Fund,31-08-2026,portfolio,(a) Listed/awaiting listing on Stock Exchanges,NTPC LTD.,INE733E01010,Power,12685630,41532.75,4153275000,1.41,,,,,,,,INF789F01XA0_UTI Nifty 50 Index Fund.xlsx,Portfolio,27,"[""EQ - NTPC LTD."", ""Power"", 12685630, 41532.75, 1.41, null, null, ""INE733E01010"", null, null]"
INF789F01XA0,UTI Nifty 50 Index Fund,31-08-2026,portfolio,(a) Listed/awaiting listing on Stock Exchanges,TATA STEEL LTD.,INE081A01020,Ferrous Metals,22118534,40775.52,4077552000,1.38,,,,,,,,INF789F01XA0_UTI Nifty 50 Index Fund.xlsx,Portfolio,28,"[""EQ - TATA STEEL LTD."", ""Ferrous Metals"", 22118534, 40775.52, 1.38, null, null, ""INE081A01020"", null, null]"
INF789F01XA0,UTI Nifty 50 Index Fund,31-08-2026,portfolio,(a) Listed/awaiting listing on Stock Exchanges,BHARAT ELECTRONICS LTD.,INE263A01024,Aerospace & Defense,9583981,39720.81,3972081000,1.35,,,,,,,,INF789F01XA0_UTI Nifty 50 Index Fund.xlsx,Portfolio,29,"[""EQ - BHARAT ELECTRONICS LTD."", ""Aerospace & Defense"", 9583981, 39720.81, 1.35, null, null, ""INE263A01024"", null, null]"
INF789F01XA0,UTI Nifty 50 Index Fund,31-08-2026,portfolio,(a) Listed/awaiting listing on Stock Exchanges,HINDALCO INDUSTRIES LTD.,INE038A01020,Non - Ferrous Metals,3874317,39341.75,3934175000,1.33,,,,,,,,INF789F01XA0_UTI Nifty 50 Index Fund.xlsx,Portfolio,30,"[""EQ - HINDALCO INDUSTRIES LTD."", ""Non - Ferrous Metals"", 3874317, 39341.75, 1.33, null, null, ""INE038A01020"", null, null]"
INF789F01XA0,UTI Nifty 50 Index Fund,31-08-2026,portfolio,(a) Listed/awaiting listing on Stock Exchanges,HCL TECHNOLOGIES LTD.,INE860A01027,IT - Software,2821076,37018.16,3701816000,1.26,,,,,,,,INF789F01XA0_UTI Nifty 50 Index Fund.xlsx,Portfolio,31,"[""EQ - HCL TECHNOLOGIES LTD."", ""IT - Software"", 2821076, 37018.16, 1.26, null, null, ""INE860A01027"", null, null]"
INF789F01XA0,UTI Nifty 50 Index Fund,31-08-2026,portfolio,(a) Listed/awaiting listing on Stock Exchanges,ULTRATECH CEMENT LTD.,INE481G01011,Cement & Cement Products,316648,36256.2,3625620000,1.23,,,,,,,,INF789F01XA0_UTI Nifty 50 Index Fund.xlsx,Portfolio,32,"[""EQ - ULTRATECH CEMENT LTD."", ""Cement & Cement Products"", 316648, 36256.2, 1.23, null, null, ""INE481G01011"", null, null]"
INF789F01XA0,UTI Nifty 50 Index Fund,31-08-2026,portfolio,(a) Listed/awaiting listing on Stock Exchanges,BAJAJ AUTO LTD.,INE917I01010,Automobiles,296355,35947.86,3594786000,1.22,,,,,,,,INF789F01XA0_UTI Nifty 50 Index Fund.xlsx,Portfolio,33,"[""EQ - BAJAJ AUTO LTD."", ""Automobiles"", 296355, 35947.86, 1.22, null, null, ""INE917I01010"", null, null]"
INF789F01XA0,UTI Nifty 50 Index Fund,31-08-2026,portfolio,(a) Listed/awaiting listing on Stock Exchanges,GRASIM INDUSTRIES LTD.,INE047A01021,Cement & Cement Products,1009611,34033.99,3403399000,1.15,,,,,,,,INF789F01XA0_UTI Nifty 50 Index Fund.xlsx,Portfolio,34,"[""EQ - GRASIM INDUSTRIES LTD."", ""Cement & Cement Products"", 1009611, 34033.99, 1.15, null, null, ""INE047A01021"", null, null]"
INF789F01XA0,UTI Nifty 50 Index Fund,31-08-2026,portfolio,(a) Listed/awaiting listing on Stock Exchanges,JSW STEEL LTD.,INE019A01038,Ferrous Metals,2509767,32820.22,3282022000,1.11,,,,,,,,INF789F01XA0_UTI Nifty 50 Index Fund.xlsx,Portfolio,35,"[""EQ - JSW STEEL LTD."", ""Ferrous Metals"", 2509767, 32820.22, 1.11, null, null, ""INE019A01038"", null, null]"
INF789F01XA0,UTI Nifty 50 Index Fund,31-08-2026,portfolio,(a) Listed/awaiting listing on Stock Exchanges,ASIAN PAINTS (INDIA) LTD.,INE021A01026,Consumer Durables,1210077,32110.6,3211060000,1.09,,,,,,,,INF789F01XA0_UTI Nifty 50 Index Fund.xlsx,Portfolio,36,"[""EQ - ASIAN PAINTS (INDIA) LTD."", ""Consumer Durables"", 1210077, 32110.6, 1.09, null, null, ""INE021A01026"", null, null]"
INF789F01XA0,UTI Nifty 50 Index Fund,31-08-2026,portfolio,(a) Listed/awaiting listing on Stock Exchanges,POWER GRID CORPORATION OF INDI,INE752E01010,Power,12117595,31935.92,3193592000,1.08,,,,,,,,INF789F01XA0_UTI Nifty 50 Index Fund.xlsx,Portfolio,37,"[""EQ - POWER GRID CORPORATION OF INDI"", ""Power"", 12117595, 31935.92, 1.08, null, null, ""INE752E01010"", null, null]"
INF789F01XA0,UTI Nifty 50 Index Fund,31-08-2026,portfolio,(a) Listed/awaiting listing on Stock Exchanges,INTERGLOBE AVIATION LTD,INE646L01027,Transport Services,605685,31701.55,3170155000,1.08,,,,,,,,INF789F01XA0_UTI Nifty 50 Index Fund.xlsx,Portfolio,38,"[""EQ - INTERGLOBE AVIATION LTD"", ""Transport Services"", 605685, 31701.55, 1.08, null, null, ""INE646L01027"", null, null]"
INF789F01XA0,UTI Nifty 50 Index Fund,31-08-2026,portfolio,(a) Listed/awaiting listing on Stock Exchanges,ADANI PORTS AND SPECIAL ECONO,INE742F01042,Transport Infrastructure,1974054,31448.65,3144865000,1.07,,,,,,,,INF789F01XA0_UTI Nifty 50 Index Fund.xlsx,Portfolio,39,"[""EQ - ADANI PORTS AND SPECIAL ECONO"", ""Transport Infrastructure"", 1974054, 31448.65, 1.07, null, null, ""INE742F01042"", null, null]"
INF789F01XA0,UTI Nifty 50 Index Fund,31-08-2026,portfolio,(a) Listed/awaiting listing on Stock Exchanges,BAJAJ FINSERV LTD.,INE918I01026,Finance,1549089,31307.09,3130709000,1.06,,,,,,,,INF789F01XA0_UTI Nifty 50 Index Fund.xlsx,Portfolio,40,"[""EQ - BAJAJ FINSERV LTD."", ""Finance"", 1549089, 31307.09, 1.06, null, null, ""INE918I01026"", null, null]"
INF789F01XA0,UTI Nifty 50 Index Fund,31-08-2026,portfolio,(a) Listed/awaiting listing on Stock Exchanges,EICHER MOTORS LTD,INE066A01021,Automobiles,368769,29330.04,2933004000,99,,,,,,,,INF789F01XA0_UTI Nifty 50 Index Fund.xlsx,Portfolio,41,"[""EQ - EICHER MOTORS LTD"", ""Automobiles"", 368769, 29330.04, 0.99, null, null, ""INE066A01021"", null, null]"
INF789F01XA0,UTI Nifty 50 Index Fund,31-08-2026,portfolio,(a) Listed/awaiting listing on Stock Exchanges,NESTLE INDIA LTD.,INE239A01024,Food Products,1918591,28711.71,2871171000,97,,,,,,,,INF789F01XA0_UTI Nifty 50 Index Fund.xlsx,Portfolio,42,"[""EQ - NESTLE INDIA LTD."", ""Food Products"", 1918591, 28711.71, 0.97, null, null, ""INE239A01024"", null, null]"
INF789F01XA0,UTI Nifty 50 Index Fund,31-08-2026,portfolio,(a) Listed/awaiting listing on Stock Exchanges,TECH MAHINDRA LTD.,INE669C01036,IT - Software,1699380,27665.91,2766591000,94,,,,,,,,INF789F01XA0_UTI Nifty 50 Index Fund.xlsx,Portfolio,43,"[""EQ - TECH MAHINDRA LTD."", ""IT - Software"", 1699380, 27665.91, 0.94, null, null, ""INE669C01036"", null, null]"
INF789F01XA0,UTI Nifty 50 Index Fund,31-08-2026,portfolio,(a) Listed/awaiting listing on Stock Exchanges,COAL INDIA LTD.,INE522F01014,Consumable Fuels,6409403,25749.78,2574978000,87,,,,,,,,INF789F01XA0_UTI Nifty 50 Index Fund.xlsx,Portfolio,44,"[""EQ - COAL INDIA LTD."", ""Consumable Fuels"", 6409403, 25749.78, 0.87, null, null, ""INE522F01014"", null, null]"
INF789F01XA0,UTI Nifty 50 Index Fund,31-08-2026,portfolio,(a) Listed/awaiting listing on Stock Exchanges,TRENT LIMITED,INE849A01020,Retailing,890394,25642.46,2564246000,87,,,,,,,,INF789F01XA0_UTI Nifty 50 Index Fund.xlsx,Portfolio,45,"[""EQ - TRENT LIMITED"", ""Retailing"", 890394, 25642.46, 0.87, null, null, ""INE849A01020"", null, null]"
INF789F01XA0,UTI Nifty 50 Index Fund,31-08-2026,portfolio,(a) Listed/awaiting listing on Stock Exchanges,APOLLO HOSPITALS ENTERPRISE LT,INE437A01024,Healthcare Services,275369,24503.71,2450371000,83,,,,,,,,INF789F01XA0_UTI Nifty 50 Index Fund.xlsx,Portfolio,46,"[""EQ - APOLLO HOSPITALS ENTERPRISE LT"", ""Healthcare Services"", 275369, 24503.71, 0.83, null, null, ""INE437A01024"", null, null]"
INF789F01XA0,UTI Nifty 50 Index Fund,31-08-2026,portfolio,(a) Listed/awaiting listing on Stock Exchanges,OIL & NATURAL GAS CORPORATION,INE213A01029,Oil,10394209,24093.78,2409378000,82,,,,,,,,INF789F01XA0_UTI Nifty 50 Index Fund.xlsx,Portfolio,47,"[""EQ - OIL & NATURAL GAS CORPORATION"", ""Oil"", 10394209, 24093.78, 0.82, null, null, ""INE213A01029"", null, null]"
INF789F01XA0,UTI Nifty 50 Index Fund,31-08-2026,portfolio,(a) Listed/awaiting listing on Stock Exchanges,ADANI ENTERPRISES LTD.,INE423A01024,Metals & Minerals Trading,772157,22076.74,2207674000,75,,,,,,,,INF789F01XA0_UTI Nifty 50 Index Fund.xlsx,Portfolio,48,"[""EQ - ADANI ENTERPRISES LTD."", ""Metals & Minerals Trading"", 772157, 22076.74, 0.75, null, null, ""INE423A01024"", null, null]"
INF789F01XA0,UTI Nifty 50 Index Fund,31-08-2026,portfolio,(a) Listed/awaiting listing on Stock Exchanges,CIPLA LTD.,INE059A01026,Pharmaceuticals & Biotechnology,1505640,21217.48,2121748000,72,,,,,,,,INF789F01XA0_UTI Nifty 50 Index Fund.xlsx,Portfolio,49,"[""EQ - CIPLA LTD."", ""Pharmaceuticals & Biotechnology"", 1505640, 21217.48, 0.72, null, null, ""INE059A01026"", null, null]"
INF789F01XA0,UTI Nifty 50 Index Fund,31-08-2026,portfolio,(a) Listed/awaiting listing on Stock Exchanges,JIO FINANCIAL SERVICES LTD,INE758E01017,Finance,8779611,21189.59,2118959000,72,,,,,,,,INF789F01XA0_UTI Nifty 50 Index Fund.xlsx,Portfolio,50,"[""EQ - JIO FINANCIAL SERVICES LTD"", ""Finance"", 8779611, 21189.59, 0.72, null, null, ""INE758E01017"", null, null]"
INF789F01XA0,UTI Nifty 50 Index Fund,31-08-2026,portfolio,(a) Listed/awaiting listing on Stock Exchanges,SBI LIFE INSURANCE COMPANY LTD,INE123W01016,Insurance,1202302,20926.07,2092607000,71,,,,,,,,INF789F01XA0_UTI Nifty 50 Index Fund.xlsx,Portfolio,51,"[""EQ - SBI LIFE INSURANCE COMPANY LTD"", ""Insurance"", 1202302, 20926.07, 0.71, null, null, ""INE123W01016"", null, null]"
INF789F01XA0,UTI Nifty 50 Index Fund,31-08-2026,portfolio,(a) Listed/awaiting listing on Stock Exchanges,MAX HEALTHCARE INSTITUTE LTD,INE027H01010,Healthcare Services,1991442,20752.82,2075282000,70,,,,,,,,INF789F01XA0_UTI Nifty 50 Index Fund.xlsx,Portfolio,52,"[""EQ - MAX HEALTHCARE INSTITUTE LTD"", ""Healthcare Services"", 1991442, 20752.82, 0.7, null, null, ""INE027H01010"", null, null]"
INF789F01XA0,UTI Nifty 50 Index Fund,31-08-2026,portfolio,(a) Listed/awaiting listing on Stock Exchanges,DR REDDYS LABORATORIES LTD.,INE089A01031,Pharmaceuticals & Biotechnology,1631129,18829.75,1882975000,64,,,,,,,,INF789F01XA0_UTI Nifty 50 Index Fund.xlsx,Portfolio,53,"[""EQ - DR REDDYS LABORATORIES LTD."", ""Pharmaceuticals & Biotechnology"", 1631129, 18829.75, 0.64, null, null, ""INE089A01031"", null, null]"
INF789F01XA0,UTI Nifty 50 Index Fund,31-08-2026,portfolio,(a) Listed/awaiting listing on Stock Exchanges,TATA CONSUMER PRODUCTS LTD,INE192A01025,Agricultural Food & other Products,1742554,18079,1807900000,61,,,,,,,,INF789F01XA0_UTI Nifty 50 Index Fund.xlsx,Portfolio,54,"[""EQ - TATA CONSUMER PRODUCTS LTD"", ""Agricultural Food & other Products"", 1742554, 18079, 0.61, null, null, ""INE192A01025"", null, null]"
INF789F01XA0,UTI Nifty 50 Index Fund,31-08-2026,portfolio,(a) Listed/awaiting listing on Stock Exchanges,TATA MOTORS PASSENGER VEHICLES LTD.,INE155A01022,Automobiles,5592284,17271.77,1727177000,59,,,,,,,,INF789F01XA0_UTI Nifty 50 Index Fund.xlsx,Portfolio,55,"[""EQ - TATA MOTORS PASSENGER VEHICLES LTD."", ""Automobiles"", 5592284, 17271.77, 0.59, null, null, ""INE155A01022"", null, null]"
INF789F01XA0,UTI Nifty 50 Index Fund,31-08-2026,portfolio,(a) Listed/awaiting listing on Stock Exchanges,HDFC LIFE INSURANCE COMPANY LI,INE795G01014,Insurance,2878518,15640.43,1564043000,53,,,,,,,,INF789F01XA0_UTI Nifty 50 Index Fund.xlsx,Portfolio,56,"[""EQ - HDFC LIFE INSURANCE COMPANY LI"", ""Insurance"", 2878518, 15640.43, 0.53, null, null, ""INE795G01014"", null, null]"
INF789F01XA0,UTI Nifty 50 Index Fund,31-08-2026,portfolio,(a) Listed/awaiting listing on Stock Exchanges,WIPRO LIMITED,INE075A01022,IT - Software,7246694,13370.15,1337015000,45,,,,,,,,INF789F01XA0_UTI Nifty 50 Index Fund.xlsx,Portfolio,57,"[""EQ - WIPRO LIMITED"", ""IT - Software"", 7246694, 13370.15, 0.45, null, null, ""INE075A01022"", null, null]"
INF789F01XA0,UTI Nifty 50 Index Fund,31-08-2026,portfolio,(a) Listed/awaiting listing on Stock Exchanges,TOTAL:(a) Listed/awaiting listing on Stock Exchanges,,,,2948687.71,2.94869E+11,,,,,,,,,INF789F01XA0_UTI Nifty 50 Index Fund.xlsx,Portfolio,58,"[""TOTAL:(a) Listed/awaiting listing on Stock Exchanges"", null, null, 2948687.71, null, null, null, null, null, null]"
INF789F01XA0,UTI Nifty 50 Index Fund,31-08-2026,portfolio,(a) Listed/awaiting listing on Stock Exchanges,TOTAL: EQUITY AND EQUITY RELATED,,,,2948687.71,2.94869E+11,,,,,,,,,INF789F01XA0_UTI Nifty 50 Index Fund.xlsx,Portfolio,59,"[""TOTAL: EQUITY AND EQUITY RELATED"", null, null, 2948687.71, null, null, null, null, null, null]"
INF789F01XA0,UTI Nifty 50 Index Fund,31-08-2026,portfolio,MONEY MARKET INSTRUMENTS,182 DAYS T-BILL - 22/10/2026,IN002026Y030,SOV,50000000,496.46,49646000,2,5.1,,,,,,,INF789F01XA0_UTI Nifty 50 Index Fund.xlsx,Portfolio,61,"[""182 DAYS T-BILL - 22/10/2026"", ""SOV"", 50000000, 496.46, 0.02, null, null, ""IN002026Y030"", null, 5.1]"
INF789F01XA0,UTI Nifty 50 Index Fund,31-08-2026,portfolio,MONEY MARKET INSTRUMENTS,TOTAL:,,,,496.46,49646000,,,,,,,,,INF789F01XA0_UTI Nifty 50 Index Fund.xlsx,Portfolio,62,"[""TOTAL:"", null, null, 496.46, null, null, null, null, null, null]"
INF789F01XA0,UTI Nifty 50 Index Fund,31-08-2026,portfolio,MONEY MARKET INSTRUMENTS,TOTAL: MONEY MARKET INSTRUMENTS,,,,496.46,49646000,,,,,,,,,INF789F01XA0_UTI Nifty 50 Index Fund.xlsx,Portfolio,63,"[""TOTAL: MONEY MARKET INSTRUMENTS"", null, null, 496.46, null, null, null, null, null, null]"
INF789F01XA0,UTI Nifty 50 Index Fund,31-08-2026,portfolio,Others,NET CURRENT ASSETS,,,,-641.09,-64109000,,,,,,,,,INF789F01XA0_UTI Nifty 50 Index Fund.xlsx,Portfolio,66,"[""NET CURRENT ASSETS"", null, null, -641.089999999851, ""*"", null, null, null, null, null]"
INF789F01XA0,UTI Nifty 50 Index Fund,31-08-2026,portfolio,Others,TOTAL :,,,,-641.09,-64109000,,,,,,,,,INF789F01XA0_UTI Nifty 50 Index Fund.xlsx,Portfolio,67,"[""TOTAL :"", null, null, -641.089999999851, null, null, null, null, null, null]"
INF789F01XA0,UTI Nifty 50 Index Fund,31-08-2026,portfolio,Others,TOTAL : Others,,,,-641.09,-64109000,,,,,,,,,INF789F01XA0_UTI Nifty 50 Index Fund.xlsx,Portfolio,68,"[""TOTAL : Others"", null, null, -641.089999999851, null, null, null, null, null, null]"
INF789F01XA0,UTI Nifty 50 Index Fund,31-08-2026,portfolio,Others,TOTAL : UTI Nifty 50 Index Fund,,,,2948543.08,2.94854E+11,,,,,,,,,INF789F01XA0_UTI Nifty 50 Index Fund.xlsx,Portfolio,69,"[""TOTAL : UTI Nifty 50 Index Fund"", null, null, 2948543.08, null, null, null, null, null, null]"
INF789F01XA0,UTI Nifty 50 Index Fund,31-08-2026,portfolio,Hedging Positions through Futures as on 31/08/2026,Underlying,,Long/Short,,,,,,,,,,,,INF789F01XA0_UTI Nifty 50 Index Fund.xlsx,Portfolio,125,"[""Underlying"", ""Long/Short"", ""Future Price when purchased"", ""Current price"", ""Margin maintained in Lacs"", null, null, null, null, null]"
INF789F01XA0,UTI Nifty 50 Index Fund,31-08-2026,portfolio,Hedging Positions through Futures as on 31/08/2026,NIL,,,,,,,,,,,,,,INF789F01XA0_UTI Nifty 50 Index Fund.xlsx,Portfolio,126,"[null, null, ""NIL"", null, null, null, null, null, null, null]"
INF789F01XA0,UTI Nifty 50 Index Fund,31-08-2026,portfolio,Other than Hedging Positions through Futures as on 31/08/2026,Underlying,,Long/Short,,,,,,,,,,,,INF789F01XA0_UTI Nifty 50 Index Fund.xlsx,Portfolio,130,"[""Underlying"", ""Long/Short"", ""Future Price when purchased"", ""Current price"", ""Margin maintained in Lacs"", null, null, null, null, null]"
INF789F01XA0,UTI Nifty 50 Index Fund,31-08-2026,portfolio,Other than Hedging Positions through Futures as on 31/08/2026,NIFTYNSESEP2026FUT,,long,24371.59,24251.4,2425140000,160.52973,,,,,,,,INF789F01XA0_UTI Nifty 50 Index Fund.xlsx,Portfolio,131,"[""NIFTYNSESEP2026FUT"", ""long"", ""24371.59"", 24251.4, 160.52973, null, null, null, null, null]"
