fund_id,ticker,isin,lot_id,acquisition_date,quantity,cost_price,cost_value,holding_months,term,ltcg_date,source
HDFC-FLEXICAP-DG,ICICIBANK,INE090A01021,INE090A01021-L1,2023-10-01,18573,915.35,17000795.55,35,LTCG,2024-10-01,synthetic_curated
HDFC-FLEXICAP-DG,ICICIBANK,INE090A01021,INE090A01021-L2,2026-05-01,18345,1256.4,23048658.0,4,STCG,2027-05-01,synthetic_curated
HDFC-FLEXICAP-DG,ICICIBANK,INE090A01021,INE090A01021-L3,2024-04-01,17609,1150.4,20257393.6,29,LTCG,2025-04-01,synthetic_curated
HDFC-FLEXICAP-DG,ICICIBANK,INE090A01021,INE090A01021-L4,2025-08-01,13727,1397.8,19187600.6,13,LTCG,2026-08-01,synthetic_curated
HDFC-FLEXICAP-DG,ICICIBANK,INE090A01021,INE090A01021-L5,2025-01-01,9756,1252.8,12222316.8,20,LTCG,2026-01-01,synthetic_curated
HDFC-FLEXICAP-DG,AXISBANK,INE238A01034,INE238A01034-L1,2025-04-01,30350,1185.0,35964750.0,17,LTCG,2026-04-01,synthetic_curated
HDFC-FLEXICAP-DG,AXISBANK,INE238A01034,INE238A01034-L2,2026-04-01,25606,1268.3,32476089.8,5,STCG,2027-04-01,synthetic_curated
HDFC-FLEXICAP-DG,HDFCBANK,INE040A01034,INE040A01034-L1,2025-05-01,11098,972.45,10792250.1,16,LTCG,2026-05-01,synthetic_curated
HDFC-FLEXICAP-DG,HDFCBANK,INE040A01034,INE040A01034-L2,2026-07-01,27299,748.15,20423746.85,2,STCG,2027-07-01,synthetic_curated
HDFC-FLEXICAP-DG,HDFCBANK,INE040A01034,INE040A01034-L3,2025-05-01,22972,972.45,22339121.4,16,LTCG,2026-05-01,synthetic_curated
HDFC-FLEXICAP-DG,HDFCBANK,INE040A01034,INE040A01034-L4,2023-12-01,17298,854.62,14783216.76,33,LTCG,2024-12-01,synthetic_curated
HDFC-FLEXICAP-DG,HDFCBANK,INE040A01034,INE040A01034-L5,2025-07-01,10123,1009.1,10215119.3,14,LTCG,2026-07-01,synthetic_curated
HDFC-FLEXICAP-DG,SBIN,INE062A01020,INE062A01020-L1,2024-04-01,13584,826.25,11223780.0,29,LTCG,2025-04-01,synthetic_curated
HDFC-FLEXICAP-DG,SBIN,INE062A01020,INE062A01020-L2,2025-11-01,7642,979.0,7481518.0,10,STCG,2026-11-01,synthetic_curated
HDFC-FLEXICAP-DG,SBIN,INE062A01020,INE062A01020-L3,2025-03-01,7957,771.5,6138825.5,18,LTCG,2026-03-01,synthetic_curated
HDFC-FLEXICAP-DG,SBIN,INE062A01020,INE062A01020-L4,2026-04-01,6057,1068.45,6471601.65,5,STCG,2027-04-01,synthetic_curated
HDFC-FLEXICAP-DG,SBIN,INE062A01020,INE062A01020-L5,2026-02-01,12195,1201.7,14654731.5,7,STCG,2027-02-01,synthetic_curated
HDFC-FLEXICAP-DG,ETERNAL,INE758T01015,INE758T01015-L1,2024-01-01,26277,139.55,3666955.35,32,LTCG,2025-01-01,synthetic_curated
HDFC-FLEXICAP-DG,ETERNAL,INE758T01015,INE758T01015-L2,2026-07-01,34421,302.45,10410631.45,2,STCG,2027-07-01,synthetic_curated
HDFC-FLEXICAP-DG,ETERNAL,INE758T01015,INE758T01015-L3,2026-08-01,21052,328.1,6907161.2,1,STCG,2027-08-01,synthetic_curated
HDFC-FLEXICAP-DG,ETERNAL,INE758T01015,INE758T01015-L4,2026-05-01,22755,250.58,5701947.9,4,STCG,2027-05-01,synthetic_curated
HDFC-FLEXICAP-DG,ETERNAL,INE758T01015,INE758T01015-L5,2026-06-01,13192,264.6,3490603.2,3,STCG,2027-06-01,synthetic_curated
HDFC-FLEXICAP-DG,KOTAKBANK,INE237A01036,INE237A01036-L1,2025-08-01,31236,392.06,12246386.16,13,LTCG,2026-08-01,synthetic_curated
HDFC-FLEXICAP-DG,KOTAKBANK,INE237A01036,INE237A01036-L2,2026-01-01,25574,408.0,10434192.0,8,STCG,2027-01-01,synthetic_curated
HDFC-FLEXICAP-DG,KOTAKBANK,INE237A01036,INE237A01036-L3,2024-07-01,33118,361.58,11974806.44,26,LTCG,2025-07-01,synthetic_curated
HDFC-FLEXICAP-DG,SBILIFE,INE123W01016,INE123W01016-L1,2024-12-01,11938,1390.4,16598595.2,21,LTCG,2025-12-01,synthetic_curated
HDFC-FLEXICAP-DG,SBILIFE,INE123W01016,INE123W01016-L2,2026-06-01,8988,1765.7,15870111.6,3,STCG,2027-06-01,synthetic_curated
HDFC-FLEXICAP-DG,LT,INE018A01030,INE018A01030-L1,2024-12-01,3914,3607.65,14120342.1,21,LTCG,2025-12-01,synthetic_curated
HDFC-FLEXICAP-DG,LT,INE018A01030,INE018A01030-L2,2026-05-01,3717,4076.5,15152350.5,4,STCG,2027-05-01,synthetic_curated
HDFC-FLEXICAP-DG,LT,INE018A01030,INE018A01030-L3,2025-06-01,1612,3669.8,5915717.6,15,LTCG,2026-06-01,synthetic_curated
HDFC-FLEXICAP-DG,INDIGO,INE646L01027,INE646L01027-L1,2023-10-01,1278,2453.85,3136020.3,35,LTCG,2024-10-01,synthetic_curated
HDFC-FLEXICAP-DG,INDIGO,INE646L01027,INE646L01027-L2,2026-04-01,2182,4295.3,9372344.6,5,STCG,2027-04-01,synthetic_curated
HDFC-FLEXICAP-DG,INDIGO,INE646L01027,INE646L01027-L3,2025-12-01,1226,5059.5,6202947.0,9,STCG,2026-12-01,synthetic_curated
HDFC-FLEXICAP-DG,INDIGO,INE646L01027,INE646L01027-L4,2025-08-01,2190,5646.0,12364740.0,13,LTCG,2026-08-01,synthetic_curated
HDFC-FLEXICAP-DG,MARUTI,INE585B01010,INE585B01010-L1,2025-06-01,634,12400.0,7861600.0,15,LTCG,2026-06-01,synthetic_curated
HDFC-FLEXICAP-DG,MARUTI,INE585B01010,INE585B01010-L2,2026-06-01,852,14115.0,12025980.0,3,STCG,2027-06-01,synthetic_curated
HDFC-FLEXICAP-DG,MARUTI,INE585B01010,INE585B01010-L3,2025-01-01,401,12310.65,4936570.65,20,LTCG,2026-01-01,synthetic_curated
HDFC-FLEXICAP-DG,MARUTI,INE585B01010,INE585B01010-L4,2024-04-01,680,12817.5,8715900.0,29,LTCG,2025-04-01,synthetic_curated
HDFC-FLEXICAP-DG,BHARTIARTL,INE397D01024,INE397D01024-L1,2024-08-01,6637,1589.05,10546524.85,25,LTCG,2025-08-01,synthetic_curated
HDFC-FLEXICAP-DG,BHARTIARTL,INE397D01024,INE397D01024-L2,2026-02-01,4147,1879.3,7793457.1,7,STCG,2027-02-01,synthetic_curated
HDFC-FLEXICAP-DG,BHARTIARTL,INE397D01024,INE397D01024-L3,2023-10-01,4716,914.4,4312310.4,35,LTCG,2024-10-01,synthetic_curated
HDFC-FLEXICAP-DG,HCLTECH,INE860A01027,INE860A01027-L1,2023-11-01,4801,1340.9,6437660.9,34,LTCG,2024-11-01,synthetic_curated
HDFC-FLEXICAP-DG,HCLTECH,INE860A01027,INE860A01027-L2,2026-04-01,5860,1199.1,7026726.0,5,STCG,2027-04-01,synthetic_curated
HDFC-FLEXICAP-DG,HCLTECH,INE860A01027,INE860A01027-L3,2023-09-01,5625,1234.8,6945750.0,36,LTCG,2024-09-01,synthetic_curated
HDFC-FLEXICAP-DG,HCLTECH,INE860A01027,INE860A01027-L4,2023-10-01,6308,1276.0,8049008.0,35,LTCG,2024-10-01,synthetic_curated
HDFC-FLEXICAP-DG,CIPLA,INE059A01026,INE059A01026-L1,2024-06-01,13390,1480.8,19827912.0,27,LTCG,2025-06-01,synthetic_curated
HDFC-FLEXICAP-DG,CIPLA,INE059A01026,INE059A01026-L2,2025-10-01,6722,1501.3,10091738.6,11,STCG,2026-10-01,synthetic_curated
HDFC-FLEXICAP-DG,EICHERMOT,INE066A01021,INE066A01021-L1,2023-10-01,1981,3295.55,6528484.55,35,LTCG,2024-10-01,synthetic_curated
HDFC-FLEXICAP-DG,EICHERMOT,INE066A01021,INE066A01021-L2,2026-01-01,1710,7122.5,12179475.0,8,STCG,2027-01-01,synthetic_curated
HDFC-FLEXICAP-DG,POWERGRID,INE752E01010,INE752E01010-L1,2024-01-01,17255,259.3,4474221.5,32,LTCG,2025-01-01,synthetic_curated
HDFC-FLEXICAP-DG,POWERGRID,INE752E01010,INE752E01010-L2,2026-06-01,13469,286.3,3856174.7,3,STCG,2027-06-01,synthetic_curated
HDFC-FLEXICAP-DG,POWERGRID,INE752E01010,INE752E01010-L3,2026-02-01,25447,298.65,7599746.55,7,STCG,2027-02-01,synthetic_curated
HDFC-FLEXICAP-DG,POWERGRID,INE752E01010,INE752E01010-L4,2025-03-01,29498,290.35,8564744.3,18,LTCG,2026-03-01,synthetic_curated
HDFC-FLEXICAP-DG,HYUNDAI,INE0V6F01027,INE0V6F01027-L1,2024-10-01,5015,1822.55,9140088.25,23,LTCG,2025-10-01,synthetic_curated
HDFC-FLEXICAP-DG,HYUNDAI,INE0V6F01027,INE0V6F01027-L2,2025-10-01,3970,2438.7,9681639.0,11,STCG,2026-10-01,synthetic_curated
HDFC-FLEXICAP-DG,DIVISLAB,INE361B01024,INE361B01024-L1,2025-07-01,832,6595.5,5487456.0,14,LTCG,2026-07-01,synthetic_curated
HDFC-FLEXICAP-DG,DIVISLAB,INE361B01024,INE361B01024-L2,2025-10-01,605,6738.0,4076490.0,11,STCG,2026-10-01,synthetic_curated
HDFC-FLEXICAP-DG,DIVISLAB,INE361B01024,INE361B01024-L3,2024-06-01,475,4596.45,2183313.75,27,LTCG,2025-06-01,synthetic_curated
HDFC-FLEXICAP-DG,POLICYBZR,INE417T01026,INE417T01026-L1,2024-07-01,4165,1453.0,6051745.0,26,LTCG,2025-07-01,synthetic_curated
HDFC-FLEXICAP-DG,POLICYBZR,INE417T01026,INE417T01026-L2,2026-01-01,3428,1654.5,5671626.0,8,STCG,2027-01-01,synthetic_curated
HDFC-FLEXICAP-DG,POLICYBZR,INE417T01026,INE417T01026-L3,2024-12-01,2287,2108.85,4822939.95,21,LTCG,2025-12-01,synthetic_curated
HDFC-FLEXICAP-DG,MAXHEALTH,INE027H01010,INE027H01010-L1,2024-09-01,3952,985.75,3895684.0,24,LTCG,2025-09-01,synthetic_curated
HDFC-FLEXICAP-DG,MAXHEALTH,INE027H01010,INE027H01010-L2,2025-10-01,4150,1147.8,4763370.0,11,STCG,2026-10-01,synthetic_curated
HDFC-FLEXICAP-DG,MAXHEALTH,INE027H01010,INE027H01010-L3,2025-08-01,4261,1154.3,4918472.3,13,LTCG,2026-08-01,synthetic_curated
HDFC-FLEXICAP-DG,MAXHEALTH,INE027H01010,INE027H01010-L4,2024-09-01,3785,985.75,3731063.75,24,LTCG,2025-09-01,synthetic_curated
HDFC-FLEXICAP-DG,JSWSTEEL,INE019A01038,INE019A01038-L1,2024-02-01,4569,800.1,3655656.9,31,LTCG,2025-02-01,synthetic_curated
HDFC-FLEXICAP-DG,JSWSTEEL,INE019A01038,INE019A01038-L2,2026-08-01,5195,1307.7,6793501.5,1,STCG,2027-08-01,synthetic_curated
HDFC-FLEXICAP-DG,JSWSTEEL,INE019A01038,INE019A01038-L3,2024-02-01,3120,800.1,2496312.0,31,LTCG,2025-02-01,synthetic_curated
HDFC-FLEXICAP-DG,PPLPHARMA,INE0DK501011,INE0DK501011-L1,2025-05-01,21398,206.3,4414407.4,16,LTCG,2026-05-01,synthetic_curated
HDFC-FLEXICAP-DG,PPLPHARMA,INE0DK501011,INE0DK501011-L2,2026-03-01,23937,136.54,3268357.98,6,STCG,2027-03-01,synthetic_curated
HDFC-FLEXICAP-DG,PPLPHARMA,INE0DK501011,INE0DK501011-L3,2024-05-01,20527,148.05,3039022.35,28,LTCG,2025-05-01,synthetic_curated
HDFC-FLEXICAP-DG,PPLPHARMA,INE0DK501011,INE0DK501011-L4,2023-09-01,12867,102.05,1313077.35,36,LTCG,2024-09-01,synthetic_curated
HDFC-FLEXICAP-DG,RELIANCE,INE002A01018,INE002A01018-L1,2023-12-01,2435,1292.47,3147164.45,33,LTCG,2024-12-01,synthetic_curated
HDFC-FLEXICAP-DG,RELIANCE,INE002A01018,INE002A01018-L2,2026-06-01,3089,1293.9,3996857.1,3,STCG,2027-06-01,synthetic_curated
HDFC-FLEXICAP-DG,RELIANCE,INE002A01018,INE002A01018-L3,2025-09-01,2090,1364.0,2850760.0,12,LTCG,2026-09-01,synthetic_curated
HDFC-FLEXICAP-DG,RELIANCE,INE002A01018,INE002A01018-L4,2023-12-01,3402,1292.47,4396982.94,33,LTCG,2024-12-01,synthetic_curated
HDFC-FLEXICAP-DG,RELIANCE,INE002A01018,INE002A01018-L5,2025-02-01,2298,1200.1,2757829.8,19,LTCG,2026-02-01,synthetic_curated
HDFC-FLEXICAP-DG,BOSCHLTD,INE323A01026,INE323A01026-L1,2023-09-01,129,19019.7,2453541.3,36,LTCG,2024-09-01,synthetic_curated
HDFC-FLEXICAP-DG,BOSCHLTD,INE323A01026,INE323A01026-L2,2026-05-01,92,36625.0,3369500.0,4,STCG,2027-05-01,synthetic_curated
HDFC-FLEXICAP-DG,BOSCHLTD,INE323A01026,INE323A01026-L3,2023-09-01,103,19019.7,1959029.1,36,LTCG,2024-09-01,synthetic_curated
HDFC-FLEXICAP-DG,PERSISTENT,INE262H01021,INE262H01021-L1,2024-11-01,504,5905.65,2976447.6,22,LTCG,2025-11-01,synthetic_curated
HDFC-FLEXICAP-DG,PERSISTENT,INE262H01021,INE262H01021-L2,2026-08-01,581,5594.5,3250404.5,1,STCG,2027-08-01,synthetic_curated
HDFC-FLEXICAP-DG,PERSISTENT,INE262H01021,INE262H01021-L3,2025-10-01,893,5916.6,5283523.8,11,STCG,2026-10-01,synthetic_curated
HDFC-FLEXICAP-DG,PERSISTENT,INE262H01021,INE262H01021-L4,2025-09-01,833,4822.5,4017142.5,12,LTCG,2026-09-01,synthetic_curated
HDFC-FLEXICAP-DG,LUPIN,INE326A01037,INE326A01037-L1,2025-03-01,1559,2027.95,3161574.05,18,LTCG,2026-03-01,synthetic_curated
HDFC-FLEXICAP-DG,LUPIN,INE326A01037,INE326A01037-L2,2026-02-01,639,2301.9,1470914.1,7,STCG,2027-02-01,synthetic_curated
HDFC-FLEXICAP-DG,LUPIN,INE326A01037,INE326A01037-L3,2025-10-01,923,1963.5,1812310.5,11,STCG,2026-10-01,synthetic_curated
HDFC-FLEXICAP-DG,LUPIN,INE326A01037,INE326A01037-L4,2026-06-01,1433,2419.0,3466427.0,3,STCG,2027-06-01,synthetic_curated
HDFC-FLEXICAP-DG,LUPIN,INE326A01037,INE326A01037-L5,2026-06-01,582,2419.0,1407858.0,3,STCG,2027-06-01,synthetic_curated
HDFC-FLEXICAP-DG,TATASTEEL,INE081A01020,INE081A01020-L1,2023-10-01,16723,118.75,1985856.25,35,LTCG,2024-10-01,synthetic_curated
HDFC-FLEXICAP-DG,TATASTEEL,INE081A01020,INE081A01020-L2,2026-01-01,20525,193.13,3963993.25,8,STCG,2027-01-01,synthetic_curated
HDFC-FLEXICAP-DG,TATASTEEL,INE081A01020,INE081A01020-L3,2026-08-01,16494,184.35,3040668.9,1,STCG,2027-08-01,synthetic_curated
HDFC-FLEXICAP-DG,VARROC,INE665L01035,INE665L01035-L1,2024-10-01,2985,518.95,1549065.75,23,LTCG,2025-10-01,synthetic_curated
HDFC-FLEXICAP-DG,VARROC,INE665L01035,INE665L01035-L2,2026-04-01,2281,533.8,1217597.8,5,STCG,2027-04-01,synthetic_curated
HDFC-FLEXICAP-DG,VARROC,INE665L01035,INE665L01035-L3,2026-04-01,3141,533.8,1676665.8,5,STCG,2027-04-01,synthetic_curated
HDFC-FLEXICAP-DG,VARROC,INE665L01035,INE665L01035-L4,2026-04-01,3221,533.8,1719369.8,5,STCG,2027-04-01,synthetic_curated
HDFC-FLEXICAP-DG,ULTRACEMCO,INE481G01011,INE481G01011-L1,2025-03-01,237,11509.55,2727763.35,18,LTCG,2026-03-01,synthetic_curated
HDFC-FLEXICAP-DG,ULTRACEMCO,INE481G01011,INE481G01011-L2,2026-03-01,415,10745.0,4459175.0,6,STCG,2027-03-01,synthetic_curated
HDFC-FLEXICAP-DG,ULTRACEMCO,INE481G01011,INE481G01011-L3,2025-05-01,245,11210.0,2746450.0,16,LTCG,2026-05-01,synthetic_curated
HDFC-FLEXICAP-DG,TVSMOTOR,INE494B01023,INE494B01023-L1,2025-04-01,409,2672.0,1092848.0,17,LTCG,2026-04-01,synthetic_curated
HDFC-FLEXICAP-DG,TVSMOTOR,INE494B01023,INE494B01023-L2,2026-04-01,660,3492.9,2305314.0,5,STCG,2027-04-01,synthetic_curated
HDFC-FLEXICAP-DG,TVSMOTOR,INE494B01023,INE494B01023-L3,2026-04-01,678,3492.9,2368186.2,5,STCG,2027-04-01,synthetic_curated
HDFC-FLEXICAP-DG,TVSMOTOR,INE494B01023,INE494B01023-L4,2026-04-01,578,3492.9,2018896.2,5,STCG,2027-04-01,synthetic_curated
HDFC-FLEXICAP-DG,ASTERDM,INE914M01019,INE914M01019-L1,2024-11-01,5598,499.95,2798720.1,22,LTCG,2025-11-01,synthetic_curated
HDFC-FLEXICAP-DG,ASTERDM,INE914M01019,INE914M01019-L2,2025-11-01,6639,665.45,4417922.55,10,STCG,2026-11-01,synthetic_curated
HDFC-FLEXICAP-DG,NYKAA,INE388Y01029,INE388Y01029-L1,2025-02-01,3804,158.8,604075.2,19,LTCG,2026-02-01,synthetic_curated
HDFC-FLEXICAP-DG,NYKAA,INE388Y01029,INE388Y01029-L2,2026-07-01,5675,333.4,1892045.0,2,STCG,2027-07-01,synthetic_curated
HDFC-FLEXICAP-DG,NYKAA,INE388Y01029,INE388Y01029-L3,2023-12-01,7791,173.95,1355244.45,33,LTCG,2024-12-01,synthetic_curated
HDFC-FLEXICAP-DG,NYKAA,INE388Y01029,INE388Y01029-L4,2024-01-01,8303,163.25,1355464.75,32,LTCG,2025-01-01,synthetic_curated
HDFC-FLEXICAP-DG,UNITDSPR,INE854D01024,INE854D01024-L1,2024-12-01,3706,1625.45,6023917.7,21,LTCG,2025-12-01,synthetic_curated
HDFC-FLEXICAP-DG,UNITDSPR,INE854D01024,INE854D01024-L2,2026-08-01,2527,1490.0,3765230.0,1,STCG,2027-08-01,synthetic_curated
HDFC-FLEXICAP-DG,LALPATHLAB,INE600L01024,INE600L01024-L1,2024-07-01,2542,1545.3,3928152.6,26,LTCG,2025-07-01,synthetic_curated
HDFC-FLEXICAP-DG,LALPATHLAB,INE600L01024,INE600L01024-L2,2026-02-01,1719,1399.9,2406428.1,7,STCG,2027-02-01,synthetic_curated
HDFC-FLEXICAP-DG,BRITANNIA,INE216A01030,INE216A01030-L1,2024-06-01,579,5475.55,3170343.45,27,LTCG,2025-06-01,synthetic_curated
HDFC-FLEXICAP-DG,BRITANNIA,INE216A01030,INE216A01030-L2,2026-06-01,523,5146.5,2691619.5,3,STCG,2027-06-01,synthetic_curated
HDFC-FLEXICAP-DG,BRITANNIA,INE216A01030,INE216A01030-L3,2024-12-01,483,4762.75,2300408.25,21,LTCG,2025-12-01,synthetic_curated
HDFC-FLEXICAP-DG,LENSKART,INE956O01016,INE956O01016-L1,2025-11-01,2197,410.45,901758.65,10,STCG,2026-11-01,synthetic_curated
HDFC-FLEXICAP-DG,LENSKART,INE956O01016,INE956O01016-L2,2026-05-01,2281,523.85,1194901.85,4,STCG,2027-05-01,synthetic_curated
HDFC-FLEXICAP-DG,LENSKART,INE956O01016,INE956O01016-L3,2025-11-01,1868,410.45,766720.6,10,STCG,2026-11-01,synthetic_curated
HDFC-FLEXICAP-DG,LENSKART,INE956O01016,INE956O01016-L4,2025-11-01,2705,410.45,1110267.25,10,STCG,2026-11-01,synthetic_curated
HDFC-FLEXICAP-DG,LENSKART,INE956O01016,INE956O01016-L5,2025-11-01,2256,410.45,925975.2,10,STCG,2026-11-01,synthetic_curated
HDFC-FLEXICAP-DG,APOLLOHOSP,INE437A01024,INE437A01024-L1,2025-04-01,116,6977.0,809332.0,17,LTCG,2026-04-01,synthetic_curated
HDFC-FLEXICAP-DG,APOLLOHOSP,INE437A01024,INE437A01024-L2,2026-04-01,184,7636.5,1405116.0,5,STCG,2027-04-01,synthetic_curated
HDFC-FLEXICAP-DG,APOLLOHOSP,INE437A01024,INE437A01024-L3,2025-05-01,243,6880.5,1671961.5,16,LTCG,2026-05-01,synthetic_curated
HDFC-FLEXICAP-DG,APOLLOHOSP,INE437A01024,INE437A01024-L4,2025-04-01,209,6977.0,1458193.0,17,LTCG,2026-04-01,synthetic_curated
HDFC-FLEXICAP-DG,APOLLOHOSP,INE437A01024,INE437A01024-L5,2025-08-01,107,7610.0,814270.0,13,LTCG,2026-08-01,synthetic_curated
HDFC-FLEXICAP-DG,BEL,INE263A01024,INE263A01024-L1,2023-10-01,6479,133.25,863326.75,35,LTCG,2024-10-01,synthetic_curated
HDFC-FLEXICAP-DG,BEL,INE263A01024,INE263A01024-L2,2025-11-01,7953,411.75,3274647.75,10,STCG,2026-11-01,synthetic_curated
HDFC-FLEXICAP-DG,BEL,INE263A01024,INE263A01024-L3,2025-10-01,3552,426.1,1513507.2,11,STCG,2026-10-01,synthetic_curated
HDFC-FLEXICAP-DG,ANTHEM,INE0CZ201020,INE0CZ201020-L1,2025-07-01,1942,759.15,1474269.3,14,LTCG,2026-07-01,synthetic_curated
HDFC-FLEXICAP-DG,ANTHEM,INE0CZ201020,INE0CZ201020-L2,2026-03-01,1741,656.25,1142531.25,6,STCG,2027-03-01,synthetic_curated
HDFC-FLEXICAP-DG,ANTHEM,INE0CZ201020,INE0CZ201020-L3,2025-07-01,1913,759.15,1452253.95,14,LTCG,2026-07-01,synthetic_curated
HDFC-FLEXICAP-DG,ANTHEM,INE0CZ201020,INE0CZ201020-L4,2026-09-01,1873,928.5,1739080.5,0,STCG,2027-09-01,synthetic_curated
HDFC-FLEXICAP-DG,ACMESOLAR,INE622W01025,INE622W01025-L1,2024-11-01,4906,274.3,1345715.8,22,LTCG,2025-11-01,synthetic_curated
HDFC-FLEXICAP-DG,ACMESOLAR,INE622W01025,INE622W01025-L2,2025-10-01,6641,281.8,1871433.8,11,STCG,2026-10-01,synthetic_curated
HDFC-FLEXICAP-DG,ACMESOLAR,INE622W01025,INE622W01025-L3,2024-11-01,3329,274.3,913144.7,22,LTCG,2025-11-01,synthetic_curated
HDFC-FLEXICAP-DG,VMM,INE01EA01019,INE01EA01019-L1,2024-12-01,33076,106.43,3520278.68,21,LTCG,2025-12-01,synthetic_curated
HDFC-FLEXICAP-DG,VMM,INE01EA01019,INE01EA01019-L2,2026-03-01,29898,105.3,3148259.4,6,STCG,2027-03-01,synthetic_curated
HDFC-FLEXICAP-DG,CRAFTSMAN,INE00LO01017,INE00LO01017-L1,2024-01-01,95,4376.3,415748.5,32,LTCG,2025-01-01,synthetic_curated
HDFC-FLEXICAP-DG,CRAFTSMAN,INE00LO01017,INE00LO01017-L2,2026-03-01,139,6977.0,969803.0,6,STCG,2027-03-01,synthetic_curated
HDFC-FLEXICAP-DG,CRAFTSMAN,INE00LO01017,INE00LO01017-L3,2023-10-01,62,4868.8,301865.6,35,LTCG,2024-10-01,synthetic_curated
HDFC-FLEXICAP-DG,CRAFTSMAN,INE00LO01017,INE00LO01017-L4,2024-08-01,157,6038.9,948107.3,25,LTCG,2025-08-01,synthetic_curated
HDFC-FLEXICAP-DG,CRAFTSMAN,INE00LO01017,INE00LO01017-L5,2025-07-01,113,6752.0,762976.0,14,LTCG,2026-07-01,synthetic_curated
HDFC-FLEXICAP-DG,KPIL,INE220B01022,INE220B01022-L1,2024-12-01,1191,1297.2,1544965.2,21,LTCG,2025-12-01,synthetic_curated
HDFC-FLEXICAP-DG,KPIL,INE220B01022,INE220B01022-L2,2026-06-01,2161,1370.1,2960786.1,3,STCG,2027-06-01,synthetic_curated
HDFC-FLEXICAP-DG,KPIL,INE220B01022,INE220B01022-L3,2026-09-01,1078,1445.5,1558249.0,0,STCG,2027-09-01,synthetic_curated
HDFC-FLEXICAP-DG,JSWINFRA,INE880J01026,INE880J01026-L1,2025-03-01,3829,319.8,1224514.2,18,LTCG,2026-03-01,synthetic_curated
HDFC-FLEXICAP-DG,JSWINFRA,INE880J01026,INE880J01026-L2,2025-11-01,7250,270.35,1960037.5,10,STCG,2026-11-01,synthetic_curated
HDFC-FLEXICAP-DG,JSWINFRA,INE880J01026,INE880J01026-L3,2024-03-01,6912,245.35,1695859.2,30,LTCG,2025-03-01,synthetic_curated
HDFC-FLEXICAP-DG,HAVELLS,INE176B01034,INE176B01034-L1,2024-04-01,1460,1664.0,2429440.0,29,LTCG,2025-04-01,synthetic_curated
HDFC-FLEXICAP-DG,HAVELLS,INE176B01034,INE176B01034-L2,2025-10-01,1337,1493.9,1997344.3,11,STCG,2026-10-01,synthetic_curated
HDFC-FLEXICAP-DG,HAVELLS,INE176B01034,INE176B01034-L3,2024-09-01,2593,2012.9,5219449.7,24,LTCG,2025-09-01,synthetic_curated
HDFC-FLEXICAP-DG,INFY,INE009A01021,INE009A01021-L1,2025-04-01,1428,1500.1,2142142.8,17,LTCG,2026-04-01,synthetic_curated
HDFC-FLEXICAP-DG,INFY,INE009A01021,INE009A01021-L2,2026-05-01,1346,1160.9,1562571.4,4,STCG,2027-05-01,synthetic_curated
HDFC-FLEXICAP-DG,INFY,INE009A01021,INE009A01021-L3,2023-09-01,1414,1435.45,2029726.3,36,LTCG,2024-09-01,synthetic_curated
HDFC-FLEXICAP-DG,INFY,INE009A01021,INE009A01021-L4,2023-10-01,651,1368.4,890828.4,35,LTCG,2024-10-01,synthetic_curated
HDFC-FLEXICAP-DG,INFY,INE009A01021,INE009A01021-L5,2025-06-01,959,1601.8,1536126.2,15,LTCG,2026-06-01,synthetic_curated
HDFC-FLEXICAP-DG,NEULANDLAB,INE794A01010,INE794A01010-L1,2023-10-01,53,3870.6,205141.8,35,LTCG,2024-10-01,synthetic_curated
HDFC-FLEXICAP-DG,NEULANDLAB,INE794A01010,INE794A01010-L2,2025-11-01,77,17288.0,1331176.0,10,STCG,2026-11-01,synthetic_curated
HDFC-FLEXICAP-DG,NEULANDLAB,INE794A01010,INE794A01010-L3,2024-01-01,31,6413.65,198823.15,32,LTCG,2025-01-01,synthetic_curated
HDFC-FLEXICAP-DG,NEULANDLAB,INE794A01010,INE794A01010-L4,2024-09-01,50,12386.4,619320.0,24,LTCG,2025-09-01,synthetic_curated
HDFC-FLEXICAP-DG,NEULANDLAB,INE794A01010,INE794A01010-L5,2026-08-01,46,23010.0,1058460.0,1,STCG,2027-08-01,synthetic_curated
HDFC-FLEXICAP-DG,ADANIENT,INE423A01024,INE423A01024-L1,2025-06-01,1074,2619.4,2813235.6,15,LTCG,2026-06-01,synthetic_curated
HDFC-FLEXICAP-DG,ADANIENT,INE423A01024,INE423A01024-L2,2026-02-01,847,2161.8,1831044.6,7,STCG,2027-02-01,synthetic_curated
HDFC-FLEXICAP-DG,NUVOCO,INE118D01016,INE118D01016-L1,2025-04-01,8173,319.25,2609230.25,17,LTCG,2026-04-01,synthetic_curated
HDFC-FLEXICAP-DG,NUVOCO,INE118D01016,INE118D01016-L2,2025-10-01,8896,414.65,3688726.4,11,STCG,2026-10-01,synthetic_curated
HDFC-FLEXICAP-DG,HEXT,INE093A01041,INE093A01041-L1,2025-03-01,2546,700.75,1784109.5,18,LTCG,2026-03-01,synthetic_curated
HDFC-FLEXICAP-DG,HEXT,INE093A01041,INE093A01041-L2,2026-04-01,1452,447.65,649987.8,5,STCG,2027-04-01,synthetic_curated
HDFC-FLEXICAP-DG,HEXT,INE093A01041,INE093A01041-L3,2025-03-01,2505,700.75,1755378.75,18,LTCG,2026-03-01,synthetic_curated
HDFC-FLEXICAP-DG,HEXT,INE093A01041,INE093A01041-L4,2025-02-01,2454,808.45,1983936.3,19,LTCG,2026-02-01,synthetic_curated
HDFC-FLEXICAP-DG,HEXT,INE093A01041,INE093A01041-L5,2025-02-01,1415,808.45,1143956.75,19,LTCG,2026-02-01,synthetic_curated
HDFC-FLEXICAP-DG,PRESTIGE,INE811K01011,INE811K01011-L1,2024-03-01,1319,1170.0,1543230.0,30,LTCG,2025-03-01,synthetic_curated
HDFC-FLEXICAP-DG,PRESTIGE,INE811K01011,INE811K01011-L2,2026-03-01,2505,1126.5,2821882.5,6,STCG,2027-03-01,synthetic_curated
HDFC-FLEXICAP-DG,ASHOKLEY,INE208A01029,INE208A01029-L1,2025-01-01,11862,108.42,1286078.04,20,LTCG,2026-01-01,synthetic_curated
HDFC-FLEXICAP-DG,ASHOKLEY,INE208A01029,INE208A01029-L2,2026-04-01,9278,162.09,1503871.02,5,STCG,2027-04-01,synthetic_curated
HDFC-FLEXICAP-DG,ASHOKLEY,INE208A01029,INE208A01029-L3,2026-02-01,10908,211.1,2302678.8,7,STCG,2027-02-01,synthetic_curated
HDFC-FLEXICAP-DG,BAJAJ-AUTO,INE917I01010,INE917I01010-L1,2024-06-01,67,9501.65,636610.55,27,LTCG,2025-06-01,synthetic_curated
HDFC-FLEXICAP-DG,BAJAJ-AUTO,INE917I01010,INE917I01010-L2,2026-05-01,122,10460.0,1276120.0,4,STCG,2027-05-01,synthetic_curated
HDFC-FLEXICAP-DG,BAJAJ-AUTO,INE917I01010,INE917I01010-L3,2024-01-01,85,7667.55,651741.75,32,LTCG,2025-01-01,synthetic_curated
HDFC-FLEXICAP-DG,BAJAJ-AUTO,INE917I01010,INE917I01010-L4,2024-02-01,59,7909.35,466651.65,31,LTCG,2025-02-01,synthetic_curated
HDFC-FLEXICAP-DG,BAJAJ-AUTO,INE917I01010,INE917I01010-L5,2024-09-01,126,12345.95,1555589.7,24,LTCG,2025-09-01,synthetic_curated
HDFC-FLEXICAP-DG,ICICIAMC,INE346A01027,INE346A01027-L1,2025-12-01,424,2661.1,1128306.4,9,STCG,2026-12-01,synthetic_curated
HDFC-FLEXICAP-DG,ICICIAMC,INE346A01027,INE346A01027-L2,2025-12-01,376,2661.1,1000573.6,9,STCG,2026-12-01,synthetic_curated
HDFC-FLEXICAP-DG,ICICIAMC,INE346A01027,INE346A01027-L3,2025-12-01,462,2661.1,1229428.2,9,STCG,2026-12-01,synthetic_curated
HDFC-FLEXICAP-DG,ICICIAMC,INE346A01027,INE346A01027-L4,2025-12-01,363,2661.1,965979.3,9,STCG,2026-12-01,synthetic_curated
HDFC-FLEXICAP-DG,BSE,INE118H01025,INE118H01025-L1,2025-08-01,482,2096.2,1010368.4,13,LTCG,2026-08-01,synthetic_curated
HDFC-FLEXICAP-DG,BSE,INE118H01025,INE118H01025-L2,2026-07-01,492,3646.2,1793930.4,2,STCG,2027-07-01,synthetic_curated
HDFC-FLEXICAP-DG,BSE,INE118H01025,INE118H01025-L3,2024-12-01,358,1775.13,635496.54,21,LTCG,2025-12-01,synthetic_curated
HDFC-FLEXICAP-DG,BSE,INE118H01025,INE118H01025-L4,2025-03-01,245,1826.6,447517.0,18,LTCG,2026-03-01,synthetic_curated
HDFC-FLEXICAP-DG,CORONA,INE02ZQ01018,INE02ZQ01018-L1,2025-12-01,1130,1384.9,1564937.0,9,STCG,2026-12-01,synthetic_curated
HDFC-FLEXICAP-DG,CORONA,INE02ZQ01018,INE02ZQ01018-L2,2026-05-01,1043,1676.7,1748798.1,4,STCG,2027-05-01,synthetic_curated
HDFC-FLEXICAP-DG,SAPPHIRE,INE806T01020,INE806T01020-L1,2024-04-01,10235,284.56,2912471.6,29,LTCG,2025-04-01,synthetic_curated
HDFC-FLEXICAP-DG,SAPPHIRE,INE806T01020,INE806T01020-L2,2026-04-01,10139,205.61,2084679.79,5,STCG,2027-04-01,synthetic_curated
HDFC-FLEXICAP-DG,NAM-INDIA,INE298J01013,INE298J01013-L1,2024-08-01,872,673.05,586899.6,25,LTCG,2025-08-01,synthetic_curated
HDFC-FLEXICAP-DG,NAM-INDIA,INE298J01013,INE298J01013-L2,2026-04-01,1077,1009.95,1087716.15,5,STCG,2027-04-01,synthetic_curated
HDFC-FLEXICAP-DG,NAM-INDIA,INE298J01013,INE298J01013-L3,2024-07-01,848,645.0,546960.0,26,LTCG,2025-07-01,synthetic_curated
HDFC-FLEXICAP-DG,NAM-INDIA,INE298J01013,INE298J01013-L4,2026-04-01,987,1009.95,996820.65,5,STCG,2027-04-01,synthetic_curated
HDFC-FLEXICAP-DG,SBIFUNDS,INE640G01020,INE640G01020-L1,2026-07-01,1048,589.15,617429.2,2,STCG,2027-07-01,synthetic_curated
HDFC-FLEXICAP-DG,SBIFUNDS,INE640G01020,INE640G01020-L2,2026-07-01,1372,589.15,808313.8,2,STCG,2027-07-01,synthetic_curated
HDFC-FLEXICAP-DG,SBIFUNDS,INE640G01020,INE640G01020-L3,2026-07-01,1975,589.15,1163571.25,2,STCG,2027-07-01,synthetic_curated
HDFC-FLEXICAP-DG,SBIFUNDS,INE640G01020,INE640G01020-L4,2026-07-01,1941,589.15,1143540.15,2,STCG,2027-07-01,synthetic_curated
HDFC-FLEXICAP-DG,SBIFUNDS,INE640G01020,INE640G01020-L5,2026-07-01,1402,589.15,825988.3,2,STCG,2027-07-01,synthetic_curated
HDFC-FLEXICAP-DG,CIEINDIA,INE536H01010,INE536H01010-L1,2025-06-01,1938,443.1,858727.8,15,LTCG,2026-06-01,synthetic_curated
HDFC-FLEXICAP-DG,CIEINDIA,INE536H01010,INE536H01010-L2,2025-10-01,3040,432.2,1313888.0,11,STCG,2026-10-01,synthetic_curated
HDFC-FLEXICAP-DG,CIEINDIA,INE536H01010,INE536H01010-L3,2025-07-01,3218,402.15,1294118.7,14,LTCG,2026-07-01,synthetic_curated
HDFC-FLEXICAP-DG,CIEINDIA,INE536H01010,INE536H01010-L4,2026-02-01,1905,471.65,898493.25,7,STCG,2027-02-01,synthetic_curated
HDFC-FLEXICAP-DG,METROPOLIS,INE112L01020,INE112L01020-L1,2024-12-01,3641,519.16,1890261.56,21,LTCG,2025-12-01,synthetic_curated
HDFC-FLEXICAP-DG,METROPOLIS,INE112L01020,INE112L01020-L2,2025-11-01,2695,482.75,1301011.25,10,STCG,2026-11-01,synthetic_curated
HDFC-FLEXICAP-DG,DIXON,INE935N01020,INE935N01020-L1,2024-08-01,63,13170.95,829769.85,25,LTCG,2025-08-01,synthetic_curated
HDFC-FLEXICAP-DG,DIXON,INE935N01020,INE935N01020-L2,2025-12-01,57,12102.0,689814.0,9,STCG,2026-12-01,synthetic_curated
HDFC-FLEXICAP-DG,DIXON,INE935N01020,INE935N01020-L3,2026-06-01,43,11920.0,512560.0,3,STCG,2027-06-01,synthetic_curated
HDFC-FLEXICAP-DG,DIXON,INE935N01020,INE935N01020-L4,2023-09-01,61,5289.25,322644.25,36,LTCG,2024-09-01,synthetic_curated
HDFC-FLEXICAP-DG,DIXON,INE935N01020,INE935N01020-L5,2024-09-01,51,13802.95,703950.45,24,LTCG,2025-09-01,synthetic_curated
HDFC-FLEXICAP-DG,ESCORTS,INE042A01014,INE042A01014-L1,2025-02-01,228,2868.95,654120.6,19,LTCG,2026-02-01,synthetic_curated
HDFC-FLEXICAP-DG,ESCORTS,INE042A01014,INE042A01014-L2,2026-03-01,335,2740.3,918000.5,6,STCG,2027-03-01,synthetic_curated
HDFC-FLEXICAP-DG,ESCORTS,INE042A01014,INE042A01014-L3,2025-05-01,151,3321.7,501576.7,16,LTCG,2026-05-01,synthetic_curated
HDFC-FLEXICAP-DG,ESCORTS,INE042A01014,INE042A01014-L4,2026-08-01,306,2995.0,916470.0,1,STCG,2027-08-01,synthetic_curated
HDFC-FLEXICAP-DG,ESCORTS,INE042A01014,INE042A01014-L5,2025-05-01,264,3321.7,876928.8,16,LTCG,2026-05-01,synthetic_curated
HDFC-FLEXICAP-DG,RAMCOCEM,INE331A01037,INE331A01037-L1,2024-10-01,2846,886.55,2523121.3,23,LTCG,2025-10-01,synthetic_curated
HDFC-FLEXICAP-DG,RAMCOCEM,INE331A01037,INE331A01037-L2,2025-07-01,1163,1177.2,1369083.6,14,LTCG,2026-07-01,synthetic_curated
HDFC-FLEXICAP-DG,CROMPTON,INE299U01018,INE299U01018-L1,2024-05-01,4848,392.25,1901628.0,28,LTCG,2025-05-01,synthetic_curated
HDFC-FLEXICAP-DG,CROMPTON,INE299U01018,INE299U01018-L2,2026-06-01,6395,274.75,1757026.25,3,STCG,2027-06-01,synthetic_curated
HDFC-FLEXICAP-DG,CROMPTON,INE299U01018,INE299U01018-L3,2025-09-01,3818,291.3,1112183.4,12,LTCG,2026-09-01,synthetic_curated
HDFC-FLEXICAP-DG,LICI,INE0J1Y01017,INE0J1Y01017-L1,2023-11-01,1751,339.75,594902.25,34,LTCG,2024-11-01,synthetic_curated
HDFC-FLEXICAP-DG,LICI,INE0J1Y01017,INE0J1Y01017-L2,2026-02-01,2271,424.7,964493.7,7,STCG,2027-02-01,synthetic_curated
HDFC-FLEXICAP-DG,LICI,INE0J1Y01017,INE0J1Y01017-L3,2026-06-01,1886,431.65,814091.9,3,STCG,2027-06-01,synthetic_curated
HDFC-FLEXICAP-DG,LICI,INE0J1Y01017,INE0J1Y01017-L4,2026-08-01,2038,418.0,851884.0,1,STCG,2027-08-01,synthetic_curated
HDFC-FLEXICAP-DG,RBA,INE07T201019,INE07T201019-L1,2025-05-01,7507,81.3,610319.1,16,LTCG,2026-05-01,synthetic_curated
HDFC-FLEXICAP-DG,RBA,INE07T201019,INE07T201019-L2,2025-11-01,4682,62.29,291641.78,10,STCG,2026-11-01,synthetic_curated
HDFC-FLEXICAP-DG,RBA,INE07T201019,INE07T201019-L3,2023-11-01,9430,116.25,1096237.5,34,LTCG,2024-11-01,synthetic_curated
HDFC-FLEXICAP-DG,RBA,INE07T201019,INE07T201019-L4,2025-08-01,3542,79.91,283041.22,13,LTCG,2026-08-01,synthetic_curated
HDFC-FLEXICAP-DG,RBA,INE07T201019,INE07T201019-L5,2024-06-01,9389,99.38,933078.82,27,LTCG,2025-06-01,synthetic_curated
HDFC-FLEXICAP-DG,SWIGGY,INE00H001014,INE00H001014-L1,2025-06-01,1523,400.4,609809.2,15,LTCG,2026-06-01,synthetic_curated
HDFC-FLEXICAP-DG,SWIGGY,INE00H001014,INE00H001014-L2,2026-06-01,2915,239.35,697705.25,3,STCG,2027-06-01,synthetic_curated
HDFC-FLEXICAP-DG,SWIGGY,INE00H001014,INE00H001014-L3,2024-11-01,2390,470.75,1125092.5,22,LTCG,2025-11-01,synthetic_curated
HDFC-FLEXICAP-DG,SWIGGY,INE00H001014,INE00H001014-L4,2024-11-01,1660,470.75,781445.0,22,LTCG,2025-11-01,synthetic_curated
HDFC-FLEXICAP-DG,SWIGGY,INE00H001014,INE00H001014-L5,2025-01-01,2717,416.1,1130543.7,20,LTCG,2026-01-01,synthetic_curated
HDFC-FLEXICAP-DG,APARINDS,INE372A01015,INE372A01015-L1,2023-10-01,64,5179.45,331484.8,35,LTCG,2024-10-01,synthetic_curated
HDFC-FLEXICAP-DG,APARINDS,INE372A01015,INE372A01015-L2,2026-09-01,95,18858.0,1791510.0,0,STCG,2027-09-01,synthetic_curated
HDFC-FLEXICAP-DG,BIOCON,INE376G01013,INE376G01013-L1,2024-03-01,2653,264.15,700789.95,30,LTCG,2025-03-01,synthetic_curated
HDFC-FLEXICAP-DG,BIOCON,INE376G01013,INE376G01013-L2,2026-01-01,1744,366.8,639699.2,8,STCG,2027-01-01,synthetic_curated
HDFC-FLEXICAP-DG,BIOCON,INE376G01013,INE376G01013-L3,2025-09-01,1276,341.0,435116.0,12,LTCG,2026-09-01,synthetic_curated
HDFC-FLEXICAP-DG,BIOCON,INE376G01013,INE376G01013-L4,2026-05-01,2141,428.65,917739.65,4,STCG,2027-05-01,synthetic_curated
HDFC-FLEXICAP-DG,ONGC,INE213A01029,INE213A01029-L1,2023-11-01,5010,194.95,976699.5,34,LTCG,2024-11-01,synthetic_curated
HDFC-FLEXICAP-DG,ONGC,INE213A01029,INE213A01029-L2,2026-02-01,7743,279.7,2165717.1,7,STCG,2027-02-01,synthetic_curated
HDFC-FLEXICAP-DG,ATHERENERG,INE0LEZ01016,INE0LEZ01016-L1,2025-05-01,390,313.0,122070.0,16,LTCG,2026-05-01,synthetic_curated
HDFC-FLEXICAP-DG,ATHERENERG,INE0LEZ01016,INE0LEZ01016-L2,2026-07-01,630,1260.3,793989.0,2,STCG,2027-07-01,synthetic_curated
HDFC-FLEXICAP-DG,ATHERENERG,INE0LEZ01016,INE0LEZ01016-L3,2025-05-01,593,313.0,185609.0,16,LTCG,2026-05-01,synthetic_curated
HDFC-FLEXICAP-DG,HINDPETRO,INE094A01015,INE094A01015-L1,2025-04-01,799,378.7,302581.3,17,LTCG,2026-04-01,synthetic_curated
HDFC-FLEXICAP-DG,HINDPETRO,INE094A01015,INE094A01015-L2,2025-12-01,1633,499.05,814948.65,9,STCG,2026-12-01,synthetic_curated
HDFC-FLEXICAP-DG,HINDPETRO,INE094A01015,INE094A01015-L3,2024-06-01,1425,332.1,473242.5,27,LTCG,2025-06-01,synthetic_curated
HDFC-FLEXICAP-DG,HINDPETRO,INE094A01015,INE094A01015-L4,2025-02-01,1711,293.75,502606.25,19,LTCG,2026-02-01,synthetic_curated
HDFC-FLEXICAP-DG,HINDPETRO,INE094A01015,INE094A01015-L5,2025-11-01,1580,457.5,722850.0,10,STCG,2026-11-01,synthetic_curated
HDFC-FLEXICAP-DG,JKLAKSHMI,INE786A01032,INE786A01032-L1,2024-05-01,1381,784.3,1083118.3,28,LTCG,2025-05-01,synthetic_curated
HDFC-FLEXICAP-DG,JKLAKSHMI,INE786A01032,INE786A01032-L2,2026-05-01,1056,590.35,623409.6,4,STCG,2027-05-01,synthetic_curated
HDFC-FLEXICAP-DG,JKLAKSHMI,INE786A01032,INE786A01032-L3,2024-12-01,1034,836.1,864527.4,21,LTCG,2025-12-01,synthetic_curated
HDFC-FLEXICAP-DG,JKLAKSHMI,INE786A01032,INE786A01032-L4,2024-07-01,1536,887.0,1362432.0,26,LTCG,2025-07-01,synthetic_curated
HDFC-FLEXICAP-DG,DIACABS,INE989C01038,INE989C01038-L1,2025-05-01,2186,113.41,247914.26,16,LTCG,2026-05-01,synthetic_curated
HDFC-FLEXICAP-DG,DIACABS,INE989C01038,INE989C01038-L2,2026-08-01,4400,347.3,1528120.0,1,STCG,2027-08-01,synthetic_curated
HDFC-FLEXICAP-DG,RUBICON,INE506V01022,INE506V01022-L1,2025-10-01,767,618.15,474121.05,11,STCG,2026-10-01,synthetic_curated
HDFC-FLEXICAP-DG,RUBICON,INE506V01022,INE506V01022-L2,2026-04-01,303,969.95,293894.85,5,STCG,2027-04-01,synthetic_curated
HDFC-FLEXICAP-DG,RUBICON,INE506V01022,INE506V01022-L3,2025-10-01,315,618.15,194717.25,11,STCG,2026-10-01,synthetic_curated
HDFC-FLEXICAP-DG,ABB,INE117A01022,INE117A01022-L1,2025-04-01,48,5522.5,265080.0,17,LTCG,2026-04-01,synthetic_curated
HDFC-FLEXICAP-DG,ABB,INE117A01022,INE117A01022-L2,2026-08-01,61,7638.5,465948.5,1,STCG,2027-08-01,synthetic_curated
HDFC-FLEXICAP-DG,ABB,INE117A01022,INE117A01022-L3,2025-08-01,49,4999.0,244951.0,13,LTCG,2026-08-01,synthetic_curated
HDFC-FLEXICAP-DG,ABB,INE117A01022,INE117A01022-L4,2025-07-01,29,5510.0,159790.0,14,LTCG,2026-07-01,synthetic_curated
HDFC-FLEXICAP-DG,TENNIND,INE19RI01016,INE19RI01016-L1,2025-11-01,336,483.95,162607.2,10,STCG,2026-11-01,synthetic_curated
HDFC-FLEXICAP-DG,TENNIND,INE19RI01016,INE19RI01016-L2,2026-03-01,712,515.1,366751.2,6,STCG,2027-03-01,synthetic_curated
HDFC-FLEXICAP-DG,TENNIND,INE19RI01016,INE19RI01016-L3,2025-11-01,489,483.95,236651.55,10,STCG,2026-11-01,synthetic_curated
HDFC-FLEXICAP-DG,TENNIND,INE19RI01016,INE19RI01016-L4,2025-11-01,675,483.95,326666.25,10,STCG,2026-11-01,synthetic_curated
HDFC-FLEXICAP-DG,BANKBARODA,INE028A01039,INE028A01039-L1,2023-11-01,772,197.1,152161.2,34,LTCG,2024-11-01,synthetic_curated
HDFC-FLEXICAP-DG,BANKBARODA,INE028A01039,INE028A01039-L2,2025-12-01,956,295.9,282880.4,9,STCG,2026-12-01,synthetic_curated
HDFC-FLEXICAP-DG,BANKBARODA,INE028A01039,INE028A01039-L3,2024-08-01,887,250.1,221838.7,25,LTCG,2025-08-01,synthetic_curated
HDFC-FLEXICAP-DG,BANKBARODA,INE028A01039,INE028A01039-L4,2023-09-01,1295,213.95,277065.25,36,LTCG,2024-09-01,synthetic_curated
HDFC-FLEXICAP-DG,INE0NDH25011,INE0NDH25011,INE0NDH25011-L1,2024-06-01,26971857.0,96.6,2605481386.2,27,LTCG,2025-06-01,synthetic_curated
HDFC-FLEXICAP-DG,INE0NDH25011,INE0NDH25011,INE0NDH25011-L2,2025-10-01,22805077,101.49,2314487264.73,11,STCG,2026-10-01,synthetic_curated
HDFC-FLEXICAP-DG,INE0NDH25011,INE0NDH25011,INE0NDH25011-L3,2025-12-01,17844946,122.44,2184935188.24,9,STCG,2026-12-01,synthetic_curated
HDFC-FLEXICAP-DG,INE0NDH25011,INE0NDH25011,INE0NDH25011-L4,2023-10-01,21001766,91.23,1915991112.18,35,LTCG,2024-10-01,synthetic_curated
HDFC-FLEXICAP-DG,INE0NDH25011,INE0NDH25011,INE0NDH25011-L5,2026-04-01,21376354,93.39,1996337700.06,5,STCG,2027-04-01,synthetic_curated
HDFC-FLEXICAP-DG,EMBASSY,INE041025011,INE041025011-L1,2024-02-01,7776,373.8,2906668.8,31,LTCG,2025-02-01,synthetic_curated
HDFC-FLEXICAP-DG,EMBASSY,INE041025011,INE041025011-L2,2026-01-01,6887,434.26,2990748.62,8,STCG,2027-01-01,synthetic_curated
ICICIPRU-LARGECAP-DG,ICICIBANK,INE090A01021,INE090A01021-L1,2023-10-01,13323,915.35,12195208.05,35,LTCG,2024-10-01,synthetic_curated
ICICIPRU-LARGECAP-DG,ICICIBANK,INE090A01021,INE090A01021-L2,2026-05-01,13159,1256.4,16532967.6,4,STCG,2027-05-01,synthetic_curated
ICICIPRU-LARGECAP-DG,ICICIBANK,INE090A01021,INE090A01021-L3,2024-04-01,12631,1150.4,14530702.4,29,LTCG,2025-04-01,synthetic_curated
ICICIPRU-LARGECAP-DG,ICICIBANK,INE090A01021,INE090A01021-L4,2025-08-01,9846,1397.8,13762738.8,13,LTCG,2026-08-01,synthetic_curated
ICICIPRU-LARGECAP-DG,ICICIBANK,INE090A01021,INE090A01021-L5,2025-01-01,6998,1252.8,8767094.4,20,LTCG,2026-01-01,synthetic_curated
ICICIPRU-LARGECAP-DG,HDFCBANK,INE040A01034,INE040A01034-L1,2025-05-01,10778,972.45,10481066.1,16,LTCG,2026-05-01,synthetic_curated
ICICIPRU-LARGECAP-DG,HDFCBANK,INE040A01034,INE040A01034-L2,2026-07-01,26509,748.15,19832708.35,2,STCG,2027-07-01,synthetic_curated
ICICIPRU-LARGECAP-DG,HDFCBANK,INE040A01034,INE040A01034-L3,2025-05-01,22307,972.45,21692442.15,16,LTCG,2026-05-01,synthetic_curated
ICICIPRU-LARGECAP-DG,HDFCBANK,INE040A01034,INE040A01034-L4,2023-12-01,16797,854.62,14355052.14,33,LTCG,2024-12-01,synthetic_curated
ICICIPRU-LARGECAP-DG,HDFCBANK,INE040A01034,INE040A01034-L5,2025-07-01,9830,1009.1,9919453.0,14,LTCG,2026-07-01,synthetic_curated
ICICIPRU-LARGECAP-DG,RELIANCE,INE002A01018,INE002A01018-L1,2023-12-01,6675,1292.47,8627237.25,33,LTCG,2024-12-01,synthetic_curated
ICICIPRU-LARGECAP-DG,RELIANCE,INE002A01018,INE002A01018-L2,2026-06-01,8481,1293.9,10973565.9,3,STCG,2027-06-01,synthetic_curated
ICICIPRU-LARGECAP-DG,RELIANCE,INE002A01018,INE002A01018-L3,2025-09-01,5739,1364.0,7827996.0,12,LTCG,2026-09-01,synthetic_curated
ICICIPRU-LARGECAP-DG,RELIANCE,INE002A01018,INE002A01018-L4,2023-12-01,9340,1292.47,12071669.8,33,LTCG,2024-12-01,synthetic_curated
ICICIPRU-LARGECAP-DG,RELIANCE,INE002A01018,INE002A01018-L5,2025-02-01,6309,1200.1,7571430.9,19,LTCG,2026-02-01,synthetic_curated
ICICIPRU-LARGECAP-DG,LT,INE018A01030,INE018A01030-L1,2024-12-01,3594,3607.65,12965894.1,21,LTCG,2025-12-01,synthetic_curated
ICICIPRU-LARGECAP-DG,LT,INE018A01030,INE018A01030-L2,2026-05-01,3413,4076.5,13913094.5,4,STCG,2027-05-01,synthetic_curated
ICICIPRU-LARGECAP-DG,LT,INE018A01030,INE018A01030-L3,2025-06-01,1480,3669.8,5431304.0,15,LTCG,2026-06-01,synthetic_curated
ICICIPRU-LARGECAP-DG,AXISBANK,INE238A01034,INE238A01034-L1,2025-04-01,14113,1185.0,16723905.0,17,LTCG,2026-04-01,synthetic_curated
ICICIPRU-LARGECAP-DG,AXISBANK,INE238A01034,INE238A01034-L2,2026-04-01,11907,1268.3,15101648.1,5,STCG,2027-04-01,synthetic_curated
ICICIPRU-LARGECAP-DG,BHARTIARTL,INE397D01024,INE397D01024-L1,2024-08-01,7214,1589.05,11463406.7,25,LTCG,2025-08-01,synthetic_curated
ICICIPRU-LARGECAP-DG,BHARTIARTL,INE397D01024,INE397D01024-L2,2026-02-01,4507,1879.3,8470005.1,7,STCG,2027-02-01,synthetic_curated
ICICIPRU-LARGECAP-DG,BHARTIARTL,INE397D01024,INE397D01024-L3,2023-10-01,5126,914.4,4687214.4,35,LTCG,2024-10-01,synthetic_curated
ICICIPRU-LARGECAP-DG,MARUTI,INE585B01010,INE585B01010-L1,2025-06-01,481,12400.0,5964400.0,15,LTCG,2026-06-01,synthetic_curated
ICICIPRU-LARGECAP-DG,MARUTI,INE585B01010,INE585B01010-L2,2026-06-01,644,14115.0,9090060.0,3,STCG,2027-06-01,synthetic_curated
ICICIPRU-LARGECAP-DG,MARUTI,INE585B01010,INE585B01010-L3,2025-01-01,303,12310.65,3730126.95,20,LTCG,2026-01-01,synthetic_curated
ICICIPRU-LARGECAP-DG,MARUTI,INE585B01010,INE585B01010-L4,2024-04-01,515,12817.5,6601012.5,29,LTCG,2025-04-01,synthetic_curated
ICICIPRU-LARGECAP-DG,ULTRACEMCO,INE481G01011,INE481G01011-L1,2025-03-01,559,11509.55,6433838.45,18,LTCG,2026-03-01,synthetic_curated
ICICIPRU-LARGECAP-DG,ULTRACEMCO,INE481G01011,INE481G01011-L2,2026-03-01,980,10745.0,10530100.0,6,STCG,2027-03-01,synthetic_curated
ICICIPRU-LARGECAP-DG,ULTRACEMCO,INE481G01011,INE481G01011-L3,2025-05-01,579,11210.0,6490590.0,16,LTCG,2026-05-01,synthetic_curated
ICICIPRU-LARGECAP-DG,INFY,INE009A01021,INE009A01021-L1,2025-04-01,5139,1500.1,7709013.9,17,LTCG,2026-04-01,synthetic_curated
ICICIPRU-LARGECAP-DG,INFY,INE009A01021,INE009A01021-L2,2026-05-01,4852,1160.9,5632686.8,4,STCG,2027-05-01,synthetic_curated
ICICIPRU-LARGECAP-DG,INFY,INE009A01021,INE009A01021-L3,2023-09-01,5096,1435.45,7315053.2,36,LTCG,2024-09-01,synthetic_curated
ICICIPRU-LARGECAP-DG,INFY,INE009A01021,INE009A01021-L4,2023-10-01,2348,1368.4,3213003.2,35,LTCG,2024-10-01,synthetic_curated
ICICIPRU-LARGECAP-DG,INFY,INE009A01021,INE009A01021-L5,2025-06-01,3456,1601.8,5535820.8,15,LTCG,2026-06-01,synthetic_curated
ICICIPRU-LARGECAP-DG,LICI,INE0J1Y01017,INE0J1Y01017-L1,2023-11-01,11310,339.75,3842572.5,34,LTCG,2024-11-01,synthetic_curated
ICICIPRU-LARGECAP-DG,LICI,INE0J1Y01017,INE0J1Y01017-L2,2026-02-01,14672,424.7,6231198.4,7,STCG,2027-02-01,synthetic_curated
ICICIPRU-LARGECAP-DG,LICI,INE0J1Y01017,INE0J1Y01017-L3,2026-06-01,12187,431.65,5260518.55,3,STCG,2027-06-01,synthetic_curated
ICICIPRU-LARGECAP-DG,LICI,INE0J1Y01017,INE0J1Y01017-L4,2026-08-01,13166,418.0,5503388.0,1,STCG,2027-08-01,synthetic_curated
ICICIPRU-LARGECAP-DG,KOTAKBANK,INE237A01036,INE237A01036-L1,2025-08-01,16702,392.06,6548186.12,13,LTCG,2026-08-01,synthetic_curated
ICICIPRU-LARGECAP-DG,KOTAKBANK,INE237A01036,INE237A01036-L2,2026-01-01,13675,408.0,5579400.0,8,STCG,2027-01-01,synthetic_curated
ICICIPRU-LARGECAP-DG,KOTAKBANK,INE237A01036,INE237A01036-L3,2024-07-01,17708,361.58,6402858.64,26,LTCG,2025-07-01,synthetic_curated
ICICIPRU-LARGECAP-DG,M&M,INE101A01026,INE101A01026-L1,2025-08-01,2236,3199.5,7154082.0,13,LTCG,2026-08-01,synthetic_curated
ICICIPRU-LARGECAP-DG,M&M,INE101A01026,INE101A01026-L2,2026-03-01,2294,2954.7,6778081.8,6,STCG,2027-03-01,synthetic_curated
ICICIPRU-LARGECAP-DG,M&M,INE101A01026,INE101A01026-L3,2024-06-01,771,2866.65,2210187.15,27,LTCG,2025-06-01,synthetic_curated
ICICIPRU-LARGECAP-DG,M&M,INE101A01026,INE101A01026-L4,2026-02-01,1194,3397.4,4056495.6,7,STCG,2027-02-01,synthetic_curated
ICICIPRU-LARGECAP-DG,SUNPHARMA,INE044A01036,INE044A01036-L1,2024-02-01,4540,1577.95,7163893.0,31,LTCG,2025-02-01,synthetic_curated
ICICIPRU-LARGECAP-DG,SUNPHARMA,INE044A01036,INE044A01036-L2,2025-12-01,2759,1719.7,4744652.3,9,STCG,2026-12-01,synthetic_curated
ICICIPRU-LARGECAP-DG,SUNPHARMA,INE044A01036,INE044A01036-L3,2024-02-01,2498,1577.95,3941719.1,31,LTCG,2025-02-01,synthetic_curated
ICICIPRU-LARGECAP-DG,NTPC,INE733E01010,INE733E01010-L1,2025-06-01,15866,334.9,5313523.4,15,LTCG,2026-06-01,synthetic_curated
ICICIPRU-LARGECAP-DG,NTPC,INE733E01010,INE733E01010-L2,2025-10-01,33605,336.95,11323204.75,11,STCG,2026-10-01,synthetic_curated
ICICIPRU-LARGECAP-DG,ASIANPAINT,INE021A01026,INE021A01026-L1,2023-11-01,2602,3119.9,8117979.8,34,LTCG,2024-11-01,synthetic_curated
ICICIPRU-LARGECAP-DG,ASIANPAINT,INE021A01026,INE021A01026-L2,2026-02-01,2456,2376.2,5835947.2,7,STCG,2027-02-01,synthetic_curated
ICICIPRU-LARGECAP-DG,TATASTEEL,INE081A01020,INE081A01020-L1,2023-10-01,20072,118.75,2383550.0,35,LTCG,2024-10-01,synthetic_curated
ICICIPRU-LARGECAP-DG,TATASTEEL,INE081A01020,INE081A01020-L2,2026-01-01,24636,193.13,4757950.68,8,STCG,2027-01-01,synthetic_curated
ICICIPRU-LARGECAP-DG,TATASTEEL,INE081A01020,INE081A01020-L3,2026-08-01,19799,184.35,3649945.65,1,STCG,2027-08-01,synthetic_curated
ICICIPRU-LARGECAP-DG,SBIN,INE062A01020,INE062A01020-L1,2024-04-01,3243,826.25,2679528.75,29,LTCG,2025-04-01,synthetic_curated
ICICIPRU-LARGECAP-DG,SBIN,INE062A01020,INE062A01020-L2,2025-11-01,1823,979.0,1784717.0,10,STCG,2026-11-01,synthetic_curated
ICICIPRU-LARGECAP-DG,SBIN,INE062A01020,INE062A01020-L3,2025-03-01,1898,771.5,1464307.0,18,LTCG,2026-03-01,synthetic_curated
ICICIPRU-LARGECAP-DG,SBIN,INE062A01020,INE062A01020-L4,2026-04-01,1445,1068.45,1543910.25,5,STCG,2027-04-01,synthetic_curated
ICICIPRU-LARGECAP-DG,SBIN,INE062A01020,INE062A01020-L5,2026-02-01,2910,1201.7,3496947.0,7,STCG,2027-02-01,synthetic_curated
ICICIPRU-LARGECAP-DG,INDIGO,INE646L01027,INE646L01027-L1,2023-10-01,412,2453.85,1010986.2,35,LTCG,2024-10-01,synthetic_curated
ICICIPRU-LARGECAP-DG,INDIGO,INE646L01027,INE646L01027-L2,2026-04-01,702,4295.3,3015300.6,5,STCG,2027-04-01,synthetic_curated
ICICIPRU-LARGECAP-DG,INDIGO,INE646L01027,INE646L01027-L3,2025-12-01,394,5059.5,1993443.0,9,STCG,2026-12-01,synthetic_curated
ICICIPRU-LARGECAP-DG,INDIGO,INE646L01027,INE646L01027-L4,2025-08-01,704,5646.0,3974784.0,13,LTCG,2026-08-01,synthetic_curated
ICICIPRU-LARGECAP-DG,DLF,INE271C01023,INE271C01023-L1,2024-06-01,2413,824.75,1990121.75,27,LTCG,2025-06-01,synthetic_curated
ICICIPRU-LARGECAP-DG,DLF,INE271C01023,INE271C01023-L2,2026-02-01,2514,603.85,1518078.9,7,STCG,2027-02-01,synthetic_curated
ICICIPRU-LARGECAP-DG,DLF,INE271C01023,INE271C01023-L3,2024-05-01,2386,815.65,1946140.9,28,LTCG,2025-05-01,synthetic_curated
ICICIPRU-LARGECAP-DG,DLF,INE271C01023,INE271C01023-L4,2025-10-01,4262,756.25,3223137.5,11,STCG,2026-10-01,synthetic_curated
ICICIPRU-LARGECAP-DG,DLF,INE271C01023,INE271C01023-L5,2024-07-01,4819,889.15,4284813.85,26,LTCG,2025-07-01,synthetic_curated
ICICIPRU-LARGECAP-DG,DMART,INE192R01011,INE192R01011-L1,2023-10-01,674,3633.4,2448911.6,35,LTCG,2024-10-01,synthetic_curated
ICICIPRU-LARGECAP-DG,DMART,INE192R01011,INE192R01011-L2,2026-03-01,513,3956.8,2029838.4,6,STCG,2027-03-01,synthetic_curated
ICICIPRU-LARGECAP-DG,DMART,INE192R01011,INE192R01011-L3,2025-10-01,378,4153.5,1570023.0,11,STCG,2026-10-01,synthetic_curated
ICICIPRU-LARGECAP-DG,DMART,INE192R01011,INE192R01011-L4,2024-10-01,329,3930.7,1293200.3,23,LTCG,2025-10-01,synthetic_curated
ICICIPRU-LARGECAP-DG,DMART,INE192R01011,INE192R01011-L5,2024-09-01,446,5096.3,2272949.8,24,LTCG,2025-09-01,synthetic_curated
ICICIPRU-LARGECAP-DG,HDFCAMC,INE127D01025,INE127D01025-L1,2024-07-01,601,2057.12,1236329.12,26,LTCG,2025-07-01,synthetic_curated
ICICIPRU-LARGECAP-DG,HDFCAMC,INE127D01025,INE127D01025-L2,2026-02-01,682,2698.6,1840445.2,7,STCG,2027-02-01,synthetic_curated
ICICIPRU-LARGECAP-DG,HDFCAMC,INE127D01025,INE127D01025-L3,2024-07-01,752,2057.12,1546954.24,26,LTCG,2025-07-01,synthetic_curated
ICICIPRU-LARGECAP-DG,HDFCAMC,INE127D01025,INE127D01025-L4,2024-09-01,1557,2149.65,3347005.05,24,LTCG,2025-09-01,synthetic_curated
ICICIPRU-LARGECAP-DG,HDFCLIFE,INE795G01014,INE795G01014-L1,2024-10-01,6960,720.15,5012244.0,23,LTCG,2025-10-01,synthetic_curated
ICICIPRU-LARGECAP-DG,HDFCLIFE,INE795G01014,INE795G01014-L2,2026-02-01,5799,715.3,4148024.7,7,STCG,2027-02-01,synthetic_curated
ICICIPRU-LARGECAP-DG,HDFCLIFE,INE795G01014,INE795G01014-L3,2026-07-01,2888,548.5,1584068.0,2,STCG,2027-07-01,synthetic_curated
ICICIPRU-LARGECAP-DG,HAL,INE066F01020,INE066F01020-L1,2025-06-01,721,4869.8,3511125.8,15,LTCG,2026-06-01,synthetic_curated
ICICIPRU-LARGECAP-DG,HAL,INE066F01020,INE066F01020-L2,2026-01-01,698,4619.4,3224341.2,8,STCG,2027-01-01,synthetic_curated
ICICIPRU-LARGECAP-DG,HAL,INE066F01020,INE066F01020-L3,2025-12-01,340,4388.7,1492158.0,9,STCG,2026-12-01,synthetic_curated
ICICIPRU-LARGECAP-DG,ICICIPRULI,INE726G01019,INE726G01019-L1,2024-07-01,9529,735.95,7012867.55,26,LTCG,2025-07-01,synthetic_curated
ICICIPRU-LARGECAP-DG,ICICIPRULI,INE726G01019,INE726G01019-L2,2026-07-01,7600,515.4,3917040.0,2,STCG,2027-07-01,synthetic_curated
ICICIPRU-LARGECAP-DG,HEROMOTOCO,INE158A01026,INE158A01026-L1,2025-01-01,245,4339.15,1063091.75,20,LTCG,2026-01-01,synthetic_curated
ICICIPRU-LARGECAP-DG,HEROMOTOCO,INE158A01026,INE158A01026-L2,2026-07-01,474,5386.0,2552964.0,2,STCG,2027-07-01,synthetic_curated
ICICIPRU-LARGECAP-DG,HEROMOTOCO,INE158A01026,INE158A01026-L3,2026-05-01,249,4903.0,1220847.0,4,STCG,2027-05-01,synthetic_curated
ICICIPRU-LARGECAP-DG,HEROMOTOCO,INE158A01026,INE158A01026-L4,2024-09-01,550,5712.4,3141820.0,24,LTCG,2025-09-01,synthetic_curated
ICICIPRU-LARGECAP-DG,ONGC,INE213A01029,INE213A01029-L1,2023-11-01,13009,194.95,2536104.55,34,LTCG,2024-11-01,synthetic_curated
ICICIPRU-LARGECAP-DG,ONGC,INE213A01029,INE213A01029-L2,2026-02-01,20108,279.7,5624207.6,7,STCG,2027-02-01,synthetic_curated
ICICIPRU-LARGECAP-DG,POWERGRID,INE752E01010,INE752E01010-L1,2024-01-01,5564,259.3,1442745.2,32,LTCG,2025-01-01,synthetic_curated
ICICIPRU-LARGECAP-DG,POWERGRID,INE752E01010,INE752E01010-L2,2026-06-01,4342,286.3,1243114.6,3,STCG,2027-06-01,synthetic_curated
ICICIPRU-LARGECAP-DG,POWERGRID,INE752E01010,INE752E01010-L3,2026-02-01,8204,298.65,2450124.6,7,STCG,2027-02-01,synthetic_curated
ICICIPRU-LARGECAP-DG,POWERGRID,INE752E01010,INE752E01010-L4,2025-03-01,9510,290.35,2761228.5,18,LTCG,2026-03-01,synthetic_curated
ICICIPRU-LARGECAP-DG,SBILIFE,INE123W01016,INE123W01016-L1,2024-12-01,2454,1390.4,3412041.6,21,LTCG,2025-12-01,synthetic_curated
ICICIPRU-LARGECAP-DG,SBILIFE,INE123W01016,INE123W01016-L2,2026-06-01,1847,1765.7,3261247.9,3,STCG,2027-06-01,synthetic_curated
ICICIPRU-LARGECAP-DG,BRITANNIA,INE216A01030,INE216A01030-L1,2024-06-01,536,5475.55,2934894.8,27,LTCG,2025-06-01,synthetic_curated
ICICIPRU-LARGECAP-DG,BRITANNIA,INE216A01030,INE216A01030-L2,2026-06-01,483,5146.5,2485759.5,3,STCG,2027-06-01,synthetic_curated
ICICIPRU-LARGECAP-DG,BRITANNIA,INE216A01030,INE216A01030-L3,2024-12-01,447,4762.75,2128949.25,21,LTCG,2025-12-01,synthetic_curated
ICICIPRU-LARGECAP-DG,DRREDDY,INE089A01031,INE089A01031-L1,2024-03-01,2230,1231.58,2746423.4,30,LTCG,2025-03-01,synthetic_curated
ICICIPRU-LARGECAP-DG,DRREDDY,INE089A01031,INE089A01031-L2,2026-05-01,1743,1303.5,2272000.5,4,STCG,2027-05-01,synthetic_curated
ICICIPRU-LARGECAP-DG,DRREDDY,INE089A01031,INE089A01031-L3,2024-08-01,2162,1406.27,3040355.74,25,LTCG,2025-08-01,synthetic_curated
ICICIPRU-LARGECAP-DG,UNITDSPR,INE854D01024,INE854D01024-L1,2024-12-01,3047,1625.45,4952746.15,21,LTCG,2025-12-01,synthetic_curated
ICICIPRU-LARGECAP-DG,UNITDSPR,INE854D01024,INE854D01024-L2,2026-08-01,2077,1490.0,3094730.0,1,STCG,2027-08-01,synthetic_curated
ICICIPRU-LARGECAP-DG,HINDUNILVR,INE030A01027,INE030A01027-L1,2024-07-01,1434,2705.65,3879902.1,26,LTCG,2025-07-01,synthetic_curated
ICICIPRU-LARGECAP-DG,HINDUNILVR,INE030A01027,INE030A01027-L2,2026-02-01,1458,2338.1,3408949.8,7,STCG,2027-02-01,synthetic_curated
ICICIPRU-LARGECAP-DG,HINDUNILVR,INE030A01027,INE030A01027-L3,2024-09-01,649,2958.3,1919936.7,24,LTCG,2025-09-01,synthetic_curated
ICICIPRU-LARGECAP-DG,CUMMINSIND,INE298A01020,INE298A01020-L1,2025-05-01,340,3268.1,1111154.0,16,LTCG,2026-05-01,synthetic_curated
ICICIPRU-LARGECAP-DG,CUMMINSIND,INE298A01020,INE298A01020-L2,2026-05-01,159,5881.0,935079.0,4,STCG,2027-05-01,synthetic_curated
ICICIPRU-LARGECAP-DG,CUMMINSIND,INE298A01020,INE298A01020-L3,2023-12-01,199,1963.95,390826.05,33,LTCG,2024-12-01,synthetic_curated
ICICIPRU-LARGECAP-DG,CUMMINSIND,INE298A01020,INE298A01020-L4,2025-03-01,240,3051.85,732444.0,18,LTCG,2026-03-01,synthetic_curated
ICICIPRU-LARGECAP-DG,CUMMINSIND,INE298A01020,INE298A01020-L5,2025-02-01,314,2717.95,853436.3,19,LTCG,2026-02-01,synthetic_curated
ICICIPRU-LARGECAP-DG,ITC,INE154A01025,INE154A01025-L1,2024-08-01,8244,483.29,3984242.76,25,LTCG,2025-08-01,synthetic_curated
ICICIPRU-LARGECAP-DG,ITC,INE154A01025,INE154A01025-L2,2026-04-01,5722,314.9,1801857.8,5,STCG,2027-04-01,synthetic_curated
ICICIPRU-LARGECAP-DG,ITC,INE154A01025,INE154A01025-L3,2024-09-01,10340,498.93,5158936.2,24,LTCG,2025-09-01,synthetic_curated
ICICIPRU-LARGECAP-DG,HYUNDAI,INE0V6F01027,INE0V6F01027-L1,2024-10-01,1594,1822.55,2905144.7,23,LTCG,2025-10-01,synthetic_curated
ICICIPRU-LARGECAP-DG,HYUNDAI,INE0V6F01027,INE0V6F01027-L2,2025-10-01,1262,2438.7,3077639.4,11,STCG,2026-10-01,synthetic_curated
ICICIPRU-LARGECAP-DG,SIEMENS,INE003A01024,INE003A01024-L1,2023-09-01,606,2155.76,1306390.56,36,LTCG,2024-09-01,synthetic_curated
ICICIPRU-LARGECAP-DG,SIEMENS,INE003A01024,INE003A01024-L2,2026-03-01,421,2935.0,1235635.0,6,STCG,2027-03-01,synthetic_curated
ICICIPRU-LARGECAP-DG,SIEMENS,INE003A01024,INE003A01024-L3,2024-06-01,459,4522.54,2075845.86,27,LTCG,2025-06-01,synthetic_curated
ICICIPRU-LARGECAP-DG,TRENT,INE849A01020,INE849A01020-L1,2023-11-01,851,2787.0,2371737.0,34,LTCG,2024-11-01,synthetic_curated
ICICIPRU-LARGECAP-DG,TRENT,INE849A01020,INE849A01020-L2,2026-07-01,764,3005.9,2296507.6,2,STCG,2027-07-01,synthetic_curated
ICICIPRU-LARGECAP-DG,TRENT,INE849A01020,INE849A01020-L3,2025-06-01,409,6217.5,2542957.5,15,LTCG,2026-06-01,synthetic_curated
ICICIPRU-LARGECAP-DG,TMCV,INE1TAE01010,INE1TAE01010-L1,2025-11-01,5089,352.0,1791328.0,10,STCG,2026-11-01,synthetic_curated
ICICIPRU-LARGECAP-DG,TMCV,INE1TAE01010,INE1TAE01010-L2,2026-07-01,7611,436.8,3324484.8,2,STCG,2027-07-01,synthetic_curated
ICICIPRU-LARGECAP-DG,VAML,INE1CDF01017,INE1CDF01017-L1,2026-06-01,3497,448.46,1568264.62,3,STCG,2027-06-01,synthetic_curated
ICICIPRU-LARGECAP-DG,VAML,INE1CDF01017,INE1CDF01017-L2,2026-06-01,5441,448.46,2440070.86,3,STCG,2027-06-01,synthetic_curated
ICICIPRU-LARGECAP-DG,VAML,INE1CDF01017,INE1CDF01017-L3,2026-06-01,4425,448.46,1984435.5,3,STCG,2027-06-01,synthetic_curated
ICICIPRU-LARGECAP-DG,SHREECEM,INE070A01015,INE070A01015-L1,2025-04-01,39,29710.0,1158690.0,17,LTCG,2026-04-01,synthetic_curated
ICICIPRU-LARGECAP-DG,SHREECEM,INE070A01015,INE070A01015-L2,2026-06-01,60,25250.0,1515000.0,3,STCG,2027-06-01,synthetic_curated
ICICIPRU-LARGECAP-DG,SHREECEM,INE070A01015,INE070A01015-L3,2025-06-01,88,31030.0,2730640.0,15,LTCG,2026-06-01,synthetic_curated
ICICIPRU-LARGECAP-DG,SHREECEM,INE070A01015,INE070A01015-L4,2024-11-01,52,26076.45,1355975.4,22,LTCG,2025-11-01,synthetic_curated
ICICIPRU-LARGECAP-DG,BSE,INE118H01025,INE118H01025-L1,2025-08-01,497,2096.2,1041811.4,13,LTCG,2026-08-01,synthetic_curated
ICICIPRU-LARGECAP-DG,BSE,INE118H01025,INE118H01025-L2,2026-07-01,508,3646.2,1852269.6,2,STCG,2027-07-01,synthetic_curated
ICICIPRU-LARGECAP-DG,BSE,INE118H01025,INE118H01025-L3,2024-12-01,369,1775.13,655022.97,21,LTCG,2025-12-01,synthetic_curated
ICICIPRU-LARGECAP-DG,BSE,INE118H01025,INE118H01025-L4,2025-03-01,253,1826.6,462129.8,18,LTCG,2026-03-01,synthetic_curated
ICICIPRU-LARGECAP-DG,MAXHEALTH,INE027H01010,INE027H01010-L1,2024-09-01,1222,985.75,1204586.5,24,LTCG,2025-09-01,synthetic_curated
ICICIPRU-LARGECAP-DG,MAXHEALTH,INE027H01010,INE027H01010-L2,2025-10-01,1281,1147.8,1470331.8,11,STCG,2026-10-01,synthetic_curated
ICICIPRU-LARGECAP-DG,MAXHEALTH,INE027H01010,INE027H01010-L3,2025-08-01,1316,1154.3,1519058.8,13,LTCG,2026-08-01,synthetic_curated
ICICIPRU-LARGECAP-DG,MAXHEALTH,INE027H01010,INE027H01010-L4,2024-09-01,1169,985.75,1152341.75,24,LTCG,2025-09-01,synthetic_curated
ICICIPRU-LARGECAP-DG,BPCL,INE029A01011,INE029A01011-L1,2023-11-01,6424,217.85,1399468.4,34,LTCG,2024-11-01,synthetic_curated
ICICIPRU-LARGECAP-DG,BPCL,INE029A01011,INE029A01011-L2,2025-12-01,9147,384.0,3512448.0,9,STCG,2026-12-01,synthetic_curated
ICICIPRU-LARGECAP-DG,NAUKRI,INE663F01032,INE663F01032-L1,2024-10-01,2480,1488.19,3690711.2,23,LTCG,2025-10-01,synthetic_curated
ICICIPRU-LARGECAP-DG,NAUKRI,INE663F01032,INE663F01032-L2,2025-11-01,1372,1330.2,1825034.4,10,STCG,2026-11-01,synthetic_curated
ICICIPRU-LARGECAP-DG,TVSMOTOR,INE494B01023,INE494B01023-L1,2025-04-01,201,2672.0,537072.0,17,LTCG,2026-04-01,synthetic_curated
ICICIPRU-LARGECAP-DG,TVSMOTOR,INE494B01023,INE494B01023-L2,2026-04-01,323,3492.9,1128206.7,5,STCG,2027-04-01,synthetic_curated
ICICIPRU-LARGECAP-DG,TVSMOTOR,INE494B01023,INE494B01023-L3,2026-04-01,332,3492.9,1159642.8,5,STCG,2027-04-01,synthetic_curated
ICICIPRU-LARGECAP-DG,TVSMOTOR,INE494B01023,INE494B01023-L4,2026-04-01,282,3492.9,984997.8,5,STCG,2027-04-01,synthetic_curated
ICICIPRU-LARGECAP-DG,CONCOR,INE111A01025,INE111A01025-L1,2023-09-01,5188,716.2,3715645.6,36,LTCG,2024-09-01,synthetic_curated
ICICIPRU-LARGECAP-DG,CONCOR,INE111A01025,INE111A01025-L2,2024-05-01,3429,1074.85,3685660.65,28,LTCG,2025-05-01,synthetic_curated
ICICIPRU-LARGECAP-DG,PAGEIND,INE761H01022,INE761H01022-L1,2024-11-01,49,44644.9,2187600.1,22,LTCG,2025-11-01,synthetic_curated
ICICIPRU-LARGECAP-DG,PAGEIND,INE761H01022,INE761H01022-L2,2025-12-01,49,36045.0,1766205.0,9,STCG,2026-12-01,synthetic_curated
ICICIPRU-LARGECAP-DG,PAGEIND,INE761H01022,INE761H01022-L3,2024-10-01,21,43163.8,906439.8,23,LTCG,2025-10-01,synthetic_curated
ICICIPRU-LARGECAP-DG,TECHM,INE669C01036,INE669C01036-L1,2025-01-01,793,1674.45,1327838.85,20,LTCG,2026-01-01,synthetic_curated
ICICIPRU-LARGECAP-DG,TECHM,INE669C01036,INE669C01036-L2,2025-12-01,681,1590.9,1083402.9,9,STCG,2026-12-01,synthetic_curated
ICICIPRU-LARGECAP-DG,TECHM,INE669C01036,INE669C01036-L3,2024-08-01,1228,1636.5,2009622.0,25,LTCG,2025-08-01,synthetic_curated
ICICIPRU-LARGECAP-DG,EICHERMOT,INE066A01021,INE066A01021-L1,2023-10-01,290,3295.55,955709.5,35,LTCG,2024-10-01,synthetic_curated
ICICIPRU-LARGECAP-DG,EICHERMOT,INE066A01021,INE066A01021-L2,2026-01-01,249,7122.5,1773502.5,8,STCG,2027-01-01,synthetic_curated
ICICIPRU-LARGECAP-DG,ETERNAL,INE758T01015,INE758T01015-L1,2024-01-01,2733,139.55,381390.15,32,LTCG,2025-01-01,synthetic_curated
ICICIPRU-LARGECAP-DG,ETERNAL,INE758T01015,INE758T01015-L2,2026-07-01,3576,302.45,1081561.2,2,STCG,2027-07-01,synthetic_curated
ICICIPRU-LARGECAP-DG,ETERNAL,INE758T01015,INE758T01015-L3,2026-08-01,2187,328.1,717554.7,1,STCG,2027-08-01,synthetic_curated
ICICIPRU-LARGECAP-DG,ETERNAL,INE758T01015,INE758T01015-L4,2026-05-01,2364,250.58,592371.12,4,STCG,2027-05-01,synthetic_curated
ICICIPRU-LARGECAP-DG,ETERNAL,INE758T01015,INE758T01015-L5,2026-06-01,1370,264.6,362502.0,3,STCG,2027-06-01,synthetic_curated
ICICIPRU-LARGECAP-DG,ICICIGI,INE765G01017,INE765G01017-L1,2024-09-01,335,2174.4,728424.0,24,LTCG,2025-09-01,synthetic_curated
ICICIPRU-LARGECAP-DG,ICICIGI,INE765G01017,INE765G01017-L2,2025-11-01,577,1970.5,1136978.5,10,STCG,2026-11-01,synthetic_curated
ICICIPRU-LARGECAP-DG,ICICIGI,INE765G01017,INE765G01017-L3,2024-05-01,591,1580.75,934223.25,28,LTCG,2025-05-01,synthetic_curated
ICICIPRU-LARGECAP-DG,ICICIGI,INE765G01017,INE765G01017-L4,2025-01-01,600,1858.5,1115100.0,20,LTCG,2026-01-01,synthetic_curated
ICICIPRU-LARGECAP-DG,ICICIGI,INE765G01017,INE765G01017-L5,2024-11-01,607,1861.85,1130142.95,22,LTCG,2025-11-01,synthetic_curated
ICICIPRU-LARGECAP-DG,SWIGGY,INE00H001014,INE00H001014-L1,2025-06-01,1963,400.4,785985.2,15,LTCG,2026-06-01,synthetic_curated
ICICIPRU-LARGECAP-DG,SWIGGY,INE00H001014,INE00H001014-L2,2026-06-01,3759,239.35,899716.65,3,STCG,2027-06-01,synthetic_curated
ICICIPRU-LARGECAP-DG,SWIGGY,INE00H001014,INE00H001014-L3,2024-11-01,3082,470.75,1450851.5,22,LTCG,2025-11-01,synthetic_curated
ICICIPRU-LARGECAP-DG,SWIGGY,INE00H001014,INE00H001014-L4,2024-11-01,2141,470.75,1007875.75,22,LTCG,2025-11-01,synthetic_curated
ICICIPRU-LARGECAP-DG,SWIGGY,INE00H001014,INE00H001014-L5,2025-01-01,3504,416.1,1458014.4,20,LTCG,2026-01-01,synthetic_curated
ICICIPRU-LARGECAP-DG,TMPV,INE155A01022,INE155A01022-L1,2025-03-01,3111,674.45,2098213.95,18,LTCG,2026-03-01,synthetic_curated
ICICIPRU-LARGECAP-DG,TMPV,INE155A01022,INE155A01022-L2,2026-02-01,6641,382.65,2541178.65,7,STCG,2027-02-01,synthetic_curated
ICICIPRU-LARGECAP-DG,TMPV,INE155A01022,INE155A01022-L3,2025-09-01,2308,680.2,1569901.6,12,LTCG,2026-09-01,synthetic_curated
ICICIPRU-LARGECAP-DG,GODREJCP,INE102D01028,INE102D01028-L1,2024-10-01,1211,1283.15,1553894.65,23,LTCG,2025-10-01,synthetic_curated
ICICIPRU-LARGECAP-DG,GODREJCP,INE102D01028,INE102D01028-L2,2025-11-01,586,1145.6,671321.6,10,STCG,2026-11-01,synthetic_curated
ICICIPRU-LARGECAP-DG,GODREJCP,INE102D01028,INE102D01028-L3,2026-04-01,468,1067.1,499402.8,5,STCG,2027-04-01,synthetic_curated
ICICIPRU-LARGECAP-DG,GODREJCP,INE102D01028,INE102D01028-L4,2026-05-01,947,1029.3,974747.1,4,STCG,2027-05-01,synthetic_curated
ICICIPRU-LARGECAP-DG,GODREJCP,INE102D01028,INE102D01028-L5,2024-08-01,861,1481.2,1275313.2,25,LTCG,2025-08-01,synthetic_curated
ICICIPRU-LARGECAP-DG,PGHH,INE179A01014,INE179A01014-L1,2024-06-01,262,16612.95,4352592.9,27,LTCG,2025-06-01,synthetic_curated
ICICIPRU-LARGECAP-DG,PGHH,INE179A01014,INE179A01014-L2,2026-04-01,211,10146.5,2140911.5,5,STCG,2027-04-01,synthetic_curated
ICICIPRU-LARGECAP-DG,HAVELLS,INE176B01034,INE176B01034-L1,2024-04-01,825,1664.0,1372800.0,29,LTCG,2025-04-01,synthetic_curated
ICICIPRU-LARGECAP-DG,HAVELLS,INE176B01034,INE176B01034-L2,2025-10-01,756,1493.9,1129388.4,11,STCG,2026-10-01,synthetic_curated
ICICIPRU-LARGECAP-DG,HAVELLS,INE176B01034,INE176B01034-L3,2024-09-01,1466,2012.9,2950911.4,24,LTCG,2025-09-01,synthetic_curated
ICICIPRU-LARGECAP-DG,TITAN,INE280A01028,INE280A01028-L1,2024-01-01,162,3697.55,599003.1,32,LTCG,2025-01-01,synthetic_curated
ICICIPRU-LARGECAP-DG,TITAN,INE280A01028,INE280A01028-L2,2026-08-01,165,5102.4,841896.0,1,STCG,2027-08-01,synthetic_curated
ICICIPRU-LARGECAP-DG,TITAN,INE280A01028,INE280A01028-L3,2023-12-01,148,3675.45,543966.6,33,LTCG,2024-12-01,synthetic_curated
ICICIPRU-LARGECAP-DG,TITAN,INE280A01028,INE280A01028-L4,2025-03-01,69,3063.35,211371.15,18,LTCG,2026-03-01,synthetic_curated
ICICIPRU-LARGECAP-DG,TITAN,INE280A01028,INE280A01028-L5,2026-08-01,134,5102.4,683721.6,1,STCG,2027-08-01,synthetic_curated
ICICIPRU-LARGECAP-DG,BIOCON,INE376G01013,INE376G01013-L1,2024-03-01,2682,264.15,708450.3,30,LTCG,2025-03-01,synthetic_curated
ICICIPRU-LARGECAP-DG,BIOCON,INE376G01013,INE376G01013-L2,2026-01-01,1763,366.8,646668.4,8,STCG,2027-01-01,synthetic_curated
ICICIPRU-LARGECAP-DG,BIOCON,INE376G01013,INE376G01013-L3,2025-09-01,1289,341.0,439549.0,12,LTCG,2026-09-01,synthetic_curated
ICICIPRU-LARGECAP-DG,BIOCON,INE376G01013,INE376G01013-L4,2026-05-01,2164,428.65,927598.6,4,STCG,2027-05-01,synthetic_curated
ICICIPRU-LARGECAP-DG,ZYDUSLIFE,INE010B01027,INE010B01027-L1,2024-08-01,561,1127.9,632751.9,25,LTCG,2025-08-01,synthetic_curated
ICICIPRU-LARGECAP-DG,ZYDUSLIFE,INE010B01027,INE010B01027-L2,2026-03-01,331,871.2,288367.2,6,STCG,2027-03-01,synthetic_curated
ICICIPRU-LARGECAP-DG,ZYDUSLIFE,INE010B01027,INE010B01027-L3,2023-12-01,500,689.2,344600.0,33,LTCG,2024-12-01,synthetic_curated
ICICIPRU-LARGECAP-DG,ZYDUSLIFE,INE010B01027,INE010B01027-L4,2025-10-01,451,974.45,439476.95,11,STCG,2026-10-01,synthetic_curated
ICICIPRU-LARGECAP-DG,ZYDUSLIFE,INE010B01027,INE010B01027-L5,2024-01-01,641,760.8,487672.8,32,LTCG,2025-01-01,synthetic_curated
ICICIPRU-LARGECAP-DG,NHPC,INE848E01016,INE848E01016-L1,2024-12-01,4579,80.69,369479.51,21,LTCG,2025-12-01,synthetic_curated
ICICIPRU-LARGECAP-DG,NHPC,INE848E01016,INE848E01016-L2,2025-10-01,6829,84.84,579372.36,11,STCG,2026-10-01,synthetic_curated
ICICIPRU-LARGECAP-DG,NHPC,INE848E01016,INE848E01016-L3,2024-08-01,6675,96.12,641601.0,25,LTCG,2025-08-01,synthetic_curated
ICICIPRU-LARGECAP-DG,NHPC,INE848E01016,INE848E01016-L4,2025-04-01,8957,85.79,768421.03,17,LTCG,2026-04-01,synthetic_curated
ICICIPRU-LARGECAP-DG,NHPC,INE848E01016,INE848E01016-L5,2025-02-01,9625,72.9,701662.5,19,LTCG,2026-02-01,synthetic_curated
ICICIPRU-LARGECAP-DG,ADANIENT,INE423A01024,INE423A01024-L1,2025-06-01,471,2619.4,1233737.4,15,LTCG,2026-06-01,synthetic_curated
ICICIPRU-LARGECAP-DG,ADANIENT,INE423A01024,INE423A01024-L2,2026-02-01,371,2161.8,802027.8,7,STCG,2027-02-01,synthetic_curated
ICICIPRU-LARGECAP-DG,CIPLA,INE059A01026,INE059A01026-L1,2024-06-01,1206,1480.8,1785844.8,27,LTCG,2025-06-01,synthetic_curated
ICICIPRU-LARGECAP-DG,CIPLA,INE059A01026,INE059A01026-L2,2025-10-01,604,1501.3,906785.2,11,STCG,2026-10-01,synthetic_curated
ICICIPRU-LARGECAP-DG,ITCHOTELS,INE379A01028,INE379A01028-L1,2025-08-01,8985,238.42,2142203.7,13,LTCG,2026-08-01,synthetic_curated
ICICIPRU-LARGECAP-DG,ITCHOTELS,INE379A01028,INE379A01028-L2,2025-10-01,5933,216.88,1286749.04,11,STCG,2026-10-01,synthetic_curated
ICICIPRU-LARGECAP-DG,BANKBARODA,INE028A01039,INE028A01039-L1,2023-11-01,1957,197.1,385724.7,34,LTCG,2024-11-01,synthetic_curated
ICICIPRU-LARGECAP-DG,BANKBARODA,INE028A01039,INE028A01039-L2,2025-12-01,2427,295.9,718149.3,9,STCG,2026-12-01,synthetic_curated
ICICIPRU-LARGECAP-DG,BANKBARODA,INE028A01039,INE028A01039-L3,2024-08-01,2254,250.1,563725.4,25,LTCG,2025-08-01,synthetic_curated
ICICIPRU-LARGECAP-DG,BANKBARODA,INE028A01039,INE028A01039-L4,2023-09-01,3289,213.95,703681.55,36,LTCG,2024-09-01,synthetic_curated
ICICIPRU-LARGECAP-DG,UBL,INE686F01025,INE686F01025-L1,2025-03-01,553,1999.25,1105585.25,18,LTCG,2026-03-01,synthetic_curated
ICICIPRU-LARGECAP-DG,UBL,INE686F01025,INE686F01025-L2,2026-03-01,671,1540.0,1033340.0,6,STCG,2027-03-01,synthetic_curated
ICICIPRU-LARGECAP-DG,UBL,INE686F01025,INE686F01025-L3,2026-01-01,331,1468.5,486073.5,8,STCG,2027-01-01,synthetic_curated
ICICIPRU-LARGECAP-DG,UBL,INE686F01025,INE686F01025-L4,2026-02-01,264,1605.0,423720.0,7,STCG,2027-02-01,synthetic_curated
ICICIPRU-LARGECAP-DG,GRASIM,INE047A01021,INE047A01021-L1,2024-10-01,320,2695.85,862672.0,23,LTCG,2025-10-01,synthetic_curated
ICICIPRU-LARGECAP-DG,GRASIM,INE047A01021,INE047A01021-L2,2026-08-01,342,3371.0,1152882.0,1,STCG,2027-08-01,synthetic_curated
ICICIPRU-LARGECAP-DG,ABB,INE117A01022,INE117A01022-L1,2025-04-01,69,5522.5,381052.5,17,LTCG,2026-04-01,synthetic_curated
ICICIPRU-LARGECAP-DG,ABB,INE117A01022,INE117A01022-L2,2026-08-01,88,7638.5,672188.0,1,STCG,2027-08-01,synthetic_curated
ICICIPRU-LARGECAP-DG,ABB,INE117A01022,INE117A01022-L3,2025-08-01,70,4999.0,349930.0,13,LTCG,2026-08-01,synthetic_curated
ICICIPRU-LARGECAP-DG,ABB,INE117A01022,INE117A01022-L4,2025-07-01,42,5510.0,231420.0,14,LTCG,2026-07-01,synthetic_curated
ICICIPRU-LARGECAP-DG,BAJAJFINSV,INE918I01026,INE918I01026-L1,2023-12-01,569,1685.8,959220.2,33,LTCG,2024-12-01,synthetic_curated
ICICIPRU-LARGECAP-DG,BAJAJFINSV,INE918I01026,INE918I01026-L2,2025-10-01,483,2088.3,1008648.9,11,STCG,2026-10-01,synthetic_curated
ICICIPRU-LARGECAP-DG,SUPREMEIND,INE195A01028,INE195A01028-L1,2025-05-01,104,4146.2,431204.8,16,LTCG,2026-05-01,synthetic_curated
ICICIPRU-LARGECAP-DG,SUPREMEIND,INE195A01028,INE195A01028-L2,2026-07-01,100,3465.4,346540.0,2,STCG,2027-07-01,synthetic_curated
ICICIPRU-LARGECAP-DG,SUPREMEIND,INE195A01028,INE195A01028-L3,2025-12-01,90,3353.8,301842.0,9,STCG,2026-12-01,synthetic_curated
ICICIPRU-LARGECAP-DG,SUPREMEIND,INE195A01028,INE195A01028-L4,2026-07-01,71,3465.4,246043.4,2,STCG,2027-07-01,synthetic_curated
ICICIPRU-LARGECAP-DG,SUPREMEIND,INE195A01028,INE195A01028-L5,2024-06-01,85,5955.9,506251.5,27,LTCG,2025-06-01,synthetic_curated
ICICIPRU-LARGECAP-DG,GVT&D,INE200A01026,INE200A01026-L1,2024-01-01,140,681.9,95466.0,32,LTCG,2025-01-01,synthetic_curated
ICICIPRU-LARGECAP-DG,GVT&D,INE200A01026,INE200A01026-L2,2025-10-01,91,3037.4,276403.4,11,STCG,2026-10-01,synthetic_curated
ICICIPRU-LARGECAP-DG,GVT&D,INE200A01026,INE200A01026-L3,2024-11-01,131,1756.2,230062.2,22,LTCG,2025-11-01,synthetic_curated
ICICIPRU-LARGECAP-DG,JINDALSTEL,INE749A01030,INE749A01030-L1,2025-02-01,379,856.15,324480.85,19,LTCG,2026-02-01,synthetic_curated
ICICIPRU-LARGECAP-DG,JINDALSTEL,INE749A01030,INE749A01030-L2,2026-06-01,202,1060.1,214140.2,3,STCG,2027-06-01,synthetic_curated
ICICIPRU-LARGECAP-DG,JINDALSTEL,INE749A01030,INE749A01030-L3,2025-05-01,168,948.9,159415.2,16,LTCG,2026-05-01,synthetic_curated
ICICIPRU-LARGECAP-DG,JINDALSTEL,INE749A01030,INE749A01030-L4,2024-03-01,375,849.15,318431.25,30,LTCG,2025-03-01,synthetic_curated
ICICIPRU-LARGECAP-DG,JINDALSTEL,INE749A01030,INE749A01030-L5,2025-07-01,260,965.0,250900.0,14,LTCG,2026-07-01,synthetic_curated
ICICIPRU-LARGECAP-DG,HCLTECH,INE860A01027,INE860A01027-L1,2023-11-01,261,1340.9,349974.9,34,LTCG,2024-11-01,synthetic_curated
ICICIPRU-LARGECAP-DG,HCLTECH,INE860A01027,INE860A01027-L2,2026-04-01,317,1199.1,380114.7,5,STCG,2027-04-01,synthetic_curated
ICICIPRU-LARGECAP-DG,HCLTECH,INE860A01027,INE860A01027-L3,2023-09-01,304,1234.8,375379.2,36,LTCG,2024-09-01,synthetic_curated
ICICIPRU-LARGECAP-DG,HCLTECH,INE860A01027,INE860A01027-L4,2023-10-01,341,1276.0,435116.0,35,LTCG,2024-10-01,synthetic_curated
ICICIPRU-LARGECAP-DG,TATAPOWER,INE245A01021,INE245A01021-L1,2024-04-01,645,449.25,289766.25,29,LTCG,2025-04-01,synthetic_curated
ICICIPRU-LARGECAP-DG,TATAPOWER,INE245A01021,INE245A01021-L2,2026-06-01,963,385.5,371236.5,3,STCG,2027-06-01,synthetic_curated
ICICIPRU-LARGECAP-DG,TATAPOWER,INE245A01021,INE245A01021-L3,2026-04-01,585,444.55,260061.75,5,STCG,2027-04-01,synthetic_curated
ICICIPRU-LARGECAP-DG,TATAPOWER,INE245A01021,INE245A01021-L4,2024-08-01,1143,434.65,496804.95,25,LTCG,2025-08-01,synthetic_curated
ICICIPRU-LARGECAP-DG,TATAPOWER,INE245A01021,INE245A01021-L5,2024-09-01,705,482.6,340233.0,24,LTCG,2025-09-01,synthetic_curated
ICICIPRU-LARGECAP-DG,HINDALCO,INE038A01020,INE038A01020-L1,2023-09-01,321,492.65,158140.65,36,LTCG,2024-09-01,synthetic_curated
ICICIPRU-LARGECAP-DG,HINDALCO,INE038A01020,INE038A01020-L2,2026-05-01,384,1126.7,432652.8,4,STCG,2027-05-01,synthetic_curated
ICICIPRU-LARGECAP-DG,HINDALCO,INE038A01020,INE038A01020-L3,2024-11-01,333,656.2,218514.6,22,LTCG,2025-11-01,synthetic_curated
ICICIPRU-LARGECAP-DG,HINDALCO,INE038A01020,INE038A01020-L4,2024-11-01,352,656.2,230982.4,22,LTCG,2025-11-01,synthetic_curated
ICICIPRU-LARGECAP-DG,LUPIN,INE326A01037,INE326A01037-L1,2025-03-01,199,2027.95,403562.05,18,LTCG,2026-03-01,synthetic_curated
ICICIPRU-LARGECAP-DG,LUPIN,INE326A01037,INE326A01037-L2,2026-02-01,80,2301.9,184152.0,7,STCG,2027-02-01,synthetic_curated
ICICIPRU-LARGECAP-DG,LUPIN,INE326A01037,INE326A01037-L3,2025-10-01,116,1963.5,227766.0,11,STCG,2026-10-01,synthetic_curated
ICICIPRU-LARGECAP-DG,LUPIN,INE326A01037,INE326A01037-L4,2026-06-01,181,2419.0,437839.0,3,STCG,2027-06-01,synthetic_curated
ICICIPRU-LARGECAP-DG,LUPIN,INE326A01037,INE326A01037-L5,2026-06-01,73,2419.0,176587.0,3,STCG,2027-06-01,synthetic_curated
ICICIPRU-LARGECAP-DG,BEL,INE263A01024,INE263A01024-L1,2023-10-01,920,133.25,122590.0,35,LTCG,2024-10-01,synthetic_curated
ICICIPRU-LARGECAP-DG,BEL,INE263A01024,INE263A01024-L2,2025-11-01,1129,411.75,464865.75,10,STCG,2026-11-01,synthetic_curated
ICICIPRU-LARGECAP-DG,BEL,INE263A01024,INE263A01024-L3,2025-10-01,504,426.1,214754.4,11,STCG,2026-10-01,synthetic_curated
ICICIPRU-LARGECAP-DG,WIPRO,INE075A01022,INE075A01022-L1,2024-11-01,1089,288.92,314633.88,22,LTCG,2025-11-01,synthetic_curated
ICICIPRU-LARGECAP-DG,WIPRO,INE075A01022,INE075A01022-L2,2025-10-01,2945,240.67,708773.15,11,STCG,2026-10-01,synthetic_curated
ICICIPRU-LARGECAP-DG,WIPRO,INE075A01022,INE075A01022-L3,2026-07-01,1127,183.65,206973.55,2,STCG,2027-07-01,synthetic_curated
ICICIPRU-LARGECAP-DG,APOLLOHOSP,INE437A01024,INE437A01024-L1,2025-04-01,12,6977.0,83724.0,17,LTCG,2026-04-01,synthetic_curated
ICICIPRU-LARGECAP-DG,APOLLOHOSP,INE437A01024,INE437A01024-L2,2026-04-01,15,7636.5,114547.5,5,STCG,2027-04-01,synthetic_curated
ICICIPRU-LARGECAP-DG,APOLLOHOSP,INE437A01024,INE437A01024-L3,2025-05-01,20,6880.5,137610.0,16,LTCG,2026-05-01,synthetic_curated
ICICIPRU-LARGECAP-DG,APOLLOHOSP,INE437A01024,INE437A01024-L4,2025-04-01,17,6977.0,118609.0,17,LTCG,2026-04-01,synthetic_curated
ICICIPRU-LARGECAP-DG,APOLLOHOSP,INE437A01024,INE437A01024-L5,2025-08-01,8,7610.0,60880.0,13,LTCG,2026-08-01,synthetic_curated
ICICIPRU-LARGECAP-DG,OIL,INE274J01014,INE274J01014-L1,2025-06-01,381,434.25,165449.25,15,LTCG,2026-06-01,synthetic_curated
ICICIPRU-LARGECAP-DG,OIL,INE274J01014,INE274J01014-L2,2026-03-01,148,475.45,70366.6,6,STCG,2027-03-01,synthetic_curated
ICICIPRU-LARGECAP-DG,OIL,INE274J01014,INE274J01014-L3,2026-05-01,292,476.15,139035.8,4,STCG,2027-05-01,synthetic_curated
ICICIPRU-LARGECAP-DG,OIL,INE274J01014,INE274J01014-L4,2026-03-01,250,475.45,118862.5,6,STCG,2027-03-01,synthetic_curated
ICICIPRU-LARGECAP-DG,OIL,INE274J01014,INE274J01014-L5,2024-06-01,257,482.03,123881.71,27,LTCG,2025-06-01,synthetic_curated
ICICIPRU-LARGECAP-DG,HEXT,INE093A01041,INE093A01041-L1,2025-03-01,283,700.75,198312.25,18,LTCG,2026-03-01,synthetic_curated
ICICIPRU-LARGECAP-DG,HEXT,INE093A01041,INE093A01041-L2,2026-04-01,159,447.65,71176.35,5,STCG,2027-04-01,synthetic_curated
ICICIPRU-LARGECAP-DG,HEXT,INE093A01041,INE093A01041-L3,2025-03-01,275,700.75,192706.25,18,LTCG,2026-03-01,synthetic_curated
ICICIPRU-LARGECAP-DG,HEXT,INE093A01041,INE093A01041-L4,2025-02-01,269,808.45,217473.05,19,LTCG,2026-02-01,synthetic_curated
ICICIPRU-LARGECAP-DG,HEXT,INE093A01041,INE093A01041-L5,2025-02-01,155,808.45,125309.75,19,LTCG,2026-02-01,synthetic_curated
ICICIPRU-LARGECAP-DG,ADANIPORTS,INE742F01042,INE742F01042-L1,2025-03-01,73,1182.95,86355.35,18,LTCG,2026-03-01,synthetic_curated
ICICIPRU-LARGECAP-DG,ADANIPORTS,INE742F01042,INE742F01042-L2,2026-08-01,67,1593.1,106737.7,1,STCG,2027-08-01,synthetic_curated
ICICIPRU-LARGECAP-DG,ADANIPORTS,INE742F01042,INE742F01042-L3,2026-06-01,60,1810.2,108612.0,3,STCG,2027-06-01,synthetic_curated
ICICIPRU-LARGECAP-DG,ADANIPORTS,INE742F01042,INE742F01042-L4,2026-09-01,62,1824.0,113088.0,0,STCG,2027-09-01,synthetic_curated
ICICIPRU-LARGECAP-DG,GMRAIRPORT,INE776C01039,INE776C01039-L1,2025-02-01,757,69.47,52588.79,19,LTCG,2026-02-01,synthetic_curated
ICICIPRU-LARGECAP-DG,GMRAIRPORT,INE776C01039,INE776C01039-L2,2026-03-01,1200,84.75,101700.0,6,STCG,2027-03-01,synthetic_curated
ICICIPRU-LARGECAP-DG,GMRAIRPORT,INE776C01039,INE776C01039-L3,2025-09-01,1336,87.2,116499.2,12,LTCG,2026-09-01,synthetic_curated
ICICIPRU-LARGECAP-DG,GMRAIRPORT,INE776C01039,INE776C01039-L4,2024-04-01,875,85.15,74506.25,29,LTCG,2025-04-01,synthetic_curated
ICICIPRU-LARGECAP-DG,GMRAIRPORT,INE776C01039,INE776C01039-L5,2025-08-01,547,86.07,47080.29,13,LTCG,2026-08-01,synthetic_curated
ICICIPRU-LARGECAP-DG,NATIONALUM,INE139A01034,INE139A01034-L1,2025-02-01,413,177.6,73348.8,19,LTCG,2026-02-01,synthetic_curated
ICICIPRU-LARGECAP-DG,NATIONALUM,INE139A01034,INE139A01034-L2,2026-05-01,366,424.45,155348.7,4,STCG,2027-05-01,synthetic_curated
ICICIPRU-LARGECAP-DG,NATIONALUM,INE139A01034,INE139A01034-L3,2026-04-01,446,399.3,178087.8,5,STCG,2027-04-01,synthetic_curated
ICICIPRU-LARGECAP-DG,INDHOTEL,INE053A01029,INE053A01029-L1,2024-11-01,190,793.35,150736.5,22,LTCG,2025-11-01,synthetic_curated
ICICIPRU-LARGECAP-DG,INDHOTEL,INE053A01029,INE053A01029-L2,2026-07-01,77,738.55,56868.35,2,STCG,2027-07-01,synthetic_curated
ICICIPRU-LARGECAP-DG,INDHOTEL,INE053A01029,INE053A01029-L3,2023-11-01,178,421.7,75062.6,34,LTCG,2024-11-01,synthetic_curated
ICICIPRU-LARGECAP-DG,INE494B04019,INE494B04019,INE494B04019-L1,2025-07-01,538452.0,94.62,50948328.24,14,LTCG,2026-07-01,synthetic_curated
ICICIPRU-LARGECAP-DG,INE494B04019,INE494B04019,INE494B04019-L2,2026-01-01,535476,100.92,54040237.92,8,STCG,2027-01-01,synthetic_curated
ICICIPRU-LARGECAP-DG,INE929O14FB3,INE929O14FB3,INE929O14FB3-L1,2024-12-01,1561.0,107.55,167885.55,21,LTCG,2025-12-01,synthetic_curated
ICICIPRU-LARGECAP-DG,INE929O14FB3,INE929O14FB3,INE929O14FB3-L2,2025-12-01,1292,117.67,152029.64,9,STCG,2026-12-01,synthetic_curated
ICICIPRU-LARGECAP-DG,INE929O14FB3,INE929O14FB3,INE929O14FB3-L3,2025-08-01,608,76.7,46633.6,13,LTCG,2026-08-01,synthetic_curated
ICICIPRU-LARGECAP-DG,INE929O14FB3,INE929O14FB3,INE929O14FB3-L4,2025-01-01,1539,89.89,138340.71,20,LTCG,2026-01-01,synthetic_curated
ICICIPRU-LARGECAP-DG,INE929O14FC1,INE929O14FC1,INE929O14FC1-L1,2024-09-01,1414.0,77.47,109542.58,24,LTCG,2025-09-01,synthetic_curated
ICICIPRU-LARGECAP-DG,INE929O14FC1,INE929O14FC1,INE929O14FC1-L2,2026-03-01,1586,99.36,157584.96,6,STCG,2027-03-01,synthetic_curated
SBI-NIFTY50-ETF-DG,HDFCBANK,INE040A01034,INE040A01034-L1,2025-05-01,5078451,972.45,4938539674.95,16,LTCG,2026-05-01,synthetic_curated
SBI-NIFTY50-ETF-DG,HDFCBANK,INE040A01034,INE040A01034-L2,2026-07-01,12493011,748.15,9346646179.65,2,STCG,2027-07-01,synthetic_curated
SBI-NIFTY50-ETF-DG,HDFCBANK,INE040A01034,INE040A01034-L3,2025-05-01,10512695,972.45,10223070252.75,16,LTCG,2026-05-01,synthetic_curated
SBI-NIFTY50-ETF-DG,HDFCBANK,INE040A01034,INE040A01034-L4,2023-12-01,7916194,854.62,6765337716.28,33,LTCG,2024-12-01,synthetic_curated
SBI-NIFTY50-ETF-DG,HDFCBANK,INE040A01034,INE040A01034-L5,2025-07-01,4632677,1009.1,4674834360.7,14,LTCG,2026-07-01,synthetic_curated
SBI-NIFTY50-ETF-DG,ICICIBANK,INE090A01021,INE090A01021-L1,2023-10-01,2470629,915.35,2261490255.15,35,LTCG,2024-10-01,synthetic_curated
SBI-NIFTY50-ETF-DG,ICICIBANK,INE090A01021,INE090A01021-L2,2026-05-01,2440621,1256.4,3066396224.4,4,STCG,2027-05-01,synthetic_curated
SBI-NIFTY50-ETF-DG,ICICIBANK,INE090A01021,INE090A01021-L3,2024-04-01,2342636,1150.4,2694968454.4,29,LTCG,2025-04-01,synthetic_curated
SBI-NIFTY50-ETF-DG,ICICIBANK,INE090A01021,INE090A01021-L4,2025-08-01,1826202,1397.8,2552665155.6,13,LTCG,2026-08-01,synthetic_curated
SBI-NIFTY50-ETF-DG,ICICIBANK,INE090A01021,INE090A01021-L5,2025-01-01,1298020,1252.8,1626159456.0,20,LTCG,2026-01-01,synthetic_curated
SBI-NIFTY50-ETF-DG,RELIANCE,INE002A01018,INE002A01018-L1,2023-12-01,1951275,1292.47,2521964399.25,33,LTCG,2024-12-01,synthetic_curated
SBI-NIFTY50-ETF-DG,RELIANCE,INE002A01018,INE002A01018-L2,2026-06-01,2479773,1293.9,3208578284.7,3,STCG,2027-06-01,synthetic_curated
SBI-NIFTY50-ETF-DG,RELIANCE,INE002A01018,INE002A01018-L3,2025-09-01,1678010,1364.0,2288805640.0,12,LTCG,2026-09-01,synthetic_curated
SBI-NIFTY50-ETF-DG,RELIANCE,INE002A01018,INE002A01018-L4,2023-12-01,2730868,1292.47,3529564963.96,33,LTCG,2024-12-01,synthetic_curated
SBI-NIFTY50-ETF-DG,RELIANCE,INE002A01018,INE002A01018-L5,2025-02-01,1844815,1200.1,2213962481.5,19,LTCG,2026-02-01,synthetic_curated
SBI-NIFTY50-ETF-DG,BHARTIARTL,INE397D01024,INE397D01024-L1,2024-08-01,1333858,1589.05,2119567054.9,25,LTCG,2025-08-01,synthetic_curated
SBI-NIFTY50-ETF-DG,BHARTIARTL,INE397D01024,INE397D01024-L2,2026-02-01,833577,1879.3,1566541256.1,7,STCG,2027-02-01,synthetic_curated
SBI-NIFTY50-ETF-DG,BHARTIARTL,INE397D01024,INE397D01024-L3,2023-10-01,947917,914.4,866775304.8,35,LTCG,2024-10-01,synthetic_curated
SBI-NIFTY50-ETF-DG,LT,INE018A01030,INE018A01030-L1,2024-12-01,247360,3607.65,892388304.0,21,LTCG,2025-12-01,synthetic_curated
SBI-NIFTY50-ETF-DG,LT,INE018A01030,INE018A01030-L2,2026-05-01,235050,4076.5,958181325.0,4,STCG,2027-05-01,synthetic_curated
SBI-NIFTY50-ETF-DG,LT,INE018A01030,INE018A01030-L3,2025-06-01,101959,3669.8,374169138.2,15,LTCG,2026-06-01,synthetic_curated
SBI-NIFTY50-ETF-DG,SBIN,INE062A01020,INE062A01020-L1,2024-04-01,2304336,826.25,1903957620.0,29,LTCG,2025-04-01,synthetic_curated
SBI-NIFTY50-ETF-DG,SBIN,INE062A01020,INE062A01020-L2,2025-11-01,1296609,979.0,1269380211.0,10,STCG,2026-11-01,synthetic_curated
SBI-NIFTY50-ETF-DG,SBIN,INE062A01020,INE062A01020-L3,2025-03-01,1350118,771.5,1041616037.0,18,LTCG,2026-03-01,synthetic_curated
SBI-NIFTY50-ETF-DG,SBIN,INE062A01020,INE062A01020-L4,2026-04-01,1027836,1068.45,1098191374.2,5,STCG,2027-04-01,synthetic_curated
SBI-NIFTY50-ETF-DG,SBIN,INE062A01020,INE062A01020-L5,2026-02-01,2069245,1201.7,2486611716.5,7,STCG,2027-02-01,synthetic_curated
SBI-NIFTY50-ETF-DG,INFY,INE009A01021,INE009A01021-L1,2025-04-01,1591257,1500.1,2387044625.7,17,LTCG,2026-04-01,synthetic_curated
SBI-NIFTY50-ETF-DG,INFY,INE009A01021,INE009A01021-L2,2026-05-01,1502983,1160.9,1744812964.7,4,STCG,2027-05-01,synthetic_curated
SBI-NIFTY50-ETF-DG,INFY,INE009A01021,INE009A01021-L3,2023-09-01,1578710,1435.45,2266159269.5,36,LTCG,2024-09-01,synthetic_curated
SBI-NIFTY50-ETF-DG,INFY,INE009A01021,INE009A01021-L4,2023-10-01,727331,1368.4,995279740.4,35,LTCG,2024-10-01,synthetic_curated
SBI-NIFTY50-ETF-DG,INFY,INE009A01021,INE009A01021-L5,2025-06-01,1070546,1601.8,1714800582.8,15,LTCG,2026-06-01,synthetic_curated
SBI-NIFTY50-ETF-DG,AXISBANK,INE238A01034,INE238A01034-L1,2025-04-01,2403657,1185.0,2848333545.0,17,LTCG,2026-04-01,synthetic_curated
SBI-NIFTY50-ETF-DG,AXISBANK,INE238A01034,INE238A01034-L2,2026-04-01,2027995,1268.3,2572106058.5,5,STCG,2027-04-01,synthetic_curated
SBI-NIFTY50-ETF-DG,KOTAKBANK,INE237A01036,INE237A01036-L1,2025-08-01,12024784,392.06,4714436815.04,13,LTCG,2026-08-01,synthetic_curated
SBI-NIFTY50-ETF-DG,KOTAKBANK,INE237A01036,INE237A01036-L2,2026-01-01,9845827,408.0,4017097416.0,8,STCG,2027-01-01,synthetic_curated
SBI-NIFTY50-ETF-DG,KOTAKBANK,INE237A01036,INE237A01036-L3,2024-07-01,12749806,361.58,4610074853.48,26,LTCG,2025-07-01,synthetic_curated
SBI-NIFTY50-ETF-DG,M&M,INE101A01026,INE101A01026-L1,2025-08-01,195258,3199.5,624727971.0,13,LTCG,2026-08-01,synthetic_curated
SBI-NIFTY50-ETF-DG,M&M,INE101A01026,INE101A01026-L2,2026-03-01,200439,2954.7,592237113.3,6,STCG,2027-03-01,synthetic_curated
SBI-NIFTY50-ETF-DG,M&M,INE101A01026,INE101A01026-L3,2024-06-01,67394,2866.65,193195010.1,27,LTCG,2025-06-01,synthetic_curated
SBI-NIFTY50-ETF-DG,M&M,INE101A01026,INE101A01026-L4,2026-02-01,104309,3397.4,354379396.6,7,STCG,2027-02-01,synthetic_curated
SBI-NIFTY50-ETF-DG,BAJFINANCE,INE296A01032,INE296A01032-L1,2024-06-01,2437451,711.55,1734368259.05,27,LTCG,2025-06-01,synthetic_curated
SBI-NIFTY50-ETF-DG,BAJFINANCE,INE296A01032,INE296A01032-L2,2026-07-01,2559931,1141.2,2921393257.2,2,STCG,2027-07-01,synthetic_curated
SBI-NIFTY50-ETF-DG,ITC,INE154A01025,INE154A01025-L1,2024-08-01,24176412,483.29,11684218155.48,25,LTCG,2025-08-01,synthetic_curated
SBI-NIFTY50-ETF-DG,ITC,INE154A01025,INE154A01025-L2,2026-04-01,16782863,314.9,5284923558.7,5,STCG,2027-04-01,synthetic_curated
SBI-NIFTY50-ETF-DG,ITC,INE154A01025,INE154A01025-L3,2024-09-01,30325016,498.93,15130060232.88,24,LTCG,2025-09-01,synthetic_curated
SBI-NIFTY50-ETF-DG,TCS,INE467B01029,INE467B01029-L1,2025-08-01,499856,3084.7,1541905803.2,13,LTCG,2026-08-01,synthetic_curated
SBI-NIFTY50-ETF-DG,TCS,INE467B01029,INE467B01029-L2,2026-08-01,440937,2399.3,1057940144.1,1,STCG,2027-08-01,synthetic_curated
SBI-NIFTY50-ETF-DG,ETERNAL,INE758T01015,INE758T01015-L1,2024-01-01,9577891,139.55,1336594689.05,32,LTCG,2025-01-01,synthetic_curated
SBI-NIFTY50-ETF-DG,ETERNAL,INE758T01015,INE758T01015-L2,2026-07-01,12547421,302.45,3794967481.45,2,STCG,2027-07-01,synthetic_curated
SBI-NIFTY50-ETF-DG,ETERNAL,INE758T01015,INE758T01015-L3,2026-08-01,7674128,328.1,2517881396.8,1,STCG,2027-08-01,synthetic_curated
SBI-NIFTY50-ETF-DG,ETERNAL,INE758T01015,INE758T01015-L4,2026-05-01,8295095,250.58,2078584905.1,4,STCG,2027-05-01,synthetic_curated
SBI-NIFTY50-ETF-DG,ETERNAL,INE758T01015,INE758T01015-L5,2026-06-01,4808810,264.6,1272411126.0,3,STCG,2027-06-01,synthetic_curated
SBI-NIFTY50-ETF-DG,TITAN,INE280A01028,INE280A01028-L1,2024-01-01,39345,3697.55,145480104.75,32,LTCG,2025-01-01,synthetic_curated
SBI-NIFTY50-ETF-DG,TITAN,INE280A01028,INE280A01028-L2,2026-08-01,40735,5102.4,207846264.0,1,STCG,2027-08-01,synthetic_curated
SBI-NIFTY50-ETF-DG,TITAN,INE280A01028,INE280A01028-L3,2023-12-01,36648,3675.45,134697891.6,33,LTCG,2024-12-01,synthetic_curated
SBI-NIFTY50-ETF-DG,TITAN,INE280A01028,INE280A01028-L4,2025-03-01,17073,3063.35,52300574.55,18,LTCG,2026-03-01,synthetic_curated
SBI-NIFTY50-ETF-DG,TITAN,INE280A01028,INE280A01028-L5,2026-08-01,33090,5102.4,168838416.0,1,STCG,2027-08-01,synthetic_curated
SBI-NIFTY50-ETF-DG,SUNPHARMA,INE044A01036,INE044A01036-L1,2024-02-01,517936,1577.95,817277111.2,31,LTCG,2025-02-01,synthetic_curated
SBI-NIFTY50-ETF-DG,SUNPHARMA,INE044A01036,INE044A01036-L2,2025-12-01,314830,1719.7,541413151.0,9,STCG,2026-12-01,synthetic_curated
SBI-NIFTY50-ETF-DG,SUNPHARMA,INE044A01036,INE044A01036-L3,2024-02-01,285115,1577.95,449897214.25,31,LTCG,2025-02-01,synthetic_curated
SBI-NIFTY50-ETF-DG,MARUTI,INE585B01010,INE585B01010-L1,2025-06-01,5157,12400.0,63946800.0,15,LTCG,2026-06-01,synthetic_curated
SBI-NIFTY50-ETF-DG,MARUTI,INE585B01010,INE585B01010-L2,2026-06-01,6939,14115.0,97943985.0,3,STCG,2027-06-01,synthetic_curated
SBI-NIFTY50-ETF-DG,MARUTI,INE585B01010,INE585B01010-L3,2025-01-01,3267,12310.65,40218893.55,20,LTCG,2026-01-01,synthetic_curated
SBI-NIFTY50-ETF-DG,MARUTI,INE585B01010,INE585B01010-L4,2024-04-01,5544,12817.5,71060220.0,29,LTCG,2025-04-01,synthetic_curated
SBI-NIFTY50-ETF-DG,HINDUNILVR,INE030A01027,INE030A01027-L1,2024-07-01,360410,2705.65,975143316.5,26,LTCG,2025-07-01,synthetic_curated
SBI-NIFTY50-ETF-DG,HINDUNILVR,INE030A01027,INE030A01027-L2,2026-02-01,366972,2338.1,858017233.2,7,STCG,2027-02-01,synthetic_curated
SBI-NIFTY50-ETF-DG,HINDUNILVR,INE030A01027,INE030A01027-L3,2024-09-01,163329,2958.3,483176180.7,24,LTCG,2025-09-01,synthetic_curated
SBI-NIFTY50-ETF-DG,SHRIRAMFIN,INE721A01047,INE721A01047-L1,2025-02-01,821812,617.3,507304547.6,19,LTCG,2026-02-01,synthetic_curated
SBI-NIFTY50-ETF-DG,SHRIRAMFIN,INE721A01047,INE721A01047-L2,2026-06-01,649611,1042.15,676992103.65,3,STCG,2027-06-01,synthetic_curated
SBI-NIFTY50-ETF-DG,SHRIRAMFIN,INE721A01047,INE721A01047-L3,2024-01-01,580371,493.36,286331836.56,32,LTCG,2025-01-01,synthetic_curated
SBI-NIFTY50-ETF-DG,SHRIRAMFIN,INE721A01047,INE721A01047-L4,2024-11-01,637797,603.93,385184742.21,22,LTCG,2025-11-01,synthetic_curated
SBI-NIFTY50-ETF-DG,NTPC,INE733E01010,INE733E01010-L1,2025-06-01,9111703,334.9,3051509334.7,15,LTCG,2026-06-01,synthetic_curated
SBI-NIFTY50-ETF-DG,NTPC,INE733E01010,INE733E01010-L2,2025-10-01,19300801,336.95,6503404896.95,11,STCG,2026-10-01,synthetic_curated
SBI-NIFTY50-ETF-DG,TATASTEEL,INE081A01020,INE081A01020-L1,2023-10-01,26887889,118.75,3192936818.75,35,LTCG,2024-10-01,synthetic_curated
SBI-NIFTY50-ETF-DG,TATASTEEL,INE081A01020,INE081A01020-L2,2026-01-01,33004244,193.13,6374109643.72,8,STCG,2027-01-01,synthetic_curated
SBI-NIFTY50-ETF-DG,TATASTEEL,INE081A01020,INE081A01020-L3,2026-08-01,26523416,184.35,4889591739.6,1,STCG,2027-08-01,synthetic_curated
SBI-NIFTY50-ETF-DG,BEL,INE263A01024,INE263A01024-L1,2023-10-01,6362172,133.25,847759419.0,35,LTCG,2024-10-01,synthetic_curated
SBI-NIFTY50-ETF-DG,BEL,INE263A01024,INE263A01024-L2,2025-11-01,7812261,411.75,3216698466.75,10,STCG,2026-11-01,synthetic_curated
SBI-NIFTY50-ETF-DG,BEL,INE263A01024,INE263A01024-L3,2025-10-01,3489819,426.1,1487011875.9,11,STCG,2026-10-01,synthetic_curated
SBI-NIFTY50-ETF-DG,HINDALCO,INE038A01020,INE038A01020-L1,2023-09-01,653864,492.65,322126099.6,36,LTCG,2024-09-01,synthetic_curated
SBI-NIFTY50-ETF-DG,HINDALCO,INE038A01020,INE038A01020-L2,2026-05-01,787306,1126.7,887057670.2,4,STCG,2027-05-01,synthetic_curated
SBI-NIFTY50-ETF-DG,HINDALCO,INE038A01020,INE038A01020-L3,2024-11-01,683110,656.2,448256782.0,22,LTCG,2025-11-01,synthetic_curated
SBI-NIFTY50-ETF-DG,HINDALCO,INE038A01020,INE038A01020-L4,2024-11-01,722613,656.2,474178650.6,22,LTCG,2025-11-01,synthetic_curated
SBI-NIFTY50-ETF-DG,HCLTECH,INE860A01027,INE860A01027-L1,2023-11-01,347757,1340.9,466307361.3,34,LTCG,2024-11-01,synthetic_curated
SBI-NIFTY50-ETF-DG,HCLTECH,INE860A01027,INE860A01027-L2,2026-04-01,424561,1199.1,509091095.1,5,STCG,2027-04-01,synthetic_curated
SBI-NIFTY50-ETF-DG,HCLTECH,INE860A01027,INE860A01027-L3,2023-09-01,407540,1234.8,503230392.0,36,LTCG,2024-09-01,synthetic_curated
SBI-NIFTY50-ETF-DG,HCLTECH,INE860A01027,INE860A01027-L4,2023-10-01,457038,1276.0,583180488.0,35,LTCG,2024-10-01,synthetic_curated
SBI-NIFTY50-ETF-DG,ULTRACEMCO,INE481G01011,INE481G01011-L1,2025-03-01,5495,11509.55,63244977.25,18,LTCG,2026-03-01,synthetic_curated
SBI-NIFTY50-ETF-DG,ULTRACEMCO,INE481G01011,INE481G01011-L2,2026-03-01,9646,10745.0,103646270.0,6,STCG,2027-03-01,synthetic_curated
SBI-NIFTY50-ETF-DG,ULTRACEMCO,INE481G01011,INE481G01011-L3,2025-05-01,5699,11210.0,63885790.0,16,LTCG,2026-05-01,synthetic_curated
SBI-NIFTY50-ETF-DG,BAJAJ-AUTO,INE917I01010,INE917I01010-L1,2024-06-01,2642,9501.65,25103359.3,27,LTCG,2025-06-01,synthetic_curated
SBI-NIFTY50-ETF-DG,BAJAJ-AUTO,INE917I01010,INE917I01010-L2,2026-05-01,5042,10460.0,52739320.0,4,STCG,2027-05-01,synthetic_curated
SBI-NIFTY50-ETF-DG,BAJAJ-AUTO,INE917I01010,INE917I01010-L3,2024-01-01,3507,7667.55,26890097.85,32,LTCG,2025-01-01,synthetic_curated
SBI-NIFTY50-ETF-DG,BAJAJ-AUTO,INE917I01010,INE917I01010-L4,2024-02-01,2446,7909.35,19346270.1,31,LTCG,2025-02-01,synthetic_curated
SBI-NIFTY50-ETF-DG,BAJAJ-AUTO,INE917I01010,INE917I01010-L5,2024-09-01,5184,12345.95,64001404.8,24,LTCG,2025-09-01,synthetic_curated
SBI-NIFTY50-ETF-DG,GRASIM,INE047A01021,INE047A01021-L1,2024-10-01,110043,2695.85,296659421.55,23,LTCG,2025-10-01,synthetic_curated
SBI-NIFTY50-ETF-DG,GRASIM,INE047A01021,INE047A01021-L2,2026-08-01,118007,3371.0,397801597.0,1,STCG,2027-08-01,synthetic_curated
SBI-NIFTY50-ETF-DG,JSWSTEEL,INE019A01038,INE019A01038-L1,2024-02-01,505643,800.1,404564964.3,31,LTCG,2025-02-01,synthetic_curated
SBI-NIFTY50-ETF-DG,JSWSTEEL,INE019A01038,INE019A01038-L2,2026-08-01,575172,1307.7,752152424.4,1,STCG,2027-08-01,synthetic_curated
SBI-NIFTY50-ETF-DG,JSWSTEEL,INE019A01038,INE019A01038-L3,2024-02-01,345422,800.1,276372142.2,31,LTCG,2025-02-01,synthetic_curated
SBI-NIFTY50-ETF-DG,ASIANPAINT,INE021A01026,INE021A01026-L1,2023-11-01,184071,3119.9,574283112.9,34,LTCG,2024-11-01,synthetic_curated
SBI-NIFTY50-ETF-DG,ASIANPAINT,INE021A01026,INE021A01026-L2,2026-02-01,173769,2376.2,412909897.8,7,STCG,2027-02-01,synthetic_curated
SBI-NIFTY50-ETF-DG,POWERGRID,INE752E01010,INE752E01010-L1,2024-01-01,6545158,259.3,1697159469.4,32,LTCG,2025-01-01,synthetic_curated
SBI-NIFTY50-ETF-DG,POWERGRID,INE752E01010,INE752E01010-L2,2026-06-01,5109408,286.3,1462823510.4,3,STCG,2027-06-01,synthetic_curated
SBI-NIFTY50-ETF-DG,POWERGRID,INE752E01010,INE752E01010-L3,2026-02-01,9652881,298.65,2882832910.65,7,STCG,2027-02-01,synthetic_curated
SBI-NIFTY50-ETF-DG,POWERGRID,INE752E01010,INE752E01010-L4,2025-03-01,11189585,290.35,3248896004.75,18,LTCG,2026-03-01,synthetic_curated
SBI-NIFTY50-ETF-DG,INDIGO,INE646L01027,INE646L01027-L1,2023-10-01,16562,2453.85,40640663.7,35,LTCG,2024-10-01,synthetic_curated
SBI-NIFTY50-ETF-DG,INDIGO,INE646L01027,INE646L01027-L2,2026-04-01,28324,4295.3,121660077.2,5,STCG,2027-04-01,synthetic_curated
SBI-NIFTY50-ETF-DG,INDIGO,INE646L01027,INE646L01027-L3,2025-12-01,15918,5059.5,80537121.0,9,STCG,2026-12-01,synthetic_curated
SBI-NIFTY50-ETF-DG,INDIGO,INE646L01027,INE646L01027-L4,2025-08-01,28435,5646.0,160544010.0,13,LTCG,2026-08-01,synthetic_curated
SBI-NIFTY50-ETF-DG,ADANIPORTS,INE742F01042,INE742F01042-L1,2025-03-01,213851,1182.95,252975040.45,18,LTCG,2026-03-01,synthetic_curated
SBI-NIFTY50-ETF-DG,ADANIPORTS,INE742F01042,INE742F01042-L2,2026-08-01,202895,1593.1,323232024.5,1,STCG,2027-08-01,synthetic_curated
SBI-NIFTY50-ETF-DG,ADANIPORTS,INE742F01042,INE742F01042-L3,2026-06-01,181446,1810.2,328453549.2,3,STCG,2027-06-01,synthetic_curated
SBI-NIFTY50-ETF-DG,ADANIPORTS,INE742F01042,INE742F01042-L4,2026-09-01,186334,1824.0,339873216.0,0,STCG,2027-09-01,synthetic_curated
SBI-NIFTY50-ETF-DG,BAJAJFINSV,INE918I01026,INE918I01026-L1,2023-12-01,327535,1685.8,552158503.0,33,LTCG,2024-12-01,synthetic_curated
SBI-NIFTY50-ETF-DG,BAJAJFINSV,INE918I01026,INE918I01026-L2,2025-10-01,278630,2088.3,581863029.0,11,STCG,2026-10-01,synthetic_curated
SBI-NIFTY50-ETF-DG,EICHERMOT,INE066A01021,INE066A01021-L1,2023-10-01,19089,3295.55,62908753.95,35,LTCG,2024-10-01,synthetic_curated
SBI-NIFTY50-ETF-DG,EICHERMOT,INE066A01021,INE066A01021-L2,2026-01-01,16477,7122.5,117357432.5,8,STCG,2027-01-01,synthetic_curated
SBI-NIFTY50-ETF-DG,NESTLEIND,INE239A01024,INE239A01024-L1,2023-12-01,242485,1329.02,322267414.7,33,LTCG,2024-12-01,synthetic_curated
SBI-NIFTY50-ETF-DG,NESTLEIND,INE239A01024,INE239A01024-L2,2026-06-01,231228,1405.2,324921585.6,3,STCG,2027-06-01,synthetic_curated
SBI-NIFTY50-ETF-DG,NESTLEIND,INE239A01024,INE239A01024-L3,2024-12-01,168052,1085.03,182341461.56,21,LTCG,2025-12-01,synthetic_curated
SBI-NIFTY50-ETF-DG,NESTLEIND,INE239A01024,INE239A01024-L4,2025-06-01,371620,1232.65,458077393.0,15,LTCG,2026-06-01,synthetic_curated
SBI-NIFTY50-ETF-DG,TECHM,INE669C01036,INE669C01036-L1,2025-01-01,235108,1674.45,393676590.6,20,LTCG,2026-01-01,synthetic_curated
SBI-NIFTY50-ETF-DG,TECHM,INE669C01036,INE669C01036-L2,2025-12-01,201992,1590.9,321349072.8,9,STCG,2026-12-01,synthetic_curated
SBI-NIFTY50-ETF-DG,TECHM,INE669C01036,INE669C01036-L3,2024-08-01,364323,1636.5,596214589.5,25,LTCG,2025-08-01,synthetic_curated
SBI-NIFTY50-ETF-DG,COALINDIA,INE522F01014,INE522F01014-L1,2024-10-01,3537378,452.05,1599071724.9,23,LTCG,2025-10-01,synthetic_curated
SBI-NIFTY50-ETF-DG,COALINDIA,INE522F01014,INE522F01014-L2,2026-02-01,1664891,430.65,716985309.15,7,STCG,2027-02-01,synthetic_curated
SBI-NIFTY50-ETF-DG,COALINDIA,INE522F01014,INE522F01014-L3,2025-12-01,3303539,399.0,1318112061.0,9,STCG,2026-12-01,synthetic_curated
SBI-NIFTY50-ETF-DG,COALINDIA,INE522F01014,INE522F01014-L4,2024-09-01,2828968,510.15,1443198025.2,24,LTCG,2025-09-01,synthetic_curated
SBI-NIFTY50-ETF-DG,TRENT,INE849A01020,INE849A01020-L1,2023-11-01,96022,2787.0,267613314.0,34,LTCG,2024-11-01,synthetic_curated
SBI-NIFTY50-ETF-DG,TRENT,INE849A01020,INE849A01020-L2,2026-07-01,86320,3005.9,259469288.0,2,STCG,2027-07-01,synthetic_curated
SBI-NIFTY50-ETF-DG,TRENT,INE849A01020,INE849A01020-L3,2025-06-01,46213,6217.5,287329327.5,15,LTCG,2026-06-01,synthetic_curated
SBI-NIFTY50-ETF-DG,APOLLOHOSP,INE437A01024,INE437A01024-L1,2025-04-01,2983,6977.0,20812391.0,17,LTCG,2026-04-01,synthetic_curated
SBI-NIFTY50-ETF-DG,APOLLOHOSP,INE437A01024,INE437A01024-L2,2026-04-01,4797,7636.5,36632290.5,5,STCG,2027-04-01,synthetic_curated
SBI-NIFTY50-ETF-DG,APOLLOHOSP,INE437A01024,INE437A01024-L3,2025-05-01,6316,6880.5,43457238.0,16,LTCG,2026-05-01,synthetic_curated
SBI-NIFTY50-ETF-DG,APOLLOHOSP,INE437A01024,INE437A01024-L4,2025-04-01,5439,6977.0,37947903.0,17,LTCG,2026-04-01,synthetic_curated
SBI-NIFTY50-ETF-DG,APOLLOHOSP,INE437A01024,INE437A01024-L5,2025-08-01,2782,7610.0,21171020.0,13,LTCG,2026-08-01,synthetic_curated
SBI-NIFTY50-ETF-DG,ONGC,INE213A01029,INE213A01029-L1,2023-11-01,12713231,194.95,2478444383.45,34,LTCG,2024-11-01,synthetic_curated
SBI-NIFTY50-ETF-DG,ONGC,INE213A01029,INE213A01029-L2,2026-02-01,19652205,279.7,5496721738.5,7,STCG,2027-02-01,synthetic_curated
SBI-NIFTY50-ETF-DG,ADANIENT,INE423A01024,INE423A01024-L1,2025-06-01,103592,2619.4,271348884.8,15,LTCG,2026-06-01,synthetic_curated
SBI-NIFTY50-ETF-DG,ADANIENT,INE423A01024,INE423A01024-L2,2026-02-01,81749,2161.8,176724988.2,7,STCG,2027-02-01,synthetic_curated
SBI-NIFTY50-ETF-DG,CIPLA,INE059A01026,INE059A01026-L1,2024-06-01,521073,1480.8,771604898.4,27,LTCG,2025-06-01,synthetic_curated
SBI-NIFTY50-ETF-DG,CIPLA,INE059A01026,INE059A01026-L2,2025-10-01,261591,1501.3,392726568.3,11,STCG,2026-10-01,synthetic_curated
SBI-NIFTY50-ETF-DG,JIOFIN,INE758E01017,INE758E01017-L1,2023-09-01,11138710,231.2,2575269752.0,36,LTCG,2024-09-01,synthetic_curated
SBI-NIFTY50-ETF-DG,JIOFIN,INE758E01017,INE758E01017-L2,2026-07-01,6821662,256.46,1749483436.52,2,STCG,2027-07-01,synthetic_curated
SBI-NIFTY50-ETF-DG,JIOFIN,INE758E01017,INE758E01017-L3,2026-01-01,9723576,254.5,2474650092.0,8,STCG,2027-01-01,synthetic_curated
SBI-NIFTY50-ETF-DG,SBILIFE,INE123W01016,INE123W01016-L1,2024-12-01,287211,1390.4,399338174.4,21,LTCG,2025-12-01,synthetic_curated
SBI-NIFTY50-ETF-DG,SBILIFE,INE123W01016,INE123W01016-L2,2026-06-01,216278,1765.7,381882064.6,3,STCG,2027-06-01,synthetic_curated
SBI-NIFTY50-ETF-DG,MAXHEALTH,INE027H01010,INE027H01010-L1,2024-09-01,336551,985.75,331755148.25,24,LTCG,2025-09-01,synthetic_curated
SBI-NIFTY50-ETF-DG,MAXHEALTH,INE027H01010,INE027H01010-L2,2025-10-01,353580,1147.8,405839124.0,11,STCG,2026-10-01,synthetic_curated
SBI-NIFTY50-ETF-DG,MAXHEALTH,INE027H01010,INE027H01010-L3,2025-08-01,363087,1154.3,419111324.1,13,LTCG,2026-08-01,synthetic_curated
SBI-NIFTY50-ETF-DG,MAXHEALTH,INE027H01010,INE027H01010-L4,2024-09-01,322537,985.75,317940847.75,24,LTCG,2025-09-01,synthetic_curated
SBI-NIFTY50-ETF-DG,DRREDDY,INE089A01031,INE089A01031-L1,2024-03-01,362547,1231.58,446505634.26,30,LTCG,2025-03-01,synthetic_curated
SBI-NIFTY50-ETF-DG,DRREDDY,INE089A01031,INE089A01031-L2,2026-05-01,283508,1303.5,369552678.0,4,STCG,2027-05-01,synthetic_curated
SBI-NIFTY50-ETF-DG,DRREDDY,INE089A01031,INE089A01031-L3,2024-08-01,351745,1406.27,494648441.15,25,LTCG,2025-08-01,synthetic_curated
SBI-NIFTY50-ETF-DG,TATACONSUM,INE192A01025,INE192A01025-L1,2024-07-01,604539,1188.95,718766644.05,26,LTCG,2025-07-01,synthetic_curated
SBI-NIFTY50-ETF-DG,TATACONSUM,INE192A01025,INE192A01025-L2,2025-12-01,663698,1192.0,791128016.0,9,STCG,2026-12-01,synthetic_curated
SBI-NIFTY50-ETF-DG,TMPV,INE155A01022,INE155A01022-L1,2025-03-01,3441555,674.45,2321156769.75,18,LTCG,2026-03-01,synthetic_curated
SBI-NIFTY50-ETF-DG,TMPV,INE155A01022,INE155A01022-L2,2026-02-01,7348199,382.65,2811788347.35,7,STCG,2027-02-01,synthetic_curated
SBI-NIFTY50-ETF-DG,TMPV,INE155A01022,INE155A01022-L3,2025-09-01,2553902,680.2,1737164140.4,12,LTCG,2026-09-01,synthetic_curated
SBI-NIFTY50-ETF-DG,HDFCLIFE,INE795G01014,INE795G01014-L1,2024-10-01,1684215,720.15,1212887432.25,23,LTCG,2025-10-01,synthetic_curated
SBI-NIFTY50-ETF-DG,HDFCLIFE,INE795G01014,INE795G01014-L2,2026-02-01,1403857,715.3,1004178912.1,7,STCG,2027-02-01,synthetic_curated
SBI-NIFTY50-ETF-DG,HDFCLIFE,INE795G01014,INE795G01014-L3,2026-07-01,699231,548.5,383528203.5,2,STCG,2027-07-01,synthetic_curated
SBI-NIFTY50-ETF-DG,WIPRO,INE075A01022,INE075A01022-L1,2024-11-01,6635281,288.92,1917065386.52,22,LTCG,2025-11-01,synthetic_curated
SBI-NIFTY50-ETF-DG,WIPRO,INE075A01022,INE075A01022-L2,2025-10-01,17972462,240.67,4325432429.54,11,STCG,2026-10-01,synthetic_curated
SBI-NIFTY50-ETF-DG,WIPRO,INE075A01022,INE075A01022-L3,2026-07-01,6879812,183.65,1263477473.8,2,STCG,2027-07-01,synthetic_curated
HDFC-RETIREMENT-EQUITY-DG,ICICIBANK,INE090A01021,INE090A01021-L1,2023-10-01,959,915.35,877820.65,35,LTCG,2024-10-01,synthetic_curated
HDFC-RETIREMENT-EQUITY-DG,ICICIBANK,INE090A01021,INE090A01021-L2,2026-05-01,944,1256.4,1186041.6,4,STCG,2027-05-01,synthetic_curated
HDFC-RETIREMENT-EQUITY-DG,ICICIBANK,INE090A01021,INE090A01021-L3,2024-04-01,906,1150.4,1042262.4,29,LTCG,2025-04-01,synthetic_curated
HDFC-RETIREMENT-EQUITY-DG,ICICIBANK,INE090A01021,INE090A01021-L4,2025-08-01,707,1397.8,988244.6,13,LTCG,2026-08-01,synthetic_curated
HDFC-RETIREMENT-EQUITY-DG,ICICIBANK,INE090A01021,INE090A01021-L5,2025-01-01,502,1252.8,628905.6,20,LTCG,2026-01-01,synthetic_curated
HDFC-RETIREMENT-EQUITY-DG,HDFCBANK,INE040A01034,INE040A01034-L1,2025-05-01,790,972.45,768235.5,16,LTCG,2026-05-01,synthetic_curated
HDFC-RETIREMENT-EQUITY-DG,HDFCBANK,INE040A01034,INE040A01034-L2,2026-07-01,1938,748.15,1449914.7,2,STCG,2027-07-01,synthetic_curated
HDFC-RETIREMENT-EQUITY-DG,HDFCBANK,INE040A01034,INE040A01034-L3,2025-05-01,1630,972.45,1585093.5,16,LTCG,2026-05-01,synthetic_curated
HDFC-RETIREMENT-EQUITY-DG,HDFCBANK,INE040A01034,INE040A01034-L4,2023-12-01,1228,854.62,1049473.36,33,LTCG,2024-12-01,synthetic_curated
HDFC-RETIREMENT-EQUITY-DG,HDFCBANK,INE040A01034,INE040A01034-L5,2025-07-01,718,1009.1,724533.8,14,LTCG,2026-07-01,synthetic_curated
HDFC-RETIREMENT-EQUITY-DG,RELIANCE,INE002A01018,INE002A01018-L1,2023-12-01,496,1292.47,641065.12,33,LTCG,2024-12-01,synthetic_curated
HDFC-RETIREMENT-EQUITY-DG,RELIANCE,INE002A01018,INE002A01018-L2,2026-06-01,628,1293.9,812569.2,3,STCG,2027-06-01,synthetic_curated
HDFC-RETIREMENT-EQUITY-DG,RELIANCE,INE002A01018,INE002A01018-L3,2025-09-01,425,1364.0,579700.0,12,LTCG,2026-09-01,synthetic_curated
HDFC-RETIREMENT-EQUITY-DG,RELIANCE,INE002A01018,INE002A01018-L4,2023-12-01,691,1292.47,893096.77,33,LTCG,2024-12-01,synthetic_curated
HDFC-RETIREMENT-EQUITY-DG,RELIANCE,INE002A01018,INE002A01018-L5,2025-02-01,467,1200.1,560446.7,19,LTCG,2026-02-01,synthetic_curated
HDFC-RETIREMENT-EQUITY-DG,AXISBANK,INE238A01034,INE238A01034-L1,2025-04-01,1347,1185.0,1596195.0,17,LTCG,2026-04-01,synthetic_curated
HDFC-RETIREMENT-EQUITY-DG,AXISBANK,INE238A01034,INE238A01034-L2,2026-04-01,1135,1268.3,1439520.5,5,STCG,2027-04-01,synthetic_curated
HDFC-RETIREMENT-EQUITY-DG,KOTAKBANK,INE237A01036,INE237A01036-L1,2025-08-01,2472,392.06,969172.32,13,LTCG,2026-08-01,synthetic_curated
HDFC-RETIREMENT-EQUITY-DG,KOTAKBANK,INE237A01036,INE237A01036-L2,2026-01-01,2024,408.0,825792.0,8,STCG,2027-01-01,synthetic_curated
HDFC-RETIREMENT-EQUITY-DG,KOTAKBANK,INE237A01036,INE237A01036-L3,2024-07-01,2621,361.58,947701.18,26,LTCG,2025-07-01,synthetic_curated
HDFC-RETIREMENT-EQUITY-DG,MARUTI,INE585B01010,INE585B01010-L1,2025-06-01,46,12400.0,570400.0,15,LTCG,2026-06-01,synthetic_curated
HDFC-RETIREMENT-EQUITY-DG,MARUTI,INE585B01010,INE585B01010-L2,2026-06-01,58,14115.0,818670.0,3,STCG,2027-06-01,synthetic_curated
HDFC-RETIREMENT-EQUITY-DG,MARUTI,INE585B01010,INE585B01010-L3,2025-01-01,27,12310.65,332387.55,20,LTCG,2026-01-01,synthetic_curated
HDFC-RETIREMENT-EQUITY-DG,MARUTI,INE585B01010,INE585B01010-L4,2024-04-01,46,12817.5,589605.0,29,LTCG,2025-04-01,synthetic_curated
HDFC-RETIREMENT-EQUITY-DG,SBIN,INE062A01020,INE062A01020-L1,2024-04-01,612,826.25,505665.0,29,LTCG,2025-04-01,synthetic_curated
HDFC-RETIREMENT-EQUITY-DG,SBIN,INE062A01020,INE062A01020-L2,2025-11-01,342,979.0,334818.0,10,STCG,2026-11-01,synthetic_curated
HDFC-RETIREMENT-EQUITY-DG,SBIN,INE062A01020,INE062A01020-L3,2025-03-01,356,771.5,274654.0,18,LTCG,2026-03-01,synthetic_curated
HDFC-RETIREMENT-EQUITY-DG,SBIN,INE062A01020,INE062A01020-L4,2026-04-01,271,1068.45,289549.95,5,STCG,2027-04-01,synthetic_curated
HDFC-RETIREMENT-EQUITY-DG,SBIN,INE062A01020,INE062A01020-L5,2026-02-01,547,1201.7,657329.9,7,STCG,2027-02-01,synthetic_curated
HDFC-RETIREMENT-EQUITY-DG,BHARTIARTL,INE397D01024,INE397D01024-L1,2024-08-01,410,1589.05,651510.5,25,LTCG,2025-08-01,synthetic_curated
HDFC-RETIREMENT-EQUITY-DG,BHARTIARTL,INE397D01024,INE397D01024-L2,2026-02-01,256,1879.3,481100.8,7,STCG,2027-02-01,synthetic_curated
HDFC-RETIREMENT-EQUITY-DG,BHARTIARTL,INE397D01024,INE397D01024-L3,2023-10-01,291,914.4,266090.4,35,LTCG,2024-10-01,synthetic_curated
HDFC-RETIREMENT-EQUITY-DG,INFY,INE009A01021,INE009A01021-L1,2025-04-01,401,1500.1,601540.1,17,LTCG,2026-04-01,synthetic_curated
HDFC-RETIREMENT-EQUITY-DG,INFY,INE009A01021,INE009A01021-L2,2026-05-01,375,1160.9,435337.5,4,STCG,2027-05-01,synthetic_curated
HDFC-RETIREMENT-EQUITY-DG,INFY,INE009A01021,INE009A01021-L3,2023-09-01,394,1435.45,565567.3,36,LTCG,2024-09-01,synthetic_curated
HDFC-RETIREMENT-EQUITY-DG,INFY,INE009A01021,INE009A01021-L4,2023-10-01,181,1368.4,247680.4,35,LTCG,2024-10-01,synthetic_curated
HDFC-RETIREMENT-EQUITY-DG,INFY,INE009A01021,INE009A01021-L5,2025-06-01,267,1601.8,427680.6,15,LTCG,2026-06-01,synthetic_curated
HDFC-RETIREMENT-EQUITY-DG,TCS,INE467B01029,INE467B01029-L1,2025-08-01,424,3084.7,1307912.8,13,LTCG,2026-08-01,synthetic_curated
HDFC-RETIREMENT-EQUITY-DG,TCS,INE467B01029,INE467B01029-L2,2026-08-01,374,2399.3,897338.2,1,STCG,2027-08-01,synthetic_curated
HDFC-RETIREMENT-EQUITY-DG,LT,INE018A01030,INE018A01030-L1,2024-12-01,177,3607.65,638554.05,21,LTCG,2025-12-01,synthetic_curated
HDFC-RETIREMENT-EQUITY-DG,LT,INE018A01030,INE018A01030-L2,2026-05-01,167,4076.5,680775.5,4,STCG,2027-05-01,synthetic_curated
HDFC-RETIREMENT-EQUITY-DG,LT,INE018A01030,INE018A01030-L3,2025-06-01,72,3669.8,264225.6,15,LTCG,2026-06-01,synthetic_curated
HDFC-RETIREMENT-EQUITY-DG,LALPATHLAB,INE600L01024,INE600L01024-L1,2024-07-01,426,1545.3,658297.8,26,LTCG,2025-07-01,synthetic_curated
HDFC-RETIREMENT-EQUITY-DG,LALPATHLAB,INE600L01024,INE600L01024-L2,2026-02-01,288,1399.9,403171.2,7,STCG,2027-02-01,synthetic_curated
HDFC-RETIREMENT-EQUITY-DG,HCLTECH,INE860A01027,INE860A01027-L1,2023-11-01,224,1340.9,300361.6,34,LTCG,2024-11-01,synthetic_curated
HDFC-RETIREMENT-EQUITY-DG,HCLTECH,INE860A01027,INE860A01027-L2,2026-04-01,272,1199.1,326155.2,5,STCG,2027-04-01,synthetic_curated
HDFC-RETIREMENT-EQUITY-DG,HCLTECH,INE860A01027,INE860A01027-L3,2023-09-01,261,1234.8,322282.8,36,LTCG,2024-09-01,synthetic_curated
HDFC-RETIREMENT-EQUITY-DG,HCLTECH,INE860A01027,INE860A01027-L4,2023-10-01,293,1276.0,373868.0,35,LTCG,2024-10-01,synthetic_curated
HDFC-RETIREMENT-EQUITY-DG,INDIGO,INE646L01027,INE646L01027-L1,2023-10-01,51,2453.85,125146.35,35,LTCG,2024-10-01,synthetic_curated
HDFC-RETIREMENT-EQUITY-DG,INDIGO,INE646L01027,INE646L01027-L2,2026-04-01,84,4295.3,360805.2,5,STCG,2027-04-01,synthetic_curated
HDFC-RETIREMENT-EQUITY-DG,INDIGO,INE646L01027,INE646L01027-L3,2025-12-01,47,5059.5,237796.5,9,STCG,2026-12-01,synthetic_curated
HDFC-RETIREMENT-EQUITY-DG,INDIGO,INE646L01027,INE646L01027-L4,2025-08-01,84,5646.0,474264.0,13,LTCG,2026-08-01,synthetic_curated
HDFC-RETIREMENT-EQUITY-DG,EICHERMOT,INE066A01021,INE066A01021-L1,2023-10-01,86,3295.55,283417.3,35,LTCG,2024-10-01,synthetic_curated
HDFC-RETIREMENT-EQUITY-DG,EICHERMOT,INE066A01021,INE066A01021-L2,2026-01-01,73,7122.5,519942.5,8,STCG,2027-01-01,synthetic_curated
HDFC-RETIREMENT-EQUITY-DG,POWERGRID,INE752E01010,INE752E01010-L1,2024-01-01,886,259.3,229739.8,32,LTCG,2025-01-01,synthetic_curated
HDFC-RETIREMENT-EQUITY-DG,POWERGRID,INE752E01010,INE752E01010-L2,2026-06-01,689,286.3,197260.7,3,STCG,2027-06-01,synthetic_curated
HDFC-RETIREMENT-EQUITY-DG,POWERGRID,INE752E01010,INE752E01010-L3,2026-02-01,1303,298.65,389140.95,7,STCG,2027-02-01,synthetic_curated
HDFC-RETIREMENT-EQUITY-DG,POWERGRID,INE752E01010,INE752E01010-L4,2025-03-01,1510,290.35,438428.5,18,LTCG,2026-03-01,synthetic_curated
HDFC-RETIREMENT-EQUITY-DG,ICICIGI,INE765G01017,INE765G01017-L1,2024-09-01,94,2174.4,204393.6,24,LTCG,2025-09-01,synthetic_curated
HDFC-RETIREMENT-EQUITY-DG,ICICIGI,INE765G01017,INE765G01017-L2,2025-11-01,160,1970.5,315280.0,10,STCG,2026-11-01,synthetic_curated
HDFC-RETIREMENT-EQUITY-DG,ICICIGI,INE765G01017,INE765G01017-L3,2024-05-01,164,1580.75,259243.0,28,LTCG,2025-05-01,synthetic_curated
HDFC-RETIREMENT-EQUITY-DG,ICICIGI,INE765G01017,INE765G01017-L4,2025-01-01,166,1858.5,308511.0,20,LTCG,2026-01-01,synthetic_curated
HDFC-RETIREMENT-EQUITY-DG,ICICIGI,INE765G01017,INE765G01017-L5,2024-11-01,168,1861.85,312790.8,22,LTCG,2025-11-01,synthetic_curated
HDFC-RETIREMENT-EQUITY-DG,ETERNAL,INE758T01015,INE758T01015-L1,2024-01-01,674,139.55,94056.7,32,LTCG,2025-01-01,synthetic_curated
HDFC-RETIREMENT-EQUITY-DG,ETERNAL,INE758T01015,INE758T01015-L2,2026-07-01,880,302.45,266156.0,2,STCG,2027-07-01,synthetic_curated
HDFC-RETIREMENT-EQUITY-DG,ETERNAL,INE758T01015,INE758T01015-L3,2026-08-01,538,328.1,176517.8,1,STCG,2027-08-01,synthetic_curated
HDFC-RETIREMENT-EQUITY-DG,ETERNAL,INE758T01015,INE758T01015-L4,2026-05-01,582,250.58,145837.56,4,STCG,2027-05-01,synthetic_curated
HDFC-RETIREMENT-EQUITY-DG,ETERNAL,INE758T01015,INE758T01015-L5,2026-06-01,337,264.6,89170.2,3,STCG,2027-06-01,synthetic_curated
HDFC-RETIREMENT-EQUITY-DG,MFSL,INE180A01020,INE180A01020-L1,2025-02-01,153,998.1,152709.3,19,LTCG,2026-02-01,synthetic_curated
HDFC-RETIREMENT-EQUITY-DG,MFSL,INE180A01020,INE180A01020-L2,2025-12-01,89,1671.8,148790.2,9,STCG,2026-12-01,synthetic_curated
HDFC-RETIREMENT-EQUITY-DG,MFSL,INE180A01020,INE180A01020-L3,2026-05-01,144,1674.0,241056.0,4,STCG,2027-05-01,synthetic_curated
HDFC-RETIREMENT-EQUITY-DG,MFSL,INE180A01020,INE180A01020-L4,2024-03-01,136,1002.2,136299.2,30,LTCG,2025-03-01,synthetic_curated
HDFC-RETIREMENT-EQUITY-DG,MFSL,INE180A01020,INE180A01020-L5,2023-10-01,83,914.1,75870.3,35,LTCG,2024-10-01,synthetic_curated
HDFC-RETIREMENT-EQUITY-DG,HAVELLS,INE176B01034,INE176B01034-L1,2024-04-01,209,1664.0,347776.0,29,LTCG,2025-04-01,synthetic_curated
HDFC-RETIREMENT-EQUITY-DG,HAVELLS,INE176B01034,INE176B01034-L2,2025-10-01,190,1493.9,283841.0,11,STCG,2026-10-01,synthetic_curated
HDFC-RETIREMENT-EQUITY-DG,HAVELLS,INE176B01034,INE176B01034-L3,2024-09-01,370,2012.9,744773.0,24,LTCG,2025-09-01,synthetic_curated
HDFC-RETIREMENT-EQUITY-DG,ALKEM,INE540L01014,INE540L01014-L1,2024-07-01,68,5309.5,361046.0,26,LTCG,2025-07-01,synthetic_curated
HDFC-RETIREMENT-EQUITY-DG,ALKEM,INE540L01014,INE540L01014-L2,2026-05-01,32,5498.0,175936.0,4,STCG,2027-05-01,synthetic_curated
HDFC-RETIREMENT-EQUITY-DG,ALKEM,INE540L01014,INE540L01014-L3,2026-04-01,27,5400.0,145800.0,5,STCG,2027-04-01,synthetic_curated
HDFC-RETIREMENT-EQUITY-DG,ALKEM,INE540L01014,INE540L01014-L4,2026-01-01,29,5677.5,164647.5,8,STCG,2027-01-01,synthetic_curated
HDFC-RETIREMENT-EQUITY-DG,ITC,INE154A01025,INE154A01025-L1,2024-08-01,1091,483.29,527269.39,25,LTCG,2025-08-01,synthetic_curated
HDFC-RETIREMENT-EQUITY-DG,ITC,INE154A01025,INE154A01025-L2,2026-04-01,756,314.9,238064.4,5,STCG,2027-04-01,synthetic_curated
HDFC-RETIREMENT-EQUITY-DG,ITC,INE154A01025,INE154A01025-L3,2024-09-01,1367,498.93,682037.31,24,LTCG,2025-09-01,synthetic_curated
HDFC-RETIREMENT-EQUITY-DG,JINDALSTEL,INE749A01030,INE749A01030-L1,2025-02-01,204,856.15,174654.6,19,LTCG,2026-02-01,synthetic_curated
HDFC-RETIREMENT-EQUITY-DG,JINDALSTEL,INE749A01030,INE749A01030-L2,2026-06-01,109,1060.1,115550.9,3,STCG,2027-06-01,synthetic_curated
HDFC-RETIREMENT-EQUITY-DG,JINDALSTEL,INE749A01030,INE749A01030-L3,2025-05-01,91,948.9,86349.9,16,LTCG,2026-05-01,synthetic_curated
HDFC-RETIREMENT-EQUITY-DG,JINDALSTEL,INE749A01030,INE749A01030-L4,2024-03-01,202,849.15,171528.3,30,LTCG,2025-03-01,synthetic_curated
HDFC-RETIREMENT-EQUITY-DG,JINDALSTEL,INE749A01030,INE749A01030-L5,2025-07-01,140,965.0,135100.0,14,LTCG,2026-07-01,synthetic_curated
HDFC-RETIREMENT-EQUITY-DG,NTPC,INE733E01010,INE733E01010-L1,2025-06-01,812,334.9,271938.8,15,LTCG,2026-06-01,synthetic_curated
HDFC-RETIREMENT-EQUITY-DG,NTPC,INE733E01010,INE733E01010-L2,2025-10-01,1717,336.95,578543.15,11,STCG,2026-10-01,synthetic_curated
HDFC-RETIREMENT-EQUITY-DG,HDFCLIFE,INE795G01014,INE795G01014-L1,2024-10-01,658,720.15,473858.7,23,LTCG,2025-10-01,synthetic_curated
HDFC-RETIREMENT-EQUITY-DG,HDFCLIFE,INE795G01014,INE795G01014-L2,2026-02-01,548,715.3,391984.4,7,STCG,2027-02-01,synthetic_curated
HDFC-RETIREMENT-EQUITY-DG,HDFCLIFE,INE795G01014,INE795G01014-L3,2026-07-01,273,548.5,149740.5,2,STCG,2027-07-01,synthetic_curated
HDFC-RETIREMENT-EQUITY-DG,DIVISLAB,INE361B01024,INE361B01024-L1,2025-07-01,36,6595.5,237438.0,14,LTCG,2026-07-01,synthetic_curated
HDFC-RETIREMENT-EQUITY-DG,DIVISLAB,INE361B01024,INE361B01024-L2,2025-10-01,25,6738.0,168450.0,11,STCG,2026-10-01,synthetic_curated
HDFC-RETIREMENT-EQUITY-DG,DIVISLAB,INE361B01024,INE361B01024-L3,2024-06-01,20,4596.45,91929.0,27,LTCG,2025-06-01,synthetic_curated
HDFC-RETIREMENT-EQUITY-DG,CREDITACC,INE741K01010,INE741K01010-L1,2023-11-01,252,1697.45,427757.4,34,LTCG,2024-11-01,synthetic_curated
HDFC-RETIREMENT-EQUITY-DG,CREDITACC,INE741K01010,INE741K01010-L2,2026-08-01,157,1363.5,214069.5,1,STCG,2027-08-01,synthetic_curated
HDFC-RETIREMENT-EQUITY-DG,CREDITACC,INE741K01010,INE741K01010-L3,2025-02-01,131,919.1,120402.1,19,LTCG,2026-02-01,synthetic_curated
HDFC-RETIREMENT-EQUITY-DG,UNITDSPR,INE854D01024,INE854D01024-L1,2024-12-01,323,1625.45,525020.35,21,LTCG,2025-12-01,synthetic_curated
HDFC-RETIREMENT-EQUITY-DG,UNITDSPR,INE854D01024,INE854D01024-L2,2026-08-01,220,1490.0,327800.0,1,STCG,2027-08-01,synthetic_curated
HDFC-RETIREMENT-EQUITY-DG,BAJAJ-AUTO,INE917I01010,INE917I01010-L1,2024-06-01,11,9501.65,104518.15,27,LTCG,2025-06-01,synthetic_curated
HDFC-RETIREMENT-EQUITY-DG,BAJAJ-AUTO,INE917I01010,INE917I01010-L2,2026-05-01,17,10460.0,177820.0,4,STCG,2027-05-01,synthetic_curated
HDFC-RETIREMENT-EQUITY-DG,BAJAJ-AUTO,INE917I01010,INE917I01010-L3,2024-01-01,11,7667.55,84343.05,32,LTCG,2025-01-01,synthetic_curated
HDFC-RETIREMENT-EQUITY-DG,BAJAJ-AUTO,INE917I01010,INE917I01010-L4,2024-02-01,8,7909.35,63274.8,31,LTCG,2025-02-01,synthetic_curated
HDFC-RETIREMENT-EQUITY-DG,BAJAJ-AUTO,INE917I01010,INE917I01010-L5,2024-09-01,17,12345.95,209881.15,24,LTCG,2025-09-01,synthetic_curated
HDFC-RETIREMENT-EQUITY-DG,DELHIVERY,INE148O01028,INE148O01028-L1,2023-11-01,479,391.15,187360.85,34,LTCG,2024-11-01,synthetic_curated
HDFC-RETIREMENT-EQUITY-DG,DELHIVERY,INE148O01028,INE148O01028-L2,2026-02-01,632,433.4,273908.8,7,STCG,2027-02-01,synthetic_curated
HDFC-RETIREMENT-EQUITY-DG,DELHIVERY,INE148O01028,INE148O01028-L3,2024-10-01,594,356.1,211523.4,23,LTCG,2025-10-01,synthetic_curated
HDFC-RETIREMENT-EQUITY-DG,APOLLOHOSP,INE437A01024,INE437A01024-L1,2025-04-01,11,6977.0,76747.0,17,LTCG,2026-04-01,synthetic_curated
HDFC-RETIREMENT-EQUITY-DG,APOLLOHOSP,INE437A01024,INE437A01024-L2,2026-04-01,16,7636.5,122184.0,5,STCG,2027-04-01,synthetic_curated
HDFC-RETIREMENT-EQUITY-DG,APOLLOHOSP,INE437A01024,INE437A01024-L3,2025-05-01,21,6880.5,144490.5,16,LTCG,2026-05-01,synthetic_curated
HDFC-RETIREMENT-EQUITY-DG,APOLLOHOSP,INE437A01024,INE437A01024-L4,2025-04-01,18,6977.0,125586.0,17,LTCG,2026-04-01,synthetic_curated
HDFC-RETIREMENT-EQUITY-DG,APOLLOHOSP,INE437A01024,INE437A01024-L5,2025-08-01,9,7610.0,68490.0,13,LTCG,2026-08-01,synthetic_curated
HDFC-RETIREMENT-EQUITY-DG,HYUNDAI,INE0V6F01027,INE0V6F01027-L1,2024-10-01,167,1822.55,304365.85,23,LTCG,2025-10-01,synthetic_curated
HDFC-RETIREMENT-EQUITY-DG,HYUNDAI,INE0V6F01027,INE0V6F01027-L2,2025-10-01,132,2438.7,321908.4,11,STCG,2026-10-01,synthetic_curated
HDFC-RETIREMENT-EQUITY-DG,TATASTEEL,INE081A01020,INE081A01020-L1,2023-10-01,1083,118.75,128606.25,35,LTCG,2024-10-01,synthetic_curated
HDFC-RETIREMENT-EQUITY-DG,TATASTEEL,INE081A01020,INE081A01020-L2,2026-01-01,1328,193.13,256476.64,8,STCG,2027-01-01,synthetic_curated
HDFC-RETIREMENT-EQUITY-DG,TATASTEEL,INE081A01020,INE081A01020-L3,2026-08-01,1067,184.35,196701.45,1,STCG,2027-08-01,synthetic_curated
HDFC-RETIREMENT-EQUITY-DG,CRISIL,INE007A01025,INE007A01025-L1,2024-12-01,36,6653.1,239511.6,21,LTCG,2025-12-01,synthetic_curated
HDFC-RETIREMENT-EQUITY-DG,CRISIL,INE007A01025,INE007A01025-L2,2026-03-01,32,3761.2,120358.4,6,STCG,2027-03-01,synthetic_curated
HDFC-RETIREMENT-EQUITY-DG,CRISIL,INE007A01025,INE007A01025-L3,2023-11-01,25,4275.25,106881.25,34,LTCG,2024-11-01,synthetic_curated
HDFC-RETIREMENT-EQUITY-DG,CRISIL,INE007A01025,INE007A01025-L4,2024-11-01,44,5364.0,236016.0,22,LTCG,2025-11-01,synthetic_curated
HDFC-RETIREMENT-EQUITY-DG,HINDPETRO,INE094A01015,INE094A01015-L1,2025-04-01,196,378.7,74225.2,17,LTCG,2026-04-01,synthetic_curated
HDFC-RETIREMENT-EQUITY-DG,HINDPETRO,INE094A01015,INE094A01015-L2,2025-12-01,395,499.05,197124.75,9,STCG,2026-12-01,synthetic_curated
HDFC-RETIREMENT-EQUITY-DG,HINDPETRO,INE094A01015,INE094A01015-L3,2024-06-01,345,332.1,114574.5,27,LTCG,2025-06-01,synthetic_curated
HDFC-RETIREMENT-EQUITY-DG,HINDPETRO,INE094A01015,INE094A01015-L4,2025-02-01,414,293.75,121612.5,19,LTCG,2026-02-01,synthetic_curated
HDFC-RETIREMENT-EQUITY-DG,HINDPETRO,INE094A01015,INE094A01015-L5,2025-11-01,382,457.5,174765.0,10,STCG,2026-11-01,synthetic_curated
HDFC-RETIREMENT-EQUITY-DG,PVRINOX,INE191H01014,INE191H01014-L1,2024-05-01,128,1309.05,167558.4,28,LTCG,2025-05-01,synthetic_curated
HDFC-RETIREMENT-EQUITY-DG,PVRINOX,INE191H01014,INE191H01014-L2,2026-07-01,94,1130.6,106276.4,2,STCG,2027-07-01,synthetic_curated
HDFC-RETIREMENT-EQUITY-DG,PVRINOX,INE191H01014,INE191H01014-L3,2025-07-01,97,999.8,96980.6,14,LTCG,2026-07-01,synthetic_curated
HDFC-RETIREMENT-EQUITY-DG,PVRINOX,INE191H01014,INE191H01014-L4,2023-12-01,137,1659.05,227289.85,33,LTCG,2024-12-01,synthetic_curated
HDFC-RETIREMENT-EQUITY-DG,TCI,INE688A01022,INE688A01022-L1,2025-06-01,160,1130.2,180832.0,15,LTCG,2026-06-01,synthetic_curated
HDFC-RETIREMENT-EQUITY-DG,TCI,INE688A01022,INE688A01022-L2,2026-06-01,323,924.7,298678.1,3,STCG,2027-06-01,synthetic_curated
HDFC-RETIREMENT-EQUITY-DG,TCI,INE688A01022,INE688A01022-L3,2025-10-01,228,1200.7,273759.6,11,STCG,2026-10-01,synthetic_curated
HDFC-RETIREMENT-EQUITY-DG,BALKRISIND,INE787D01026,INE787D01026-L1,2024-05-01,80,3050.05,244004.0,28,LTCG,2025-05-01,synthetic_curated
HDFC-RETIREMENT-EQUITY-DG,BALKRISIND,INE787D01026,INE787D01026-L2,2026-05-01,40,2205.5,88220.0,4,STCG,2027-05-01,synthetic_curated
HDFC-RETIREMENT-EQUITY-DG,BALKRISIND,INE787D01026,INE787D01026-L3,2025-03-01,68,2554.8,173726.4,18,LTCG,2026-03-01,synthetic_curated
HDFC-RETIREMENT-EQUITY-DG,BALKRISIND,INE787D01026,INE787D01026-L4,2026-04-01,33,2160.8,71306.4,5,STCG,2027-04-01,synthetic_curated
HDFC-RETIREMENT-EQUITY-DG,BALKRISIND,INE787D01026,INE787D01026-L5,2024-05-01,31,3050.05,94551.55,28,LTCG,2025-05-01,synthetic_curated
HDFC-RETIREMENT-EQUITY-DG,KPIL,INE220B01022,INE220B01022-L1,2024-12-01,105,1297.2,136206.0,21,LTCG,2025-12-01,synthetic_curated
HDFC-RETIREMENT-EQUITY-DG,KPIL,INE220B01022,INE220B01022-L2,2026-06-01,189,1370.1,258948.9,3,STCG,2027-06-01,synthetic_curated
HDFC-RETIREMENT-EQUITY-DG,KPIL,INE220B01022,INE220B01022-L3,2026-09-01,94,1445.5,135877.0,0,STCG,2027-09-01,synthetic_curated
HDFC-RETIREMENT-EQUITY-DG,CHALET,INE427F01016,INE427F01016-L1,2025-02-01,191,737.05,140776.55,19,LTCG,2026-02-01,synthetic_curated
HDFC-RETIREMENT-EQUITY-DG,CHALET,INE427F01016,INE427F01016-L2,2025-12-01,222,870.55,193262.1,9,STCG,2026-12-01,synthetic_curated
HDFC-RETIREMENT-EQUITY-DG,CHALET,INE427F01016,INE427F01016-L3,2023-10-01,214,547.65,117197.1,35,LTCG,2024-10-01,synthetic_curated
HDFC-RETIREMENT-EQUITY-DG,VOLTAMP,INE540H01012,INE540H01012-L1,2025-03-01,21,7136.35,149863.35,18,LTCG,2026-03-01,synthetic_curated
HDFC-RETIREMENT-EQUITY-DG,VOLTAMP,INE540H01012,INE540H01012-L2,2026-03-01,18,8685.5,156339.0,6,STCG,2027-03-01,synthetic_curated
HDFC-RETIREMENT-EQUITY-DG,VOLTAMP,INE540H01012,INE540H01012-L3,2024-05-01,11,11258.3,123841.3,28,LTCG,2025-05-01,synthetic_curated
HDFC-RETIREMENT-EQUITY-DG,REDINGTON,INE891D01026,INE891D01026-L1,2025-03-01,409,242.95,99366.55,18,LTCG,2026-03-01,synthetic_curated
HDFC-RETIREMENT-EQUITY-DG,REDINGTON,INE891D01026,INE891D01026-L2,2026-07-01,507,321.65,163076.55,2,STCG,2027-07-01,synthetic_curated
HDFC-RETIREMENT-EQUITY-DG,REDINGTON,INE891D01026,INE891D01026-L3,2023-10-01,426,142.8,60832.8,35,LTCG,2024-10-01,synthetic_curated
HDFC-RETIREMENT-EQUITY-DG,CIPLA,INE059A01026,INE059A01026-L1,2024-06-01,253,1480.8,374642.4,27,LTCG,2025-06-01,synthetic_curated
HDFC-RETIREMENT-EQUITY-DG,CIPLA,INE059A01026,INE059A01026-L2,2025-10-01,126,1501.3,189163.8,11,STCG,2026-10-01,synthetic_curated
HDFC-RETIREMENT-EQUITY-DG,GLAND,INE068V01023,INE068V01023-L1,2024-04-01,29,1711.2,49624.8,29,LTCG,2025-04-01,synthetic_curated
HDFC-RETIREMENT-EQUITY-DG,GLAND,INE068V01023,INE068V01023-L2,2026-07-01,36,2502.9,90104.4,2,STCG,2027-07-01,synthetic_curated
HDFC-RETIREMENT-EQUITY-DG,GLAND,INE068V01023,INE068V01023-L3,2024-06-01,51,1824.85,93067.35,27,LTCG,2025-06-01,synthetic_curated
HDFC-RETIREMENT-EQUITY-DG,GLAND,INE068V01023,INE068V01023-L4,2025-12-01,55,1722.0,94710.0,9,STCG,2026-12-01,synthetic_curated
HDFC-RETIREMENT-EQUITY-DG,GODREJCP,INE102D01028,INE102D01028-L1,2024-10-01,169,1283.15,216852.35,23,LTCG,2025-10-01,synthetic_curated
HDFC-RETIREMENT-EQUITY-DG,GODREJCP,INE102D01028,INE102D01028-L2,2025-11-01,81,1145.6,92793.6,10,STCG,2026-11-01,synthetic_curated
HDFC-RETIREMENT-EQUITY-DG,GODREJCP,INE102D01028,INE102D01028-L3,2026-04-01,64,1067.1,68294.4,5,STCG,2027-04-01,synthetic_curated
HDFC-RETIREMENT-EQUITY-DG,GODREJCP,INE102D01028,INE102D01028-L4,2026-05-01,130,1029.3,133809.0,4,STCG,2027-05-01,synthetic_curated
HDFC-RETIREMENT-EQUITY-DG,GODREJCP,INE102D01028,INE102D01028-L5,2024-08-01,119,1481.2,176262.8,25,LTCG,2025-08-01,synthetic_curated
HDFC-RETIREMENT-EQUITY-DG,BLUEDART,INE233B01017,INE233B01017-L1,2024-08-01,75,8041.45,603108.75,25,LTCG,2025-08-01,synthetic_curated
HDFC-RETIREMENT-EQUITY-DG,BLUEDART,INE233B01017,INE233B01017-L2,2025-11-01,27,5719.0,154413.0,10,STCG,2026-11-01,synthetic_curated
HDFC-RETIREMENT-EQUITY-DG,LUPIN,INE326A01037,INE326A01037-L1,2025-03-01,74,2027.95,150068.3,18,LTCG,2026-03-01,synthetic_curated
HDFC-RETIREMENT-EQUITY-DG,LUPIN,INE326A01037,INE326A01037-L2,2026-02-01,29,2301.9,66755.1,7,STCG,2027-02-01,synthetic_curated
HDFC-RETIREMENT-EQUITY-DG,LUPIN,INE326A01037,INE326A01037-L3,2025-10-01,42,1963.5,82467.0,11,STCG,2026-10-01,synthetic_curated
HDFC-RETIREMENT-EQUITY-DG,LUPIN,INE326A01037,INE326A01037-L4,2026-06-01,65,2419.0,157235.0,3,STCG,2027-06-01,synthetic_curated
HDFC-RETIREMENT-EQUITY-DG,LUPIN,INE326A01037,INE326A01037-L5,2026-06-01,26,2419.0,62894.0,3,STCG,2027-06-01,synthetic_curated
HDFC-RETIREMENT-EQUITY-DG,PRESTIGE,INE811K01011,INE811K01011-L1,2024-03-01,118,1170.0,138060.0,30,LTCG,2025-03-01,synthetic_curated
HDFC-RETIREMENT-EQUITY-DG,PRESTIGE,INE811K01011,INE811K01011-L2,2026-03-01,223,1126.5,251209.5,6,STCG,2027-03-01,synthetic_curated
HDFC-RETIREMENT-EQUITY-DG,RAMCOCEM,INE331A01037,INE331A01037-L1,2024-10-01,395,886.55,350187.25,23,LTCG,2025-10-01,synthetic_curated
HDFC-RETIREMENT-EQUITY-DG,RAMCOCEM,INE331A01037,INE331A01037-L2,2025-07-01,161,1177.2,189529.2,14,LTCG,2026-07-01,synthetic_curated
HDFC-RETIREMENT-EQUITY-DG,JSWDULUX,INE133A01011,INE133A01011-L1,2023-12-01,79,2607.45,205988.55,33,LTCG,2024-12-01,synthetic_curated
HDFC-RETIREMENT-EQUITY-DG,JSWDULUX,INE133A01011,INE133A01011-L2,2026-03-01,70,2844.7,199129.0,6,STCG,2027-03-01,synthetic_curated
HDFC-RETIREMENT-EQUITY-DG,STARHEALTH,INE575P01011,INE575P01011-L1,2024-03-01,271,543.45,147274.95,30,LTCG,2025-03-01,synthetic_curated
HDFC-RETIREMENT-EQUITY-DG,STARHEALTH,INE575P01011,INE575P01011-L2,2026-08-01,209,567.75,118659.75,1,STCG,2027-08-01,synthetic_curated
HDFC-RETIREMENT-EQUITY-DG,STARHEALTH,INE575P01011,INE575P01011-L3,2025-08-01,298,446.85,133161.3,13,LTCG,2026-08-01,synthetic_curated
HDFC-RETIREMENT-EQUITY-DG,POLICYBZR,INE417T01026,INE417T01026-L1,2024-07-01,103,1453.0,149659.0,26,LTCG,2025-07-01,synthetic_curated
HDFC-RETIREMENT-EQUITY-DG,POLICYBZR,INE417T01026,INE417T01026-L2,2026-01-01,83,1654.5,137323.5,8,STCG,2027-01-01,synthetic_curated
HDFC-RETIREMENT-EQUITY-DG,POLICYBZR,INE417T01026,INE417T01026-L3,2024-12-01,56,2108.85,118095.6,21,LTCG,2025-12-01,synthetic_curated
HDFC-RETIREMENT-EQUITY-DG,TIMKEN,INE325A01013,INE325A01013-L1,2023-11-01,33,2942.15,97090.95,34,LTCG,2024-11-01,synthetic_curated
HDFC-RETIREMENT-EQUITY-DG,TIMKEN,INE325A01013,INE325A01013-L2,2026-06-01,17,3485.7,59256.9,3,STCG,2027-06-01,synthetic_curated
HDFC-RETIREMENT-EQUITY-DG,TIMKEN,INE325A01013,INE325A01013-L3,2023-09-01,36,3095.5,111438.0,36,LTCG,2024-09-01,synthetic_curated
HDFC-RETIREMENT-EQUITY-DG,TIMKEN,INE325A01013,INE325A01013-L4,2024-06-01,36,4277.55,153991.8,27,LTCG,2025-06-01,synthetic_curated
HDFC-RETIREMENT-EQUITY-DG,GATEWAY,INE079J01017,INE079J01017-L1,2024-02-01,2782,108.1,300734.2,31,LTCG,2025-02-01,synthetic_curated
HDFC-RETIREMENT-EQUITY-DG,GATEWAY,INE079J01017,INE079J01017-L2,2026-01-01,4340,58.6,254324.0,8,STCG,2027-01-01,synthetic_curated
HDFC-RETIREMENT-EQUITY-DG,ZENSARTECH,INE520A01027,INE520A01027-L1,2024-05-01,217,610.1,132391.7,28,LTCG,2025-05-01,synthetic_curated
HDFC-RETIREMENT-EQUITY-DG,ZENSARTECH,INE520A01027,INE520A01027-L2,2026-03-01,126,514.55,64833.3,6,STCG,2027-03-01,synthetic_curated
HDFC-RETIREMENT-EQUITY-DG,ZENSARTECH,INE520A01027,INE520A01027-L3,2026-08-01,152,460.35,69973.2,1,STCG,2027-08-01,synthetic_curated
HDFC-RETIREMENT-EQUITY-DG,ZENSARTECH,INE520A01027,INE520A01027-L4,2025-08-01,187,768.1,143634.7,13,LTCG,2026-08-01,synthetic_curated
HDFC-RETIREMENT-EQUITY-DG,ZENSARTECH,INE520A01027,INE520A01027-L5,2023-09-01,162,517.4,83818.8,36,LTCG,2024-09-01,synthetic_curated
HDFC-RETIREMENT-EQUITY-DG,GNA,INE934S01014,INE934S01014-L1,2025-05-01,341,342.15,116673.15,16,LTCG,2026-05-01,synthetic_curated
HDFC-RETIREMENT-EQUITY-DG,GNA,INE934S01014,INE934S01014-L2,2026-06-01,311,441.25,137228.75,3,STCG,2027-06-01,synthetic_curated
HDFC-RETIREMENT-EQUITY-DG,CHAMBLFERT,INE085A01013,INE085A01013-L1,2023-10-01,220,288.55,63481.0,35,LTCG,2024-10-01,synthetic_curated
HDFC-RETIREMENT-EQUITY-DG,CHAMBLFERT,INE085A01013,INE085A01013-L2,2025-12-01,190,482.1,91599.0,9,STCG,2026-12-01,synthetic_curated
HDFC-RETIREMENT-EQUITY-DG,CHAMBLFERT,INE085A01013,INE085A01013-L3,2025-10-01,211,480.85,101459.35,11,STCG,2026-10-01,synthetic_curated
HDFC-RETIREMENT-EQUITY-DG,CHAMBLFERT,INE085A01013,INE085A01013-L4,2024-06-01,218,506.8,110482.4,27,LTCG,2025-06-01,synthetic_curated
HDFC-RETIREMENT-EQUITY-DG,VRLLOG,INE366I01010,INE366I01010-L1,2023-09-01,213,360.5,76786.5,36,LTCG,2024-09-01,synthetic_curated
HDFC-RETIREMENT-EQUITY-DG,VRLLOG,INE366I01010,INE366I01010-L2,2026-02-01,200,277.5,55500.0,7,STCG,2027-02-01,synthetic_curated
HDFC-RETIREMENT-EQUITY-DG,VRLLOG,INE366I01010,INE366I01010-L3,2024-08-01,314,264.73,83125.22,25,LTCG,2025-08-01,synthetic_curated
HDFC-RETIREMENT-EQUITY-DG,VRLLOG,INE366I01010,INE366I01010-L4,2024-10-01,283,279.3,79041.9,23,LTCG,2025-10-01,synthetic_curated
HDFC-RETIREMENT-EQUITY-DG,VRLLOG,INE366I01010,INE366I01010-L5,2025-01-01,146,235.8,34426.8,20,LTCG,2026-01-01,synthetic_curated
HDFC-RETIREMENT-EQUITY-DG,SKFINDUS,INE2J8701016,INE2J8701016-L1,2025-12-01,71,2600.8,184656.8,9,STCG,2026-12-01,synthetic_curated
HDFC-RETIREMENT-EQUITY-DG,SKFINDUS,INE2J8701016,INE2J8701016-L2,2026-07-01,41,2739.9,112335.9,2,STCG,2027-07-01,synthetic_curated
HDFC-RETIREMENT-EQUITY-DG,EQUITASBNK,INE063P01018,INE063P01018-L1,2023-09-01,949,89.65,85077.85,36,LTCG,2024-09-01,synthetic_curated
HDFC-RETIREMENT-EQUITY-DG,EQUITASBNK,INE063P01018,INE063P01018-L2,2026-01-01,1054,70.11,73895.94,8,STCG,2027-01-01,synthetic_curated
HDFC-RETIREMENT-EQUITY-DG,EQUITASBNK,INE063P01018,INE063P01018-L3,2023-10-01,848,92.75,78652.0,35,LTCG,2024-10-01,synthetic_curated
HDFC-RETIREMENT-EQUITY-DG,EQUITASBNK,INE063P01018,INE063P01018-L4,2024-03-01,1143,92.55,105784.65,30,LTCG,2025-03-01,synthetic_curated
HDFC-RETIREMENT-EQUITY-DG,FINPIPE,INE183A01024,INE183A01024-L1,2025-03-01,510,179.93,91764.3,18,LTCG,2026-03-01,synthetic_curated
HDFC-RETIREMENT-EQUITY-DG,FINPIPE,INE183A01024,INE183A01024-L2,2026-07-01,661,162.37,107326.57,2,STCG,2027-07-01,synthetic_curated
HDFC-RETIREMENT-EQUITY-DG,FINPIPE,INE183A01024,INE183A01024-L3,2025-05-01,665,218.16,145076.4,16,LTCG,2026-05-01,synthetic_curated
HDFC-RETIREMENT-EQUITY-DG,GREENPLY,INE461C01038,INE461C01038-L1,2025-02-01,228,272.6,62152.8,19,LTCG,2026-02-01,synthetic_curated
HDFC-RETIREMENT-EQUITY-DG,GREENPLY,INE461C01038,INE461C01038-L2,2026-08-01,318,290.2,92283.6,1,STCG,2027-08-01,synthetic_curated
HDFC-RETIREMENT-EQUITY-DG,GREENPLY,INE461C01038,INE461C01038-L3,2026-02-01,207,220.8,45705.6,7,STCG,2027-02-01,synthetic_curated
HDFC-RETIREMENT-EQUITY-DG,GREENPLY,INE461C01038,INE461C01038-L4,2025-08-01,238,308.65,73458.7,13,LTCG,2026-08-01,synthetic_curated
HDFC-RETIREMENT-EQUITY-DG,GUJENERGY,INE844O01030,INE844O01030-L1,2024-08-01,640,606.95,388448.0,25,LTCG,2025-08-01,synthetic_curated
HDFC-RETIREMENT-EQUITY-DG,GUJENERGY,INE844O01030,INE844O01030-L2,2026-04-01,528,380.05,200666.4,5,STCG,2027-04-01,synthetic_curated
HDFC-RETIREMENT-EQUITY-DG,ANUP,INE294Z01018,INE294Z01018-L1,2024-05-01,43,1727.05,74263.15,28,LTCG,2025-05-01,synthetic_curated
HDFC-RETIREMENT-EQUITY-DG,ANUP,INE294Z01018,INE294Z01018-L2,2026-08-01,34,1793.5,60979.0,1,STCG,2027-08-01,synthetic_curated
HDFC-RETIREMENT-EQUITY-DG,ANUP,INE294Z01018,INE294Z01018-L3,2025-06-01,21,2769.1,58151.1,15,LTCG,2026-06-01,synthetic_curated
HDFC-RETIREMENT-EQUITY-DG,ANUP,INE294Z01018,INE294Z01018-L4,2024-02-01,46,1407.28,64734.88,31,LTCG,2025-02-01,synthetic_curated
HDFC-RETIREMENT-EQUITY-DG,ANUP,INE294Z01018,INE294Z01018-L5,2024-04-01,30,1782.15,53464.5,29,LTCG,2025-04-01,synthetic_curated
HDFC-RETIREMENT-EQUITY-DG,TNPL,INE107A01015,INE107A01015-L1,2024-12-01,821,187.84,154216.64,21,LTCG,2025-12-01,synthetic_curated
HDFC-RETIREMENT-EQUITY-DG,TNPL,INE107A01015,INE107A01015-L2,2024-01-01,699,320.85,224274.15,32,LTCG,2025-01-01,synthetic_curated
HDFC-RETIREMENT-EQUITY-DG,BAJAJELEC,INE193E01025,INE193E01025-L1,2024-08-01,381,959.65,365626.65,25,LTCG,2025-08-01,synthetic_curated
HDFC-RETIREMENT-EQUITY-DG,BAJAJELEC,INE193E01025,INE193E01025-L2,2026-01-01,260,414.55,107783.0,8,STCG,2027-01-01,synthetic_curated
HDFC-RETIREMENT-EQUITY-DG,GESHIP,INE017A01032,INE017A01032-L1,2024-12-01,40,962.0,38480.0,21,LTCG,2025-12-01,synthetic_curated
HDFC-RETIREMENT-EQUITY-DG,GESHIP,INE017A01032,INE017A01032-L2,2025-11-01,29,1106.9,32100.1,10,STCG,2026-11-01,synthetic_curated
HDFC-RETIREMENT-EQUITY-DG,GESHIP,INE017A01032,INE017A01032-L3,2026-08-01,20,1301.8,26036.0,1,STCG,2027-08-01,synthetic_curated
HDFC-RETIREMENT-EQUITY-DG,GESHIP,INE017A01032,INE017A01032-L4,2025-08-01,36,927.35,33384.6,13,LTCG,2026-08-01,synthetic_curated
HDFC-RETIREMENT-EQUITY-DG,SYMPHONY,INE225D01027,INE225D01027-L1,2025-04-01,147,1153.9,169623.3,17,LTCG,2026-04-01,synthetic_curated
HDFC-RETIREMENT-EQUITY-DG,SYMPHONY,INE225D01027,INE225D01027-L2,2026-03-01,117,688.3,80531.1,6,STCG,2027-03-01,synthetic_curated
HDFC-RETIREMENT-EQUITY-DG,PNCINFRA,INE195J01029,INE195J01029-L1,2024-05-01,197,517.9,102026.3,28,LTCG,2025-05-01,synthetic_curated
HDFC-RETIREMENT-EQUITY-DG,PNCINFRA,INE195J01029,INE195J01029-L2,2025-10-01,427,280.45,119752.15,11,STCG,2026-10-01,synthetic_curated
HDFC-RETIREMENT-EQUITY-DG,PNCINFRA,INE195J01029,INE195J01029-L3,2026-04-01,440,213.87,94102.8,5,STCG,2027-04-01,synthetic_curated
HDFC-RETIREMENT-EQUITY-DG,INE1TUG01013,INE1TUG01013,INE1TUG01013-L1,2024-04-01,131736.0,92.87,12234322.32,29,LTCG,2025-04-01,synthetic_curated
HDFC-RETIREMENT-EQUITY-DG,INE1TUG01013,INE1TUG01013,INE1TUG01013-L2,2026-05-01,88252,81.85,7223426.2,4,STCG,2027-05-01,synthetic_curated
HDFC-RETIREMENT-EQUITY-DG,INE1TUG01013,INE1TUG01013,INE1TUG01013-L3,2025-03-01,164627,92.78,15274093.06,18,LTCG,2026-03-01,synthetic_curated
HDFC-RETIREMENT-EQUITY-DG,EMBASSY,INE041025011,INE041025011-L1,2024-02-01,484,373.8,180919.2,31,LTCG,2025-02-01,synthetic_curated
HDFC-RETIREMENT-EQUITY-DG,EMBASSY,INE041025011,INE041025011-L2,2026-01-01,427,434.26,185429.02,8,STCG,2027-01-01,synthetic_curated
KOTAK-LARGEMIDCAP-DG,HDFCBANK,INE040A01034,INE040A01034-L1,2025-05-01,2366,972.45,2300816.7,16,LTCG,2026-05-01,synthetic_curated
KOTAK-LARGEMIDCAP-DG,HDFCBANK,INE040A01034,INE040A01034-L2,2026-07-01,5814,748.15,4349744.1,2,STCG,2027-07-01,synthetic_curated
KOTAK-LARGEMIDCAP-DG,HDFCBANK,INE040A01034,INE040A01034-L3,2025-05-01,4893,972.45,4758197.85,16,LTCG,2026-05-01,synthetic_curated
KOTAK-LARGEMIDCAP-DG,HDFCBANK,INE040A01034,INE040A01034-L4,2023-12-01,3684,854.62,3148420.08,33,LTCG,2024-12-01,synthetic_curated
KOTAK-LARGEMIDCAP-DG,HDFCBANK,INE040A01034,INE040A01034-L5,2025-07-01,2156,1009.1,2175619.6,14,LTCG,2026-07-01,synthetic_curated
KOTAK-LARGEMIDCAP-DG,SBIN,INE062A01020,INE062A01020-L1,2024-04-01,3811,826.25,3148838.75,29,LTCG,2025-04-01,synthetic_curated
KOTAK-LARGEMIDCAP-DG,SBIN,INE062A01020,INE062A01020-L2,2025-11-01,2142,979.0,2097018.0,10,STCG,2026-11-01,synthetic_curated
KOTAK-LARGEMIDCAP-DG,SBIN,INE062A01020,INE062A01020-L3,2025-03-01,2231,771.5,1721216.5,18,LTCG,2026-03-01,synthetic_curated
KOTAK-LARGEMIDCAP-DG,SBIN,INE062A01020,INE062A01020-L4,2026-04-01,1698,1068.45,1814228.1,5,STCG,2027-04-01,synthetic_curated
KOTAK-LARGEMIDCAP-DG,SBIN,INE062A01020,INE062A01020-L5,2026-02-01,3419,1201.7,4108612.3,7,STCG,2027-02-01,synthetic_curated
KOTAK-LARGEMIDCAP-DG,ETERNAL,INE758T01015,INE758T01015-L1,2024-01-01,8069,139.55,1126028.95,32,LTCG,2025-01-01,synthetic_curated
KOTAK-LARGEMIDCAP-DG,ETERNAL,INE758T01015,INE758T01015-L2,2026-07-01,10568,302.45,3196291.6,2,STCG,2027-07-01,synthetic_curated
KOTAK-LARGEMIDCAP-DG,ETERNAL,INE758T01015,INE758T01015-L3,2026-08-01,6464,328.1,2120838.4,1,STCG,2027-08-01,synthetic_curated
KOTAK-LARGEMIDCAP-DG,ETERNAL,INE758T01015,INE758T01015-L4,2026-05-01,6987,250.58,1750802.46,4,STCG,2027-05-01,synthetic_curated
KOTAK-LARGEMIDCAP-DG,ETERNAL,INE758T01015,INE758T01015-L5,2026-06-01,4050,264.6,1071630.0,3,STCG,2027-06-01,synthetic_curated
KOTAK-LARGEMIDCAP-DG,BEL,INE263A01024,INE263A01024-L1,2023-10-01,10628,133.25,1416181.0,35,LTCG,2024-10-01,synthetic_curated
KOTAK-LARGEMIDCAP-DG,BEL,INE263A01024,INE263A01024-L2,2025-11-01,13049,411.75,5372925.75,10,STCG,2026-11-01,synthetic_curated
KOTAK-LARGEMIDCAP-DG,BEL,INE263A01024,INE263A01024-L3,2025-10-01,5829,426.1,2483736.9,11,STCG,2026-10-01,synthetic_curated
KOTAK-LARGEMIDCAP-DG,ICICIBANK,INE090A01021,INE090A01021-L1,2023-10-01,1813,915.35,1659529.55,35,LTCG,2024-10-01,synthetic_curated
KOTAK-LARGEMIDCAP-DG,ICICIBANK,INE090A01021,INE090A01021-L2,2026-05-01,1787,1256.4,2245186.8,4,STCG,2027-05-01,synthetic_curated
KOTAK-LARGEMIDCAP-DG,ICICIBANK,INE090A01021,INE090A01021-L3,2024-04-01,1715,1150.4,1972936.0,29,LTCG,2025-04-01,synthetic_curated
KOTAK-LARGEMIDCAP-DG,ICICIBANK,INE090A01021,INE090A01021-L4,2025-08-01,1337,1397.8,1868858.6,13,LTCG,2026-08-01,synthetic_curated
KOTAK-LARGEMIDCAP-DG,ICICIBANK,INE090A01021,INE090A01021-L5,2025-01-01,950,1252.8,1190160.0,20,LTCG,2026-01-01,synthetic_curated
KOTAK-LARGEMIDCAP-DG,AXISBANK,INE238A01034,INE238A01034-L1,2025-04-01,3478,1185.0,4121430.0,17,LTCG,2026-04-01,synthetic_curated
KOTAK-LARGEMIDCAP-DG,AXISBANK,INE238A01034,INE238A01034-L2,2026-04-01,2934,1268.3,3721192.2,5,STCG,2027-04-01,synthetic_curated
KOTAK-LARGEMIDCAP-DG,LT,INE018A01030,INE018A01030-L1,2024-12-01,816,3607.65,2943842.4,21,LTCG,2025-12-01,synthetic_curated
KOTAK-LARGEMIDCAP-DG,LT,INE018A01030,INE018A01030-L2,2026-05-01,774,4076.5,3155211.0,4,STCG,2027-05-01,synthetic_curated
KOTAK-LARGEMIDCAP-DG,LT,INE018A01030,INE018A01030-L3,2025-06-01,336,3669.8,1233052.8,15,LTCG,2026-06-01,synthetic_curated
KOTAK-LARGEMIDCAP-DG,ASHOKLEY,INE208A01029,INE208A01029-L1,2025-01-01,16750,108.42,1816035.0,20,LTCG,2026-01-01,synthetic_curated
KOTAK-LARGEMIDCAP-DG,ASHOKLEY,INE208A01029,INE208A01029-L2,2026-04-01,13102,162.09,2123703.18,5,STCG,2027-04-01,synthetic_curated
KOTAK-LARGEMIDCAP-DG,ASHOKLEY,INE208A01029,INE208A01029-L3,2026-02-01,15405,211.1,3251995.5,7,STCG,2027-02-01,synthetic_curated
KOTAK-LARGEMIDCAP-DG,BHARATFORG,INE465A01025,INE465A01025-L1,2023-09-01,909,1091.6,992264.4,36,LTCG,2024-09-01,synthetic_curated
KOTAK-LARGEMIDCAP-DG,BHARATFORG,INE465A01025,INE465A01025-L2,2026-08-01,649,2104.9,1366080.1,1,STCG,2027-08-01,synthetic_curated
KOTAK-LARGEMIDCAP-DG,BHARATFORG,INE465A01025,INE465A01025-L3,2024-12-01,712,1299.5,925244.0,21,LTCG,2025-12-01,synthetic_curated
KOTAK-LARGEMIDCAP-DG,BHARATFORG,INE465A01025,INE465A01025-L4,2024-03-01,764,1129.6,863014.4,30,LTCG,2025-03-01,synthetic_curated
KOTAK-LARGEMIDCAP-DG,BHARATFORG,INE465A01025,INE465A01025-L5,2023-11-01,613,1120.25,686713.25,34,LTCG,2024-11-01,synthetic_curated
KOTAK-LARGEMIDCAP-DG,BAJFINANCE,INE296A01032,INE296A01032-L1,2024-06-01,3345,711.55,2380134.75,27,LTCG,2025-06-01,synthetic_curated
KOTAK-LARGEMIDCAP-DG,BAJFINANCE,INE296A01032,INE296A01032-L2,2026-07-01,3513,1141.2,4009035.6,2,STCG,2027-07-01,synthetic_curated
KOTAK-LARGEMIDCAP-DG,BHARTIARTL,INE397D01024,INE397D01024-L1,2024-08-01,1558,1589.05,2475739.9,25,LTCG,2025-08-01,synthetic_curated
KOTAK-LARGEMIDCAP-DG,BHARTIARTL,INE397D01024,INE397D01024-L2,2026-02-01,973,1879.3,1828558.9,7,STCG,2027-02-01,synthetic_curated
KOTAK-LARGEMIDCAP-DG,BHARTIARTL,INE397D01024,INE397D01024-L3,2023-10-01,1106,914.4,1011326.4,35,LTCG,2024-10-01,synthetic_curated
KOTAK-LARGEMIDCAP-DG,HEROMOTOCO,INE158A01026,INE158A01026-L1,2025-01-01,204,4339.15,885186.6,20,LTCG,2026-01-01,synthetic_curated
KOTAK-LARGEMIDCAP-DG,HEROMOTOCO,INE158A01026,INE158A01026-L2,2026-07-01,394,5386.0,2122084.0,2,STCG,2027-07-01,synthetic_curated
KOTAK-LARGEMIDCAP-DG,HEROMOTOCO,INE158A01026,INE158A01026-L3,2026-05-01,207,4903.0,1014921.0,4,STCG,2027-05-01,synthetic_curated
KOTAK-LARGEMIDCAP-DG,HEROMOTOCO,INE158A01026,INE158A01026-L4,2024-09-01,458,5712.4,2616279.2,24,LTCG,2025-09-01,synthetic_curated
KOTAK-LARGEMIDCAP-DG,BSE,INE118H01025,INE118H01025-L1,2025-08-01,615,2096.2,1289163.0,13,LTCG,2026-08-01,synthetic_curated
KOTAK-LARGEMIDCAP-DG,BSE,INE118H01025,INE118H01025-L2,2026-07-01,627,3646.2,2286167.4,2,STCG,2027-07-01,synthetic_curated
KOTAK-LARGEMIDCAP-DG,BSE,INE118H01025,INE118H01025-L3,2024-12-01,456,1775.13,809459.28,21,LTCG,2025-12-01,synthetic_curated
KOTAK-LARGEMIDCAP-DG,BSE,INE118H01025,INE118H01025-L4,2025-03-01,312,1826.6,569899.2,18,LTCG,2026-03-01,synthetic_curated
KOTAK-LARGEMIDCAP-DG,SUNPHARMA,INE044A01036,INE044A01036-L1,2024-02-01,1603,1577.95,2529453.85,31,LTCG,2025-02-01,synthetic_curated
KOTAK-LARGEMIDCAP-DG,SUNPHARMA,INE044A01036,INE044A01036-L2,2025-12-01,973,1719.7,1673268.1,9,STCG,2026-12-01,synthetic_curated
KOTAK-LARGEMIDCAP-DG,SUNPHARMA,INE044A01036,INE044A01036-L3,2024-02-01,881,1577.95,1390173.95,31,LTCG,2025-02-01,synthetic_curated
KOTAK-LARGEMIDCAP-DG,JINDALSTEL,INE749A01030,INE749A01030-L1,2025-02-01,1508,856.15,1291074.2,19,LTCG,2026-02-01,synthetic_curated
KOTAK-LARGEMIDCAP-DG,JINDALSTEL,INE749A01030,INE749A01030-L2,2026-06-01,811,1060.1,859741.1,3,STCG,2027-06-01,synthetic_curated
KOTAK-LARGEMIDCAP-DG,JINDALSTEL,INE749A01030,INE749A01030-L3,2025-05-01,676,948.9,641456.4,16,LTCG,2026-05-01,synthetic_curated
KOTAK-LARGEMIDCAP-DG,JINDALSTEL,INE749A01030,INE749A01030-L4,2024-03-01,1503,849.15,1276272.45,30,LTCG,2025-03-01,synthetic_curated
KOTAK-LARGEMIDCAP-DG,JINDALSTEL,INE749A01030,INE749A01030-L5,2025-07-01,1043,965.0,1006495.0,14,LTCG,2026-07-01,synthetic_curated
KOTAK-LARGEMIDCAP-DG,SHRIRAMFIN,INE721A01047,INE721A01047-L1,2025-02-01,1848,617.3,1140770.4,19,LTCG,2026-02-01,synthetic_curated
KOTAK-LARGEMIDCAP-DG,SHRIRAMFIN,INE721A01047,INE721A01047-L2,2026-06-01,1459,1042.15,1520496.85,3,STCG,2027-06-01,synthetic_curated
KOTAK-LARGEMIDCAP-DG,SHRIRAMFIN,INE721A01047,INE721A01047-L3,2024-01-01,1304,493.36,643341.44,32,LTCG,2025-01-01,synthetic_curated
KOTAK-LARGEMIDCAP-DG,SHRIRAMFIN,INE721A01047,INE721A01047-L4,2024-11-01,1433,603.93,865431.69,22,LTCG,2025-11-01,synthetic_curated
KOTAK-LARGEMIDCAP-DG,COROMANDEL,INE169A01031,INE169A01031-L1,2024-08-01,1155,1758.25,2030778.75,25,LTCG,2025-08-01,synthetic_curated
KOTAK-LARGEMIDCAP-DG,COROMANDEL,INE169A01031,INE169A01031-L2,2025-07-01,1895,2691.4,5100203.0,14,LTCG,2026-07-01,synthetic_curated
KOTAK-LARGEMIDCAP-DG,LINDEINDIA,INE473A01011,INE473A01011-L1,2023-12-01,283,5640.2,1596176.6,33,LTCG,2024-12-01,synthetic_curated
KOTAK-LARGEMIDCAP-DG,LINDEINDIA,INE473A01011,INE473A01011-L2,2026-05-01,336,7204.5,2420712.0,4,STCG,2027-05-01,synthetic_curated
KOTAK-LARGEMIDCAP-DG,LINDEINDIA,INE473A01011,INE473A01011-L3,2023-10-01,353,5994.8,2116164.4,35,LTCG,2024-10-01,synthetic_curated
KOTAK-LARGEMIDCAP-DG,MOTILALOFS,INE338I01027,INE338I01027-L1,2023-12-01,1504,1240.85,1866238.4,33,LTCG,2024-12-01,synthetic_curated
KOTAK-LARGEMIDCAP-DG,MOTILALOFS,INE338I01027,INE338I01027-L2,2026-06-01,4072,951.3,3873693.6,3,STCG,2027-06-01,synthetic_curated
KOTAK-LARGEMIDCAP-DG,INDIANB,INE562A01011,INE562A01011-L1,2025-01-01,1136,555.75,631332.0,20,LTCG,2026-01-01,synthetic_curated
KOTAK-LARGEMIDCAP-DG,INDIANB,INE562A01011,INE562A01011-L2,2026-05-01,1549,833.0,1290317.0,4,STCG,2027-05-01,synthetic_curated
KOTAK-LARGEMIDCAP-DG,INDIANB,INE562A01011,INE562A01011-L3,2023-11-01,1719,396.9,682271.1,34,LTCG,2024-11-01,synthetic_curated
KOTAK-LARGEMIDCAP-DG,INDIANB,INE562A01011,INE562A01011-L4,2023-09-01,1250,423.55,529437.5,36,LTCG,2024-09-01,synthetic_curated
KOTAK-LARGEMIDCAP-DG,INDIANB,INE562A01011,INE562A01011-L5,2024-06-01,767,545.5,418398.5,27,LTCG,2025-06-01,synthetic_curated
KOTAK-LARGEMIDCAP-DG,PIRAMALFIN,INE202B01038,INE202B01038-L1,2025-11-01,812,1548.7,1257544.4,10,STCG,2026-11-01,synthetic_curated
KOTAK-LARGEMIDCAP-DG,PIRAMALFIN,INE202B01038,INE202B01038-L2,2026-07-01,666,2055.5,1368963.0,2,STCG,2027-07-01,synthetic_curated
KOTAK-LARGEMIDCAP-DG,PIRAMALFIN,INE202B01038,INE202B01038-L3,2025-11-01,854,1548.7,1322589.8,10,STCG,2026-11-01,synthetic_curated
KOTAK-LARGEMIDCAP-DG,BIOCON,INE376G01013,INE376G01013-L1,2024-03-01,4724,264.15,1247844.6,30,LTCG,2025-03-01,synthetic_curated
KOTAK-LARGEMIDCAP-DG,BIOCON,INE376G01013,INE376G01013-L2,2026-01-01,3105,366.8,1138914.0,8,STCG,2027-01-01,synthetic_curated
KOTAK-LARGEMIDCAP-DG,BIOCON,INE376G01013,INE376G01013-L3,2025-09-01,2271,341.0,774411.0,12,LTCG,2026-09-01,synthetic_curated
KOTAK-LARGEMIDCAP-DG,BIOCON,INE376G01013,INE376G01013-L4,2026-05-01,3812,428.65,1634013.8,4,STCG,2027-05-01,synthetic_curated
KOTAK-LARGEMIDCAP-DG,MPHASIS,INE356A01018,INE356A01018-L1,2025-06-01,730,2845.4,2077142.0,15,LTCG,2026-06-01,synthetic_curated
KOTAK-LARGEMIDCAP-DG,MPHASIS,INE356A01018,INE356A01018-L2,2026-07-01,334,2342.3,782328.2,2,STCG,2027-07-01,synthetic_curated
KOTAK-LARGEMIDCAP-DG,MPHASIS,INE356A01018,INE356A01018-L3,2026-08-01,777,2427.4,1886089.8,1,STCG,2027-08-01,synthetic_curated
KOTAK-LARGEMIDCAP-DG,MPHASIS,INE356A01018,INE356A01018-L4,2024-09-01,480,3010.4,1444992.0,24,LTCG,2025-09-01,synthetic_curated
KOTAK-LARGEMIDCAP-DG,TECHM,INE669C01036,INE669C01036-L1,2025-01-01,995,1674.45,1666077.75,20,LTCG,2026-01-01,synthetic_curated
KOTAK-LARGEMIDCAP-DG,TECHM,INE669C01036,INE669C01036-L2,2025-12-01,854,1590.9,1358628.6,9,STCG,2026-12-01,synthetic_curated
KOTAK-LARGEMIDCAP-DG,TECHM,INE669C01036,INE669C01036-L3,2024-08-01,1540,1636.5,2520210.0,25,LTCG,2025-08-01,synthetic_curated
KOTAK-LARGEMIDCAP-DG,HINDPETRO,INE094A01015,INE094A01015-L1,2025-04-01,1592,378.7,602890.4,17,LTCG,2026-04-01,synthetic_curated
KOTAK-LARGEMIDCAP-DG,HINDPETRO,INE094A01015,INE094A01015-L2,2025-12-01,3260,499.05,1626903.0,9,STCG,2026-12-01,synthetic_curated
KOTAK-LARGEMIDCAP-DG,HINDPETRO,INE094A01015,INE094A01015-L3,2024-06-01,2844,332.1,944492.4,27,LTCG,2025-06-01,synthetic_curated
KOTAK-LARGEMIDCAP-DG,HINDPETRO,INE094A01015,INE094A01015-L4,2025-02-01,3414,293.75,1002862.5,19,LTCG,2026-02-01,synthetic_curated
KOTAK-LARGEMIDCAP-DG,HINDPETRO,INE094A01015,INE094A01015-L5,2025-11-01,3153,457.5,1442497.5,10,STCG,2026-11-01,synthetic_curated
KOTAK-LARGEMIDCAP-DG,INDUSINDBK,INE095A01012,INE095A01012-L1,2025-01-01,2020,991.2,2002224.0,20,LTCG,2026-01-01,synthetic_curated
KOTAK-LARGEMIDCAP-DG,INDUSINDBK,INE095A01012,INE095A01012-L2,2025-10-01,3240,794.8,2575152.0,11,STCG,2026-10-01,synthetic_curated
KOTAK-LARGEMIDCAP-DG,IPCALAB,INE571A01038,INE571A01038-L1,2024-12-01,587,1695.2,995082.4,21,LTCG,2025-12-01,synthetic_curated
KOTAK-LARGEMIDCAP-DG,IPCALAB,INE571A01038,INE571A01038-L2,2026-03-01,896,1601.2,1434675.2,6,STCG,2027-03-01,synthetic_curated
KOTAK-LARGEMIDCAP-DG,IPCALAB,INE571A01038,INE571A01038-L3,2024-09-01,456,1498.1,683133.6,24,LTCG,2025-09-01,synthetic_curated
KOTAK-LARGEMIDCAP-DG,IPCALAB,INE571A01038,INE571A01038-L4,2025-06-01,542,1389.8,753271.6,15,LTCG,2026-06-01,synthetic_curated
KOTAK-LARGEMIDCAP-DG,RELIANCE,INE002A01018,INE002A01018-L1,2023-12-01,686,1292.47,886634.42,33,LTCG,2024-12-01,synthetic_curated
KOTAK-LARGEMIDCAP-DG,RELIANCE,INE002A01018,INE002A01018-L2,2026-06-01,870,1293.9,1125693.0,3,STCG,2027-06-01,synthetic_curated
KOTAK-LARGEMIDCAP-DG,RELIANCE,INE002A01018,INE002A01018-L3,2025-09-01,588,1364.0,802032.0,12,LTCG,2026-09-01,synthetic_curated
KOTAK-LARGEMIDCAP-DG,RELIANCE,INE002A01018,INE002A01018-L4,2023-12-01,958,1292.47,1238186.26,33,LTCG,2024-12-01,synthetic_curated
KOTAK-LARGEMIDCAP-DG,RELIANCE,INE002A01018,INE002A01018-L5,2025-02-01,647,1200.1,776464.7,19,LTCG,2026-02-01,synthetic_curated
KOTAK-LARGEMIDCAP-DG,CUMMINSIND,INE298A01020,INE298A01020-L1,2025-05-01,245,3268.1,800684.5,16,LTCG,2026-05-01,synthetic_curated
KOTAK-LARGEMIDCAP-DG,CUMMINSIND,INE298A01020,INE298A01020-L2,2026-05-01,114,5881.0,670434.0,4,STCG,2027-05-01,synthetic_curated
KOTAK-LARGEMIDCAP-DG,CUMMINSIND,INE298A01020,INE298A01020-L3,2023-12-01,143,1963.95,280844.85,33,LTCG,2024-12-01,synthetic_curated
KOTAK-LARGEMIDCAP-DG,CUMMINSIND,INE298A01020,INE298A01020-L4,2025-03-01,173,3051.85,527970.05,18,LTCG,2026-03-01,synthetic_curated
KOTAK-LARGEMIDCAP-DG,CUMMINSIND,INE298A01020,INE298A01020-L5,2025-02-01,226,2717.95,614256.7,19,LTCG,2026-02-01,synthetic_curated
KOTAK-LARGEMIDCAP-DG,INFY,INE009A01021,INE009A01021-L1,2025-04-01,1063,1500.1,1594606.3,17,LTCG,2026-04-01,synthetic_curated
KOTAK-LARGEMIDCAP-DG,INFY,INE009A01021,INE009A01021-L2,2026-05-01,1001,1160.9,1162060.9,4,STCG,2027-05-01,synthetic_curated
KOTAK-LARGEMIDCAP-DG,INFY,INE009A01021,INE009A01021-L3,2023-09-01,1052,1435.45,1510093.4,36,LTCG,2024-09-01,synthetic_curated
KOTAK-LARGEMIDCAP-DG,INFY,INE009A01021,INE009A01021-L4,2023-10-01,484,1368.4,662305.6,35,LTCG,2024-10-01,synthetic_curated
KOTAK-LARGEMIDCAP-DG,INFY,INE009A01021,INE009A01021-L5,2025-06-01,713,1601.8,1142083.4,15,LTCG,2026-06-01,synthetic_curated
KOTAK-LARGEMIDCAP-DG,SRF,INE647A01010,INE647A01010-L1,2024-12-01,402,2237.95,899655.9,21,LTCG,2025-12-01,synthetic_curated
KOTAK-LARGEMIDCAP-DG,SRF,INE647A01010,INE647A01010-L2,2025-10-01,598,2930.5,1752439.0,11,STCG,2026-10-01,synthetic_curated
KOTAK-LARGEMIDCAP-DG,SRF,INE647A01010,INE647A01010-L3,2026-08-01,444,2560.4,1136817.6,1,STCG,2027-08-01,synthetic_curated
KOTAK-LARGEMIDCAP-DG,SRF,INE647A01010,INE647A01010-L4,2024-02-01,340,2389.65,812481.0,31,LTCG,2025-02-01,synthetic_curated
KOTAK-LARGEMIDCAP-DG,FORTIS,INE061F01013,INE061F01013-L1,2023-12-01,1636,419.2,685811.2,33,LTCG,2024-12-01,synthetic_curated
KOTAK-LARGEMIDCAP-DG,FORTIS,INE061F01013,INE061F01013-L2,2026-01-01,1823,851.5,1552284.5,8,STCG,2027-01-01,synthetic_curated
KOTAK-LARGEMIDCAP-DG,FORTIS,INE061F01013,INE061F01013-L3,2025-10-01,1352,1023.05,1383163.6,11,STCG,2026-10-01,synthetic_curated
KOTAK-LARGEMIDCAP-DG,APOLLOTYRE,INE438A01022,INE438A01022-L1,2024-09-01,1147,547.85,628383.95,24,LTCG,2025-09-01,synthetic_curated
KOTAK-LARGEMIDCAP-DG,APOLLOTYRE,INE438A01022,INE438A01022-L2,2026-06-01,2302,430.2,990320.4,3,STCG,2027-06-01,synthetic_curated
KOTAK-LARGEMIDCAP-DG,APOLLOTYRE,INE438A01022,INE438A01022-L3,2024-05-01,2670,463.5,1237545.0,28,LTCG,2025-05-01,synthetic_curated
KOTAK-LARGEMIDCAP-DG,APOLLOTYRE,INE438A01022,INE438A01022-L4,2026-06-01,2391,430.2,1028608.2,3,STCG,2027-06-01,synthetic_curated
KOTAK-LARGEMIDCAP-DG,APOLLOTYRE,INE438A01022,INE438A01022-L5,2025-03-01,1678,426.05,714911.9,18,LTCG,2026-03-01,synthetic_curated
KOTAK-LARGEMIDCAP-DG,DALBHARAT,INE00R701025,INE00R701025-L1,2024-08-01,722,1891.05,1365338.1,25,LTCG,2025-08-01,synthetic_curated
KOTAK-LARGEMIDCAP-DG,DALBHARAT,INE00R701025,INE00R701025-L2,2026-05-01,485,1748.2,847877.0,4,STCG,2027-05-01,synthetic_curated
KOTAK-LARGEMIDCAP-DG,DALBHARAT,INE00R701025,INE00R701025-L3,2026-01-01,1138,2065.5,2350539.0,8,STCG,2027-01-01,synthetic_curated
KOTAK-LARGEMIDCAP-DG,ULTRACEMCO,INE481G01011,INE481G01011-L1,2025-03-01,97,11509.55,1116426.35,18,LTCG,2026-03-01,synthetic_curated
KOTAK-LARGEMIDCAP-DG,ULTRACEMCO,INE481G01011,INE481G01011-L2,2026-03-01,168,10745.0,1805160.0,6,STCG,2027-03-01,synthetic_curated
KOTAK-LARGEMIDCAP-DG,ULTRACEMCO,INE481G01011,INE481G01011-L3,2025-05-01,99,11210.0,1109790.0,16,LTCG,2026-05-01,synthetic_curated
KOTAK-LARGEMIDCAP-DG,ASTRAMICRO,INE386C01029,INE386C01029-L1,2023-09-01,738,427.85,315753.3,36,LTCG,2024-09-01,synthetic_curated
KOTAK-LARGEMIDCAP-DG,ASTRAMICRO,INE386C01029,INE386C01029-L2,2026-07-01,786,1861.6,1463217.6,2,STCG,2027-07-01,synthetic_curated
KOTAK-LARGEMIDCAP-DG,ASTRAMICRO,INE386C01029,INE386C01029-L3,2025-05-01,825,1095.4,903705.0,16,LTCG,2026-05-01,synthetic_curated
KOTAK-LARGEMIDCAP-DG,ABB,INE117A01022,INE117A01022-L1,2025-04-01,132,5522.5,728970.0,17,LTCG,2026-04-01,synthetic_curated
KOTAK-LARGEMIDCAP-DG,ABB,INE117A01022,INE117A01022-L2,2026-08-01,173,7638.5,1321460.5,1,STCG,2027-08-01,synthetic_curated
KOTAK-LARGEMIDCAP-DG,ABB,INE117A01022,INE117A01022-L3,2025-08-01,138,4999.0,689862.0,13,LTCG,2026-08-01,synthetic_curated
KOTAK-LARGEMIDCAP-DG,ABB,INE117A01022,INE117A01022-L4,2025-07-01,82,5510.0,451820.0,14,LTCG,2026-07-01,synthetic_curated
KOTAK-LARGEMIDCAP-DG,SCHAEFFLER,INE513A01022,INE513A01022-L1,2025-04-01,257,3472.9,892535.3,17,LTCG,2026-04-01,synthetic_curated
KOTAK-LARGEMIDCAP-DG,SCHAEFFLER,INE513A01022,INE513A01022-L2,2026-05-01,114,4128.7,470671.8,4,STCG,2027-05-01,synthetic_curated
KOTAK-LARGEMIDCAP-DG,SCHAEFFLER,INE513A01022,INE513A01022-L3,2023-11-01,173,2838.1,490991.3,34,LTCG,2024-11-01,synthetic_curated
KOTAK-LARGEMIDCAP-DG,SCHAEFFLER,INE513A01022,INE513A01022-L4,2024-02-01,189,2892.8,546739.2,31,LTCG,2025-02-01,synthetic_curated
KOTAK-LARGEMIDCAP-DG,SCHAEFFLER,INE513A01022,INE513A01022-L5,2023-11-01,158,2838.1,448419.8,34,LTCG,2024-11-01,synthetic_curated
KOTAK-LARGEMIDCAP-DG,POONAWALLA,INE511C01022,INE511C01022-L1,2025-07-01,2515,422.25,1061958.75,14,LTCG,2026-07-01,synthetic_curated
KOTAK-LARGEMIDCAP-DG,POONAWALLA,INE511C01022,INE511C01022-L2,2025-12-01,2525,482.95,1219448.75,9,STCG,2026-12-01,synthetic_curated
KOTAK-LARGEMIDCAP-DG,POONAWALLA,INE511C01022,INE511C01022-L3,2025-12-01,2796,482.95,1350328.2,9,STCG,2026-12-01,synthetic_curated
KOTAK-LARGEMIDCAP-DG,SWIGGY,INE00H001014,INE00H001014-L1,2025-06-01,1822,400.4,729528.8,15,LTCG,2026-06-01,synthetic_curated
KOTAK-LARGEMIDCAP-DG,SWIGGY,INE00H001014,INE00H001014-L2,2026-06-01,3492,239.35,835810.2,3,STCG,2027-06-01,synthetic_curated
KOTAK-LARGEMIDCAP-DG,SWIGGY,INE00H001014,INE00H001014-L3,2024-11-01,2863,470.75,1347757.25,22,LTCG,2025-11-01,synthetic_curated
KOTAK-LARGEMIDCAP-DG,SWIGGY,INE00H001014,INE00H001014-L4,2024-11-01,1989,470.75,936321.75,22,LTCG,2025-11-01,synthetic_curated
KOTAK-LARGEMIDCAP-DG,SWIGGY,INE00H001014,INE00H001014-L5,2025-01-01,3255,416.1,1354405.5,20,LTCG,2026-01-01,synthetic_curated
KOTAK-LARGEMIDCAP-DG,INDIGO,INE646L01027,INE646L01027-L1,2023-10-01,140,2453.85,343539.0,35,LTCG,2024-10-01,synthetic_curated
KOTAK-LARGEMIDCAP-DG,INDIGO,INE646L01027,INE646L01027-L2,2026-04-01,236,4295.3,1013690.8,5,STCG,2027-04-01,synthetic_curated
KOTAK-LARGEMIDCAP-DG,INDIGO,INE646L01027,INE646L01027-L3,2025-12-01,132,5059.5,667854.0,9,STCG,2026-12-01,synthetic_curated
KOTAK-LARGEMIDCAP-DG,INDIGO,INE646L01027,INE646L01027-L4,2025-08-01,237,5646.0,1338102.0,13,LTCG,2026-08-01,synthetic_curated
KOTAK-LARGEMIDCAP-DG,AJANTPHARM,INE031B01049,INE031B01049-L1,2024-06-01,306,2287.2,699883.2,27,LTCG,2025-06-01,synthetic_curated
KOTAK-LARGEMIDCAP-DG,AJANTPHARM,INE031B01049,INE031B01049-L2,2025-10-01,291,2465.3,717402.3,11,STCG,2026-10-01,synthetic_curated
KOTAK-LARGEMIDCAP-DG,AJANTPHARM,INE031B01049,INE031B01049-L3,2026-05-01,176,2928.9,515486.4,4,STCG,2027-05-01,synthetic_curated
KOTAK-LARGEMIDCAP-DG,AJANTPHARM,INE031B01049,INE031B01049-L4,2024-03-01,223,2230.85,497479.55,30,LTCG,2025-03-01,synthetic_curated
KOTAK-LARGEMIDCAP-DG,ASTERDM,INE914M01019,INE914M01019-L1,2024-11-01,2093,499.95,1046395.35,22,LTCG,2025-11-01,synthetic_curated
KOTAK-LARGEMIDCAP-DG,ASTERDM,INE914M01019,INE914M01019-L2,2025-11-01,2481,665.45,1650981.45,10,STCG,2026-11-01,synthetic_curated
KOTAK-LARGEMIDCAP-DG,GLAXO,INE159A01016,INE159A01016-L1,2025-07-01,142,3162.6,449089.2,14,LTCG,2026-07-01,synthetic_curated
KOTAK-LARGEMIDCAP-DG,GLAXO,INE159A01016,INE159A01016-L2,2026-04-01,313,2336.4,731293.2,5,STCG,2027-04-01,synthetic_curated
KOTAK-LARGEMIDCAP-DG,GLAXO,INE159A01016,INE159A01016-L3,2025-11-01,220,2569.5,565290.0,10,STCG,2026-11-01,synthetic_curated
KOTAK-LARGEMIDCAP-DG,GLAXO,INE159A01016,INE159A01016-L4,2025-01-01,190,1977.15,375658.5,20,LTCG,2026-01-01,synthetic_curated
KOTAK-LARGEMIDCAP-DG,GLAXO,INE159A01016,INE159A01016-L5,2024-12-01,317,2251.85,713836.45,21,LTCG,2025-12-01,synthetic_curated
KOTAK-LARGEMIDCAP-DG,UNITDSPR,INE854D01024,INE854D01024-L1,2024-12-01,1406,1625.45,2285382.7,21,LTCG,2025-12-01,synthetic_curated
KOTAK-LARGEMIDCAP-DG,UNITDSPR,INE854D01024,INE854D01024-L2,2026-08-01,958,1490.0,1427420.0,1,STCG,2027-08-01,synthetic_curated
KOTAK-LARGEMIDCAP-DG,ADANIENT,INE423A01024,INE423A01024-L1,2025-06-01,591,2619.4,1548065.4,15,LTCG,2026-06-01,synthetic_curated
KOTAK-LARGEMIDCAP-DG,ADANIENT,INE423A01024,INE423A01024-L2,2026-02-01,466,2161.8,1007398.8,7,STCG,2027-02-01,synthetic_curated
KOTAK-LARGEMIDCAP-DG,CRISIL,INE007A01025,INE007A01025-L1,2024-12-01,175,6653.1,1164292.5,21,LTCG,2025-12-01,synthetic_curated
KOTAK-LARGEMIDCAP-DG,CRISIL,INE007A01025,INE007A01025-L2,2026-03-01,161,3761.2,605553.2,6,STCG,2027-03-01,synthetic_curated
KOTAK-LARGEMIDCAP-DG,CRISIL,INE007A01025,INE007A01025-L3,2023-11-01,126,4275.25,538681.5,34,LTCG,2024-11-01,synthetic_curated
KOTAK-LARGEMIDCAP-DG,CRISIL,INE007A01025,INE007A01025-L4,2024-11-01,223,5364.0,1196172.0,22,LTCG,2025-11-01,synthetic_curated
KOTAK-LARGEMIDCAP-DG,JKCEMENT,INE823G01014,INE823G01014-L1,2023-11-01,198,3643.55,721422.9,34,LTCG,2024-11-01,synthetic_curated
KOTAK-LARGEMIDCAP-DG,JKCEMENT,INE823G01014,INE823G01014-L2,2025-11-01,116,5758.0,667928.0,10,STCG,2026-11-01,synthetic_curated
KOTAK-LARGEMIDCAP-DG,JKCEMENT,INE823G01014,INE823G01014-L3,2024-11-01,169,4278.25,723024.25,22,LTCG,2025-11-01,synthetic_curated
KOTAK-LARGEMIDCAP-DG,JKCEMENT,INE823G01014,INE823G01014-L4,2024-09-01,125,4643.3,580412.5,24,LTCG,2025-09-01,synthetic_curated
KOTAK-LARGEMIDCAP-DG,KOTAKBANK,INE237A01036,INE237A01036-L1,2025-08-01,2561,392.06,1004065.66,13,LTCG,2026-08-01,synthetic_curated
KOTAK-LARGEMIDCAP-DG,KOTAKBANK,INE237A01036,INE237A01036-L2,2026-01-01,2096,408.0,855168.0,8,STCG,2027-01-01,synthetic_curated
KOTAK-LARGEMIDCAP-DG,KOTAKBANK,INE237A01036,INE237A01036-L3,2024-07-01,2714,361.58,981328.12,26,LTCG,2025-07-01,synthetic_curated
KOTAK-LARGEMIDCAP-DG,INDIACEM,INE383A01012,INE383A01012-L1,2024-11-01,2316,365.8,847192.8,22,LTCG,2025-11-01,synthetic_curated
KOTAK-LARGEMIDCAP-DG,INDIACEM,INE383A01012,INE383A01012-L2,2025-10-01,1537,402.35,618411.95,11,STCG,2026-10-01,synthetic_curated
KOTAK-LARGEMIDCAP-DG,INDIACEM,INE383A01012,INE383A01012-L3,2026-01-01,2319,457.7,1061406.3,8,STCG,2027-01-01,synthetic_curated
KOTAK-LARGEMIDCAP-DG,INDIACEM,INE383A01012,INE383A01012-L4,2026-07-01,1803,398.0,717594.0,2,STCG,2027-07-01,synthetic_curated
KOTAK-LARGEMIDCAP-DG,INDIACEM,INE383A01012,INE383A01012-L5,2024-12-01,840,376.35,316134.0,21,LTCG,2025-12-01,synthetic_curated
KOTAK-LARGEMIDCAP-DG,RUBICON,INE506V01022,INE506V01022-L1,2025-10-01,953,618.15,589096.95,11,STCG,2026-10-01,synthetic_curated
KOTAK-LARGEMIDCAP-DG,RUBICON,INE506V01022,INE506V01022-L2,2026-04-01,376,969.95,364701.2,5,STCG,2027-04-01,synthetic_curated
KOTAK-LARGEMIDCAP-DG,RUBICON,INE506V01022,INE506V01022-L3,2025-10-01,392,618.15,242314.8,11,STCG,2026-10-01,synthetic_curated
KOTAK-LARGEMIDCAP-DG,OBEROIRLTY,INE093I01010,INE093I01010-L1,2025-04-01,431,1641.6,707529.6,17,LTCG,2026-04-01,synthetic_curated
KOTAK-LARGEMIDCAP-DG,OBEROIRLTY,INE093I01010,INE093I01010-L2,2025-10-01,428,1778.3,761112.4,11,STCG,2026-10-01,synthetic_curated
KOTAK-LARGEMIDCAP-DG,OBEROIRLTY,INE093I01010,INE093I01010-L3,2024-03-01,346,1475.85,510644.1,30,LTCG,2025-03-01,synthetic_curated
KOTAK-LARGEMIDCAP-DG,OBEROIRLTY,INE093I01010,INE093I01010-L4,2026-08-01,469,1868.0,876092.0,1,STCG,2027-08-01,synthetic_curated
KOTAK-LARGEMIDCAP-DG,BLUESTARCO,INE472A01039,INE472A01039-L1,2024-08-01,669,1703.9,1139909.1,25,LTCG,2025-08-01,synthetic_curated
KOTAK-LARGEMIDCAP-DG,BLUESTARCO,INE472A01039,INE472A01039-L2,2026-06-01,670,1628.3,1090961.0,3,STCG,2027-06-01,synthetic_curated
KOTAK-LARGEMIDCAP-DG,BLUESTARCO,INE472A01039,INE472A01039-L3,2024-01-01,572,1139.5,651794.0,32,LTCG,2025-01-01,synthetic_curated
KOTAK-LARGEMIDCAP-DG,TORNTPOWER,INE813H01021,INE813H01021-L1,2023-10-01,508,726.9,369265.2,35,LTCG,2024-10-01,synthetic_curated
KOTAK-LARGEMIDCAP-DG,TORNTPOWER,INE813H01021,INE813H01021-L2,2026-08-01,349,1215.1,424069.9,1,STCG,2027-08-01,synthetic_curated
KOTAK-LARGEMIDCAP-DG,TORNTPOWER,INE813H01021,INE813H01021-L3,2024-01-01,362,1040.0,376480.0,32,LTCG,2025-01-01,synthetic_curated
KOTAK-LARGEMIDCAP-DG,TORNTPOWER,INE813H01021,INE813H01021-L4,2026-02-01,546,1566.4,855254.4,7,STCG,2027-02-01,synthetic_curated
KOTAK-LARGEMIDCAP-DG,TORNTPOWER,INE813H01021,INE813H01021-L5,2026-03-01,552,1305.8,720801.6,6,STCG,2027-03-01,synthetic_curated
KOTAK-LARGEMIDCAP-DG,NTPC,INE733E01010,INE733E01010-L1,2025-06-01,2758,334.9,923654.2,15,LTCG,2026-06-01,synthetic_curated
KOTAK-LARGEMIDCAP-DG,NTPC,INE733E01010,INE733E01010-L2,2025-10-01,5840,336.95,1967788.0,11,STCG,2026-10-01,synthetic_curated
KOTAK-LARGEMIDCAP-DG,MARUTI,INE585B01010,INE585B01010-L1,2025-06-01,56,12400.0,694400.0,15,LTCG,2026-06-01,synthetic_curated
KOTAK-LARGEMIDCAP-DG,MARUTI,INE585B01010,INE585B01010-L2,2026-06-01,74,14115.0,1044510.0,3,STCG,2027-06-01,synthetic_curated
KOTAK-LARGEMIDCAP-DG,MARUTI,INE585B01010,INE585B01010-L3,2025-01-01,35,12310.65,430872.75,20,LTCG,2026-01-01,synthetic_curated
KOTAK-LARGEMIDCAP-DG,MARUTI,INE585B01010,INE585B01010-L4,2024-04-01,59,12817.5,756232.5,29,LTCG,2025-04-01,synthetic_curated
KOTAK-LARGEMIDCAP-DG,MAHABANK,INE457A01014,INE457A01014-L1,2024-02-01,8916,59.7,532285.2,31,LTCG,2025-02-01,synthetic_curated
KOTAK-LARGEMIDCAP-DG,MAHABANK,INE457A01014,INE457A01014-L2,2026-03-01,10736,61.33,658438.88,6,STCG,2027-03-01,synthetic_curated
KOTAK-LARGEMIDCAP-DG,MAHABANK,INE457A01014,INE457A01014-L3,2024-08-01,9820,62.57,614437.4,25,LTCG,2025-08-01,synthetic_curated
KOTAK-LARGEMIDCAP-DG,KPIL,INE220B01022,INE220B01022-L1,2024-12-01,418,1297.2,542229.6,21,LTCG,2025-12-01,synthetic_curated
KOTAK-LARGEMIDCAP-DG,KPIL,INE220B01022,INE220B01022-L2,2026-06-01,756,1370.1,1035795.6,3,STCG,2027-06-01,synthetic_curated
KOTAK-LARGEMIDCAP-DG,KPIL,INE220B01022,INE220B01022-L3,2026-09-01,377,1445.5,544953.5,0,STCG,2027-09-01,synthetic_curated
KOTAK-LARGEMIDCAP-DG,INDOMIM,INE084101034,INE084101034-L1,2026-07-01,1151,776.15,893348.65,2,STCG,2027-07-01,synthetic_curated
KOTAK-LARGEMIDCAP-DG,INDOMIM,INE084101034,INE084101034-L2,2026-07-01,951,776.15,738118.65,2,STCG,2027-07-01,synthetic_curated
KOTAK-LARGEMIDCAP-DG,POWERGRID,INE752E01010,INE752E01010-L1,2024-01-01,1474,259.3,382208.2,32,LTCG,2025-01-01,synthetic_curated
KOTAK-LARGEMIDCAP-DG,POWERGRID,INE752E01010,INE752E01010-L2,2026-06-01,1149,286.3,328958.7,3,STCG,2027-06-01,synthetic_curated
KOTAK-LARGEMIDCAP-DG,POWERGRID,INE752E01010,INE752E01010-L3,2026-02-01,2172,298.65,648667.8,7,STCG,2027-02-01,synthetic_curated
KOTAK-LARGEMIDCAP-DG,POWERGRID,INE752E01010,INE752E01010-L4,2025-03-01,2518,290.35,731101.3,18,LTCG,2026-03-01,synthetic_curated
KOTAK-LARGEMIDCAP-DG,PETRONET,INE347G01014,INE347G01014-L1,2025-04-01,805,313.75,252568.75,17,LTCG,2026-04-01,synthetic_curated
KOTAK-LARGEMIDCAP-DG,PETRONET,INE347G01014,INE347G01014-L2,2026-04-01,1550,276.76,428978.0,5,STCG,2027-04-01,synthetic_curated
KOTAK-LARGEMIDCAP-DG,PETRONET,INE347G01014,INE347G01014-L3,2026-06-01,715,280.8,200772.0,3,STCG,2027-06-01,synthetic_curated
KOTAK-LARGEMIDCAP-DG,PETRONET,INE347G01014,INE347G01014-L4,2025-11-01,661,271.85,179692.85,10,STCG,2026-11-01,synthetic_curated
KOTAK-LARGEMIDCAP-DG,PETRONET,INE347G01014,INE347G01014-L5,2025-05-01,1406,307.3,432063.8,16,LTCG,2026-05-01,synthetic_curated
KOTAK-LARGEMIDCAP-DG,TATACHEM,INE092A01019,INE092A01019-L1,2024-04-01,609,1072.15,652939.35,29,LTCG,2025-04-01,synthetic_curated
KOTAK-LARGEMIDCAP-DG,TATACHEM,INE092A01019,INE092A01019-L2,2025-11-01,484,800.4,387393.6,10,STCG,2026-11-01,synthetic_curated
KOTAK-LARGEMIDCAP-DG,TATACHEM,INE092A01019,INE092A01019-L3,2026-07-01,412,673.55,277502.6,2,STCG,2027-07-01,synthetic_curated
KOTAK-LARGEMIDCAP-DG,TATACHEM,INE092A01019,INE092A01019-L4,2025-12-01,410,765.55,313875.5,9,STCG,2026-12-01,synthetic_curated
KOTAK-LARGEMIDCAP-DG,HONAUT,INE671A01010,INE671A01010-L1,2025-06-01,8,39355.0,314840.0,15,LTCG,2026-06-01,synthetic_curated
KOTAK-LARGEMIDCAP-DG,HONAUT,INE671A01010,INE671A01010-L2,2026-08-01,5,35530.0,177650.0,1,STCG,2027-08-01,synthetic_curated
KOTAK-LARGEMIDCAP-DG,HONAUT,INE671A01010,INE671A01010-L3,2025-04-01,9,34520.0,310680.0,17,LTCG,2026-04-01,synthetic_curated
KOTAK-LARGEMIDCAP-DG,HONAUT,INE671A01010,INE671A01010-L4,2025-04-01,10,34520.0,345200.0,17,LTCG,2026-04-01,synthetic_curated
KOTAK-LARGEMIDCAP-DG,HONAUT,INE671A01010,INE671A01010-L5,2024-06-01,5,56711.2,283556.0,27,LTCG,2025-06-01,synthetic_curated
KOTAK-LARGEMIDCAP-DG,DIXON,INE935N01020,INE935N01020-L1,2024-08-01,22,13170.95,289760.9,25,LTCG,2025-08-01,synthetic_curated
KOTAK-LARGEMIDCAP-DG,DIXON,INE935N01020,INE935N01020-L2,2025-12-01,19,12102.0,229938.0,9,STCG,2026-12-01,synthetic_curated
KOTAK-LARGEMIDCAP-DG,DIXON,INE935N01020,INE935N01020-L3,2026-06-01,14,11920.0,166880.0,3,STCG,2027-06-01,synthetic_curated
KOTAK-LARGEMIDCAP-DG,DIXON,INE935N01020,INE935N01020-L4,2023-09-01,20,5289.25,105785.0,36,LTCG,2024-09-01,synthetic_curated
KOTAK-LARGEMIDCAP-DG,DIXON,INE935N01020,INE935N01020-L5,2024-09-01,17,13802.95,234650.15,24,LTCG,2025-09-01,synthetic_curated
KOTAK-LARGEMIDCAP-DG,BEML,INE258A01024,INE258A01024-L1,2025-05-01,123,2115.05,260151.15,16,LTCG,2026-05-01,synthetic_curated
KOTAK-LARGEMIDCAP-DG,BEML,INE258A01024,INE258A01024-L2,2026-02-01,66,1681.0,110946.0,7,STCG,2027-02-01,synthetic_curated
KOTAK-LARGEMIDCAP-DG,BEML,INE258A01024,INE258A01024-L3,2025-05-01,82,2115.05,173434.1,16,LTCG,2026-05-01,synthetic_curated
KOTAK-LARGEMIDCAP-DG,BEML,INE258A01024,INE258A01024-L4,2024-11-01,129,2119.75,273447.75,22,LTCG,2025-11-01,synthetic_curated
KOTAK-LARGEMIDCAP-DG,BEML,INE258A01024,INE258A01024-L5,2024-03-01,144,1591.85,229226.4,30,LTCG,2025-03-01,synthetic_curated
KOTAK-LARGEMIDCAP-DG,SUNTV,INE424H01027,INE424H01027-L1,2025-04-01,284,620.9,176335.6,17,LTCG,2026-04-01,synthetic_curated
KOTAK-LARGEMIDCAP-DG,SUNTV,INE424H01027,INE424H01027-L2,2024-07-01,188,901.2,169425.6,26,LTCG,2025-07-01,synthetic_curated
KOTAK-LARGEMIDCAP-DG,INE1TUG01013,INE1TUG01013,INE1TUG01013-L1,2024-04-01,159840.0,92.87,14844340.8,29,LTCG,2025-04-01,synthetic_curated
KOTAK-LARGEMIDCAP-DG,INE1TUG01013,INE1TUG01013,INE1TUG01013-L2,2026-05-01,107079,81.85,8764416.15,4,STCG,2027-05-01,synthetic_curated
KOTAK-LARGEMIDCAP-DG,INE1TUG01013,INE1TUG01013,INE1TUG01013-L3,2025-03-01,199747,92.78,18532526.66,18,LTCG,2026-03-01,synthetic_curated
KOTAK-LARGEMIDCAP-DG,DIXON,INE935N01020,INE935N01020-L1,2024-08-01,49,13170.95,645376.55,25,LTCG,2025-08-01,synthetic_curated
KOTAK-LARGEMIDCAP-DG,DIXON,INE935N01020,INE935N01020-L2,2025-12-01,45,12102.0,544590.0,9,STCG,2026-12-01,synthetic_curated
KOTAK-LARGEMIDCAP-DG,DIXON,INE935N01020,INE935N01020-L3,2026-06-01,34,11920.0,405280.0,3,STCG,2027-06-01,synthetic_curated
KOTAK-LARGEMIDCAP-DG,DIXON,INE935N01020,INE935N01020-L4,2023-09-01,48,5289.25,253884.0,36,LTCG,2024-09-01,synthetic_curated
KOTAK-LARGEMIDCAP-DG,DIXON,INE935N01020,INE935N01020-L5,2024-09-01,40,13802.95,552118.0,24,LTCG,2025-09-01,synthetic_curated
